pop	chromosome	window_pos_1	window_pos_2	avg_pi	no_sites	count_diffs	count_comparisons	count_missing
PflaHELAf	OZ251425.1	1	30000	0.0	9	0	9	0
PflaKGBDf	OZ251425.1	1	30000	0.0	9	0	9	0
PflaHELEm	OZ251425.1	1	30000	0.0	9	0	9	0
PflaKGBHm	OZ251425.1	1	30000	0.0	9	0	9	0
PflaHELAf	OZ251425.1	30001	60000	0.0	97	0	97	0
PflaKGBHm	OZ251425.1	30001	60000	0.0	97	0	97	0
PflaHELEm	OZ251425.1	30001	60000	0.0	97	0	97	0
PflaKGBDf	OZ251425.1	30001	60000	0.0	97	0	97	0
PflaKGBHm	OZ251425.1	60001	90000	0.0	27	0	27	0
PflaHELEm	OZ251425.1	60001	90000	0.0	27	0	27	0
PflaKGBDf	OZ251425.1	60001	90000	0.0	27	0	27	0
PflaHELAf	OZ251425.1	60001	90000	0.0	27	0	27	0
PflaKGBHm	OZ251425.1	90001	120000	NA	0	NA	NA	NA
PflaHELEm	OZ251425.1	90001	120000	NA	0	NA	NA	NA
PflaKGBDf	OZ251425.1	90001	120000	NA	0	NA	NA	NA
PflaHELAf	OZ251425.1	90001	120000	NA	0	NA	NA	NA
PflaHELAf	OZ251425.1	120001	150000	NA	0	NA	NA	NA
PflaKGBHm	OZ251425.1	120001	150000	NA	0	NA	NA	NA
PflaKGBDf	OZ251425.1	120001	150000	NA	0	NA	NA	NA
PflaHELEm	OZ251425.1	120001	150000	NA	0	NA	NA	NA
PflaHELAf	OZ251425.1	150001	180000	NA	0	NA	NA	NA
PflaKGBHm	OZ251425.1	150001	180000	NA	0	NA	NA	NA
PflaHELEm	OZ251425.1	150001	180000	NA	0	NA	NA	NA
PflaKGBDf	OZ251425.1	150001	180000	NA	0	NA	NA	NA
PflaKGBHm	OZ251425.1	180001	210000	NA	0	NA	NA	NA
PflaKGBDf	OZ251425.1	180001	210000	NA	0	NA	NA	NA
PflaHELEm	OZ251425.1	180001	210000	NA	0	NA	NA	NA
PflaHELAf	OZ251425.1	180001	210000	NA	0	NA	NA	NA
PflaHELAf	OZ251425.1	210001	240000	0.0075339025615268	9955	75	9955	0
PflaKGBDf	OZ251425.1	210001	240000	0.0075339025615268	9955	75	9955	0
PflaHELEm	OZ251425.1	210001	240000	0.005524861878453	9955	55	9955	0
PflaKGBHm	OZ251425.1	210001	240000	0.0025113008538422	9955	25	9955	0
PflaKGBHm	OZ251425.1	240001	270000	0.0025420138398531	7081	18	7081	0
PflaHELEm	OZ251425.1	240001	270000	0.0036717977686767	7081	26	7081	0
PflaKGBDf	OZ251425.1	240001	270000	0.0032481287953678	7081	23	7081	0
PflaHELAf	OZ251425.1	240001	270000	0.002824459822059	7081	20	7081	0
PflaHELAf	OZ251425.1	270001	300000	0.0026730026730026	10101	27	10101	0
PflaKGBDf	OZ251425.1	270001	300000	0.0029700029700029	10101	30	10101	0
PflaHELEm	OZ251425.1	270001	300000	0.0033660033660033	10101	34	10101	0
PflaKGBHm	OZ251425.1	270001	300000	0.0029700029700029	10101	30	10101	0
PflaHELAf	OZ251425.1	300001	330000	0.0052631578947368	7220	38	7220	0
PflaKGBDf	OZ251425.1	300001	330000	0.0055401662049861	7220	40	7220	0
PflaHELEm	OZ251425.1	300001	330000	0.0070637119113573	7220	51	7220	0
PflaKGBHm	OZ251425.1	300001	330000	0.0060941828254847	7220	44	7220	0
PflaHELAf	OZ251425.1	330001	360000	0.0033407572383073	6286	21	6286	0
PflaKGBDf	OZ251425.1	330001	360000	0.0047747891134808	6283	30	6283	3
PflaHELEm	OZ251425.1	330001	360000	0.0055679287305122	6286	35	6286	0
PflaKGBHm	OZ251425.1	330001	360000	0.0049315940184537	6286	31	6286	0
PflaKGBHm	OZ251425.1	360001	390000	0.004041450777202	9650	39	9650	0
PflaHELEm	OZ251425.1	360001	390000	0.0046632124352331	9650	45	9650	0
PflaHELAf	OZ251425.1	360001	390000	0.0031088082901554	9650	30	9650	0
PflaKGBDf	OZ251425.1	360001	390000	0.0046632124352331	9650	45	9650	0
PflaHELAf	OZ251425.1	390001	420000	0.0020013342228152	10493	21	10493	0
PflaKGBDf	OZ251425.1	390001	420000	0.0034308586676832	10493	36	10493	0
PflaHELEm	OZ251425.1	390001	420000	0.002859048889736	10493	30	10493	0
PflaKGBHm	OZ251425.1	390001	420000	0.0033760972316002	10367	35	10367	126
PflaKGBDf	OZ251425.1	420001	450000	0.0028787333573227	8337	24	8337	27
PflaHELEm	OZ251425.1	420001	450000	0.003586800573888	8364	30	8364	0
PflaKGBHm	OZ251425.1	420001	450000	0.0026306349396149	8363	22	8363	1
PflaHELAf	OZ251425.1	420001	450000	0.0020325203252032	8364	17	8364	0
PflaHELEm	OZ251425.1	450001	480000	0.0039937241477677	14022	56	14022	0
PflaKGBDf	OZ251425.1	450001	480000	0.0036371416345742	14022	51	14022	0
PflaHELAf	OZ251425.1	450001	480000	0.0022902948754652	13972	32	13972	50
PflaKGBHm	OZ251425.1	450001	480000	0.0031379261161032	14022	44	14022	0
PflaKGBDf	OZ251425.1	480001	510000	0.0022148394241417	15351	34	15351	0
PflaHELEm	OZ251425.1	480001	510000	0.0016285584001042	15351	25	15351	0
PflaHELAf	OZ251425.1	480001	510000	0.0017637836425398	15308	27	15308	43
PflaKGBHm	OZ251425.1	480001	510000	0.0021496970881375	15351	33	15351	0
PflaKGBHm	OZ251425.1	510001	540000	0.0017067086779572	15234	26	15234	0
PflaHELEm	OZ251425.1	510001	540000	0.0033477747144545	15234	51	15234	0
PflaKGBDf	OZ251425.1	510001	540000	0.0022318498096363	15234	34	15234	0
PflaHELAf	OZ251425.1	510001	540000	0.0021007024223724	15233	32	15233	1
PflaKGBHm	OZ251425.1	540001	570000	0.0013526376434046	19961	27	19961	0
PflaHELEm	OZ251425.1	540001	570000	0.0023044937628375	19961	46	19961	0
PflaKGBDf	OZ251425.1	540001	570000	0.0017534191673763	19961	35	19961	0
PflaHELAf	OZ251425.1	540001	570000	0.0021542006913481	19961	43	19961	0
PflaKGBDf	OZ251425.1	570001	600000	0.0037046392186579	11877	44	11877	53
PflaKGBHm	OZ251425.1	570001	600000	0.0010058675607711	11930	12	11930	0
PflaHELEm	OZ251425.1	570001	600000	0.0039396479463537	11930	47	11930	0
PflaHELAf	OZ251425.1	570001	600000	0.0031014249790444	11930	37	11930	0
PflaHELEm	OZ251425.1	600001	630000	0.0052827530690279	19876	105	19876	1
PflaKGBHm	OZ251425.1	600001	630000	0.0008049504452382	19877	16	19877	0
PflaHELAf	OZ251425.1	600001	630000	0.0020123761130955	19877	40	19877	0
PflaKGBDf	OZ251425.1	600001	630000	0.0026160889470241	19877	52	19877	0
PflaHELAf	OZ251425.1	630001	660000	0.0007993605115907	16263	13	16263	246
PflaKGBDf	OZ251425.1	630001	660000	0.0007345739471106	16336	12	16336	173
PflaHELEm	OZ251425.1	630001	660000	0.0044218305166878	16509	73	16509	0
PflaKGBHm	OZ251425.1	630001	660000	0.000669792364367	16423	11	16423	86
PflaHELEm	OZ251425.1	660001	690000	0.0046692095225568	15206	71	15206	1
PflaKGBHm	OZ251425.1	660001	690000	0.0023737307134379	15166	36	15166	41
PflaKGBDf	OZ251425.1	660001	690000	0.0021044324608707	15206	32	15206	1
PflaHELAf	OZ251425.1	660001	690000	0.0024330900243309	15207	37	15207	0
PflaHELEm	OZ251425.1	690001	720000	0.0042423301774535	19329	82	19329	9
PflaKGBDf	OZ251425.1	690001	720000	0.0010342331161443	19338	20	19338	0
PflaHELAf	OZ251425.1	690001	720000	0.0004662970830526	19301	9	19301	37
PflaKGBHm	OZ251425.1	690001	720000	0.0003619815906505	19338	7	19338	0
PflaHELAf	OZ251425.1	720001	750000	0.0016290834262196	11663	19	11663	3
PflaKGBDf	OZ251425.1	720001	750000	0.0018100327529736	11602	21	11602	64
PflaKGBHm	OZ251425.1	720001	750000	0.003257328990228	11666	38	11666	0
PflaHELEm	OZ251425.1	720001	750000	0.0043716783816218	11666	51	11666	0
PflaKGBHm	OZ251425.1	750001	780000	0.0036385287112992	15116	55	15116	0
PflaHELEm	OZ251425.1	750001	780000	0.0037708388462556	15116	57	15116	0
PflaKGBDf	OZ251425.1	750001	780000	0.0039031489812119	15116	59	15116	0
PflaHELAf	OZ251425.1	750001	780000	0.0018523418893887	15116	28	15116	0
PflaKGBHm	OZ251425.1	780001	810000	0.0025686448184233	11290	29	11290	25
PflaHELEm	OZ251425.1	780001	810000	0.0049509327203607	11311	56	11311	4
PflaKGBDf	OZ251425.1	780001	810000	0.0034516328878661	11299	39	11299	16
PflaHELAf	OZ251425.1	780001	810000	0.0020422660273486	11262	23	11262	53
PflaKGBHm	OZ251425.1	810001	840000	0.0034838624860316	15213	53	15213	0
PflaKGBDf	OZ251425.1	810001	840000	0.0056530598829948	15213	86	15213	0
PflaHELAf	OZ251425.1	810001	840000	0.0064418589364359	15213	98	15213	0
PflaHELEm	OZ251425.1	810001	840000	0.0067202529977599	15178	102	15178	35
PflaHELAf	OZ251425.1	840001	870000	0.0053343257660339	16122	86	16122	0
PflaKGBDf	OZ251425.1	840001	870000	0.0033507073715562	16116	54	16116	6
PflaHELEm	OZ251425.1	840001	870000	0.0066368936856469	16122	107	16122	0
PflaKGBHm	OZ251425.1	840001	870000	0.0030393251457635	16122	49	16122	0
PflaHELAf	OZ251425.1	870001	900000	0.0033375871208402	10187	34	10187	53
PflaKGBDf	OZ251425.1	870001	900000	0.0021596151958378	10187	22	10187	53
PflaHELEm	OZ251425.1	870001	900000	0.005377395385217	10228	55	10228	12
PflaKGBHm	OZ251425.1	870001	900000	0.003125	10240	32	10240	0
PflaKGBHm	OZ251425.1	900001	930000	0.0034281546316557	13710	47	13710	0
PflaKGBDf	OZ251425.1	900001	930000	0.0030634573304157	13710	42	13710	0
PflaHELAf	OZ251425.1	900001	930000	0.0028060847732978	13542	38	13542	168
PflaHELEm	OZ251425.1	900001	930000	0.0036477712117895	13707	50	13707	3
PflaKGBDf	OZ251425.1	930001	960000	0.0044175549793527	10413	46	10413	0
PflaHELAf	OZ251425.1	930001	960000	0.0012484394506866	10413	13	10413	0
PflaHELEm	OZ251425.1	930001	960000	0.0020167098818784	10413	21	10413	0
PflaKGBHm	OZ251425.1	930001	960000	0.0041294535676558	10413	43	10413	0
PflaKGBDf	OZ251425.1	960001	990000	0.0054072611792979	11651	63	11651	0
PflaHELEm	OZ251425.1	960001	990000	0.0047348484848484	11616	55	11616	35
PflaKGBHm	OZ251425.1	960001	990000	0.0057644325905532	11623	67	11623	28
PflaHELAf	OZ251425.1	960001	990000	0.0039481589563127	11651	46	11651	0
PflaHELAf	OZ251425.1	990001	1020000	0.004712535344015	15915	75	15915	21
PflaKGBDf	OZ251425.1	990001	1020000	0.0031379440190786	15934	50	15934	2
PflaHELEm	OZ251425.1	990001	1020000	0.0064633534136546	15936	103	15936	0
PflaKGBHm	OZ251425.1	990001	1020000	0.0035768072289156	15936	57	15936	0
PflaKGBHm	OZ251425.1	1020001	1050000	0.0005547850208044	10815	6	10815	453
PflaHELEm	OZ251425.1	1020001	1050000	0.0052360667376641	11268	59	11268	0
PflaHELAf	OZ251425.1	1020001	1050000	0.0045572334911982	11191	51	11191	77
PflaKGBDf	OZ251425.1	1020001	1050000	0.004528100861227	11263	51	11263	5
PflaKGBHm	OZ251425.1	1050001	1080000	0.0027127355796687	14008	38	14008	0
PflaHELAf	OZ251425.1	1050001	1080000	0.0050710663524034	14001	71	14001	7
PflaKGBDf	OZ251425.1	1050001	1080000	0.0028555111364934	14008	40	14008	0
PflaHELEm	OZ251425.1	1050001	1080000	0.0083523700742432	14008	117	14008	0
PflaKGBHm	OZ251425.1	1080001	1110000	0.0075752004118555	13597	103	13597	0
PflaHELEm	OZ251425.1	1080001	1110000	0.0085312936677208	13597	116	13597	0
PflaKGBDf	OZ251425.1	1080001	1110000	0.0046333750091932	13597	63	13597	0
PflaHELAf	OZ251425.1	1080001	1110000	0.0058618386881353	13477	79	13477	120
PflaKGBHm	OZ251425.1	1110001	1140000	0.0048607318405243	18310	89	18310	0
PflaHELEm	OZ251425.1	1110001	1140000	0.0084653194975423	18310	155	18310	0
PflaKGBDf	OZ251425.1	1110001	1140000	0.0047007379065318	18295	86	18295	15
PflaHELAf	OZ251425.1	1110001	1140000	0.007209175314036	18310	132	18310	0
PflaKGBHm	OZ251425.1	1140001	1170000	0.003483362361353	10909	38	10909	112
PflaHELEm	OZ251425.1	1140001	1170000	0.006623718355866	11021	73	11021	0
PflaKGBDf	OZ251425.1	1140001	1170000	0.0025498588470995	10981	28	10981	40
PflaHELAf	OZ251425.1	1140001	1170000	0.0042894952998083	10957	47	10957	64
PflaKGBDf	OZ251425.1	1170001	1200000	0.005306981425565	10929	58	10929	96
PflaHELAf	OZ251425.1	1170001	1200000	0.0066231174015605	11022	73	11022	3
PflaKGBHm	OZ251425.1	1170001	1200000	0.0066231174015605	11022	73	11022	3
PflaHELEm	OZ251425.1	1170001	1200000	0.0080725623582766	11025	89	11025	0
PflaKGBDf	OZ251425.1	1200001	1230000	0.0079143908148478	8971	71	8971	0
PflaHELAf	OZ251425.1	1200001	1230000	0.0066882175900122	8971	60	8971	0
PflaHELEm	OZ251425.1	1200001	1230000	0.0076914502285141	8971	69	8971	0
PflaKGBHm	OZ251425.1	1200001	1230000	0.006019395831011	8971	54	8971	0
PflaKGBHm	OZ251425.1	1230001	1260000	0.0050469103849886	15455	78	15455	4
PflaHELEm	OZ251425.1	1230001	1260000	0.0079565301765961	15459	123	15459	0
PflaKGBDf	OZ251425.1	1230001	1260000	0.0049809172650236	15459	77	15459	0
PflaHELAf	OZ251425.1	1230001	1260000	0.0027172155010674	15457	42	15457	2
PflaKGBHm	OZ251425.1	1260001	1290000	0.0055054784908511	18527	102	18527	0
PflaHELEm	OZ251425.1	1260001	1290000	0.0076105143844119	18527	141	18527	0
PflaKGBDf	OZ251425.1	1260001	1290000	0.0058833054461056	18527	109	18527	0
PflaHELAf	OZ251425.1	1260001	1290000	0.0037242942732228	18527	69	18527	0
PflaHELEm	OZ251425.1	1290001	1320000	0.0075959761855881	14613	111	14613	2
PflaKGBHm	OZ251425.1	1290001	1320000	0.006568593910366	14615	96	14615	0
PflaKGBDf	OZ251425.1	1290001	1320000	0.0036948340745809	14615	54	14615	0
PflaHELAf	OZ251425.1	1290001	1320000	0.0047211768730756	14615	69	14615	0
PflaHELAf	OZ251425.1	1320001	1350000	0.0039974210186976	15510	62	15510	8
PflaKGBDf	OZ251425.1	1320001	1350000	0.0049619796365511	15518	77	15518	0
PflaHELEm	OZ251425.1	1320001	1350000	0.0063796881041371	15518	99	15518	0
PflaKGBHm	OZ251425.1	1320001	1350000	0.0050514863027006	15441	78	15441	77
PflaKGBDf	OZ251425.1	1350001	1380000	0.0048535835625303	18543	90	18543	0
PflaHELAf	OZ251425.1	1350001	1380000	0.0042064390875262	18543	78	18543	0
PflaHELEm	OZ251425.1	1350001	1380000	0.0078735911125492	18543	146	18543	0
PflaKGBHm	OZ251425.1	1350001	1380000	0.0027503640187671	18543	51	18543	0
PflaHELEm	OZ251425.1	1380001	1410000	0.0107130900569132	14935	160	14935	0
PflaKGBHm	OZ251425.1	1380001	1410000	0.0054235018413123	14935	81	14935	0
PflaHELAf	OZ251425.1	1380001	1410000	0.0071510490454024	14823	106	14823	112
PflaKGBDf	OZ251425.1	1380001	1410000	0.008235687981252	14935	123	14935	0
PflaHELAf	OZ251425.1	1410001	1440000	0.0019028708529825	12087	23	12087	0
PflaKGBDf	OZ251425.1	1410001	1440000	0.0048812774054769	12087	59	12087	0
PflaHELEm	OZ251425.1	1410001	1440000	0.0045503433440886	12087	55	12087	0
PflaKGBHm	OZ251425.1	1410001	1440000	0.0041462807861348	12059	50	12059	28
PflaHELAf	OZ251425.1	1440001	1470000	0.0032486283569159	13852	45	13852	0
PflaKGBDf	OZ251425.1	1440001	1470000	0.0034737299174989	13818	48	13818	34
PflaHELEm	OZ251425.1	1440001	1470000	0.0043318171973142	13851	60	13851	1
PflaKGBHm	OZ251425.1	1440001	1470000	0.00297424737033	13785	41	13785	67
PflaHELAf	OZ251425.1	1470001	1500000	0.007699915230291	14156	109	14156	0
PflaKGBDf	OZ251425.1	1470001	1500000	0.0053687482339643	14156	76	14156	0
PflaHELEm	OZ251425.1	1470001	1500000	0.0078411980785532	14156	111	14156	0
PflaKGBHm	OZ251425.1	1470001	1500000	0.0048036168409155	14156	68	14156	0
PflaKGBHm	OZ251425.1	1500001	1530000	0.0046656298600311	13503	63	13503	0
PflaHELEm	OZ251425.1	1500001	1530000	0.0066388184395046	13406	89	13406	97
PflaHELAf	OZ251425.1	1500001	1530000	0.0071095312152854	13503	96	13503	0
PflaKGBDf	OZ251425.1	1500001	1530000	0.0059545962039449	13435	80	13435	68
PflaHELAf	OZ251425.1	1530001	1560000	0.0050136736554238	17552	88	17552	218
PflaKGBDf	OZ251425.1	1530001	1560000	0.0063055962166422	17762	112	17762	8
PflaHELEm	OZ251425.1	1530001	1560000	0.0065278559369724	17770	116	17770	0
PflaKGBHm	OZ251425.1	1530001	1560000	0.0027579219902065	17767	49	17767	3
PflaHELAf	OZ251425.1	1560001	1590000	0.0065767621072211	15053	99	15053	0
PflaKGBDf	OZ251425.1	1560001	1590000	0.0058460107619743	15053	88	15053	0
PflaHELEm	OZ251425.1	1560001	1590000	0.006908921809606	15053	104	15053	0
PflaKGBHm	OZ251425.1	1560001	1590000	0.0029894373214641	15053	45	15053	0
PflaKGBHm	OZ251425.1	1590001	1620000	0.0049446974625894	15370	76	15370	4
PflaHELAf	OZ251425.1	1590001	1620000	0.005398725120333	15374	83	15374	0
PflaKGBDf	OZ251425.1	1590001	1620000	0.0046832314296864	15374	72	15374	0
PflaHELEm	OZ251425.1	1590001	1620000	0.010797450240666	15374	166	15374	0
PflaKGBHm	OZ251425.1	1620001	1650000	0.0053114437469821	14497	77	14497	0
PflaKGBDf	OZ251425.1	1620001	1650000	0.0054494033248258	14497	79	14497	0
PflaHELEm	OZ251425.1	1620001	1650000	0.0092598991085619	14471	134	14471	26
PflaHELAf	OZ251425.1	1620001	1650000	0.0060702214251224	14497	88	14497	0
PflaHELAf	OZ251425.1	1650001	1680000	0.0031743975123088	15436	49	15436	83
PflaKGBDf	OZ251425.1	1650001	1680000	0.0056708338703441	15518	88	15518	1
PflaKGBHm	OZ251425.1	1650001	1680000	0.0050260970423352	15519	78	15519	0
PflaHELEm	OZ251425.1	1650001	1680000	0.0082479541207552	15519	128	15519	0
PflaKGBHm	OZ251425.1	1680001	1710000	0.0075576770087509	15084	114	15084	1
PflaHELEm	OZ251425.1	1680001	1710000	0.0112031819688432	15085	169	15085	0
PflaKGBDf	OZ251425.1	1680001	1710000	0.0080875041431885	15085	122	15085	0
PflaHELAf	OZ251425.1	1680001	1710000	0.007225720914816	15085	109	15085	0
PflaHELAf	OZ251425.1	1710001	1740000	0.0067586399108138	14352	97	14352	0
PflaKGBHm	OZ251425.1	1710001	1740000	0.0050924311126613	14335	73	14335	17
PflaHELEm	OZ251425.1	1710001	1740000	0.0104515050167224	14352	150	14352	0
PflaKGBDf	OZ251425.1	1710001	1740000	0.00536660161695	14348	77	14348	4
PflaHELEm	OZ251425.1	1740001	1770000	0.0078978996165512	17473	138	17473	0
PflaKGBDf	OZ251425.1	1740001	1770000	0.004578492531334	17473	80	17473	0
PflaHELAf	OZ251425.1	1740001	1770000	0.0070588235294117	17425	123	17425	48
PflaKGBHm	OZ251425.1	1740001	1770000	0.0042923367481256	17473	75	17473	0
PflaHELAf	OZ251425.1	1770001	1800000	0.0048003657421517	13124	63	13124	0
PflaHELEm	OZ251425.1	1770001	1800000	0.0072386467540384	13124	95	13124	0
PflaKGBHm	OZ251425.1	1770001	1800000	0.0055623285583663	13124	73	13124	0
PflaKGBDf	OZ251425.1	1770001	1800000	0.0031307269395235	13096	41	13096	28
PflaHELEm	OZ251425.1	1800001	1830000	0.0101002313030069	12970	131	12970	0
PflaKGBHm	OZ251425.1	1800001	1830000	0.006202512017367	12898	80	12898	72
PflaHELAf	OZ251425.1	1800001	1830000	0.0043176561295296	12970	56	12970	0
PflaKGBDf	OZ251425.1	1800001	1830000	0.0082498072474942	12970	107	12970	0
PflaKGBHm	OZ251425.1	1830001	1860000	0.0045067965399433	13757	62	13757	1884
PflaHELEm	OZ251425.1	1830001	1860000	0.0082475545041877	15641	129	15641	0
PflaKGBDf	OZ251425.1	1830001	1860000	0.0060737804488204	15641	95	15641	0
PflaHELAf	OZ251425.1	1830001	1860000	0.0066491912281823	15641	104	15641	0
PflaKGBHm	OZ251425.1	1860001	1890000	0.0057882414151925	15376	89	15376	0
PflaHELEm	OZ251425.1	1860001	1890000	0.0105359001040582	15376	162	15376	0
PflaKGBDf	OZ251425.1	1860001	1890000	0.006178459937565	15376	95	15376	0
PflaHELAf	OZ251425.1	1860001	1890000	0.0082719989578584	15353	127	15353	23
PflaHELEm	OZ251425.1	1890001	1920000	0.0108058608058608	16380	177	16380	0
PflaHELAf	OZ251425.1	1890001	1920000	0.0077533577533577	16380	127	16380	0
PflaKGBDf	OZ251425.1	1890001	1920000	0.0068986568986568	16380	113	16380	0
PflaKGBHm	OZ251425.1	1890001	1920000	0.0066544566544566	16380	109	16380	0
PflaHELAf	OZ251425.1	1920001	1950000	0.0049231184246021	14828	73	14828	0
PflaKGBDf	OZ251425.1	1920001	1950000	0.0041812786619908	14828	62	14828	0
PflaHELEm	OZ251425.1	1920001	1950000	0.0072835176692743	14828	108	14828	0
PflaKGBHm	OZ251425.1	1920001	1950000	0.0054626382519557	14828	81	14828	0
PflaHELAf	OZ251425.1	1950001	1980000	0.0035424173944909	16373	58	16373	149
PflaKGBDf	OZ251425.1	1950001	1980000	0.0031473187265464	16522	52	16522	0
PflaHELEm	OZ251425.1	1950001	1980000	0.0048426150121065	16520	80	16520	2
PflaKGBHm	OZ251425.1	1950001	1980000	0.0037525723278053	16522	62	16522	0
PflaKGBHm	OZ251425.1	1980001	2010000	0.0046066189841192	16498	76	16498	0
PflaHELEm	OZ251425.1	1980001	2010000	0.0054552066917202	16498	90	16498	0
PflaHELAf	OZ251425.1	1980001	2010000	0.00552016985138	16485	91	16485	13
PflaKGBDf	OZ251425.1	1980001	2010000	0.0035196310455731	16479	58	16479	19
PflaKGBHm	OZ251425.1	2010001	2040000	0.0060733921493415	15642	95	15642	14
PflaHELEm	OZ251425.1	2010001	2040000	0.0085136346178466	15622	133	15622	34
PflaKGBDf	OZ251425.1	2010001	2040000	0.0060040878896269	15656	94	15656	0
PflaHELAf	OZ251425.1	2010001	2040000	0.0065150740929994	15656	102	15656	0
PflaKGBDf	OZ251425.1	2040001	2070000	0.0037729069349622	16698	63	16698	0
PflaHELAf	OZ251425.1	2040001	2070000	0.0058090789316085	16698	97	16698	0
PflaKGBHm	OZ251425.1	2040001	2070000	0.0062294100029949	16695	104	16695	3
PflaHELEm	OZ251425.1	2040001	2070000	0.0070701018573996	16690	118	16690	8
PflaHELAf	OZ251425.1	2070001	2100000	0.0039476418034489	19252	76	19252	3
PflaKGBHm	OZ251425.1	2070001	2100000	0.0051723227951654	18947	98	18947	308
PflaHELEm	OZ251425.1	2070001	2100000	0.0076347771891555	19254	147	19254	1
PflaKGBDf	OZ251425.1	2070001	2100000	0.0072712163706242	19254	140	19254	1
PflaHELAf	OZ251425.1	2100001	2130000	0.0050098679216638	13174	66	13174	0
PflaKGBDf	OZ251425.1	2100001	2130000	0.0035004946351114	13141	46	13141	33
PflaHELEm	OZ251425.1	2100001	2130000	0.0081979656899954	13174	108	13174	0
PflaKGBHm	OZ251425.1	2100001	2130000	0.0055458482108941	13163	73	13163	11
PflaKGBHm	OZ251425.1	2130001	2160000	0.0074645642875115	11923	89	11923	0
PflaHELEm	OZ251425.1	2130001	2160000	0.0085548939025413	11923	102	11923	0
PflaKGBDf	OZ251425.1	2130001	2160000	0.0044451899689675	11923	53	11923	0
PflaHELAf	OZ251425.1	2130001	2160000	0.0057871341105426	11923	69	11923	0
PflaKGBHm	OZ251425.1	2160001	2190000	0.0042869092429945	9564	41	9564	0
PflaKGBDf	OZ251425.1	2160001	2190000	0.0042869092429945	9564	41	9564	0
PflaHELAf	OZ251425.1	2160001	2190000	0.0083647009619406	9564	80	9564	0
PflaHELEm	OZ251425.1	2160001	2190000	0.0080510246758678	9564	77	9564	0
PflaKGBHm	OZ251425.1	2190001	2220000	0.0012728429857259	10999	14	10999	0
PflaHELEm	OZ251425.1	2190001	2220000	0.0074552232021092	10999	82	10999	0
PflaKGBDf	OZ251425.1	2190001	2220000	0.0020001818347122	10999	22	10999	0
PflaHELAf	OZ251425.1	2190001	2220000	0.0069097190653695	10999	76	10999	0
PflaHELAf	OZ251425.1	2220001	2250000	0.0074779596977329	12704	95	12704	0
PflaKGBDf	OZ251425.1	2220001	2250000	0.0040931989924433	12704	52	12704	0
PflaHELEm	OZ251425.1	2220001	2250000	0.0069269521410579	12704	88	12704	0
PflaKGBHm	OZ251425.1	2220001	2250000	0.0060610831234256	12704	77	12704	0
PflaHELEm	OZ251425.1	2250001	2280000	0.0101459594161623	11236	114	11236	0
PflaKGBHm	OZ251425.1	2250001	2280000	0.0061480887463245	11223	69	11223	13
PflaHELAf	OZ251425.1	2250001	2280000	0.0060519757920968	11236	68	11236	0
PflaKGBDf	OZ251425.1	2250001	2280000	0.0062338587585715	11229	70	11229	7
PflaHELAf	OZ251425.1	2280001	2310000	0.0032485875706214	14160	46	14160	35
PflaKGBDf	OZ251425.1	2280001	2310000	0.0078901021486438	14195	112	14195	0
PflaHELEm	OZ251425.1	2280001	2310000	0.0080309968298696	14195	114	14195	0
PflaKGBHm	OZ251425.1	2280001	2310000	0.0063402606551602	14195	90	14195	0
PflaHELAf	OZ251425.1	2310001	2340000	0.0028614536184381	19221	55	19221	0
PflaKGBDf	OZ251425.1	2310001	2340000	0.0039599833263859	19192	76	19192	29
PflaHELEm	OZ251425.1	2310001	2340000	0.005618854378024	19221	108	19221	0
PflaKGBHm	OZ251425.1	2310001	2340000	0.0040060350658134	19221	77	19221	0
PflaKGBHm	OZ251425.1	2340001	2370000	0.0041824494949494	12672	53	12672	0
PflaHELEm	OZ251425.1	2340001	2370000	0.0048926767676767	12672	62	12672	0
PflaKGBDf	OZ251425.1	2340001	2370000	0.0016571969696969	12672	21	12672	0
PflaHELAf	OZ251425.1	2340001	2370000	0.0038667929292929	12672	49	12672	0
PflaHELAf	OZ251425.1	2370001	2400000	0.0015437061812568	15547	24	15547	0
PflaKGBDf	OZ251425.1	2370001	2400000	0.0059818614523702	15547	93	15547	0
PflaHELEm	OZ251425.1	2370001	2400000	0.0070753199974271	15547	110	15547	0
PflaKGBHm	OZ251425.1	2370001	2400000	0.0041165498166848	15547	64	15547	0
PflaKGBDf	OZ251425.1	2400001	2430000	0.0043817167104838	21681	95	21681	0
PflaHELEm	OZ251425.1	2400001	2430000	0.0048429500484295	21681	105	21681	0
PflaKGBHm	OZ251425.1	2400001	2430000	0.0017065633503989	21681	37	21681	0
PflaHELAf	OZ251425.1	2400001	2430000	0.002767400027674	21681	60	21681	0
PflaHELAf	OZ251425.1	2430001	2460000	0.0025868856146665	17782	46	17782	34
PflaKGBHm	OZ251425.1	2430001	2460000	0.004546475078581	17816	81	17816	0
PflaHELEm	OZ251425.1	2430001	2460000	0.0048832510103277	17816	87	17816	0
PflaKGBDf	OZ251425.1	2430001	2460000	0.0025819488100583	17816	46	17816	0
PflaHELAf	OZ251425.1	2460001	2490000	0.0045364513449619	15651	71	15651	0
PflaHELEm	OZ251425.1	2460001	2490000	0.0075394543479649	15651	118	15651	0
PflaKGBHm	OZ251425.1	2460001	2490000	0.0051753881541115	15651	81	15651	0
PflaKGBDf	OZ251425.1	2460001	2490000	0.0041530892594722	15651	65	15651	0
PflaHELAf	OZ251425.1	2490001	2520000	0.0070422535211267	9940	70	9940	10
PflaKGBHm	OZ251425.1	2490001	2520000	0.0070358830033169	9949	70	9949	1
PflaHELEm	OZ251425.1	2490001	2520000	0.0106532663316582	9950	106	9950	0
PflaKGBDf	OZ251425.1	2490001	2520000	0.0088442211055276	9950	88	9950	0
PflaHELAf	OZ251425.1	2520001	2550000	0.0059221015868195	13171	78	13171	0
PflaKGBDf	OZ251425.1	2520001	2550000	0.0068337129840546	13170	90	13170	1
PflaHELEm	OZ251425.1	2520001	2550000	0.009186849897502	13171	121	13171	0
PflaKGBHm	OZ251425.1	2520001	2550000	0.0066154665044483	13151	87	13151	20
PflaHELAf	OZ251425.1	2550001	2580000	0.0038632253822127	12166	47	12166	8
PflaKGBDf	OZ251425.1	2550001	2580000	0.0035341497493219	12167	43	12167	7
PflaHELEm	OZ251425.1	2550001	2580000	0.0073928043371118	12174	90	12174	0
PflaKGBHm	OZ251425.1	2550001	2580000	0.005339247576803	12174	65	12174	0
PflaKGBDf	OZ251425.1	2580001	2610000	0.0072359990955001	13267	96	13267	18
PflaHELAf	OZ251425.1	2580001	2610000	0.0093338351524275	13285	124	13285	0
PflaKGBHm	OZ251425.1	2580001	2610000	0.0051938276251411	13285	69	13285	0
PflaHELEm	OZ251425.1	2580001	2610000	0.0103876552502822	13285	138	13285	0
PflaKGBHm	OZ251425.1	2610001	2640000	0.0052162207639239	11886	62	11886	0
PflaHELAf	OZ251425.1	2610001	2640000	0.0053844859498569	11886	64	11886	0
PflaHELEm	OZ251425.1	2610001	2640000	0.008497391889618	11886	101	11886	0
PflaKGBDf	OZ251425.1	2610001	2640000	0.0064357693284782	11809	76	11809	77
PflaHELAf	OZ251425.1	2640001	2670000	0.0072347266881028	17416	126	17416	0
PflaKGBDf	OZ251425.1	2640001	2670000	0.0082682590721175	17416	144	17416	0
PflaHELEm	OZ251425.1	2640001	2670000	0.0095888837850252	17416	167	17416	0
PflaKGBHm	OZ251425.1	2640001	2670000	0.0070632824164465	17414	123	17414	2
PflaHELAf	OZ251425.1	2670001	2700000	0.0067255628384155	17545	118	17545	0
PflaKGBHm	OZ251425.1	2670001	2700000	0.0056435982214114	17542	99	17542	3
PflaHELEm	OZ251425.1	2670001	2700000	0.0076944998575092	17545	135	17545	0
PflaKGBDf	OZ251425.1	2670001	2700000	0.0058706184098033	17545	103	17545	0
PflaHELAf	OZ251425.1	2700001	2730000	0.0061706419840987	16854	104	16854	0
PflaKGBDf	OZ251425.1	2700001	2730000	0.0034505324528526	16809	58	16809	45
PflaHELEm	OZ251425.1	2700001	2730000	0.0086032989201376	16854	145	16854	0
PflaKGBHm	OZ251425.1	2700001	2730000	0.0042895442359249	16785	72	16785	69
PflaHELAf	OZ251425.1	2730001	2760000	0.0043887681622565	23469	103	23469	0
PflaKGBDf	OZ251425.1	2730001	2760000	0.0046444245600579	23469	109	23469	0
PflaHELEm	OZ251425.1	2730001	2760000	0.0062209723464996	23469	146	23469	0
PflaKGBHm	OZ251425.1	2730001	2760000	0.0036217989688525	23469	85	23469	0
PflaHELAf	OZ251425.1	2760001	2790000	0.0063747051698858	15687	100	15687	0
PflaKGBDf	OZ251425.1	2760001	2790000	0.0075221521004653	15687	118	15687	0
PflaKGBHm	OZ251425.1	2760001	2790000	0.0029557283300134	15563	46	15563	124
PflaHELEm	OZ251425.1	2760001	2790000	0.0081596226174539	15687	128	15687	0
PflaKGBDf	OZ251425.1	2790001	2820000	0.0085076627236175	17161	146	17161	0
PflaKGBHm	OZ251425.1	2790001	2820000	0.0088572926985606	17161	152	17161	0
PflaHELEm	OZ251425.1	2790001	2820000	0.0100250626566416	17157	172	17157	4
PflaHELAf	OZ251425.1	2790001	2820000	0.0104888992482955	17161	180	17161	0
PflaKGBHm	OZ251425.1	2820001	2850000	0.0076846230692384	13013	100	13013	0
PflaHELEm	OZ251425.1	2820001	2850000	0.0093911169271033	12991	122	12991	22
PflaKGBDf	OZ251425.1	2820001	2850000	0.0066881918819188	13008	87	13008	5
PflaHELAf	OZ251425.1	2820001	2850000	0.0076655052264808	12915	99	12915	98
PflaKGBHm	OZ251425.1	2850001	2880000	0.0064711830131445	14835	96	14835	119
PflaHELEm	OZ251425.1	2850001	2880000	0.0088939414203557	14954	133	14954	0
PflaKGBDf	OZ251425.1	2850001	2880000	0.0061550812872148	14947	92	14947	7
PflaHELAf	OZ251425.1	2850001	2880000	0.0068719261604796	14843	102	14843	111
PflaKGBHm	OZ251425.1	2880001	2910000	0.0066841907622981	13315	89	13315	0
PflaHELEm	OZ251425.1	2880001	2910000	0.0084866691701089	13315	113	13315	0
PflaHELAf	OZ251425.1	2880001	2910000	0.0061584678933533	13315	82	13315	0
PflaKGBDf	OZ251425.1	2880001	2910000	0.006609087495306	13315	88	13315	0
PflaKGBHm	OZ251425.1	2910001	2940000	0.0052646803586925	17285	91	17285	0
PflaHELEm	OZ251425.1	2910001	2940000	0.0090251663291871	17285	156	17285	0
PflaKGBDf	OZ251425.1	2910001	2940000	0.0078680937228811	17285	136	17285	0
PflaHELAf	OZ251425.1	2910001	2940000	0.0059589239224761	17285	103	17285	0
PflaKGBHm	OZ251425.1	2940001	2970000	0.0075213675213675	17550	132	17550	1
PflaHELEm	OZ251425.1	2940001	2970000	0.0090023360492279	17551	158	17551	0
PflaKGBDf	OZ251425.1	2940001	2970000	0.0072360549256452	17551	127	17551	0
PflaHELAf	OZ251425.1	2940001	2970000	0.0069511708734545	17551	122	17551	0
PflaKGBHm	OZ251425.1	2970001	3000000	0.0055875380968506	17718	99	17718	0
PflaHELEm	OZ251425.1	2970001	3000000	0.0098205215035557	17718	174	17718	0
PflaHELAf	OZ251425.1	2970001	3000000	0.0076758099108251	17718	136	17718	0
PflaKGBDf	OZ251425.1	2970001	3000000	0.0055310983180945	17718	98	17718	0
PflaKGBHm	OZ251425.1	3000001	3030000	0.0046567522908216	13314	62	13314	0
PflaHELEm	OZ251425.1	3000001	3030000	0.0120174252666366	13314	160	13314	0
PflaKGBDf	OZ251425.1	3000001	3030000	0.0063091482649842	13314	84	13314	0
PflaHELAf	OZ251425.1	3000001	3030000	0.0046567522908216	13314	62	13314	0
PflaKGBHm	OZ251425.1	3030001	3060000	0.0053353658536585	13120	70	13120	0
PflaHELEm	OZ251425.1	3030001	3060000	0.009375	13120	123	13120	0
PflaKGBDf	OZ251425.1	3030001	3060000	0.0068027210884353	13083	89	13083	37
PflaHELAf	OZ251425.1	3030001	3060000	0.0067835365853658	13120	89	13120	0
PflaKGBDf	OZ251425.1	3060001	3090000	0.0073028927963698	14104	103	14104	0
PflaHELAf	OZ251425.1	3060001	3090000	0.0060266591038003	14104	85	14104	0
PflaHELEm	OZ251425.1	3060001	3090000	0.0087924555059207	14103	124	14103	1
PflaKGBHm	OZ251425.1	3060001	3090000	0.0057430516165626	14104	81	14104	0
PflaHELAf	OZ251425.1	3090001	3120000	0.0065438548254055	18185	119	18185	0
PflaKGBDf	OZ251425.1	3090001	3120000	0.0080285949958757	18185	146	18185	0
PflaHELEm	OZ251425.1	3090001	3120000	0.0086884795160846	18185	158	18185	0
PflaKGBHm	OZ251425.1	3090001	3120000	0.0061589221886169	18185	112	18185	0
PflaHELEm	OZ251425.1	3120001	3150000	0.0090128450784188	14091	127	14091	23
PflaKGBDf	OZ251425.1	3120001	3150000	0.0084325396825396	14112	119	14112	2
PflaKGBHm	OZ251425.1	3120001	3150000	0.0080770865807	14114	114	14114	0
PflaHELAf	OZ251425.1	3120001	3150000	0.0065350191788606	14078	92	14078	36
PflaKGBDf	OZ251425.1	3150001	3180000	0.0067992693322508	9854	67	9854	0
PflaHELEm	OZ251425.1	3150001	3180000	0.0131926121372031	9854	130	9854	0
PflaKGBHm	OZ251425.1	3150001	3180000	0.0074081591231987	9854	73	9854	0
PflaHELAf	OZ251425.1	3150001	3180000	0.0070022325959001	9854	69	9854	0
PflaKGBHm	OZ251425.1	3180001	3210000	0.0051316564313956	11887	61	11887	11
PflaHELEm	OZ251425.1	3180001	3210000	0.007816439737771	11898	93	11898	0
PflaHELAf	OZ251425.1	3180001	3210000	0.005967389477223	11898	71	11898	0
PflaKGBDf	OZ251425.1	3180001	3210000	0.0070683271625715	11884	84	11884	14
PflaKGBDf	OZ251425.1	3210001	3240000	0.0088705845081577	12626	112	12626	0
PflaHELEm	OZ251425.1	3210001	3240000	0.0094249960399176	12626	119	12626	0
PflaKGBHm	OZ251425.1	3210001	3240000	0.0060193252019642	12626	76	12626	0
PflaHELAf	OZ251425.1	3210001	3240000	0.0084745762711864	12626	107	12626	0
PflaKGBHm	OZ251425.1	3240001	3270000	0.0063880126182965	12680	81	12680	0
PflaHELEm	OZ251425.1	3240001	3270000	0.0112776025236593	12680	143	12680	0
PflaKGBDf	OZ251425.1	3240001	3270000	0.006782334384858	12680	86	12680	0
PflaHELAf	OZ251425.1	3240001	3270000	0.0079652996845425	12680	101	12680	0
PflaHELEm	OZ251425.1	3270001	3300000	0.011986301369863	12848	154	12848	0
PflaKGBDf	OZ251425.1	3270001	3300000	0.0084059775840597	12848	108	12848	0
PflaHELAf	OZ251425.1	3270001	3300000	0.0071606475716064	12848	92	12848	0
PflaKGBHm	OZ251425.1	3270001	3300000	0.0080569461827284	12784	103	12784	64
PflaKGBDf	OZ251425.1	3300001	3330000	0.006351541084442	14957	95	14957	0
PflaHELEm	OZ251425.1	3300001	3330000	0.009828831238299	14956	147	14956	1
PflaKGBHm	OZ251425.1	3300001	3330000	0.0076887076285351	14957	115	14957	0
PflaHELAf	OZ251425.1	3300001	3330000	0.0069532660292839	14957	104	14957	0
PflaHELAf	OZ251425.1	3330001	3360000	0.0048424832689482	18379	89	18379	0
PflaKGBDf	OZ251425.1	3330001	3360000	0.0061483214538331	18379	113	18379	0
PflaKGBHm	OZ251425.1	3330001	3360000	0.0066794415548863	18265	122	18265	114
PflaHELEm	OZ251425.1	3330001	3360000	0.0091952772185646	18379	169	18379	0
PflaHELEm	OZ251425.1	3360001	3390000	0.0093409444732745	13489	126	13489	0
PflaKGBDf	OZ251425.1	3360001	3390000	0.0080065238342353	13489	108	13489	0
PflaHELAf	OZ251425.1	3360001	3390000	0.0063755652754095	13489	86	13489	0
PflaKGBHm	OZ251425.1	3360001	3390000	0.0057824894358366	13489	78	13489	0
PflaHELEm	OZ251425.1	3390001	3420000	0.0086695098930294	14303	124	14303	60
PflaKGBHm	OZ251425.1	3390001	3420000	0.0061964770591102	14363	89	14363	0
PflaKGBDf	OZ251425.1	3390001	3420000	0.0043271915131211	14328	62	14328	35
PflaHELAf	OZ251425.1	3390001	3420000	0.007406889805045	14311	106	14311	52
PflaHELAf	OZ251425.1	3420001	3450000	0.006425069041312	17743	114	17743	20
PflaKGBDf	OZ251425.1	3420001	3450000	0.0069808027923211	17763	124	17763	0
PflaHELEm	OZ251425.1	3420001	3450000	0.0089054221621012	17742	158	17742	21
PflaKGBHm	OZ251425.1	3420001	3450000	0.0057422732646512	17763	102	17763	0
PflaKGBHm	OZ251425.1	3450001	3480000	0.0067934782608695	19136	130	19136	0
PflaHELEm	OZ251425.1	3450001	3480000	0.010503762541806	19136	201	19136	0
PflaKGBDf	OZ251425.1	3450001	3480000	0.0065844481605351	19136	126	19136	0
PflaHELAf	OZ251425.1	3450001	3480000	0.0065321906354515	19136	125	19136	0
PflaHELEm	OZ251425.1	3480001	3510000	0.0123055719629848	10158	125	10158	0
PflaKGBHm	OZ251425.1	3480001	3510000	0.0085646780862374	10158	87	10158	0
PflaHELAf	OZ251425.1	3480001	3510000	0.0093522346918684	10158	95	10158	0
PflaKGBDf	OZ251425.1	3480001	3510000	0.0092537901161646	10158	94	10158	0
PflaKGBHm	OZ251425.1	3510001	3540000	0.0072332730560578	13272	96	13272	0
PflaHELEm	OZ251425.1	3510001	3540000	0.01167872212176	13272	155	13272	0
PflaKGBDf	OZ251425.1	3510001	3540000	0.0080620855937311	13272	107	13272	0
PflaHELAf	OZ251425.1	3510001	3540000	0.0069318866787221	13272	92	13272	0
PflaKGBDf	OZ251425.1	3540001	3570000	0.007747966959083	15617	121	15617	0
PflaKGBHm	OZ251425.1	3540001	3570000	0.0058269834155087	15617	91	15617	0
PflaHELEm	OZ251425.1	3540001	3570000	0.0088757396449704	15548	138	15548	69
PflaHELAf	OZ251425.1	3540001	3570000	0.006286887349243	15588	98	15588	29
PflaHELEm	OZ251425.1	3570001	3600000	0.0082344393315572	12387	102	12387	0
PflaKGBDf	OZ251425.1	3570001	3600000	0.0066198433841931	12387	82	12387	0
PflaHELAf	OZ251425.1	3570001	3600000	0.0073606729758149	12363	91	12363	24
PflaKGBHm	OZ251425.1	3570001	3600000	0.006620912394025	12385	82	12385	2
PflaKGBHm	OZ251425.1	3600001	3630000	0.0032106164383561	18688	60	18688	0
PflaKGBDf	OZ251425.1	3600001	3630000	0.0049229452054794	18688	92	18688	0
PflaHELAf	OZ251425.1	3600001	3630000	0.0077589897260273	18688	145	18688	0
PflaHELEm	OZ251425.1	3600001	3630000	0.0112906678082191	18688	211	18688	0
PflaHELAf	OZ251425.1	3630001	3660000	0.0076461259628454	17656	135	17656	0
PflaKGBDf	OZ251425.1	3630001	3660000	0.0077699637023593	17632	137	17632	24
PflaHELEm	OZ251425.1	3630001	3660000	0.0110444041685546	17656	195	17656	0
PflaKGBHm	OZ251425.1	3630001	3660000	0.0050325975065766	17486	88	17486	170
PflaHELAf	OZ251425.1	3660001	3690000	0.0054818744473916	22620	124	22620	35
PflaKGBHm	OZ251425.1	3660001	3690000	0.0027904504584311	22577	63	22577	78
PflaHELEm	OZ251425.1	3660001	3690000	0.007958263330091	22618	180	22618	37
PflaKGBDf	OZ251425.1	3660001	3690000	0.0060472301920105	22655	137	22655	0
PflaKGBHm	OZ251425.1	3690001	3720000	0.0058669050678884	17897	105	17897	1
PflaHELEm	OZ251425.1	3690001	3720000	0.0073192535478824	17898	131	17898	0
PflaKGBDf	OZ251425.1	3690001	3720000	0.00642529891608	17898	115	17898	0
PflaHELAf	OZ251425.1	3690001	3720000	0.0052519834618393	17898	94	17898	0
PflaHELEm	OZ251425.1	3720001	3750000	0.013446421183285	14502	195	14502	0
PflaKGBDf	OZ251425.1	3720001	3750000	0.007516204661426	14502	109	14502	0
PflaKGBHm	OZ251425.1	3720001	3750000	0.0069717677918133	14487	101	14487	15
PflaHELAf	OZ251425.1	3720001	3750000	0.0102744449041511	14502	149	14502	0
PflaHELAf	OZ251425.1	3750001	3780000	0.0088344062457197	14602	129	14602	15
PflaKGBHm	OZ251425.1	3750001	3780000	0.0063624546760621	14617	93	14617	0
PflaHELEm	OZ251425.1	3750001	3780000	0.0118355339672983	14617	173	14617	0
PflaKGBDf	OZ251425.1	3750001	3780000	0.010125196688787	14617	148	14617	0
PflaKGBHm	OZ251425.1	3780001	3810000	0.0077351065273442	14738	114	14738	0
PflaHELEm	OZ251425.1	3780001	3810000	0.0101099199348622	14738	149	14738	0
PflaKGBDf	OZ251425.1	3780001	3810000	0.0072601438458406	14738	107	14738	0
PflaHELAf	OZ251425.1	3780001	3810000	0.0063399004703797	14669	93	14669	69
PflaHELAf	OZ251425.1	3810001	3840000	0.008010955152345	14605	117	14605	0
PflaKGBDf	OZ251425.1	3810001	3840000	0.004456022485775	14587	65	14587	18
PflaHELEm	OZ251425.1	3810001	3840000	0.0100650462170489	14605	147	14605	0
PflaKGBHm	OZ251425.1	3810001	3840000	0.0048824095722734	14542	71	14542	63
PflaHELAf	OZ251425.1	3840001	3870000	0.0053127159640635	23152	123	23152	0
PflaKGBDf	OZ251425.1	3840001	3870000	0.0051399447131997	23152	119	23152	0
PflaHELEm	OZ251425.1	3840001	3870000	0.005917415342087	23152	137	23152	0
PflaKGBHm	OZ251425.1	3840001	3870000	0.0037145818935729	23152	86	23152	0
PflaHELEm	OZ251425.1	3870001	3900000	0.0082705192629815	19104	158	19104	0
PflaKGBHm	OZ251425.1	3870001	3900000	0.0063337520938023	19104	121	19104	0
PflaHELAf	OZ251425.1	3870001	3900000	0.0056532663316582	19104	108	19104	0
PflaKGBDf	OZ251425.1	3870001	3900000	0.00607202680067	19104	116	19104	0
PflaHELAf	OZ251425.1	3900001	3930000	0.0060087695555675	18473	111	18473	0
PflaKGBDf	OZ251425.1	3900001	3930000	0.0061170356736859	18473	113	18473	0
PflaHELEm	OZ251425.1	3900001	3930000	0.0108266118118334	18473	200	18473	0
PflaKGBHm	OZ251425.1	3900001	3930000	0.0054709929039596	18461	101	18461	12
PflaHELAf	OZ251425.1	3930001	3960000	0.0037764350453172	19860	75	19860	0
PflaKGBDf	OZ251425.1	3930001	3960000	0.003877139979859	19860	77	19860	0
PflaHELEm	OZ251425.1	3930001	3960000	0.0063444108761329	19860	126	19860	0
PflaKGBHm	OZ251425.1	3930001	3960000	0.0052366565961732	19860	104	19860	0
PflaKGBHm	OZ251425.1	3960001	3990000	0.0031986190089358	19696	63	19696	0
PflaHELEm	OZ251425.1	3960001	3990000	0.0058895207148659	19696	116	19696	0
PflaHELAf	OZ251425.1	3960001	3990000	0.0023862713241267	19696	47	19696	0
PflaKGBDf	OZ251425.1	3960001	3990000	0.0031478472786352	19696	62	19696	0
PflaHELAf	OZ251425.1	3990001	4020000	0.0059919316563834	16856	101	16856	0
PflaKGBDf	OZ251425.1	3990001	4020000	0.0064665401044138	16856	109	16856	0
PflaHELEm	OZ251425.1	3990001	4020000	0.0082463217845277	16856	139	16856	0
PflaKGBHm	OZ251425.1	3990001	4020000	0.0041528239202657	16856	70	16856	0
PflaHELAf	OZ251425.1	4020001	4050000	0.0047333848531684	20704	98	20704	0
PflaKGBDf	OZ251425.1	4020001	4050000	0.003719088098918	20704	77	20704	0
PflaHELEm	OZ251425.1	4020001	4050000	0.0060374806800618	20704	125	20704	0
PflaKGBHm	OZ251425.1	4020001	4050000	0.0042503863987635	20704	88	20704	0
PflaKGBHm	OZ251425.1	4050001	4080000	0.0021212877464437	24042	51	24042	0
PflaHELEm	OZ251425.1	4050001	4080000	0.0051576407952749	24042	124	24042	0
PflaHELAf	OZ251425.1	4050001	4080000	0.0031611346809749	24042	76	24042	0
PflaKGBDf	OZ251425.1	4050001	4080000	0.0028804007514088	23955	69	23955	87
PflaHELAf	OZ251425.1	4080001	4110000	0.007200895246436	20553	148	20553	0
PflaKGBDf	OZ251425.1	4080001	4110000	0.0055493355400866	20543	114	20543	10
PflaHELEm	OZ251425.1	4080001	4110000	0.0095363207317666	20553	196	20553	0
PflaKGBHm	OZ251425.1	4080001	4110000	0.0057412543181044	20553	118	20553	0
PflaHELAf	OZ251425.1	4110001	4140000	0.006450177935943	17984	116	17984	0
PflaKGBDf	OZ251425.1	4110001	4140000	0.0052824733096085	17984	95	17984	0
PflaHELEm	OZ251425.1	4110001	4140000	0.0077290925266903	17984	139	17984	0
PflaKGBHm	OZ251425.1	4110001	4140000	0.0050600533807829	17984	91	17984	0
PflaKGBHm	OZ251425.1	4140001	4170000	0.0051755415644008	18742	97	18742	0
PflaHELEm	OZ251425.1	4140001	4170000	0.0082168391847188	18742	154	18742	0
PflaHELAf	OZ251425.1	4140001	4170000	0.0073097855084836	18742	137	18742	0
PflaKGBDf	OZ251425.1	4140001	4170000	0.0067762245224629	18742	127	18742	0
PflaHELAf	OZ251425.1	4170001	4200000	0.0049433381523107	21443	106	21443	0
PflaKGBDf	OZ251425.1	4170001	4200000	0.0072284661661148	21443	155	21443	0
PflaHELEm	OZ251425.1	4170001	4200000	0.0064356666511215	21443	138	21443	0
PflaKGBHm	OZ251425.1	4170001	4200000	0.006813833014421	21427	146	21427	16
PflaKGBDf	OZ251425.1	4200001	4230000	0.0010915492957746	28400	31	28400	0
PflaKGBHm	OZ251425.1	4200001	4230000	0.0037676056338028	28400	107	28400	0
PflaHELEm	OZ251425.1	4200001	4230000	0.0045422535211267	28400	129	28400	0
PflaHELAf	OZ251425.1	4200001	4230000	0.0040492957746478	28400	115	28400	0
PflaKGBHm	OZ251425.1	4230001	4260000	0.0046346361810597	12946	60	12946	0
PflaHELEm	OZ251425.1	4230001	4260000	0.0113548586435964	12946	147	12946	0
PflaHELAf	OZ251425.1	4230001	4260000	0.0083423451259076	12946	108	12946	0
PflaKGBDf	OZ251425.1	4230001	4260000	0.0023945620268808	12946	31	12946	0
PflaKGBHm	OZ251425.1	4260001	4290000	0.0036181320101307	19347	70	19347	0
PflaHELEm	OZ251425.1	4260001	4290000	0.0087868920246032	19347	170	19347	0
PflaKGBDf	OZ251425.1	4260001	4290000	0.0052204476146172	19347	101	19347	0
PflaHELAf	OZ251425.1	4260001	4290000	0.0046518840130252	19347	90	19347	0
PflaHELAf	OZ251425.1	4290001	4320000	0.0069586573884568	19544	136	19544	0
PflaKGBHm	OZ251425.1	4290001	4320000	0.0054236594351207	19544	106	19544	0
PflaKGBDf	OZ251425.1	4290001	4320000	0.0070609905853458	19544	138	19544	0
PflaHELEm	OZ251425.1	4290001	4320000	0.0080843225542365	19544	158	19544	0
PflaHELAf	OZ251425.1	4320001	4350000	0.0076468103084072	23670	181	23670	7
PflaKGBDf	OZ251425.1	4320001	4350000	0.0051995265471761	23656	123	23656	21
PflaKGBHm	OZ251425.1	4320001	4350000	0.0042236864335191	23676	100	23676	1
PflaHELEm	OZ251425.1	4320001	4350000	0.0101364193098787	23677	240	23677	0
PflaHELAf	OZ251425.1	4350001	4380000	0.0050840201220164	18686	95	18686	0
PflaKGBDf	OZ251425.1	4350001	4380000	0.0026222840629348	18686	49	18686	0
PflaHELEm	OZ251425.1	4350001	4380000	0.0065289521566948	18686	122	18686	0
PflaKGBHm	OZ251425.1	4350001	4380000	0.0030504120732098	18686	57	18686	0
PflaKGBHm	OZ251425.1	4380001	4410000	0.0040083985493414	20956	84	20956	0
PflaHELEm	OZ251425.1	4380001	4410000	0.007873640007635	20956	165	20956	0
PflaKGBDf	OZ251425.1	4380001	4410000	0.0064897881275052	20956	136	20956	0
PflaHELAf	OZ251425.1	4380001	4410000	0.0046287459438824	20956	97	20956	0
PflaKGBHm	OZ251425.1	4410001	4440000	0.0040333544820085	22066	89	22066	0
PflaHELEm	OZ251425.1	4410001	4440000	0.0081120275537025	22066	179	22066	0
PflaKGBDf	OZ251425.1	4410001	4440000	0.0077041602465331	22066	170	22066	0
PflaHELAf	OZ251425.1	4410001	4440000	0.0047584519169763	22066	105	22066	0
PflaHELEm	OZ251425.1	4440001	4470000	0.0082416062835333	18079	149	18079	0
PflaKGBDf	OZ251425.1	4440001	4470000	0.0063056584988107	18079	114	18079	0
PflaKGBHm	OZ251425.1	4440001	4470000	0.0030975164555561	18079	56	18079	0
PflaHELAf	OZ251425.1	4440001	4470000	0.0067668755893283	18029	122	18029	50
PflaHELAf	OZ251425.1	4470001	4500000	0.005642743784165	17013	96	17013	12
PflaKGBDf	OZ251425.1	4470001	4500000	0.0054625550660792	17025	93	17025	0
PflaHELEm	OZ251425.1	4470001	4500000	0.0101027900146842	17025	172	17025	0
PflaKGBHm	OZ251425.1	4470001	4500000	0.0050513950073421	17025	86	17025	0
PflaKGBHm	OZ251425.1	4500001	4530000	0.0057550889907279	18766	108	18766	0
PflaHELEm	OZ251425.1	4500001	4530000	0.0102312693168496	18766	192	18766	0
PflaKGBDf	OZ251425.1	4500001	4530000	0.0060215282958542	18766	113	18766	0
PflaHELAf	OZ251425.1	4500001	4530000	0.0073537248214856	18766	138	18766	0
PflaKGBHm	OZ251425.1	4530001	4560000	0.0028488604558176	20008	57	20008	0
PflaHELEm	OZ251425.1	4530001	4560000	0.0081967213114754	20008	164	20008	0
PflaKGBDf	OZ251425.1	4530001	4560000	0.0051007651147672	19997	102	19997	11
PflaHELAf	OZ251425.1	4530001	4560000	0.0047980807676929	20008	96	20008	0
PflaKGBHm	OZ251425.1	4560001	4590000	0.0076111775578993	18394	140	18394	0
PflaKGBDf	OZ251425.1	4560001	4590000	0.0091334130694791	18394	168	18394	0
PflaHELAf	OZ251425.1	4560001	4590000	0.0064487922177287	18298	118	18298	96
PflaHELEm	OZ251425.1	4560001	4590000	0.0074480808959443	18394	137	18394	0
PflaHELAf	OZ251425.1	4590001	4620000	0.0069478908188585	16120	112	16120	14
PflaHELEm	OZ251425.1	4590001	4620000	0.0092351555720837	16134	149	16134	0
PflaKGBDf	OZ251425.1	4590001	4620000	0.0070103604441962	16119	113	16119	15
PflaKGBHm	OZ251425.1	4590001	4620000	0.0057642246188174	16134	93	16134	0
PflaKGBHm	OZ251425.1	4620001	4650000	0.0032709304753288	14369	47	14369	0
PflaHELEm	OZ251425.1	4620001	4650000	0.0039668731296541	14369	57	14369	0
PflaKGBDf	OZ251425.1	4620001	4650000	0.0040364673950866	14369	58	14369	0
PflaHELAf	OZ251425.1	4620001	4650000	0.0057763240308998	14369	83	14369	0
PflaHELEm	OZ251425.1	4650001	4680000	0.0081679124795802	20201	165	20201	0
PflaKGBDf	OZ251425.1	4650001	4680000	0.0058942988756253	20189	119	20189	12
PflaHELAf	OZ251425.1	4650001	4680000	0.0066828374832929	20201	135	20201	0
PflaKGBHm	OZ251425.1	4650001	4680000	0.0062373149844067	20201	126	20201	0
PflaHELAf	OZ251425.1	4680001	4710000	0.0033816204359548	21883	74	21883	0
PflaKGBHm	OZ251425.1	4680001	4710000	0.003610108303249	21883	79	21883	0
PflaHELEm	OZ251425.1	4680001	4710000	0.0068546360188274	21883	150	21883	0
PflaKGBDf	OZ251425.1	4680001	4710000	0.0053062531448698	21861	116	21861	22
PflaKGBHm	OZ251425.1	4710001	4740000	0.0056380163387412	17382	98	17382	0
PflaHELEm	OZ251425.1	4710001	4740000	0.0094350477505465	17382	164	17382	0
PflaKGBDf	OZ251425.1	4710001	4740000	0.0040271545276723	17382	70	17382	0
PflaHELAf	OZ251425.1	4710001	4740000	0.0035162554761355	17348	61	17348	34
PflaHELAf	OZ251425.1	4740001	4770000	0.0067673998016451	17141	116	17141	0
PflaKGBDf	OZ251425.1	4740001	4770000	0.0074091359897322	17141	127	17141	0
PflaHELEm	OZ251425.1	4740001	4770000	0.0102677790093926	17141	176	17141	0
PflaKGBHm	OZ251425.1	4740001	4770000	0.007000758415495	17141	120	17141	0
PflaKGBHm	OZ251425.1	4770001	4800000	0.006201165819174	16126	100	16126	0
PflaHELEm	OZ251425.1	4770001	4800000	0.0071313406920501	16126	115	16126	0
PflaKGBDf	OZ251425.1	4770001	4800000	0.0063872007937492	16126	103	16126	0
PflaHELAf	OZ251425.1	4770001	4800000	0.0058911075282153	16126	95	16126	0
PflaHELAf	OZ251425.1	4800001	4830000	0.0071033537977573	19709	140	19709	0
PflaHELEm	OZ251425.1	4800001	4830000	0.0138515399056268	19709	273	19709	0
PflaKGBHm	OZ251425.1	4800001	4830000	0.0105535542138109	19709	208	19709	0
PflaKGBDf	OZ251425.1	4800001	4830000	0.0072161805061489	19678	142	19678	31
PflaKGBHm	OZ251425.1	4830001	4860000	0.0083939813367861	22397	188	22397	0
PflaHELEm	OZ251425.1	4830001	4860000	0.0118765906148144	22397	266	22397	0
PflaKGBDf	OZ251425.1	4830001	4860000	0.0074117069250346	22397	166	22397	0
PflaHELAf	OZ251425.1	4830001	4860000	0.0066080278608742	22397	148	22397	0
PflaKGBHm	OZ251425.1	4860001	4890000	0.0062505621009083	22238	139	22238	0
PflaHELAf	OZ251425.1	4860001	4890000	0.0073747639176184	22238	164	22238	0
PflaKGBDf	OZ251425.1	4860001	4890000	0.0086338699523338	22238	192	22238	0
PflaHELEm	OZ251425.1	4860001	4890000	0.0111970500944329	22238	249	22238	0
PflaHELEm	OZ251425.1	4890001	4920000	0.0084846216233077	16029	136	16029	0
PflaKGBDf	OZ251425.1	4890001	4920000	0.00630107929378	16029	101	16029	0
PflaHELAf	OZ251425.1	4890001	4920000	0.0054900492856697	16029	88	16029	0
PflaKGBHm	OZ251425.1	4890001	4920000	0.0043206011271133	15970	69	15970	59
PflaKGBDf	OZ251425.1	4920001	4950000	0.0073405909797822	16075	118	16075	0
PflaHELAf	OZ251425.1	4920001	4950000	0.007651632970451	16075	123	16075	0
PflaHELEm	OZ251425.1	4920001	4950000	0.0077138413685847	16075	124	16075	0
PflaKGBHm	OZ251425.1	4920001	4950000	0.0053499222395023	16075	86	16075	0
PflaHELEm	OZ251425.1	4950001	4980000	0.0096565212076763	16362	158	16362	0
PflaHELAf	OZ251425.1	4950001	4980000	0.004171267329162	16302	68	16302	60
PflaKGBDf	OZ251425.1	4950001	4980000	0.0059894878376726	16362	98	16362	0
PflaKGBHm	OZ251425.1	4950001	4980000	0.0067860854679953	16357	111	16357	5
PflaKGBHm	OZ251425.1	4980001	5010000	0.0067122359751216	16239	109	16239	0
PflaHELEm	OZ251425.1	4980001	5010000	0.010037563889402	16239	163	16239	0
PflaKGBDf	OZ251425.1	4980001	5010000	0.0078822587597758	16239	128	16239	0
PflaHELAf	OZ251425.1	4980001	5010000	0.0068969764148038	16239	112	16239	0
PflaKGBHm	OZ251425.1	5010001	5040000	0.0086999889172115	18046	157	18046	0
PflaHELEm	OZ251425.1	5010001	5040000	0.0105286490080904	18046	190	18046	0
PflaKGBDf	OZ251425.1	5010001	5040000	0.0077025379585503	18046	139	18046	0
PflaHELAf	OZ251425.1	5010001	5040000	0.0097528538180206	18046	176	18046	0
PflaHELAf	OZ251425.1	5040001	5070000	0.0066432498472816	13096	87	13096	0
PflaKGBDf	OZ251425.1	5040001	5070000	0.0090103848503359	13096	118	13096	0
PflaKGBHm	OZ251425.1	5040001	5070000	0.0082707918517383	13058	108	13058	38
PflaHELEm	OZ251425.1	5040001	5070000	0.0106139279169211	13096	139	13096	0
PflaHELEm	OZ251425.1	5070001	5100000	0.0100992907801418	17625	178	17625	1
PflaKGBDf	OZ251425.1	5070001	5100000	0.0070350618404629	17626	124	17626	0
PflaHELAf	OZ251425.1	5070001	5100000	0.0081134751773049	17625	143	17625	1
PflaKGBHm	OZ251425.1	5070001	5100000	0.0047656870532168	17626	84	17626	0
PflaHELEm	OZ251425.1	5100001	5130000	0.0095095095095095	15984	152	15984	0
PflaKGBHm	OZ251425.1	5100001	5130000	0.0085122363397383	15977	136	15977	7
PflaHELAf	OZ251425.1	5100001	5130000	0.0046939541870071	15978	75	15978	6
PflaKGBDf	OZ251425.1	5100001	5130000	0.0058808808808808	15984	94	15984	0
PflaKGBHm	OZ251425.1	5130001	5160000	0.0076513262298798	17644	135	17644	0
PflaHELEm	OZ251425.1	5130001	5160000	0.0091249149852641	17644	161	17644	0
PflaKGBDf	OZ251425.1	5130001	5160000	0.0048199603062092	17635	85	17635	9
PflaHELAf	OZ251425.1	5130001	5160000	0.0045341192473362	17644	80	17644	0
PflaHELEm	OZ251425.1	5160001	5190000	0.0095813598998312	18369	176	18369	0
PflaKGBDf	OZ251425.1	5160001	5190000	0.0059339103925091	18369	109	18369	0
PflaHELAf	OZ251425.1	5160001	5190000	0.0076215362839566	18369	140	18369	0
PflaKGBHm	OZ251425.1	5160001	5190000	0.0085470085470085	18369	157	18369	0
PflaHELAf	OZ251425.1	5190001	5220000	0.0050824702723436	20856	106	20856	0
PflaKGBHm	OZ251425.1	5190001	5220000	0.0063291139240506	20856	132	20856	0
PflaHELEm	OZ251425.1	5190001	5220000	0.0083429228998849	20856	174	20856	0
PflaKGBDf	OZ251425.1	5190001	5220000	0.0065688530878404	20856	137	20856	0
PflaHELAf	OZ251425.1	5220001	5250000	0.0067694408100574	17579	119	17579	0
PflaKGBDf	OZ251425.1	5220001	5250000	0.0064281244666932	17579	113	17579	0
PflaHELEm	OZ251425.1	5220001	5250000	0.0095568576141987	17579	168	17579	0
PflaKGBHm	OZ251425.1	5220001	5250000	0.0061461415888914	17572	108	17572	7
PflaHELAf	OZ251425.1	5250001	5280000	0.0081910589164117	20266	166	20266	0
PflaKGBDf	OZ251425.1	5250001	5280000	0.0086844962005329	20266	176	20266	0
PflaHELEm	OZ251425.1	5250001	5280000	0.0136682127701569	20266	277	20266	0
PflaKGBHm	OZ251425.1	5250001	5280000	0.0074509029902299	20266	151	20266	0
PflaHELEm	OZ251425.1	5280001	5310000	0.0102361811554401	20027	205	20027	0
PflaHELAf	OZ251425.1	5280001	5310000	0.0066410346032855	20027	133	20027	0
PflaKGBDf	OZ251425.1	5280001	5310000	0.0076396864233285	20027	153	20027	0
PflaKGBHm	OZ251425.1	5280001	5310000	0.0066410346032855	20027	133	20027	0
PflaHELEm	OZ251425.1	5310001	5340000	0.010325245224574	17433	180	17433	0
PflaKGBDf	OZ251425.1	5310001	5340000	0.0066540469225032	17433	116	17433	0
PflaHELAf	OZ251425.1	5310001	5340000	0.0083175586531291	17433	145	17433	0
PflaKGBHm	OZ251425.1	5310001	5340000	0.0096942580164056	17433	169	17433	0
PflaKGBHm	OZ251425.1	5340001	5370000	0.0056784081990674	21661	123	21661	0
PflaHELEm	OZ251425.1	5340001	5370000	0.0080328701352661	21661	174	21661	0
PflaKGBDf	OZ251425.1	5340001	5370000	0.0058630718803379	21661	127	21661	0
PflaHELAf	OZ251425.1	5340001	5370000	0.0061862333225612	21661	134	21661	0
PflaKGBHm	OZ251425.1	5370001	5400000	0.0090898428336851	17052	155	17052	0
PflaKGBDf	OZ251425.1	5370001	5400000	0.008972554539057	17052	153	17052	0
PflaHELEm	OZ251425.1	5370001	5400000	0.0113183204316209	17052	193	17052	0
PflaHELAf	OZ251425.1	5370001	5400000	0.0064508562045507	17052	110	17052	0
PflaHELEm	OZ251425.1	5400001	5430000	0.011402825675826	17978	205	17978	0
PflaKGBHm	OZ251425.1	5400001	5430000	0.009045731196605	17909	162	17909	69
PflaKGBDf	OZ251425.1	5400001	5430000	0.007842919123373	17978	141	17978	0
PflaHELAf	OZ251425.1	5400001	5430000	0.0086322120739585	17956	155	17956	22
PflaHELAf	OZ251425.1	5430001	5460000	0.0072046109510086	20820	150	20820	0
PflaKGBDf	OZ251425.1	5430001	5460000	0.0067726595897977	20819	141	20819	1
PflaHELEm	OZ251425.1	5430001	5460000	0.0094140249759846	20820	196	20820	0
PflaKGBHm	OZ251425.1	5430001	5460000	0.0057636887608069	20820	120	20820	0
PflaKGBHm	OZ251425.1	5460001	5490000	0.0050720130149767	20899	106	20899	0
PflaHELAf	OZ251425.1	5460001	5490000	0.0056462031676156	20899	118	20899	0
PflaKGBDf	OZ251425.1	5460001	5490000	0.0033020673813169	20896	69	20896	3
PflaHELEm	OZ251425.1	5460001	5490000	0.0060777182235834	20896	127	20896	3
PflaKGBHm	OZ251425.1	5490001	5520000	0.0069587147393984	21412	149	21412	0
PflaHELEm	OZ251425.1	5490001	5520000	0.0091537455632355	21412	196	21412	0
PflaHELAf	OZ251425.1	5490001	5520000	0.0074257425742574	21412	159	21412	0
PflaKGBDf	OZ251425.1	5490001	5520000	0.00625817298711	21412	134	21412	0
PflaHELEm	OZ251425.1	5520001	5550000	0.0066501626134653	20601	137	20601	0
PflaHELAf	OZ251425.1	5520001	5550000	0.0058249599534003	20601	120	20601	0
PflaKGBDf	OZ251425.1	5520001	5550000	0.0043687199650502	20601	90	20601	0
PflaKGBHm	OZ251425.1	5520001	5550000	0.0042716372991602	20601	88	20601	0
PflaKGBHm	OZ251425.1	5550001	5580000	0.0069686411149825	24395	170	24395	0
PflaHELEm	OZ251425.1	5550001	5580000	0.0097970895675343	24395	239	24395	0
PflaKGBDf	OZ251425.1	5550001	5580000	0.0066816970690715	24395	163	24395	0
PflaHELAf	OZ251425.1	5550001	5580000	0.0052469768395162	24395	128	24395	0
PflaHELAf	OZ251425.1	5580001	5610000	0.0021635482190792	24959	54	24959	0
PflaKGBDf	OZ251425.1	5580001	5610000	0.0049280820545694	24959	123	24959	0
PflaHELEm	OZ251425.1	5580001	5610000	0.0053688048399374	24959	134	24959	0
PflaKGBHm	OZ251425.1	5580001	5610000	0.0035733138425305	24627	88	24627	332
PflaHELAf	OZ251425.1	5610001	5640000	0.0006997594576864	22865	16	22865	0
PflaKGBDf	OZ251425.1	5610001	5640000	0.0046359064071725	22865	106	22865	0
PflaHELEm	OZ251425.1	5610001	5640000	0.0052919308987535	22865	121	22865	0
PflaKGBHm	OZ251425.1	5610001	5640000	0.0055980756614913	22865	128	22865	0
PflaKGBHm	OZ251425.1	5640001	5670000	0.0070480928689883	21708	153	21708	0
PflaHELEm	OZ251425.1	5640001	5670000	0.0076008844665561	21708	165	21708	0
PflaHELAf	OZ251425.1	5640001	5670000	0.005712179841533	21708	124	21708	0
PflaKGBDf	OZ251425.1	5640001	5670000	0.0034570177460244	21695	75	21695	13
PflaHELAf	OZ251425.1	5670001	5700000	0.0009621015644608	23906	23	23906	0
PflaKGBDf	OZ251425.1	5670001	5700000	0.0035974232410273	23906	86	23906	0
PflaHELEm	OZ251425.1	5670001	5700000	0.0025098301681586	23906	60	23906	0
PflaKGBHm	OZ251425.1	5670001	5700000	0.0037233820022591	23903	89	23903	3
PflaKGBHm	OZ251425.1	5700001	5730000	0.0026262283971535	23608	62	23608	0
PflaHELEm	OZ251425.1	5700001	5730000	0.0033039647577092	23608	78	23608	0
PflaKGBDf	OZ251425.1	5700001	5730000	0.0060149101999322	23608	142	23608	0
PflaHELAf	OZ251425.1	5700001	5730000	0.0023720772619451	23608	56	23608	0
PflaHELAf	OZ251425.1	5730001	5760000	0.0059499100594991	21681	129	21681	0
PflaKGBDf	OZ251425.1	5730001	5760000	0.0045662100456621	21681	99	21681	0
PflaHELEm	OZ251425.1	5730001	5760000	0.0070107467367741	21681	152	21681	0
PflaKGBHm	OZ251425.1	5730001	5760000	0.0028135233614685	21681	61	21681	0
PflaHELAf	OZ251425.1	5760001	5790000	0.0020511583011583	24864	51	24864	0
PflaKGBDf	OZ251425.1	5760001	5790000	0.0025337837837837	24864	63	24864	0
PflaHELEm	OZ251425.1	5760001	5790000	0.0037403474903474	24864	93	24864	0
PflaKGBHm	OZ251425.1	5760001	5790000	0.0024131274131274	24864	60	24864	0
PflaKGBHm	OZ251425.1	5790001	5820000	0.0045732952225398	24490	112	24490	0
PflaHELEm	OZ251425.1	5790001	5820000	0.0036749693752552	24490	90	24490	0
PflaKGBDf	OZ251425.1	5790001	5820000	0.0020008166598611	24490	49	24490	0
PflaHELAf	OZ251425.1	5790001	5820000	0.0027358105349122	24490	67	24490	0
PflaHELAf	OZ251425.1	5820001	5850000	0.0045945610331553	24159	111	24159	0
PflaKGBDf	OZ251425.1	5820001	5850000	0.0046773459166356	24159	113	24159	0
PflaHELEm	OZ251425.1	5820001	5850000	0.0060432964940601	24159	146	24159	0
PflaKGBHm	OZ251425.1	5820001	5850000	0.0029802558052899	24159	72	24159	0
PflaHELAf	OZ251425.1	5850001	5880000	0.005580731789191	23832	133	23832	0
PflaHELEm	OZ251425.1	5850001	5880000	0.0058744545149378	23832	140	23832	0
PflaKGBDf	OZ251425.1	5850001	5880000	0.0049513259483048	23832	118	23832	0
PflaKGBHm	OZ251425.1	5850001	5880000	0.0054128902316213	23832	129	23832	0
PflaKGBHm	OZ251425.1	5880001	5910000	0.00487149336469	23812	116	23812	0
PflaHELEm	OZ251425.1	5880001	5910000	0.0074332269443977	23812	177	23812	0
PflaKGBDf	OZ251425.1	5880001	5910000	0.0041575676129682	23812	99	23812	0
PflaHELAf	OZ251425.1	5880001	5910000	0.0045775239375104	23812	109	23812	0
PflaHELEm	OZ251425.1	5910001	5940000	0.0077288493439903	26524	205	26524	0
PflaKGBDf	OZ251425.1	5910001	5940000	0.0042602925652239	26524	113	26524	0
PflaHELAf	OZ251425.1	5910001	5940000	0.0066732016287136	26524	177	26524	0
PflaKGBHm	OZ251425.1	5910001	5940000	0.0053913436887347	26524	143	26524	0
PflaKGBDf	OZ251425.1	5940001	5970000	0.0049243441668905	22338	110	22338	0
PflaHELAf	OZ251425.1	5940001	5970000	0.0044319097502014	22338	99	22338	0
PflaKGBHm	OZ251425.1	5940001	5970000	0.0052377115229653	22338	117	22338	0
PflaHELEm	OZ251425.1	5940001	5970000	0.0056853791745008	22338	127	22338	0
PflaHELAf	OZ251425.1	5970001	6000000	0.0049800796812749	21084	105	21084	0
PflaKGBDf	OZ251425.1	5970001	6000000	0.0054069436539556	21084	114	21084	0
PflaHELEm	OZ251425.1	5970001	6000000	0.0062132422690191	21084	131	21084	0
PflaKGBHm	OZ251425.1	5970001	6000000	0.0055018023145513	21084	116	21084	0
PflaHELAf	OZ251425.1	6000001	6030000	0.0052981715332828	25103	133	25103	0
PflaKGBHm	OZ251425.1	6000001	6030000	0.004939648647572	25103	124	25103	0
PflaHELEm	OZ251425.1	6000001	6030000	0.0088037286380113	25103	221	25103	0
PflaKGBDf	OZ251425.1	6000001	6030000	0.0069314424570768	25103	174	25103	0
PflaHELAf	OZ251425.1	6030001	6060000	0.0038116084232772	26498	101	26498	0
PflaKGBDf	OZ251425.1	6030001	6060000	0.0031323118725941	26498	83	26498	0
PflaHELEm	OZ251425.1	6030001	6060000	0.0047550758547814	26498	126	26498	0
PflaKGBHm	OZ251425.1	6030001	6060000	0.0026039701109517	26498	69	26498	0
PflaHELEm	OZ251425.1	6060001	6090000	0.0078500637817682	20382	160	20382	0
PflaHELAf	OZ251425.1	6060001	6090000	0.0036797173977038	20382	75	20382	0
PflaKGBDf	OZ251425.1	6060001	6090000	0.0064272397213227	20382	131	20382	0
PflaKGBHm	OZ251425.1	6060001	6090000	0.0039285012767629	20364	80	20364	18
PflaKGBHm	OZ251425.1	6090001	6120000	0.0036948929493344	19757	73	19757	0
PflaHELEm	OZ251425.1	6090001	6120000	0.0046565774155995	19757	92	19757	0
PflaHELAf	OZ251425.1	6090001	6120000	0.0060231816571341	19757	119	19757	0
PflaKGBDf	OZ251425.1	6090001	6120000	0.0054664169661385	19757	108	19757	0
PflaHELAf	OZ251425.1	6120001	6150000	0.0058965424819083	22386	132	22386	0
PflaHELEm	OZ251425.1	6120001	6150000	0.008130081300813	22386	182	22386	0
PflaKGBDf	OZ251425.1	6120001	6150000	0.0063432502456892	22386	142	22386	0
PflaKGBHm	OZ251425.1	6120001	6150000	0.0032609666756008	22386	73	22386	0
PflaHELEm	OZ251425.1	6150001	6180000	0.00741504615989	20364	151	20364	1
PflaKGBHm	OZ251425.1	6150001	6180000	0.003830100662902	20365	78	20365	0
PflaKGBDf	OZ251425.1	6150001	6180000	0.0018168426221458	20365	37	20365	0
PflaHELAf	OZ251425.1	6150001	6180000	0.0042229315001227	20365	86	20365	0
PflaKGBHm	OZ251425.1	6180001	6210000	0.0047332407264495	19437	92	19437	29
PflaHELEm	OZ251425.1	6180001	6210000	0.0058563649440049	19466	114	19466	0
PflaKGBDf	OZ251425.1	6180001	6210000	0.0030822973389499	19466	60	19466	0
PflaHELAf	OZ251425.1	6180001	6210000	0.0043665878968457	19466	85	19466	0
PflaHELEm	OZ251425.1	6210001	6240000	0.0052330694810905	22740	119	22740	0
PflaHELAf	OZ251425.1	6210001	6240000	0.0035180299032541	22740	80	22740	0
PflaKGBDf	OZ251425.1	6210001	6240000	0.0026824978012313	22740	61	22740	0
PflaKGBHm	OZ251425.1	6210001	6240000	0.0031683168316831	22725	72	22725	15
PflaHELAf	OZ251425.1	6240001	6270000	0.0056009212730318	19104	107	19104	0
PflaKGBDf	OZ251425.1	6240001	6270000	0.0040305695142378	19104	77	19104	0
PflaHELEm	OZ251425.1	6240001	6270000	0.0044493299832495	19104	85	19104	0
PflaKGBHm	OZ251425.1	6240001	6270000	0.0017797319932998	19104	34	19104	0
PflaKGBDf	OZ251425.1	6270001	6300000	0.0059515238780897	20835	124	20835	0
PflaKGBHm	OZ251425.1	6270001	6300000	0.0042716582673386	20835	89	20835	0
PflaHELEm	OZ251425.1	6270001	6300000	0.004655627549796	20835	97	20835	0
PflaHELAf	OZ251425.1	6270001	6300000	0.0048476121910247	20835	101	20835	0
PflaKGBHm	OZ251425.1	6300001	6330000	0.003132744190396	21387	67	21387	0
PflaHELEm	OZ251425.1	6300001	6330000	0.0026184130546593	21387	56	21387	0
PflaKGBDf	OZ251425.1	6300001	6330000	0.0032262589423481	21387	69	21387	0
PflaHELAf	OZ251425.1	6300001	6330000	0.0046289802216299	21387	99	21387	0
PflaKGBHm	OZ251425.1	6330001	6360000	0.0074183976261127	22242	165	22242	0
PflaHELEm	OZ251425.1	6330001	6360000	0.0066091178850822	22242	147	22242	0
PflaKGBDf	OZ251425.1	6330001	6360000	0.0030123190360579	22242	67	22242	0
PflaHELAf	OZ251425.1	6330001	6360000	0.0055300782303749	22242	123	22242	0
PflaKGBDf	OZ251425.1	6360001	6390000	0.0066902062813603	21524	144	21524	0
PflaHELAf	OZ251425.1	6360001	6390000	0.0069225051105742	21524	149	21524	0
PflaKGBHm	OZ251425.1	6360001	6390000	0.0051105742427058	21524	110	21524	0
PflaHELEm	OZ251425.1	6360001	6390000	0.0077123211299015	21524	166	21524	0
PflaHELEm	OZ251425.1	6390001	6420000	0.0068274322727471	22849	156	22849	0
PflaKGBHm	OZ251425.1	6390001	6420000	0.0048142150641165	22849	110	22849	0
PflaHELAf	OZ251425.1	6390001	6420000	0.0047704494726246	22849	109	22849	0
PflaKGBDf	OZ251425.1	6390001	6420000	0.0038076064598013	22849	87	22849	0
PflaHELAf	OZ251425.1	6420001	6450000	0.0063616840228534	24679	157	24679	0
PflaKGBDf	OZ251425.1	6420001	6450000	0.005834920377649	24679	144	24679	0
PflaHELEm	OZ251425.1	6420001	6450000	0.007860934397666	24679	194	24679	0
PflaKGBHm	OZ251425.1	6420001	6450000	0.0066858462660561	24679	165	24679	0
PflaHELAf	OZ251425.1	6450001	6480000	0.007237530519707	22936	166	22936	0
PflaKGBHm	OZ251425.1	6450001	6480000	0.0061911405650505	22936	142	22936	0
PflaHELEm	OZ251425.1	6450001	6480000	0.0102459016393442	22936	235	22936	0
PflaKGBDf	OZ251425.1	6450001	6480000	0.0032263690268573	22936	74	22936	0
PflaKGBHm	OZ251425.1	6480001	6510000	0.0045996962464742	23045	106	23045	0
PflaHELEm	OZ251425.1	6480001	6510000	0.0085918854415274	23045	198	23045	0
PflaKGBDf	OZ251425.1	6480001	6510000	0.0061618572358429	23045	142	23045	0
PflaHELAf	OZ251425.1	6480001	6510000	0.0031243219787372	23045	72	23045	0
PflaHELAf	OZ251425.1	6510001	6540000	0.0055203514364576	25723	142	25723	0
PflaKGBHm	OZ251425.1	6510001	6540000	0.0052870971504101	25723	136	25723	0
PflaHELEm	OZ251425.1	6510001	6540000	0.0054037242934338	25723	139	25723	0
PflaKGBDf	OZ251425.1	6510001	6540000	0.0029156785755938	25723	75	25723	0
PflaKGBHm	OZ251425.1	6540001	6570000	0.0044600842915012	24439	109	24439	0
PflaHELEm	OZ251425.1	6540001	6570000	0.0043782478824829	24439	107	24439	0
PflaKGBDf	OZ251425.1	6540001	6570000	0.0031507017472073	24439	77	24439	0
PflaHELAf	OZ251425.1	6540001	6570000	0.0062604852899054	24439	153	24439	0
PflaHELEm	OZ251425.1	6570001	6600000	0.0085454789494877	22351	191	22351	2
PflaHELAf	OZ251425.1	6570001	6600000	0.0038026215720484	22353	85	22353	0
PflaKGBDf	OZ251425.1	6570001	6600000	0.0059499843421464	22353	133	22353	0
PflaKGBHm	OZ251425.1	6570001	6600000	0.0062631414127857	22353	140	22353	0
PflaHELAf	OZ251425.1	6600001	6630000	0.0054219323277619	24530	133	24530	0
PflaKGBDf	OZ251425.1	6600001	6630000	0.0019160211985324	24530	47	24530	0
PflaHELEm	OZ251425.1	6600001	6630000	0.0064818589482266	24530	159	24530	0
PflaKGBHm	OZ251425.1	6600001	6630000	0.004647370566653	24530	114	24530	0
PflaKGBHm	OZ251425.1	6630001	6660000	0.0016100702576112	27328	44	27328	0
PflaHELEm	OZ251425.1	6630001	6660000	0.0047204332552693	27328	129	27328	0
PflaKGBDf	OZ251425.1	6630001	6660000	0.002561475409836	27328	70	27328	0
PflaHELAf	OZ251425.1	6630001	6660000	0.0044642857142857	27328	122	27328	0
PflaHELAf	OZ251425.1	6660001	6690000	0.0060424067089024	27307	165	27307	0
PflaKGBDf	OZ251425.1	6660001	6690000	0.004247995019592	27307	116	27307	0
PflaHELEm	OZ251425.1	6660001	6690000	0.0086790932727871	27307	237	27307	0
PflaKGBHm	OZ251425.1	6660001	6690000	0.0046508221335188	27307	127	27307	0
PflaHELAf	OZ251425.1	6690001	6720000	0.0052627000695894	22992	121	22992	0
PflaKGBDf	OZ251425.1	6690001	6720000	0.0056541405706332	22992	130	22992	0
PflaHELEm	OZ251425.1	6690001	6720000	0.005741127348643	22992	132	22992	0
PflaKGBHm	OZ251425.1	6690001	6720000	0.0047407794015309	22992	109	22992	0
PflaHELEm	OZ251425.1	6720001	6750000	0.0064707579441948	24263	157	24263	0
PflaKGBHm	OZ251425.1	6720001	6750000	0.0042863619502946	24263	104	24263	0
PflaHELAf	OZ251425.1	6720001	6750000	0.0043687919878003	24263	106	24263	0
PflaKGBDf	OZ251425.1	6720001	6750000	0.0043687919878003	24263	106	24263	0
PflaKGBHm	OZ251425.1	6750001	6780000	0.0039563601486632	25023	99	25023	0
PflaHELEm	OZ251425.1	6750001	6780000	0.0065539703472805	25023	164	25023	0
PflaKGBDf	OZ251425.1	6750001	6780000	0.0024777204971426	25023	62	25023	0
PflaHELAf	OZ251425.1	6750001	6780000	0.0054749630340087	25023	137	25023	0
PflaKGBDf	OZ251425.1	6780001	6810000	0.0043108808290155	24125	104	24125	0
PflaHELAf	OZ251425.1	6780001	6810000	0.0042279792746113	24125	102	24125	0
PflaHELEm	OZ251425.1	6780001	6810000	0.0062176165803108	24125	150	24125	0
PflaKGBHm	OZ251425.1	6780001	6810000	0.0049326424870466	24125	119	24125	0
PflaHELAf	OZ251425.1	6810001	6840000	0.0046579206016836	23401	109	23401	0
PflaKGBDf	OZ251425.1	6810001	6840000	0.0040596555702747	23401	95	23401	0
PflaKGBHm	OZ251425.1	6810001	6840000	0.0018394934976043	23376	43	23376	25
PflaHELEm	OZ251425.1	6810001	6840000	0.0030767915901029	23401	72	23401	0
PflaKGBHm	OZ251425.1	6840001	6870000	0.0038271848490826	25345	97	25345	11
PflaHELEm	OZ251425.1	6840001	6870000	0.0045354156807067	25356	115	25356	0
PflaKGBDf	OZ251425.1	6840001	6870000	0.0053241836251774	25356	135	25356	0
PflaHELAf	OZ251425.1	6840001	6870000	0.0038649629279066	25356	98	25356	0
PflaHELEm	OZ251425.1	6870001	6900000	0.0064072840703115	23723	152	23723	0
PflaKGBHm	OZ251425.1	6870001	6900000	0.002065506048982	23723	49	23723	0
PflaKGBDf	OZ251425.1	6870001	6900000	0.0027824620573355	23720	66	23720	3
PflaHELAf	OZ251425.1	6870001	6900000	0.003330101589175	23723	79	23723	0
PflaHELAf	OZ251425.1	6900001	6930000	0.0057378374010021	24748	142	24748	0
PflaKGBDf	OZ251425.1	6900001	6930000	0.0054215892539245	24716	134	24716	32
PflaHELEm	OZ251425.1	6900001	6930000	0.0084047195732988	24748	208	24748	0
PflaKGBHm	OZ251425.1	6900001	6930000	0.0029497333117827	24748	73	24748	0
PflaKGBHm	OZ251425.1	6930001	6960000	0.0052751890276068	22748	120	22748	0
PflaHELEm	OZ251425.1	6930001	6960000	0.0084403024441709	22748	192	22748	0
PflaHELAf	OZ251425.1	6930001	6960000	0.0046263658794501	22696	105	22696	52
PflaKGBDf	OZ251425.1	6930001	6960000	0.0058027079303675	22748	132	22748	0
PflaHELAf	OZ251425.1	6960001	6990000	0.0059321254483583	21746	129	21746	0
PflaHELEm	OZ251425.1	6960001	6990000	0.0086912535638738	21746	189	21746	0
PflaKGBHm	OZ251425.1	6960001	6990000	0.0020233606180446	21746	44	21746	0
PflaKGBDf	OZ251425.1	6960001	6990000	0.006116067322726	21746	133	21746	0
PflaHELAf	OZ251425.1	6990001	7020000	0.0033286803393106	27939	93	27939	0
PflaKGBDf	OZ251425.1	6990001	7020000	0.0009305988045384	27939	26	27939	0
PflaHELEm	OZ251425.1	6990001	7020000	0.0031855112924585	27939	89	27939	0
PflaKGBHm	OZ251425.1	6990001	7020000	0.0023622892730591	27939	66	27939	0
PflaHELAf	OZ251425.1	7020001	7050000	0.0038114113656286	26237	100	26237	0
PflaKGBDf	OZ251425.1	7020001	7050000	0.0006098258185005	26237	16	26237	0
PflaHELEm	OZ251425.1	7020001	7050000	0.0040400960475664	26237	106	26237	0
PflaKGBHm	OZ251425.1	7020001	7050000	0.0042687807295041	26237	112	26237	0
PflaHELEm	OZ251425.1	7050001	7080000	0.0056313541706035	26459	149	26459	0
PflaKGBHm	OZ251425.1	7050001	7080000	0.0026456026304849	26459	70	26459	0
PflaKGBDf	OZ251425.1	7050001	7080000	0.0036282550360935	26459	96	26459	0
PflaHELAf	OZ251425.1	7050001	7080000	0.0023810423674364	26459	63	26459	0
PflaHELAf	OZ251425.1	7080001	7110000	0.0067086714110874	22061	148	22061	0
PflaKGBDf	OZ251425.1	7080001	7110000	0.0022211141834005	22061	49	22061	0
PflaHELEm	OZ251425.1	7080001	7110000	0.0064979324760303	22007	143	22007	54
PflaKGBHm	OZ251425.1	7080001	7110000	0.0042155840623725	22061	93	22061	0
PflaHELAf	OZ251425.1	7110001	7140000	0.001661322103311	25883	43	25883	0
PflaKGBDf	OZ251425.1	7110001	7140000	0.0039794459683962	25883	103	25883	0
PflaHELEm	OZ251425.1	7110001	7140000	0.0059112158559672	25883	153	25883	0
PflaKGBHm	OZ251425.1	7110001	7140000	0.0042885291504076	25883	111	25883	0
PflaHELAf	OZ251425.1	7140001	7170000	0.005155957047895	23468	121	23468	0
PflaKGBDf	OZ251425.1	7140001	7170000	0.0054968467700698	23468	129	23468	0
PflaHELEm	OZ251425.1	7140001	7170000	0.0071160729504005	23468	167	23468	0
PflaKGBHm	OZ251425.1	7140001	7170000	0.006050792568604	23468	142	23468	0
PflaKGBHm	OZ251425.1	7170001	7200000	0.0040614444265723	24868	101	24868	0
PflaHELEm	OZ251425.1	7170001	7200000	0.0067154576162136	24868	167	24868	0
PflaHELAf	OZ251425.1	7170001	7200000	0.0034984719317999	24868	87	24868	0
PflaKGBDf	OZ251425.1	7170001	7200000	0.0026540131896413	24868	66	24868	0
PflaHELEm	OZ251425.1	7200001	7230000	0.0021893205684812	26949	59	26949	0
PflaKGBHm	OZ251425.1	7200001	7230000	0.0017069279008497	26949	46	26949	0
PflaKGBDf	OZ251425.1	7200001	7230000	0.0021893205684812	26949	59	26949	0
PflaHELAf	OZ251425.1	7200001	7230000	0.0018553564139671	26949	50	26949	0
PflaKGBHm	OZ251425.1	7230001	7260000	0.0001412163434381	21244	3	21244	0
PflaHELEm	OZ251425.1	7230001	7260000	0.0024948220674072	21244	53	21244	0
PflaKGBDf	OZ251425.1	7230001	7260000	0.0007063809748057	21235	15	21235	9
PflaHELAf	OZ251425.1	7230001	7260000	0.0001413960503369	21217	3	21217	27
PflaKGBHm	OZ251425.1	7260001	7290000	0.0002074258452603	24105	5	24105	0
PflaHELEm	OZ251425.1	7260001	7290000	0.0044616795930281	23982	107	23982	123
PflaKGBDf	OZ251425.1	7260001	7290000	0.0065961418792781	24105	159	24105	0
PflaHELAf	OZ251425.1	7260001	7290000	0.0074258452603194	24105	179	24105	0
PflaKGBHm	OZ251425.1	7290001	7320000	0.0021009164342376	27607	58	27607	0
PflaHELEm	OZ251425.1	7290001	7320000	0.0056145180570145	27607	155	27607	0
PflaHELAf	OZ251425.1	7290001	7320000	0.0007244539428405	27607	20	27607	0
PflaKGBDf	OZ251425.1	7290001	7320000	0.0059042996341507	27607	163	27607	0
PflaKGBHm	OZ251425.1	7320001	7350000	0.0066874538442602	24374	163	24374	0
PflaHELEm	OZ251425.1	7320001	7350000	0.006810535816854	24374	166	24374	0
PflaKGBDf	OZ251425.1	7320001	7350000	0.002420612127677	24374	59	24374	0
PflaHELAf	OZ251425.1	7320001	7350000	0.0034462952326249	24374	84	24374	0
PflaKGBDf	OZ251425.1	7350001	7380000	0.0001041305102395	28810	3	28810	0
PflaHELEm	OZ251425.1	7350001	7380000	0.0010065949323151	28810	29	28810	0
PflaHELAf	OZ251425.1	7350001	7380000	0.000624783061437	28810	18	28810	0
PflaKGBHm	OZ251425.1	7350001	7380000	0.0030892051371051	28810	89	28810	0
PflaHELAf	OZ251425.1	7380001	7410000	0.0016900395541172	27810	47	27810	0
PflaKGBDf	OZ251425.1	7380001	7410000	0.0005034160373966	27810	14	27810	0
PflaHELEm	OZ251425.1	7380001	7410000	0.0039913700107874	27810	111	27810	0
PflaKGBHm	OZ251425.1	7380001	7410000	0.0038115785688601	27810	106	27810	0
PflaKGBDf	OZ251425.1	7410001	7440000	0.0008917106577257	28036	25	28036	0
PflaKGBHm	OZ251425.1	7410001	7440000	0.0005350263946354	28036	15	28036	0
PflaHELEm	OZ251425.1	7410001	7440000	0.0055642745042088	28036	156	28036	0
PflaHELAf	OZ251425.1	7410001	7440000	0.001248394920816	28036	35	28036	0
PflaKGBHm	OZ251425.1	7440001	7470000	0.0068514321038532	19412	133	19412	10
PflaHELEm	OZ251425.1	7440001	7470000	0.0095410005157297	19390	185	19390	32
PflaHELAf	OZ251425.1	7440001	7470000	0.0021110081351045	19422	41	19422	0
PflaKGBDf	OZ251425.1	7440001	7470000	0.0037071362372567	19422	72	19422	0
PflaKGBHm	OZ251425.1	7470001	7500000	0.0054094606333412	25326	137	25326	0
PflaHELAf	OZ251425.1	7470001	7500000	0.0006317618257916	25326	16	25326	0
PflaKGBDf	OZ251425.1	7470001	7500000	0.0015794045644791	25326	40	25326	0
PflaHELEm	OZ251425.1	7470001	7500000	0.0050935797204453	25326	129	25326	0
PflaHELAf	OZ251425.1	7500001	7530000	0.0056342029259978	21121	119	21121	0
PflaKGBDf	OZ251425.1	7500001	7530000	0.0050660480090904	21121	107	21121	0
PflaHELEm	OZ251425.1	7500001	7530000	0.0061076653567539	21121	129	21121	0
PflaKGBHm	OZ251425.1	7500001	7530000	0.0027069383103006	21057	57	21057	64
PflaKGBHm	OZ251425.1	7530001	7560000	0.0036469730123997	23307	85	23307	0
PflaHELEm	OZ251425.1	7530001	7560000	0.0067361736817265	23307	157	23307	0
PflaKGBDf	OZ251425.1	7530001	7560000	0.0039044064015102	23307	91	23307	0
PflaHELAf	OZ251425.1	7530001	7560000	0.0038185952718067	23307	89	23307	0
PflaHELEm	OZ251425.1	7560001	7590000	0.0058381317978246	25008	146	25008	0
PflaKGBHm	OZ251425.1	7560001	7590000	0.0005998080614203	25008	15	25008	0
PflaKGBDf	OZ251425.1	7560001	7590000	0.0016394753678822	25008	41	25008	0
PflaHELAf	OZ251425.1	7560001	7590000	0.0054382597568777	25008	136	25008	0
PflaHELAf	OZ251425.1	7590001	7620000	0.0052981456490228	20007	106	20007	43
PflaKGBDf	OZ251425.1	7590001	7620000	0.0033925364198762	20044	68	20044	6
PflaHELEm	OZ251425.1	7590001	7620000	0.0062344139650872	20050	125	20050	0
PflaKGBHm	OZ251425.1	7590001	7620000	0.0029426433915211	20050	59	20050	0
PflaKGBDf	OZ251425.1	7620001	7650000	0.0021790448520065	22028	48	22028	8
PflaHELAf	OZ251425.1	7620001	7650000	0.0004084225812307	22036	9	22036	0
PflaKGBHm	OZ251425.1	7620001	7650000	0.0014067888909057	22036	31	22036	0
PflaHELEm	OZ251425.1	7620001	7650000	0.0078961699037937	22036	174	22036	0
PflaHELAf	OZ251425.1	7650001	7680000	0.0013992087233426	20726	29	20726	2
PflaKGBDf	OZ251425.1	7650001	7680000	0.0046796603627942	20728	97	20728	0
PflaHELEm	OZ251425.1	7650001	7680000	0.0049691238903898	20728	103	20728	0
PflaKGBHm	OZ251425.1	7650001	7680000	0.0027499035121574	20728	57	20728	0
PflaHELAf	OZ251425.1	7680001	7710000	0.0050170220390611	22324	112	22324	0
PflaKGBDf	OZ251425.1	7680001	7710000	0.0030012542555097	22324	67	22324	0
PflaHELEm	OZ251425.1	7680001	7710000	0.0068536104640745	22324	153	22324	0
PflaKGBHm	OZ251425.1	7680001	7710000	0.0055555555555555	22320	124	22320	4
PflaHELAf	OZ251425.1	7710001	7740000	0.0050908202329559	24554	125	24554	0
PflaKGBDf	OZ251425.1	7710001	7740000	0.0041948358719556	24554	103	24554	0
PflaHELEm	OZ251425.1	7710001	7740000	0.0065162498981835	24554	160	24554	0
PflaKGBHm	OZ251425.1	7710001	7740000	0.001954874969455	24554	48	24554	0
PflaKGBHm	OZ251425.1	7740001	7770000	0.0046357072530357	24376	113	24376	0
PflaHELAf	OZ251425.1	7740001	7770000	0.0030357728913685	24376	74	24376	0
PflaKGBDf	OZ251425.1	7740001	7770000	0.0038152280932064	24376	93	24376	0
PflaHELEm	OZ251425.1	7740001	7770000	0.0070561207745323	24376	172	24376	0
PflaKGBHm	OZ251425.1	7770001	7800000	0.0050684456766591	23084	117	23084	0
PflaHELEm	OZ251425.1	7770001	7800000	0.0079275688788771	23084	183	23084	0
PflaKGBDf	OZ251425.1	7770001	7800000	0.0047652053370299	23084	110	23084	0
PflaHELAf	OZ251425.1	7770001	7800000	0.0053716860162883	23084	124	23084	0
PflaKGBDf	OZ251425.1	7800001	7830000	0.0024353837693455	25458	62	25458	0
PflaHELEm	OZ251425.1	7800001	7830000	0.0056170948228454	25458	143	25458	0
PflaHELAf	OZ251425.1	7800001	7830000	0.0032995522036295	25458	84	25458	0
PflaKGBHm	OZ251425.1	7800001	7830000	0.0031424306701233	25458	80	25458	0
PflaHELEm	OZ251425.1	7830001	7860000	0.0082789979409746	23312	193	23312	0
PflaKGBDf	OZ251425.1	7830001	7860000	0.0072923816060398	23312	170	23312	0
PflaHELAf	OZ251425.1	7830001	7860000	0.0065631434454358	23312	153	23312	0
PflaKGBHm	OZ251425.1	7830001	7860000	0.0037748798901853	23312	88	23312	0
PflaHELAf	OZ251425.1	7860001	7890000	0.0017368649587494	25333	44	25333	0
PflaKGBDf	OZ251425.1	7860001	7890000	0.0021316069948288	25333	54	25333	0
PflaKGBHm	OZ251425.1	7860001	7890000	0.0022500296056527	25333	57	25333	0
PflaHELEm	OZ251425.1	7860001	7890000	0.0057237595231516	25333	145	25333	0
PflaHELAf	OZ251425.1	7890001	7920000	0.0028356727633631	28212	80	28212	0
PflaHELEm	OZ251425.1	7890001	7920000	0.0048915355168013	28212	138	28212	0
PflaKGBHm	OZ251425.1	7890001	7920000	0.0024812136679427	28212	70	28212	0
PflaKGBDf	OZ251425.1	7890001	7920000	0.0024457677584006	28212	69	28212	0
PflaHELAf	OZ251425.1	7920001	7950000	0.0004210526315789	26125	11	26125	0
PflaKGBDf	OZ251425.1	7920001	7950000	0.002066985645933	26125	54	26125	0
PflaHELEm	OZ251425.1	7920001	7950000	0.0045167464114832	26125	118	26125	0
PflaKGBHm	OZ251425.1	7920001	7950000	0.0043636363636363	26125	114	26125	0
PflaHELAf	OZ251425.1	7950001	7980000	0.003237973242243	28104	91	28104	0
PflaKGBDf	OZ251425.1	7950001	7980000	0.0004625676060347	28104	13	28104	0
PflaHELEm	OZ251425.1	7950001	7980000	0.0035937944776544	28104	101	28104	0
PflaKGBHm	OZ251425.1	7950001	7980000	0.0023128380301736	28104	65	28104	0
PflaKGBHm	OZ251425.1	7980001	8010000	0.004721047662055	24359	115	24359	0
PflaHELEm	OZ251425.1	7980001	8010000	0.0057884149595632	24359	141	24359	0
PflaKGBDf	OZ251425.1	7980001	8010000	0.0041052588365696	24359	100	24359	0
PflaHELAf	OZ251425.1	7980001	8010000	0.0044336795434952	24359	108	24359	0
PflaKGBHm	OZ251425.1	8010001	8040000	0.0028125890059812	28088	79	28088	0
PflaHELEm	OZ251425.1	8010001	8040000	0.0038450583879236	28088	108	28088	0
PflaKGBDf	OZ251425.1	8010001	8040000	0.0027057818285388	28088	76	28088	0
PflaHELAf	OZ251425.1	8010001	8040000	0.003631444033039	28088	102	28088	0
PflaHELAf	OZ251425.1	8040001	8070000	0.0026445442689465	27604	73	27604	0
PflaKGBHm	OZ251425.1	8040001	8070000	0.0011592522822779	27604	32	27604	0
PflaHELEm	OZ251425.1	8040001	8070000	0.0015939718881321	27604	44	27604	0
PflaKGBDf	OZ251425.1	8040001	8070000	0.0027894508042312	27604	77	27604	0
PflaHELEm	OZ251425.1	8070001	8100000	0.0019588975187298	29098	57	29098	0
PflaKGBDf	OZ251425.1	8070001	8100000	0.0005498659701697	29098	16	29098	0
PflaHELAf	OZ251425.1	8070001	8100000	0.0016152312873737	29098	47	29098	0
PflaKGBHm	OZ251425.1	8070001	8100000	0.0012371984328819	29098	36	29098	0
PflaHELEm	OZ251425.1	8100001	8130000	0.0045046668348408	27749	125	27749	0
PflaKGBDf	OZ251425.1	8100001	8130000	0.0003603733467872	27749	10	27749	0
PflaHELAf	OZ251425.1	8100001	8130000	0.0015856427258639	27749	44	27749	0
PflaKGBHm	OZ251425.1	8100001	8130000	0.0024505387581534	27749	68	27749	0
PflaHELAf	OZ251425.1	8130001	8160000	0.0035969861042747	26411	95	26411	0
PflaKGBDf	OZ251425.1	8130001	8160000	0.0003407671046155	26411	9	26411	0
PflaHELEm	OZ251425.1	8130001	8160000	0.0056415887319677	26411	149	26411	0
PflaKGBHm	OZ251425.1	8130001	8160000	0.0022717806974366	26411	60	26411	0
PflaHELAf	OZ251425.1	8160001	8190000	0.0041593939168863	26927	112	26927	0
PflaKGBHm	OZ251425.1	8160001	8190000	0.0029709956549188	26927	80	26927	0
PflaHELEm	OZ251425.1	8160001	8190000	0.0053849296245404	26927	145	26927	0
PflaKGBDf	OZ251425.1	8160001	8190000	0.0025996211980539	26927	70	26927	0
PflaKGBHm	OZ251425.1	8190001	8220000	0.0031853031593762	26999	86	26999	0
PflaHELEm	OZ251425.1	8190001	8220000	0.0054816845068335	26999	148	26999	0
PflaKGBDf	OZ251425.1	8190001	8220000	0.0031482647505463	26999	85	26999	0
PflaHELAf	OZ251425.1	8190001	8220000	0.0035186488388458	26999	95	26999	0
PflaHELEm	OZ251425.1	8220001	8250000	0.0046995636119503	26811	126	26811	0
PflaKGBDf	OZ251425.1	8220001	8250000	0.0033195330274887	26811	89	26811	0
PflaHELAf	OZ251425.1	8220001	8250000	0.002946551788445	26811	79	26811	0
PflaKGBHm	OZ251425.1	8220001	8250000	0.0039163030099585	26811	105	26811	0
PflaHELAf	OZ251425.1	8250001	8280000	0.0012191067272525	27069	33	27069	0
PflaHELEm	OZ251425.1	8250001	8280000	0.0018471314049281	27069	50	27069	0
PflaKGBDf	OZ251425.1	8250001	8280000	0.0004802541652813	27069	13	27069	0
PflaKGBHm	OZ251425.1	8250001	8280000	0.0017363035206324	27069	47	27069	0
PflaKGBHm	OZ251425.1	8280001	8310000	0.0056224320622792	27746	156	27746	15
PflaKGBDf	OZ251425.1	8280001	8310000	0.0034220669284247	27761	95	27761	0
PflaHELEm	OZ251425.1	8280001	8310000	0.0057274593854688	27761	159	27761	0
PflaHELAf	OZ251425.1	8280001	8310000	0.0032059363855768	27761	89	27761	0
PflaHELAf	OZ251425.1	8310001	8340000	0.0072308745507444	23372	169	23372	0
PflaHELEm	OZ251425.1	8310001	8340000	0.0100119801471846	23372	234	23372	0
PflaKGBHm	OZ251425.1	8310001	8340000	0.0052199212733185	23372	122	23372	0
PflaKGBDf	OZ251425.1	8310001	8340000	0.0063751497518398	23372	149	23372	0
PflaHELAf	OZ251425.1	8340001	8370000	0.004977943259541	24709	123	24709	136
PflaKGBDf	OZ251425.1	8340001	8370000	0.0051921915878446	24845	129	24845	0
PflaHELEm	OZ251425.1	8340001	8370000	0.0073656671362447	24845	183	24845	0
PflaKGBHm	OZ251425.1	8340001	8370000	0.004994361205091	24828	124	24828	17
PflaHELEm	OZ251425.1	8370001	8400000	0.0064746595222147	22395	145	22395	0
PflaKGBHm	OZ251425.1	8370001	8400000	0.0061620897521768	22395	138	22395	0
PflaKGBDf	OZ251425.1	8370001	8400000	0.003616878767582	22395	81	22395	0
PflaHELAf	OZ251425.1	8370001	8400000	0.0053583389149363	22395	120	22395	0
PflaKGBHm	OZ251425.1	8400001	8430000	0.0037248852434344	26578	99	26578	0
PflaKGBDf	OZ251425.1	8400001	8430000	0.0042140115885318	26578	112	26578	0
PflaHELAf	OZ251425.1	8400001	8430000	0.0059447663481074	26578	158	26578	0
PflaHELEm	OZ251425.1	8400001	8430000	0.0073368951764617	26578	195	26578	0
PflaHELAf	OZ251425.1	8430001	8460000	0.0042333019755409	25512	108	25512	76
PflaKGBHm	OZ251425.1	8430001	8460000	0.0013287478505549	25588	34	25588	0
PflaHELEm	OZ251425.1	8430001	8460000	0.0044552133812724	25588	114	25588	0
PflaKGBDf	OZ251425.1	8430001	8460000	0.0034781929029232	25588	89	25588	0
PflaKGBHm	OZ251425.1	8460001	8490000	0.0056526883133955	22821	129	22821	0
PflaHELEm	OZ251425.1	8460001	8490000	0.0060470619166557	22821	138	22821	0
PflaKGBDf	OZ251425.1	8460001	8490000	0.0032426274045834	22821	74	22821	0
PflaHELAf	OZ251425.1	8460001	8490000	0.005126856842382	22821	117	22821	0
PflaKGBHm	OZ251425.1	8490001	8520000	0.0049491706795077	22428	111	22428	0
PflaHELEm	OZ251425.1	8490001	8520000	0.0060192616372391	22428	135	22428	0
PflaKGBDf	OZ251425.1	8490001	8520000	0.0043249509541644	22428	97	22428	0
PflaHELAf	OZ251425.1	8490001	8520000	0.0050829320492241	22428	114	22428	0
PflaHELEm	OZ251425.1	8520001	8550000	0.0053719008264462	24200	130	24200	0
PflaKGBDf	OZ251425.1	8520001	8550000	0.0038842975206611	24200	94	24200	0
PflaHELAf	OZ251425.1	8520001	8550000	0.0055785123966942	24200	135	24200	0
PflaKGBHm	OZ251425.1	8520001	8550000	0.0050413223140495	24200	122	24200	0
PflaKGBDf	OZ251425.1	8550001	8580000	0.0052518801731019	23801	125	23801	0
PflaHELEm	OZ251425.1	8550001	8580000	0.0063442712491071	23801	151	23801	0
PflaHELAf	OZ251425.1	8550001	8580000	0.0029830679383219	23801	71	23801	0
PflaKGBHm	OZ251425.1	8550001	8580000	0.0039914289315574	23801	95	23801	0
PflaKGBHm	OZ251425.1	8580001	8610000	0.0051550677641972	24054	124	24054	0
PflaHELAf	OZ251425.1	8580001	8610000	0.0059033840525484	24054	142	24054	0
PflaKGBDf	OZ251425.1	8580001	8610000	0.0060281034339403	24054	145	24054	0
PflaHELEm	OZ251425.1	8580001	8610000	0.0072752972478589	24054	175	24054	0
PflaHELEm	OZ251425.1	8610001	8640000	0.0090863411774558	23882	217	23882	0
PflaKGBHm	OZ251425.1	8610001	8640000	0.0070764592580185	23882	169	23882	0
PflaKGBDf	OZ251425.1	8610001	8640000	0.0067833514781006	23882	162	23882	0
PflaHELAf	OZ251425.1	8610001	8640000	0.0060715182982999	23882	145	23882	0
PflaHELAf	OZ251425.1	8640001	8670000	0.0063333782509095	22263	141	22263	0
PflaKGBDf	OZ251425.1	8640001	8670000	0.0070969770471185	22263	158	22263	0
PflaHELEm	OZ251425.1	8640001	8670000	0.0094326910119929	22263	210	22263	0
PflaKGBHm	OZ251425.1	8640001	8670000	0.0035133552542678	22201	78	22201	62
PflaHELAf	OZ251425.1	8670001	8700000	0.0025127732640924	23878	60	23878	0
PflaKGBDf	OZ251425.1	8670001	8700000	0.0022196163832816	23878	53	23878	0
PflaHELEm	OZ251425.1	8670001	8700000	0.0055281011810034	23878	132	23878	0
PflaKGBHm	OZ251425.1	8670001	8700000	0.0036016416785325	23878	86	23878	0
PflaHELEm	OZ251425.1	8700001	8730000	0.0047070722788454	25706	121	25706	0
PflaKGBHm	OZ251425.1	8700001	8730000	7.780284758422158e-05	25706	2	25706	0
PflaKGBDf	OZ251425.1	8700001	8730000	7.780284758422158e-05	25706	2	25706	0
PflaHELAf	OZ251425.1	8700001	8730000	0.0002334085427526	25706	6	25706	0
PflaKGBDf	OZ251425.1	8730001	8760000	0.0019615856150388	24470	48	24470	0
PflaHELEm	OZ251425.1	8730001	8760000	0.0061708214139762	24470	151	24470	0
PflaKGBHm	OZ251425.1	8730001	8760000	0.0022476501838986	24470	55	24470	0
PflaHELAf	OZ251425.1	8730001	8760000	0.0012259910093992	24470	30	24470	0
PflaKGBDf	OZ251425.1	8760001	8790000	0.0032227098189797	29168	94	29168	0
PflaHELEm	OZ251425.1	8760001	8790000	0.0052454744925946	29168	153	29168	0
PflaKGBHm	OZ251425.1	8760001	8790000	0.0032569939659901	29168	95	29168	0
PflaHELAf	OZ251425.1	8760001	8790000	0.0023656061437191	29168	69	29168	0
PflaKGBDf	OZ251425.1	8790001	8820000	0.0031470103401768	26692	84	26692	0
PflaHELEm	OZ251425.1	8790001	8820000	0.004945301963135	26692	132	26692	0
PflaKGBHm	OZ251425.1	8790001	8820000	0.0034841900194814	26692	93	26692	0
PflaHELAf	OZ251425.1	8790001	8820000	0.0023602577551326	26692	63	26692	0
PflaHELAf	OZ251425.1	8820001	8850000	0.0027798441721154	25541	71	25541	0
PflaKGBDf	OZ251425.1	8820001	8850000	0.005872910222779	25541	150	25541	0
PflaHELEm	OZ251425.1	8820001	8850000	0.0062252848361458	25541	159	25541	0
PflaKGBHm	OZ251425.1	8820001	8850000	0.0049723973219529	25541	127	25541	0
PflaKGBHm	OZ251425.1	8850001	8880000	0.0009933625321714	22147	22	22147	0
PflaHELEm	OZ251425.1	8850001	8880000	0.0047410484489998	22147	105	22147	0
PflaKGBDf	OZ251425.1	8850001	8880000	0.0038831444439427	22147	86	22147	0
PflaHELAf	OZ251425.1	8850001	8880000	0.0009933625321714	22147	22	22147	0
PflaKGBDf	OZ251425.1	8880001	8910000	0.004988700805867	23453	117	23453	0
PflaHELEm	OZ251425.1	8880001	8910000	0.0086129706220952	23453	202	23453	0
PflaKGBHm	OZ251425.1	8880001	8910000	0.0049460623374408	23453	116	23453	0
PflaHELAf	OZ251425.1	8880001	8910000	0.0056282778322602	23453	132	23453	0
PflaHELAf	OZ251425.1	8910001	8940000	0.0058022590128423	25852	150	25852	0
PflaKGBDf	OZ251425.1	8910001	8940000	0.0037908092217236	25852	98	25852	0
PflaHELEm	OZ251425.1	8910001	8940000	0.0035587188612099	25852	92	25852	0
PflaKGBHm	OZ251425.1	8910001	8940000	0.0014312238898344	25852	37	25852	0
PflaHELAf	OZ251425.1	8940001	8970000	0.005476879743369	25562	140	25562	0
PflaKGBDf	OZ251425.1	8940001	8970000	0.0005476879743369	25562	14	25562	0
PflaHELEm	OZ251425.1	8940001	8970000	0.0039902980987403	25562	102	25562	0
PflaKGBHm	OZ251425.1	8940001	8970000	7.824113919098662e-05	25562	2	25562	0
PflaHELAf	OZ251425.1	8970001	9000000	0.0038833443361422	25751	100	25751	0
PflaKGBDf	OZ251425.1	8970001	9000000	0.0026795075919381	25751	69	25751	0
PflaHELEm	OZ251425.1	8970001	9000000	0.0049706807502621	25751	128	25751	0
PflaKGBHm	OZ251425.1	8970001	9000000	0.0040775115529494	25751	105	25751	0
PflaKGBHm	OZ251425.1	9000001	9030000	0.0027118903021274	26181	71	26181	0
PflaHELEm	OZ251425.1	9000001	9030000	0.0071043886788128	26181	186	26181	0
PflaKGBDf	OZ251425.1	9000001	9030000	0.0061494977273595	26181	161	26181	0
PflaHELAf	OZ251425.1	9000001	9030000	0.0065314541079408	26181	171	26181	0
PflaKGBDf	OZ251425.1	9030001	9060000	0.0060691318327974	24880	151	24880	0
PflaHELAf	OZ251425.1	9030001	9060000	0.0037781350482315	24880	94	24880	0
PflaHELEm	OZ251425.1	9030001	9060000	0.0081993569131832	24880	204	24880	0
PflaKGBHm	OZ251425.1	9030001	9060000	0.0044212218649517	24880	110	24880	0
PflaKGBHm	OZ251425.1	9060001	9090000	0.0054075795495173	22376	121	22376	0
PflaHELEm	OZ251425.1	9060001	9090000	0.0074186628530568	22376	166	22376	0
PflaHELAf	OZ251425.1	9060001	9090000	0.0054075795495173	22376	121	22376	0
PflaKGBDf	OZ251425.1	9060001	9090000	0.0058544869503038	22376	131	22376	0
PflaHELEm	OZ251425.1	9090001	9120000	0.0048065368901706	24966	120	24966	0
PflaKGBDf	OZ251425.1	9090001	9120000	0.0034847392453737	24966	87	24966	0
PflaHELAf	OZ251425.1	9090001	9120000	0.0012817431707121	24966	32	24966	0
PflaKGBHm	OZ251425.1	9090001	9120000	0.0005607626371865	24966	14	24966	0
PflaHELAf	OZ251425.1	9120001	9150000	0.0058137085562623	23737	138	23737	0
PflaKGBDf	OZ251425.1	9120001	9150000	0.0041285756414037	23737	98	23737	0
PflaHELEm	OZ251425.1	9120001	9150000	0.0061520310129782	23732	146	23732	5
PflaKGBHm	OZ251425.1	9120001	9150000	0.0040021906727893	23737	95	23737	0
PflaHELAf	OZ251425.1	9150001	9180000	0.0049847963710682	20061	100	20061	0
PflaKGBHm	OZ251425.1	9150001	9180000	0.0031404217137729	20061	63	20061	0
PflaHELEm	OZ251425.1	9150001	9180000	0.0103185284881112	20061	207	20061	0
PflaKGBDf	OZ251425.1	9150001	9180000	0.0040875330242759	20061	82	20061	0
PflaKGBHm	OZ251425.1	9180001	9210000	0.0065599580162686	22866	150	22866	0
PflaHELEm	OZ251425.1	9180001	9210000	0.0069535554972448	22866	159	22866	0
PflaKGBDf	OZ251425.1	9180001	9210000	0.0029738476340418	22866	68	22866	0
PflaHELAf	OZ251425.1	9180001	9210000	0.0044170383976209	22866	101	22866	0
PflaHELEm	OZ251425.1	9210001	9240000	0.0063436563436563	20020	127	20020	11
PflaHELAf	OZ251425.1	9210001	9240000	0.0028955119564674	20031	58	20031	0
PflaKGBDf	OZ251425.1	9210001	9240000	0.0043432679347012	20031	87	20031	0
PflaKGBHm	OZ251425.1	9210001	9240000	0.0010483750187209	20031	21	20031	0
PflaHELAf	OZ251425.1	9240001	9270000	0.0039494470774091	17724	70	17724	0
PflaKGBDf	OZ251425.1	9240001	9270000	0.0056420672534416	17724	100	17724	0
PflaHELEm	OZ251425.1	9240001	9270000	0.0042315504400812	17724	75	17724	0
PflaKGBHm	OZ251425.1	9240001	9270000	0.0012976754682915	17724	23	17724	0
PflaHELAf	OZ251425.1	9270001	9300000	0.0021901571759855	23286	51	23286	0
PflaKGBHm	OZ251425.1	9270001	9300000	0.0023619342093962	23286	55	23286	0
PflaHELEm	OZ251425.1	9270001	9300000	0.0058404191359615	23286	136	23286	0
PflaKGBDf	OZ251425.1	9270001	9300000	0.005024478227261	23286	117	23286	0
PflaKGBHm	OZ251425.1	9300001	9330000	0.0057639443114303	22554	130	22554	0
PflaHELAf	OZ251425.1	9300001	9330000	0.0028376341225503	22554	64	22554	0
PflaKGBDf	OZ251425.1	9300001	9330000	0.0040347610180012	22554	91	22554	0
PflaHELEm	OZ251425.1	9300001	9330000	0.0082912122018267	22554	187	22554	0
PflaKGBHm	OZ251425.1	9330001	9360000	0.0067926558611877	14869	101	14869	0
PflaHELEm	OZ251425.1	9330001	9360000	0.0074651960454637	14869	111	14869	0
PflaHELAf	OZ251425.1	9330001	9360000	0.0022866366265384	14869	34	14869	0
PflaKGBDf	OZ251425.1	9330001	9360000	0.0067254018427601	14869	100	14869	0
PflaKGBDf	OZ251425.1	9360001	9390000	0.003467041165628	22786	79	22786	0
PflaKGBHm	OZ251425.1	9360001	9390000	0.0021943298516633	22786	50	22786	0
PflaHELEm	OZ251425.1	9360001	9390000	0.0067585359431229	22786	154	22786	0
PflaHELAf	OZ251425.1	9360001	9390000	0.0031598349863951	22786	72	22786	0
PflaHELEm	OZ251425.1	9390001	9420000	0.0084720570749108	20184	171	20184	0
PflaKGBDf	OZ251425.1	9390001	9420000	0.0020808561236623	20184	42	20184	0
PflaHELAf	OZ251425.1	9390001	9420000	0.0029231074118113	20184	59	20184	0
PflaKGBHm	OZ251425.1	9390001	9420000	0.0040626238604835	20184	82	20184	0
PflaHELAf	OZ251425.1	9420001	9450000	0.0044850860004354	22965	103	22965	0
PflaKGBDf	OZ251425.1	9420001	9450000	0.0045721750489875	22965	105	22965	0
PflaHELEm	OZ251425.1	9420001	9450000	0.006662312214239	22965	153	22965	0
PflaKGBHm	OZ251425.1	9420001	9450000	0.004618535140081	22951	106	22951	14
PflaHELAf	OZ251425.1	9450001	9480000	0.0067098475739828	25783	173	25783	0
PflaKGBDf	OZ251425.1	9450001	9480000	0.0049645114998254	25783	128	25783	0
PflaHELEm	OZ251425.1	9450001	9480000	0.0097738820152813	25783	252	25783	0
PflaKGBHm	OZ251425.1	9450001	9480000	0.0072140557731838	25783	186	25783	0
PflaHELEm	OZ251425.1	9480001	9510000	0.00614788613778	23748	146	23748	0
PflaKGBHm	OZ251425.1	9480001	9510000	0.0038319016338217	23748	91	23748	0
PflaHELAf	OZ251425.1	9480001	9510000	0.004084554488799	23748	97	23748	0
PflaKGBDf	OZ251425.1	9480001	9510000	0.0039582280613104	23748	94	23748	0
PflaHELAf	OZ251425.1	9510001	9540000	0.0041418983700862	26075	108	26075	1
PflaKGBDf	OZ251425.1	9510001	9540000	0.0055223193741371	26076	144	26076	0
PflaHELEm	OZ251425.1	9510001	9540000	0.0081684307409111	26076	213	26076	0
PflaKGBHm	OZ251425.1	9510001	9540000	0.0045635833716827	26076	119	26076	0
PflaHELAf	OZ251425.1	9540001	9570000	0.0032567779046652	23643	77	23643	0
PflaKGBDf	OZ251425.1	9540001	9570000	0.0051600896671319	23643	122	23643	0
PflaHELEm	OZ251425.1	9540001	9570000	0.0071056972465423	23643	168	23643	0
PflaKGBHm	OZ251425.1	9540001	9570000	0.0061751892737808	23643	146	23643	0
PflaKGBHm	OZ251425.1	9570001	9600000	0.0014170209218971	23994	34	23994	0
PflaHELEm	OZ251425.1	9570001	9600000	0.0066683337501041	23994	160	23994	0
PflaHELAf	OZ251425.1	9570001	9600000	0.0055013753438359	23994	132	23994	0
PflaKGBDf	OZ251425.1	9570001	9600000	0.0027506876719179	23994	66	23994	0
PflaKGBDf	OZ251425.1	9600001	9630000	0.000614344954692	26044	16	26044	0
PflaKGBHm	OZ251425.1	9600001	9630000	0.0035324834894793	26044	92	26044	0
PflaHELEm	OZ251425.1	9600001	9630000	0.0064890185839348	26044	169	26044	0
PflaHELAf	OZ251425.1	9600001	9630000	0.0033788972508063	26044	88	26044	0
PflaHELEm	OZ251425.1	9630001	9660000	0.0068817204301075	23250	160	23250	0
PflaKGBDf	OZ251425.1	9630001	9660000	0.0040430107526881	23250	94	23250	0
PflaHELAf	OZ251425.1	9630001	9660000	0.0045591397849462	23250	106	23250	0
PflaKGBHm	OZ251425.1	9630001	9660000	0.0035268817204301	23250	82	23250	0
PflaKGBHm	OZ251425.1	9660001	9690000	0.0037740760020822	23052	87	23052	0
PflaKGBDf	OZ251425.1	9660001	9690000	0.0040343571056741	23052	93	23052	0
PflaHELAf	OZ251425.1	9660001	9690000	0.0039909769217421	23052	92	23052	0
PflaHELEm	OZ251425.1	9660001	9690000	0.0069408294291167	23052	160	23052	0
PflaKGBHm	OZ251425.1	9690001	9720000	0.004272773884806	23404	100	23404	0
PflaHELEm	OZ251425.1	9690001	9720000	0.0060246111775764	23404	141	23404	0
PflaHELAf	OZ251425.1	9690001	9720000	0.0042738695615009	23398	100	23398	6
PflaKGBDf	OZ251425.1	9690001	9720000	0.0040164074517176	23404	94	23404	0
PflaKGBDf	OZ251425.1	9720001	9750000	0.006318358098392	22949	145	22949	160
PflaHELEm	OZ251425.1	9720001	9750000	0.0096066467610022	23109	222	23109	0
PflaKGBHm	OZ251425.1	9720001	9750000	0.0048898697477173	23109	113	23109	0
PflaHELAf	OZ251425.1	9720001	9750000	0.0059284261543121	23109	137	23109	0
PflaHELAf	OZ251425.1	9750001	9780000	0.005970377741207	26129	156	26129	0
PflaKGBDf	OZ251425.1	9750001	9780000	0.0039037085230969	26129	102	26129	0
PflaHELEm	OZ251425.1	9750001	9780000	0.0044012400015308	26129	115	26129	0
PflaKGBHm	OZ251425.1	9750001	9780000	0.0061617360021432	26129	161	26129	0
PflaKGBDf	OZ251425.1	9780001	9810000	0.0010322785563981	25187	26	25187	0
PflaHELEm	OZ251425.1	9780001	9810000	0.0025841847890907	25153	65	25153	34
PflaHELAf	OZ251425.1	9780001	9810000	0.0046849565251915	25187	118	25187	0
PflaKGBHm	OZ251425.1	9780001	9810000	0.0048834716321912	25187	123	25187	0
PflaKGBHm	OZ251425.1	9810001	9840000	0.0037826405271292	24586	93	24586	0
PflaHELEm	OZ251425.1	9810001	9840000	0.0042300496217359	24586	104	24586	0
PflaKGBDf	OZ251425.1	9810001	9840000	0.0019523305946473	24586	48	24586	0
PflaHELAf	OZ251425.1	9810001	9840000	0.0046367851622874	24586	114	24586	0
PflaKGBDf	OZ251425.1	9840001	9870000	0.0026885890078072	19341	52	19341	0
PflaHELAf	OZ251425.1	9840001	9870000	0.0026368853730417	19341	51	19341	0
PflaKGBHm	OZ251425.1	9840001	9870000	0.0043948089550695	19341	85	19341	0
PflaHELEm	OZ251425.1	9840001	9870000	0.0037226617031177	19341	72	19341	0
PflaHELAf	OZ251425.1	9870001	9900000	0.0032056174629827	19653	63	19653	0
PflaHELEm	OZ251425.1	9870001	9900000	0.0046303363354195	19653	91	19653	0
PflaKGBDf	OZ251425.1	9870001	9900000	0.0003052969012364	19653	6	19653	0
PflaKGBHm	OZ251425.1	9870001	9900000	0.00315473464611	19653	62	19653	0
PflaKGBHm	OZ251425.1	9900001	9930000	0.0013419913419913	23100	31	23100	0
PflaHELEm	OZ251425.1	9900001	9930000	0.0026839826839826	23100	62	23100	0
PflaKGBDf	OZ251425.1	9900001	9930000	0.0003896103896103	23100	9	23100	0
PflaHELAf	OZ251425.1	9900001	9930000	0.0021212121212121	23100	49	23100	0
PflaKGBDf	OZ251425.1	9930001	9960000	0.0001963942024431	25459	5	25459	0
PflaHELAf	OZ251425.1	9930001	9960000	0.0021210573863859	25459	54	25459	0
PflaKGBHm	OZ251425.1	9930001	9960000	0.000314230723909	25459	8	25459	0
PflaHELEm	OZ251425.1	9930001	9960000	0.0024352881102949	25459	62	25459	0
PflaHELAf	OZ251425.1	9960001	9990000	0.0030324794509616	25062	76	25062	0
PflaKGBDf	OZ251425.1	9960001	9990000	0.003072380496369	25062	77	25062	0
PflaHELEm	OZ251425.1	9960001	9990000	0.0037107972228872	25062	93	25062	0
PflaKGBHm	OZ251425.1	9960001	9990000	0.0013167344984438	25062	33	25062	0
PflaHELAf	OZ251425.1	9990001	10020000	0.0037816764132553	25650	97	25650	0
PflaKGBHm	OZ251425.1	9990001	10020000	0.0001169590643274	25650	3	25650	0
PflaHELEm	OZ251425.1	9990001	10020000	0.0046003898635477	25650	118	25650	0
PflaKGBDf	OZ251425.1	9990001	10020000	0.0029239766081871	25650	75	25650	0
PflaHELAf	OZ251425.1	10020001	10050000	0.0029547553093259	21660	64	21660	0
PflaKGBDf	OZ251425.1	10020001	10050000	0.0023545706371191	21660	51	21660	0
PflaHELEm	OZ251425.1	10020001	10050000	0.0013388734995383	21660	29	21660	0
PflaKGBHm	OZ251425.1	10020001	10050000	0.0023545706371191	21660	51	21660	0
PflaHELAf	OZ251425.1	10050001	10080000	0.0031009125542659	22574	70	22574	0
PflaKGBHm	OZ251425.1	10050001	10080000	0.0028351200496146	22574	64	22574	0
PflaKGBDf	OZ251425.1	10050001	10080000	0.0030123150527155	22574	68	22574	0
PflaHELEm	OZ251425.1	10050001	10080000	0.0020820412864357	22574	47	22574	0
PflaKGBHm	OZ251425.1	10080001	10110000	0.0018103738632536	23752	43	23752	0
PflaHELEm	OZ251425.1	10080001	10110000	0.0020629841697541	23752	49	23752	0
PflaKGBDf	OZ251425.1	10080001	10110000	0.0019366790165038	23752	46	23752	0
PflaHELAf	OZ251425.1	10080001	10110000	0.0025682047827551	23752	61	23752	0
PflaKGBHm	OZ251425.1	10110001	10140000	0.0044155240529862	25818	114	25818	8
PflaKGBDf	OZ251425.1	10110001	10140000	0.004144395383066	25818	107	25818	8
PflaHELAf	OZ251425.1	10110001	10140000	0.0046077596220862	25826	119	25826	0
PflaHELEm	OZ251425.1	10110001	10140000	0.0025555641601486	25826	66	25826	0
PflaKGBHm	OZ251425.1	10140001	10170000	0.0032459548517188	20333	66	20333	0
PflaHELEm	OZ251425.1	10140001	10170000	0.0038853095952392	20333	79	20333	0
PflaKGBDf	OZ251425.1	10140001	10170000	0.004131215265824	20333	84	20333	0
PflaHELAf	OZ251425.1	10140001	10170000	0.0045738454728766	20333	93	20333	0
PflaHELEm	OZ251425.1	10170001	10200000	0.0068837209302325	21500	148	21500	0
PflaKGBDf	OZ251425.1	10170001	10200000	0.0042325581395348	21500	91	21500	0
PflaHELAf	OZ251425.1	10170001	10200000	0.0042790697674418	21500	92	21500	0
PflaKGBHm	OZ251425.1	10170001	10200000	0.0065116279069767	21500	140	21500	0
PflaKGBHm	OZ251425.1	10200001	10230000	0.0053821313240043	19509	105	19509	0
PflaHELEm	OZ251425.1	10200001	10230000	0.0063560408016812	19509	124	19509	0
PflaKGBDf	OZ251425.1	10200001	10230000	0.0050745809626326	19509	99	19509	0
PflaHELAf	OZ251425.1	10200001	10230000	0.0045107386334512	19509	88	19509	0
PflaKGBDf	OZ251425.1	10230001	10260000	0.0053167109725914	21818	116	21818	0
PflaHELAf	OZ251425.1	10230001	10260000	0.0023833531946099	21818	52	21818	0
PflaKGBHm	OZ251425.1	10230001	10260000	0.0043542029516912	21818	95	21818	0
PflaHELEm	OZ251425.1	10230001	10260000	0.0065542212851773	21818	143	21818	0
PflaKGBHm	OZ251425.1	10260001	10290000	0.0063349814585908	12944	82	12944	0
PflaHELEm	OZ251425.1	10260001	10290000	0.0083436341161928	12944	108	12944	0
PflaKGBDf	OZ251425.1	10260001	10290000	0.0027812113720642	12944	36	12944	0
PflaHELAf	OZ251425.1	10260001	10290000	0.0073393077873918	12944	95	12944	0
PflaHELAf	OZ251425.1	10290001	10320000	0.006297718155545	23183	146	23183	0
PflaKGBHm	OZ251425.1	10290001	10320000	0.0042703705301298	23183	99	23183	0
PflaHELEm	OZ251425.1	10290001	10320000	0.0101798731829357	23183	236	23183	0
PflaKGBDf	OZ251425.1	10290001	10320000	0.0028900487426131	23183	67	23183	0
PflaHELAf	OZ251425.1	10320001	10350000	0.0058069683620344	24970	145	24970	0
PflaKGBHm	OZ251425.1	10320001	10350000	0.0070507170899767	24962	176	24962	8
PflaHELEm	OZ251425.1	10320001	10350000	0.00652783340008	24970	163	24970	0
PflaKGBDf	OZ251425.1	10320001	10350000	0.0063676411694032	24970	159	24970	0
PflaKGBDf	OZ251425.1	10350001	10380000	0.0049157000560562	23191	114	23191	0
PflaHELEm	OZ251425.1	10350001	10380000	0.006381786037687	23191	148	23191	0
PflaHELAf	OZ251425.1	10350001	10380000	0.0053900219912897	23191	125	23191	0
PflaKGBHm	OZ251425.1	10350001	10380000	0.0023284895002371	23191	54	23191	0
PflaHELAf	OZ251425.1	10380001	10410000	0.0049258877793202	22331	110	22331	0
PflaKGBDf	OZ251425.1	10380001	10410000	0.0039407102234561	22331	88	22331	0
PflaHELEm	OZ251425.1	10380001	10410000	0.0081948860328691	22331	183	22331	0
PflaKGBHm	OZ251425.1	10380001	10410000	0.0001791231919752	22331	4	22331	0
PflaKGBHm	OZ251425.1	10410001	10440000	0.0030409872190392	22690	69	22690	0
PflaHELEm	OZ251425.1	10410001	10440000	0.0093433230498016	22690	212	22690	0
PflaKGBDf	OZ251425.1	10410001	10440000	0.0068752754517408	22690	156	22690	0
PflaHELAf	OZ251425.1	10410001	10440000	0.004847950639048	22690	110	22690	0
PflaKGBDf	OZ251425.1	10440001	10470000	0.0053201082055906	22180	118	22180	0
PflaKGBHm	OZ251425.1	10440001	10470000	0.0029305680793507	22180	65	22180	0
PflaHELEm	OZ251425.1	10440001	10470000	0.0070333633904418	22180	156	22180	0
PflaHELAf	OZ251425.1	10440001	10470000	0.0055004508566275	22180	122	22180	0
PflaHELEm	OZ251425.1	10470001	10500000	0.0088062182684099	22257	196	22257	0
PflaKGBDf	OZ251425.1	10470001	10500000	0.0040887850467289	22256	91	22256	1
PflaHELAf	OZ251425.1	10470001	10500000	0.0059307184256638	22257	132	22257	0
PflaKGBHm	OZ251425.1	10470001	10500000	0.0053915622051489	22257	120	22257	0
PflaHELAf	OZ251425.1	10500001	10530000	0.0056293913485143	23626	133	23626	0
PflaKGBDf	OZ251425.1	10500001	10530000	0.0066028951155506	23626	156	23626	0
PflaHELEm	OZ251425.1	10500001	10530000	0.0081689663929569	23626	193	23626	0
PflaKGBHm	OZ251425.1	10500001	10530000	0.0061373063574028	23626	145	23626	0
PflaHELAf	OZ251425.1	10530001	10560000	0.0040950770052523	22466	92	22466	0
PflaKGBDf	OZ251425.1	10530001	10560000	0.0043176355381465	22466	97	22466	0
PflaHELEm	OZ251425.1	10530001	10560000	0.0053859164960384	22466	121	22466	0
PflaKGBHm	OZ251425.1	10530001	10560000	0.004718240897356	22466	106	22466	0
PflaKGBHm	OZ251425.1	10560001	10590000	0.0032318421500255	23516	76	23516	0
PflaHELEm	OZ251425.1	10560001	10590000	0.0060809661507059	23516	143	23516	0
PflaHELAf	OZ251425.1	10560001	10590000	0.0041673754039802	23516	98	23516	0
PflaKGBDf	OZ251425.1	10560001	10590000	0.0003827181493451	23516	9	23516	0
PflaHELAf	OZ251425.1	10590001	10620000	0.0036360937963787	26952	98	26952	0
PflaKGBDf	OZ251425.1	10590001	10620000	0.0044152567527456	26952	119	26952	0
PflaHELEm	OZ251425.1	10590001	10620000	0.0066414366280795	26952	179	26952	0
PflaKGBHm	OZ251425.1	10590001	10620000	0.00448946274859	26952	121	26952	0
PflaKGBDf	OZ251425.1	10620001	10650000	0.0049506992862741	24239	120	24239	0
PflaHELEm	OZ251425.1	10620001	10650000	0.0084987004414373	24239	206	24239	0
PflaKGBHm	OZ251425.1	10620001	10650000	0.0043026767614082	24171	104	24171	68
PflaHELAf	OZ251425.1	10620001	10650000	0.0048269318041173	24239	117	24239	0
PflaKGBHm	OZ251425.1	10650001	10680000	0.0032072593577658	25567	82	25567	0
PflaHELEm	OZ251425.1	10650001	10680000	0.0069620995814917	25567	178	25567	0
PflaKGBDf	OZ251425.1	10650001	10680000	0.0047717761176516	25567	122	25567	0
PflaHELAf	OZ251425.1	10650001	10680000	0.004067743575703	25567	104	25567	0
PflaKGBHm	OZ251425.1	10680001	10710000	0.0041857683874825	25085	105	25085	0
PflaHELEm	OZ251425.1	10680001	10710000	0.0078931632449671	25085	198	25085	0
PflaHELAf	OZ251425.1	10680001	10710000	0.0039864460833167	25085	100	25085	0
PflaKGBDf	OZ251425.1	10680001	10710000	0.0034283436316523	25085	86	25085	0
PflaKGBDf	OZ251425.1	10710001	10740000	0.0020064698415298	24421	49	24421	0
PflaKGBHm	OZ251425.1	10710001	10740000	0.001392244379837	24421	34	24421	0
PflaHELEm	OZ251425.1	10710001	10740000	0.0026616436673354	24421	65	24421	0
PflaHELAf	OZ251425.1	10710001	10740000	0.0026206953032226	24421	64	24421	0
PflaKGBHm	OZ251425.1	10740001	10770000	0.0008017638805371	24945	20	24945	0
PflaHELEm	OZ251425.1	10740001	10770000	0.0064942874323511	24945	162	24945	0
PflaKGBDf	OZ251425.1	10740001	10770000	0.0028463758819756	24944	71	24944	1
PflaHELAf	OZ251425.1	10740001	10770000	0.0052916416115454	24945	132	24945	0
PflaHELEm	OZ251425.1	10770001	10800000	0.0051573721501903	20747	107	20747	0
PflaKGBDf	OZ251425.1	10770001	10800000	0.0003373981780498	20747	7	20747	0
PflaHELAf	OZ251425.1	10770001	10800000	0.002265387766906	20747	47	20747	0
PflaKGBHm	OZ251425.1	10770001	10800000	0.0013495927121993	20747	28	20747	0
PflaHELEm	OZ251425.1	10800001	10830000	0.0051262285604162	25945	133	25945	0
PflaKGBHm	OZ251425.1	10800001	10830000	0.0043168240508768	25945	112	25945	0
PflaKGBDf	OZ251425.1	10800001	10830000	0.0031605318943919	25945	82	25945	0
PflaHELAf	OZ251425.1	10800001	10830000	0.0050105993447677	25945	130	25945	0
PflaHELAf	OZ251425.1	10830001	10860000	0.0024555883819974	26063	64	26063	0
PflaKGBDf	OZ251425.1	10830001	10860000	0.0039519625522771	26063	103	26063	0
PflaHELEm	OZ251425.1	10830001	10860000	0.0030694854774968	26063	80	26063	0
PflaKGBHm	OZ251425.1	10830001	10860000	0.0037217511414649	26063	97	26063	0
PflaKGBHm	OZ251425.1	10860001	10890000	0.004755148214902	26077	124	26077	0
PflaHELEm	OZ251425.1	10860001	10890000	0.0064424588718027	26077	168	26077	0
PflaKGBDf	OZ251425.1	10860001	10890000	0.0024929048093886	26074	65	26074	3
PflaHELAf	OZ251425.1	10860001	10890000	0.0040265367948767	26077	105	26077	0
PflaKGBHm	OZ251425.1	10890001	10920000	0.0032260732897675	24178	78	24178	4
PflaHELEm	OZ251425.1	10890001	10920000	0.0045488379786618	24182	110	24182	0
PflaKGBDf	OZ251425.1	10890001	10920000	0.0007857083781324	24182	19	24182	0
PflaHELAf	OZ251425.1	10890001	10920000	0.0007857083781324	24182	19	24182	0
PflaHELAf	OZ251425.1	10920001	10950000	0.0033928364884142	25937	88	25937	0
PflaKGBDf	OZ251425.1	10920001	10950000	0.003315726568223	25937	86	25937	0
PflaHELEm	OZ251425.1	10920001	10950000	0.0050506997725257	25937	131	25937	0
PflaKGBHm	OZ251425.1	10920001	10950000	0.0043567104908046	25937	113	25937	0
PflaKGBDf	OZ251425.1	10950001	10980000	0.0005896689991351	25438	15	25438	0
PflaKGBHm	OZ251425.1	10950001	10980000	0.0019262520638414	25438	49	25438	0
PflaHELEm	OZ251425.1	10950001	10980000	0.0044814843934271	25438	114	25438	0
PflaHELAf	OZ251425.1	10950001	10980000	0.0029483449956757	25438	75	25438	0
PflaKGBDf	OZ251425.1	10980001	11010000	0.0044855239907571	22071	99	22071	0
PflaHELEm	OZ251425.1	10980001	11010000	0.0074305649947895	22071	164	22071	0
PflaKGBHm	OZ251425.1	10980001	11010000	0.0047120656064519	22071	104	22071	0
PflaHELAf	OZ251425.1	10980001	11010000	0.0039871324362285	22071	88	22071	0
PflaHELEm	OZ251425.1	11010001	11040000	0.0042393012462083	27363	116	27363	0
PflaHELAf	OZ251425.1	11010001	11040000	0.0024120162262909	27363	66	27363	0
PflaKGBDf	OZ251425.1	11010001	11040000	0.0014983737163322	27363	41	27363	0
PflaKGBHm	OZ251425.1	11010001	11040000	0.0016080108175273	27363	44	27363	0
PflaHELAf	OZ251425.1	11040001	11070000	0.0026176972196882	25213	66	25213	0
PflaHELEm	OZ251425.1	11040001	11070000	0.0021814143497402	25213	55	25213	0
PflaKGBHm	OZ251425.1	11040001	11070000	0.0001983103954309	25213	5	25213	0
PflaKGBDf	OZ251425.1	11040001	11070000	0.004085356179597	25212	103	25212	1
PflaHELAf	OZ251425.1	11070001	11100000	0.0002904202796332	24103	7	24103	0
PflaKGBDf	OZ251425.1	11070001	11100000	0.0021988964029373	24103	53	24103	0
PflaHELEm	OZ251425.1	11070001	11100000	0.0032361116873418	24103	78	24103	0
PflaKGBHm	OZ251425.1	11070001	11100000	0.0015765672322947	24103	38	24103	0
PflaKGBHm	OZ251425.1	11100001	11130000	0.0039996734960411	24502	98	24502	0
PflaHELEm	OZ251425.1	11100001	11130000	0.0068565831360705	24502	168	24502	0
PflaKGBDf	OZ251425.1	11100001	11130000	0.004285364460044	24502	105	24502	0
PflaHELAf	OZ251425.1	11100001	11130000	0.0028160966451718	24502	69	24502	0
PflaKGBHm	OZ251425.1	11130001	11160000	0.0053418392836555	26021	139	26021	0
PflaHELEm	OZ251425.1	11130001	11160000	0.0052649782867683	26021	137	26021	0
PflaKGBDf	OZ251425.1	11130001	11160000	0.0048422428038891	26021	126	26021	0
PflaHELAf	OZ251425.1	11130001	11160000	0.0014603589408554	26021	38	26021	0
PflaKGBDf	OZ251425.1	11160001	11190000	0.0017680209215809	27149	48	27149	0
PflaHELAf	OZ251425.1	11160001	11190000	0.0040517146119562	27149	110	27149	0
PflaKGBHm	OZ251425.1	11160001	11190000	0.0033150392279641	27149	90	27149	0
PflaHELEm	OZ251425.1	11160001	11190000	0.0041990496887546	27149	114	27149	0
PflaHELEm	OZ251425.1	11190001	11220000	0.0033753775093267	22516	76	22516	0
PflaKGBDf	OZ251425.1	11190001	11220000	0.0039527447148694	22516	89	22516	0
PflaHELAf	OZ251425.1	11190001	11220000	0.0020874045123467	22516	47	22516	0
PflaKGBHm	OZ251425.1	11190001	11220000	0.0031533131995025	22516	71	22516	0
PflaKGBHm	OZ251425.1	11220001	11250000	0.0020294648226097	26608	54	26608	0
PflaHELEm	OZ251425.1	11220001	11250000	0.0034576067348165	26608	92	26608	0
PflaHELAf	OZ251425.1	11220001	11250000	0.002931449188214	26608	78	26608	0
PflaKGBDf	OZ251425.1	11220001	11250000	0.0015033072760072	26608	40	26608	0
PflaHELAf	OZ251425.1	11250001	11280000	0.0039996862991137	25502	102	25502	0
PflaKGBDf	OZ251425.1	11250001	11280000	0.005332915065485	25502	136	25502	0
PflaHELEm	OZ251425.1	11250001	11280000	0.0063524429456513	25502	162	25502	0
PflaKGBHm	OZ251425.1	11250001	11280000	0.0044702376284213	25502	114	25502	0
PflaHELAf	OZ251425.1	11280001	11310000	0.003527556440903	24096	85	24096	0
PflaKGBDf	OZ251425.1	11280001	11310000	0.0046895750332005	24096	113	24096	0
PflaHELEm	OZ251425.1	11280001	11310000	0.0029050464807436	24096	70	24096	0
PflaKGBHm	OZ251425.1	11280001	11310000	0.0027390438247011	24096	66	24096	0
PflaHELEm	OZ251425.1	11310001	11340000	0.0031372916276456	21356	67	21356	0
PflaKGBHm	OZ251425.1	11310001	11340000	0.0061341075107698	21356	131	21356	0
PflaHELAf	OZ251425.1	11310001	11340000	0.0036991946057314	21356	79	21356	0
PflaKGBDf	OZ251425.1	11310001	11340000	0.0049634763064244	21356	106	21356	0
PflaHELAf	OZ251425.1	11340001	11370000	0.0030796868984986	23379	72	23379	0
PflaKGBDf	OZ251425.1	11340001	11370000	0.0052183583557893	23379	122	23379	0
PflaHELEm	OZ251425.1	11340001	11370000	0.0062021472261431	23379	145	23379	0
PflaKGBHm	OZ251425.1	11340001	11370000	0.0067582018050387	23379	158	23379	0
PflaHELAf	OZ251425.1	11370001	11400000	0.0031840874248201	25439	81	25439	0
PflaKGBDf	OZ251425.1	11370001	11400000	0.0042847596210542	25439	109	25439	0
PflaHELEm	OZ251425.1	11370001	11400000	0.0046385471127009	25439	118	25439	0
PflaKGBHm	OZ251425.1	11370001	11400000	0.0039702818507016	25439	101	25439	0
PflaKGBHm	OZ251425.1	11400001	11430000	0.0046418072102738	25852	120	25852	0
PflaHELAf	OZ251425.1	11400001	11430000	0.0034039919542008	25852	88	25852	0
PflaKGBDf	OZ251425.1	11400001	11430000	0.0041776264892464	25852	108	25852	0
PflaHELEm	OZ251425.1	11400001	11430000	0.0059183041930991	25852	153	25852	0
PflaKGBHm	OZ251425.1	11430001	11460000	0.0052211456398413	19919	104	19919	0
PflaHELEm	OZ251425.1	11430001	11460000	0.0043676891410211	19919	87	19919	0
PflaHELAf	OZ251425.1	11430001	11460000	0.0027611827903007	19919	55	19919	0
PflaKGBDf	OZ251425.1	11430001	11460000	0.0028615894372207	19919	57	19919	0
PflaHELAf	OZ251425.1	11460001	11490000	0.0065595112913724	19971	131	19971	3
PflaKGBDf	OZ251425.1	11460001	11490000	0.0082106738760388	19974	164	19974	0
PflaHELEm	OZ251425.1	11460001	11490000	0.0088114548913587	19974	176	19974	0
PflaKGBHm	OZ251425.1	11460001	11490000	0.0062581355762491	19974	125	19974	0
PflaHELAf	OZ251425.1	11490001	11520000	0.0029987732291335	22009	66	22009	0
PflaKGBDf	OZ251425.1	11490001	11520000	0.0051796992139579	22009	114	22009	0
PflaHELEm	OZ251425.1	11490001	11520000	0.0045890317597346	22009	101	22009	0
PflaKGBHm	OZ251425.1	11490001	11520000	0.0019537461947385	22009	43	22009	0
PflaKGBHm	OZ251425.1	11520001	11550000	0.0047478319848844	20641	98	20641	0
PflaHELEm	OZ251425.1	11520001	11550000	0.0045540429242769	20641	94	20641	0
PflaHELAf	OZ251425.1	11520001	11550000	0.0042149120682137	20641	87	20641	0
PflaKGBDf	OZ251425.1	11520001	11550000	0.0042637724695963	20639	88	20639	2
PflaKGBHm	OZ251425.1	11550001	11580000	0.0050381087714765	23223	117	23223	0
PflaHELEm	OZ251425.1	11550001	11580000	0.0033156784222538	23223	77	23223	0
PflaKGBDf	OZ251425.1	11550001	11580000	0.0054687163587822	23223	127	23223	0
PflaHELAf	OZ251425.1	11550001	11580000	0.0004306075873056	23223	10	23223	0
PflaHELAf	OZ251425.1	11580001	11610000	0.0013055929919137	23744	31	23744	1
PflaKGBHm	OZ251425.1	11580001	11610000	0.0014739945251631	23745	35	23745	0
PflaHELEm	OZ251425.1	11580001	11610000	0.0010949673615498	23745	26	23745	0
PflaKGBDf	OZ251425.1	11580001	11610000	0.0021899347230996	23745	52	23745	0
PflaKGBHm	OZ251425.1	11610001	11640000	0.0020418368197349	23998	49	23998	0
PflaHELAf	OZ251425.1	11610001	11640000	0.0027918993249437	23998	67	23998	0
PflaKGBDf	OZ251425.1	11610001	11640000	0.001583465288774	23998	38	23998	0
PflaHELEm	OZ251425.1	11610001	11640000	0.0033336111342611	23998	80	23998	0
PflaHELAf	OZ251425.1	11640001	11670000	0.0024843967763436	16503	41	16503	0
PflaHELEm	OZ251425.1	11640001	11670000	0.0039386778161546	16503	65	16503	0
PflaKGBHm	OZ251425.1	11640001	11670000	0.0028479670362964	16503	47	16503	0
PflaKGBDf	OZ251425.1	11640001	11670000	0.0015759485998302	16498	26	16498	5
PflaHELAf	OZ251425.1	11670001	11700000	0.0037364553493585	8029	30	8029	0
PflaKGBDf	OZ251425.1	11670001	11700000	0.0072238136754265	8029	58	8029	0
PflaHELEm	OZ251425.1	11670001	11700000	0.006974716652136	8029	56	8029	0
PflaKGBHm	OZ251425.1	11670001	11700000	0.0070992651637812	8029	57	8029	0
PflaKGBHm	OZ251425.1	11700001	11730000	0.001592427124342	22607	36	22607	0
PflaHELAf	OZ251425.1	11700001	11730000	0.003184854248684	22607	72	22607	0
PflaKGBDf	OZ251425.1	11700001	11730000	0.0016366612111292	22607	37	22607	0
PflaHELEm	OZ251425.1	11700001	11730000	0.0035387269429822	22607	80	22607	0
PflaKGBDf	OZ251425.1	11730001	11760000	0.0045665824023485	24526	112	24526	0
PflaKGBHm	OZ251425.1	11730001	11760000	0.0035880290304167	24526	88	24526	0
PflaHELEm	OZ251425.1	11730001	11760000	0.0031395254016146	24526	77	24526	0
PflaHELAf	OZ251425.1	11730001	11760000	0.0023648373155019	24526	58	24526	0
PflaKGBHm	OZ251425.1	11760001	11790000	0.0042616268297202	21588	92	21588	0
PflaHELEm	OZ251425.1	11760001	11790000	0.0065314063368538	21588	141	21588	0
PflaKGBDf	OZ251425.1	11760001	11790000	0.0057439318139707	21588	124	21588	0
PflaHELAf	OZ251425.1	11760001	11790000	0.0041226607374467	21588	89	21588	0
PflaHELEm	OZ251425.1	11790001	11820000	0.0046414012995923	24777	115	24777	0
PflaKGBDf	OZ251425.1	11790001	11820000	0.0031884408927634	24777	79	24777	0
PflaHELAf	OZ251425.1	11790001	11820000	0.0044817700973069	24767	111	24767	10
PflaKGBHm	OZ251425.1	11790001	11820000	0.005125721435202	24777	127	24777	0
PflaKGBHm	OZ251425.1	11820001	11850000	0.0043957800511508	25024	110	25024	0
PflaHELEm	OZ251425.1	11820001	11850000	0.0057944373401534	25024	145	25024	0
PflaHELAf	OZ251425.1	11820001	11850000	0.0039961636828644	25024	100	25024	0
PflaKGBDf	OZ251425.1	11820001	11850000	0.0028402272181774	24998	71	24998	26
PflaHELAf	OZ251425.1	11850001	11880000	0.0034861567149053	24669	86	24669	0
PflaKGBDf	OZ251425.1	11850001	11880000	0.0037699136568162	24669	93	24669	0
PflaHELEm	OZ251425.1	11850001	11880000	0.0051886983663707	24669	128	24669	0
PflaKGBHm	OZ251425.1	11850001	11880000	0.001053954355669	24669	26	24669	0
PflaHELAf	OZ251425.1	11880001	11910000	0.0026508792082707	22634	60	22634	0
PflaKGBDf	OZ251425.1	11880001	11910000	0.0045064946540602	22634	102	22634	0
PflaHELEm	OZ251425.1	11880001	11910000	0.0064062914199876	22634	145	22634	0
PflaKGBHm	OZ251425.1	11880001	11910000	0.0002209066006892	22634	5	22634	0
PflaHELAf	OZ251425.1	11910001	11940000	0.0038656579931831	24058	93	24058	0
PflaKGBDf	OZ251425.1	11910001	11940000	0.0047385485077728	24058	114	24058	0
PflaHELEm	OZ251425.1	11910001	11940000	0.0061517998171086	24058	148	24058	0
PflaKGBHm	OZ251425.1	11910001	11940000	0.0033252971984371	24058	80	24058	0
PflaHELAf	OZ251425.1	11940001	11970000	0.006660066600666	22222	148	22222	0
PflaKGBHm	OZ251425.1	11940001	11970000	0.005130051300513	22222	114	22222	0
PflaHELEm	OZ251425.1	11940001	11970000	0.00810008100081	22222	180	22222	0
PflaKGBDf	OZ251425.1	11940001	11970000	0.002160021600216	22222	48	22222	0
PflaHELAf	OZ251425.1	11970001	12000000	0.0050113538485631	25542	128	25542	0
PflaKGBDf	OZ251425.1	11970001	12000000	0.0036410617805966	25542	93	25542	0
PflaHELEm	OZ251425.1	11970001	12000000	0.0045023882233184	25542	115	25542	0
PflaKGBHm	OZ251425.1	11970001	12000000	0.0026236441242119	25537	67	25537	5
PflaKGBHm	OZ251425.1	12000001	12030000	0.0027705947543405	21656	60	21656	0
PflaHELAf	OZ251425.1	12000001	12030000	0.0052641300332471	21656	114	21656	0
PflaKGBDf	OZ251425.1	12000001	12030000	0.0030476542297746	21656	66	21656	0
PflaHELEm	OZ251425.1	12000001	12030000	0.0061414850387883	21656	133	21656	0
PflaHELEm	OZ251425.1	12030001	12060000	0.0084308907838319	20757	175	20757	0
PflaKGBHm	OZ251425.1	12030001	12060000	0.0063111239581827	20757	131	20757	0
PflaHELAf	OZ251425.1	12030001	12060000	0.0063593004769475	20757	132	20757	0
PflaKGBDf	OZ251425.1	12030001	12060000	0.0026015320132967	20757	54	20757	0
PflaHELEm	OZ251425.1	12060001	12090000	0.0063377093707559	24299	154	24299	0
PflaKGBHm	OZ251425.1	12060001	12090000	0.005185398576073	24299	126	24299	0
PflaHELAf	OZ251425.1	12060001	12090000	0.0047327050495905	24299	115	24299	0
PflaKGBDf	OZ251425.1	12060001	12090000	0.005226552533026	24299	127	24299	0
PflaHELAf	OZ251425.1	12090001	12120000	0.0038837908845143	26263	102	26263	0
PflaKGBDf	OZ251425.1	12090001	12120000	0.0061302973765373	26263	161	26263	0
PflaHELEm	OZ251425.1	12090001	12120000	0.0069679777633933	26263	183	26263	0
PflaKGBHm	OZ251425.1	12090001	12120000	0.0046072421277081	26263	121	26263	0
PflaHELAf	OZ251425.1	12120001	12150000	0.0070224145674274	24493	172	24493	0
PflaKGBDf	OZ251425.1	12120001	12150000	0.0057159188339525	24493	140	24493	0
PflaHELEm	OZ251425.1	12120001	12150000	0.0089005021842975	24493	218	24493	0
PflaKGBHm	OZ251425.1	12120001	12150000	0.0069815865757563	24493	171	24493	0
PflaHELEm	OZ251425.1	12150001	12180000	0.0126651435382934	20134	255	20134	0
PflaKGBDf	OZ251425.1	12150001	12180000	0.0077480878116618	20134	156	20134	0
PflaHELAf	OZ251425.1	12150001	12180000	0.0088407668620244	20134	178	20134	0
PflaKGBHm	OZ251425.1	12150001	12180000	0.0085427634846528	20134	172	20134	0
PflaHELAf	OZ251425.1	12180001	12210000	0.0042370817708079	20533	87	20533	0
PflaKGBDf	OZ251425.1	12180001	12210000	0.007402717576584	20533	152	20533	0
PflaHELEm	OZ251425.1	12180001	12210000	0.0057468465397165	20533	118	20533	0
PflaKGBHm	OZ251425.1	12180001	12210000	0.0056981444503969	20533	117	20533	0
PflaKGBHm	OZ251425.1	12210001	12240000	0.0024488287206025	21643	53	21643	0
PflaHELEm	OZ251425.1	12210001	12240000	0.0098877235133761	21643	214	21643	0
PflaHELAf	OZ251425.1	12210001	12240000	0.0058217437508663	21643	126	21643	0
PflaKGBDf	OZ251425.1	12210001	12240000	0.0025412373515686	21643	55	21643	0
PflaKGBHm	OZ251425.1	12240001	12270000	0.0044515370401478	23812	106	23812	0
PflaHELAf	OZ251425.1	12240001	12270000	0.0070972618847639	23812	169	23812	0
PflaKGBDf	OZ251425.1	12240001	12270000	0.0009658995464471	23812	23	23812	0
PflaHELEm	OZ251425.1	12240001	12270000	0.0053334453216865	23812	127	23812	0
PflaKGBHm	OZ251425.1	12270001	12300000	0.003831417624521	22707	87	22707	0
PflaHELEm	OZ251425.1	12270001	12300000	0.007750913815123	22707	176	22707	0
PflaHELAf	OZ251425.1	12270001	12300000	0.0033910247941163	22707	77	22707	0
PflaKGBDf	OZ251425.1	12270001	12300000	0.0015854840130362	22706	36	22706	1
PflaHELAf	OZ251425.1	12300001	12330000	0.0013160600452395	24315	32	24315	0
PflaKGBDf	OZ251425.1	12300001	12330000	0.0016450750565494	24315	40	24315	0
PflaHELEm	OZ251425.1	12300001	12330000	0.0040715607649599	24315	99	24315	0
PflaKGBHm	OZ251425.1	12300001	12330000	0.0018095825622044	24315	44	24315	0
PflaKGBHm	OZ251425.1	12330001	12360000	0.0019063070371121	24655	47	24655	0
PflaHELAf	OZ251425.1	12330001	12360000	0.0015818292435611	24655	39	24655	0
PflaKGBDf	OZ251425.1	12330001	12360000	0.0043804502129385	24655	108	24655	0
PflaHELEm	OZ251425.1	12330001	12360000	0.0054755627661731	24655	135	24655	0
PflaHELAf	OZ251425.1	12360001	12390000	0.0043724157597072	21041	92	21041	0
PflaKGBDf	OZ251425.1	12360001	12390000	0.0074616225464569	21041	157	21041	0
PflaHELEm	OZ251425.1	12360001	12390000	0.0079368851290337	21041	167	21041	0
PflaKGBHm	OZ251425.1	12360001	12390000	0.0055605722161494	21041	117	21041	0
PflaKGBHm	OZ251425.1	12390001	12420000	0.002489884842826	3213	8	3213	0
PflaHELEm	OZ251425.1	12390001	12420000	0.002489884842826	3213	8	3213	0
PflaHELAf	OZ251425.1	12390001	12420000	0.0040460628695922	3213	13	3213	0
PflaKGBDf	OZ251425.1	12390001	12420000	0.004979769685652	3213	16	3213	0
PflaHELEm	OZ251425.1	12420001	12450000	0.0041694187582562	24224	101	24224	0
PflaKGBHm	OZ251425.1	12420001	12450000	0.0035089167767503	24224	85	24224	0
PflaKGBDf	OZ251425.1	12420001	12450000	0.0047060766182298	24224	114	24224	0
PflaHELAf	OZ251425.1	12420001	12450000	0.0028092208543336	24206	68	24206	18
PflaKGBHm	OZ251425.1	12450001	12480000	0.0051937113980909	21372	111	21372	90
PflaHELEm	OZ251425.1	12450001	12480000	0.0087130742708042	21462	187	21462	0
PflaKGBDf	OZ251425.1	12450001	12480000	0.005824247507222	21462	125	21462	0
PflaHELAf	OZ251425.1	12450001	12480000	0.0033547665641599	21462	72	21462	0
PflaHELAf	OZ251425.1	12480001	12510000	0.0002123863732902	23542	5	23542	0
PflaHELEm	OZ251425.1	12480001	12510000	0.0106193186645144	23542	250	23542	0
PflaKGBHm	OZ251425.1	12480001	12510000	0.0068388412199473	23542	161	23542	0
PflaKGBDf	OZ251425.1	12480001	12510000	0.0015716591623481	23542	37	23542	0
PflaHELEm	OZ251425.1	12510001	12540000	0.0085225848498521	19947	170	19947	0
PflaKGBHm	OZ251425.1	12510001	12540000	0.0051135509099112	19947	102	19947	0
PflaKGBDf	OZ251425.1	12510001	12540000	0.0062164736551862	19947	124	19947	0
PflaHELAf	OZ251425.1	12510001	12540000	0.004311425276984	19947	86	19947	0
PflaKGBHm	OZ251425.1	12540001	12570000	0.0013001787745815	18459	24	18459	0
PflaHELEm	OZ251425.1	12540001	12570000	0.0081802914567419	18459	151	18459	0
PflaKGBDf	OZ251425.1	12540001	12570000	0.0029254022428083	18459	54	18459	0
PflaHELAf	OZ251425.1	12540001	12570000	0.0086136843816024	18459	159	18459	0
PflaHELEm	OZ251425.1	12570001	12600000	0.0094816127603012	22570	214	22570	0
PflaKGBDf	OZ251425.1	12570001	12600000	0.0014178112538768	22570	32	22570	0
PflaHELAf	OZ251425.1	12570001	12600000	8.861320336730173e-05	22570	2	22570	0
PflaKGBHm	OZ251425.1	12570001	12600000	0.0011519716437749	22570	26	22570	0
PflaKGBDf	OZ251425.1	12600001	12630000	0.0037630258587417	20728	78	20728	0
PflaHELAf	OZ251425.1	12600001	12630000	0.0065611732921651	20728	136	20728	0
PflaKGBHm	OZ251425.1	12600001	12630000	0.0052103434967194	20728	108	20728	0
PflaHELEm	OZ251425.1	12600001	12630000	0.0064646854496333	20728	134	20728	0
PflaHELAf	OZ251425.1	12630001	12660000	0.0048211358596085	20742	100	20742	1
PflaKGBDf	OZ251425.1	12630001	12660000	0.0067010557778527	20743	139	20743	0
PflaHELEm	OZ251425.1	12630001	12660000	0.0096418068746083	20743	200	20743	0
PflaKGBHm	OZ251425.1	12630001	12660000	0.003519259509232	20743	73	20743	0
PflaHELAf	OZ251425.1	12660001	12690000	0.0064980375054513	22930	149	22930	0
PflaKGBDf	OZ251425.1	12660001	12690000	0.0041430440470998	22930	95	22930	0
PflaHELEm	OZ251425.1	12660001	12690000	0.0081552551242913	22930	187	22930	0
PflaKGBHm	OZ251425.1	12660001	12690000	0.00357641311933	22928	82	22928	2
PflaHELAf	OZ251425.1	12690001	12720000	0.0065325546182132	23115	151	23115	314
PflaKGBHm	OZ251425.1	12690001	12720000	0.0069571898075035	23429	163	23429	0
PflaHELEm	OZ251425.1	12690001	12720000	0.0105946684894053	23408	248	23408	21
PflaKGBDf	OZ251425.1	12690001	12720000	0.0072986469759699	23429	171	23429	0
PflaHELEm	OZ251425.1	12720001	12750000	0.0102343456284723	23939	245	23939	0
PflaHELAf	OZ251425.1	12720001	12750000	0.0074355653953799	23939	178	23939	0
PflaKGBDf	OZ251425.1	12720001	12750000	0.0079786123062784	23939	191	23939	0
PflaKGBHm	OZ251425.1	12720001	12750000	0.0065583357700822	23939	157	23939	0
PflaHELAf	OZ251425.1	12750001	12780000	0.0092829274855374	22299	207	22299	0
PflaKGBDf	OZ251425.1	12750001	12780000	0.009327772545854	22299	208	22299	0
PflaHELEm	OZ251425.1	12750001	12780000	0.0113014620145304	22298	252	22298	1
PflaKGBHm	OZ251425.1	12750001	12780000	0.0085654065204717	22299	191	22299	0
PflaKGBHm	OZ251425.1	12780001	12810000	0.0064807630870339	21911	142	21911	0
PflaKGBDf	OZ251425.1	12780001	12810000	0.0026014330701474	21911	57	21911	0
PflaHELEm	OZ251425.1	12780001	12810000	0.0067545981470494	21911	148	21911	0
PflaHELAf	OZ251425.1	12780001	12810000	0.0065264022637031	21911	143	21911	0
PflaHELEm	OZ251425.1	12810001	12840000	0.0070622066224045	23647	167	23647	0
PflaKGBHm	OZ251425.1	12810001	12840000	0.0042288662409607	23647	100	23647	0
PflaKGBDf	OZ251425.1	12810001	12840000	0.0065124540110796	23647	154	23647	0
PflaHELAf	OZ251425.1	12810001	12840000	0.0049054848395145	23647	116	23647	0
PflaKGBHm	OZ251425.1	12840001	12870000	0.0041087231352718	15820	65	15820	0
PflaHELEm	OZ251425.1	12840001	12870000	0.0064475347661188	15820	102	15820	0
PflaKGBDf	OZ251425.1	12840001	12870000	0.0052465233881163	15820	83	15820	0
PflaHELAf	OZ251425.1	12840001	12870000	0.0030973451327433	15820	49	15820	0
PflaHELEm	OZ251425.1	12870001	12900000	0.0099708614095793	21964	219	21964	0
PflaKGBDf	OZ251425.1	12870001	12900000	0.0051447823711527	21964	113	21964	0
PflaHELAf	OZ251425.1	12870001	12900000	0.0048716080859588	21964	107	21964	0
PflaKGBHm	OZ251425.1	12870001	12900000	0.0055545437989437	21964	122	21964	0
PflaHELEm	OZ251425.1	12900001	12930000	0.0106205301700141	23351	248	23351	0
PflaKGBHm	OZ251425.1	12900001	12930000	0.0056956875508543	23351	133	23351	0
PflaHELAf	OZ251425.1	12900001	12930000	0.0102351077041668	23351	239	23351	0
PflaKGBDf	OZ251425.1	12900001	12930000	0.0034259774741981	23351	80	23351	0
PflaHELAf	OZ251425.1	12930001	12960000	0.0074617039020322	22783	170	22783	0
PflaKGBDf	OZ251425.1	12930001	12960000	0.0035113900715445	22783	80	22783	0
PflaHELEm	OZ251425.1	12930001	12960000	0.0069349953913005	22783	158	22783	0
PflaKGBHm	OZ251425.1	12930001	12960000	0.0072861343984549	22783	166	22783	0
PflaHELAf	OZ251425.1	12960001	12990000	0.0064129208479306	16841	108	16841	0
PflaKGBDf	OZ251425.1	12960001	12990000	0.0087286978207944	16841	147	16841	0
PflaHELEm	OZ251425.1	12960001	12990000	0.0030877026304851	16841	52	16841	0
PflaKGBHm	OZ251425.1	12960001	12990000	0.005462858500089	16841	92	16841	0
PflaHELAf	OZ251425.1	12990001	13020000	0.0041976804569845	23108	97	23108	0
PflaKGBHm	OZ251425.1	12990001	13020000	0.0057988575385148	23108	134	23108	0
PflaHELEm	OZ251425.1	12990001	13020000	0.0028561537129998	23108	66	23108	0
PflaKGBDf	OZ251425.1	12990001	13020000	0.0057988575385148	23108	134	23108	0
PflaKGBDf	OZ251425.1	13020001	13050000	0.0080508474576271	16520	133	16520	0
PflaHELAf	OZ251425.1	13020001	13050000	0.0084745762711864	16520	140	16520	0
PflaHELEm	OZ251425.1	13020001	13050000	0.0089637211555932	16511	148	16511	9
PflaKGBHm	OZ251425.1	13020001	13050000	0.0058819962403735	16491	97	16491	29
PflaHELAf	OZ251425.1	13050001	13080000	0.0086822633762456	23381	203	23381	0
PflaKGBDf	OZ251425.1	13050001	13080000	0.0034215816261066	23381	80	23381	0
PflaKGBHm	OZ251425.1	13050001	13080000	0.0022240280569693	23381	52	23381	0
PflaHELEm	OZ251425.1	13050001	13080000	0.007826867969719	23381	183	23381	0
PflaHELAf	OZ251425.1	13080001	13110000	0.0054353506846451	19134	104	19134	0
PflaKGBDf	OZ251425.1	13080001	13110000	0.0006271558482282	19134	12	19134	0
PflaHELEm	OZ251425.1	13080001	13110000	0.0033970941779032	19134	65	19134	0
PflaKGBHm	OZ251425.1	13080001	13110000	0.0002090519494094	19134	4	19134	0
PflaHELAf	OZ251425.1	13110001	13140000	0.0024594376330665	27242	67	27242	0
PflaKGBDf	OZ251425.1	13110001	13140000	0.0010645327068497	27242	29	27242	0
PflaKGBHm	OZ251425.1	13110001	13140000	0.0001485718530624	26923	4	26923	319
PflaHELEm	OZ251425.1	13110001	13140000	0.003156890096175	27242	86	27242	0
PflaKGBHm	OZ251425.1	13140001	13170000	0.0029468434772753	26469	78	26469	0
PflaHELEm	OZ251425.1	13140001	13170000	0.0054781064641656	26469	145	26469	0
PflaKGBDf	OZ251425.1	13140001	13170000	0.0009445011145113	26469	25	26469	0
PflaHELAf	OZ251425.1	13140001	13170000	0.0027957232989534	26469	74	26469	0
PflaKGBHm	OZ251425.1	13170001	13200000	0.003901739857467	25117	98	25117	0
PflaKGBDf	OZ251425.1	13170001	13200000	0.0022693793048532	25117	57	25117	0
PflaHELEm	OZ251425.1	13170001	13200000	0.0044591312656766	25117	112	25117	0
PflaHELAf	OZ251425.1	13170001	13200000	0.0033045347772425	25117	83	25117	0
PflaHELAf	OZ251425.1	13200001	13230000	0.0038955201518254	20023	78	20023	0
PflaKGBDf	OZ251425.1	13200001	13230000	0.0037456924536782	20023	75	20023	0
PflaKGBHm	OZ251425.1	13200001	13230000	0.0045447735104629	20023	91	20023	0
PflaHELEm	OZ251425.1	13200001	13230000	0.0058932227937871	20023	118	20023	0
PflaHELAf	OZ251425.1	13230001	13260000	0.0044015334374556	21129	93	21129	0
PflaKGBDf	OZ251425.1	13230001	13260000	0.0050168015523687	21129	106	21129	0
PflaHELEm	OZ251425.1	13230001	13260000	0.0076198589616167	21129	161	21129	0
PflaKGBHm	OZ251425.1	13230001	13260000	0.0054427564011548	21129	115	21129	0
PflaHELAf	OZ251425.1	13260001	13290000	0.0046314164415283	12955	60	12955	0
PflaKGBDf	OZ251425.1	13260001	13290000	0.00409108452335	12955	53	12955	0
PflaHELEm	OZ251425.1	13260001	13290000	0.0050945580856812	12955	66	12955	0
PflaKGBHm	OZ251425.1	13260001	13290000	0.004245465071401	12955	55	12955	0
PflaHELEm	OZ251425.1	13290001	13320000	0.0042213176541534	19899	84	19899	0
PflaHELAf	OZ251425.1	13290001	13320000	0.0038192874013769	19899	76	19899	0
PflaKGBHm	OZ251425.1	13290001	13320000	0.0013568521031207	19899	27	19899	0
PflaKGBDf	OZ251425.1	13290001	13320000	0.0016583747927031	19899	33	19899	0
PflaHELEm	OZ251425.1	13320001	13350000	0.0046638790607912	24872	116	24872	0
PflaHELAf	OZ251425.1	13320001	13350000	0.002733998070119	24872	68	24872	0
PflaKGBHm	OZ251425.1	13320001	13350000	0.0024525570923126	24872	61	24872	0
PflaKGBDf	OZ251425.1	13320001	13350000	0.0045432614988742	24872	113	24872	0
PflaHELEm	OZ251425.1	13350001	13380000	0.00352677140109	21833	77	21833	0
PflaKGBHm	OZ251425.1	13350001	13380000	0.0026565291073146	21833	58	21833	0
PflaKGBDf	OZ251425.1	13350001	13380000	0.0033893647231255	21833	74	21833	0
PflaHELAf	OZ251425.1	13350001	13380000	0.0020186264164793	21797	44	21797	36
PflaHELEm	OZ251425.1	13380001	13410000	0.0052626719601144	21662	114	21662	0
PflaKGBDf	OZ251425.1	13380001	13410000	0.0040162496537715	21662	87	21662	0
PflaHELAf	OZ251425.1	13380001	13410000	0.0046163789123811	21662	100	21662	0
PflaKGBHm	OZ251425.1	13380001	13410000	0.004154741021143	21662	90	21662	0
PflaHELAf	OZ251425.1	13410001	13440000	0.0021024379333482	22355	47	22355	0
PflaKGBDf	OZ251425.1	13410001	13440000	0.0031345154934622	22332	70	22332	23
PflaHELEm	OZ251425.1	13410001	13440000	0.0079624245135316	22355	178	22355	0
PflaKGBHm	OZ251425.1	13410001	13440000	0.0055050798907935	22343	123	22343	12
PflaHELEm	OZ251425.1	13440001	13470000	0.0050311332503113	20075	101	20075	0
PflaKGBHm	OZ251425.1	13440001	13470000	0.0043337484433374	20075	87	20075	0
PflaHELAf	OZ251425.1	13440001	13470000	0.0031880448318804	20075	64	20075	0
PflaKGBDf	OZ251425.1	13440001	13470000	0.0001494396014943	20075	3	20075	0
PflaHELAf	OZ251425.1	13470001	13500000	0.0065834767641996	23240	153	23240	0
PflaKGBDf	OZ251425.1	13470001	13500000	0.00111933872912	23228	26	23228	12
PflaHELEm	OZ251425.1	13470001	13500000	0.0094234079173838	23240	219	23240	0
PflaKGBHm	OZ251425.1	13470001	13500000	0.0086058519793459	23240	200	23240	0
PflaHELEm	OZ251425.1	13500001	13530000	0.0077937649880095	20016	156	20016	11
PflaKGBHm	OZ251425.1	13500001	13530000	0.0060021007352573	19993	120	19993	34
PflaHELAf	OZ251425.1	13500001	13530000	0.0077395516053328	20027	155	20027	0
PflaKGBDf	OZ251425.1	13500001	13530000	0.0064912368302791	20027	130	20027	0
PflaKGBHm	OZ251425.1	13530001	13560000	0.0038246402447769	20917	80	20917	0
PflaHELEm	OZ251425.1	13530001	13560000	0.008127360520151	20917	170	20917	0
PflaKGBDf	OZ251425.1	13530001	13560000	0.0027736597962794	20911	58	20911	6
PflaHELAf	OZ251425.1	13530001	13560000	0.0053544963426877	20917	112	20917	0
PflaHELEm	OZ251425.1	13560001	13590000	0.0080008102086287	19748	158	19748	0
PflaKGBDf	OZ251425.1	13560001	13590000	0.0069880494227263	19748	138	19748	0
PflaHELAf	OZ251425.1	13560001	13590000	0.0051191079574252	19730	101	19730	18
PflaKGBHm	OZ251425.1	13560001	13590000	0.0058740125582337	19748	116	19748	0
PflaHELAf	OZ251425.1	13590001	13620000	0.0058489375131495	23765	139	23765	0
PflaKGBDf	OZ251425.1	13590001	13620000	0.0054702293288449	23765	130	23765	0
PflaHELEm	OZ251425.1	13590001	13620000	0.008584052177572	23765	204	23765	0
PflaKGBHm	OZ251425.1	13590001	13620000	0.0072375341889333	23765	172	23765	0
PflaHELAf	OZ251425.1	13620001	13650000	0.0045166737019839	23690	107	23690	0
PflaKGBDf	OZ251425.1	13620001	13650000	0.0028281975517095	23690	67	23690	0
PflaHELEm	OZ251425.1	13620001	13650000	0.0059096665259603	23690	140	23690	0
PflaKGBHm	OZ251425.1	13620001	13650000	0.0033347403967918	23690	79	23690	0
PflaHELAf	OZ251425.1	13650001	13680000	0.0036189159516935	24593	89	24593	0
PflaKGBDf	OZ251425.1	13650001	13680000	0.0025210425730899	24593	62	24593	0
PflaKGBHm	OZ251425.1	13650001	13680000	0.0035375919977229	24593	87	24593	0
PflaHELEm	OZ251425.1	13650001	13680000	0.0036595779286788	24593	90	24593	0
PflaHELEm	OZ251425.1	13680001	13710000	0.0027573167369125	25387	70	25387	0
PflaHELAf	OZ251425.1	13680001	13710000	0.0022452436286288	25387	57	25387	0
PflaKGBDf	OZ251425.1	13680001	13710000	0.00094536573837	25387	24	25387	0
PflaKGBHm	OZ251425.1	13680001	13710000	0.0036632922361838	25387	93	25387	0
PflaHELAf	OZ251425.1	13710001	13740000	0.0058314820691843	25208	147	25208	22
PflaKGBHm	OZ251425.1	13710001	13740000	0.0043598890210067	25230	110	25230	0
PflaHELEm	OZ251425.1	13710001	13740000	0.0076099881093935	25230	192	25230	0
PflaKGBDf	OZ251425.1	13710001	13740000	0.0058263971462544	25230	147	25230	0
PflaKGBHm	OZ251425.1	13740001	13770000	0.0014384349827387	24332	35	24332	11
PflaHELEm	OZ251425.1	13740001	13770000	0.0066548905229429	24343	162	24343	0
PflaKGBDf	OZ251425.1	13740001	13770000	0.0027934108367908	24343	68	24343	0
PflaHELAf	OZ251425.1	13740001	13770000	0.0044365936819619	24343	108	24343	0
PflaHELAf	OZ251425.1	13770001	13800000	0.0053225886683579	20103	107	20103	0
PflaKGBDf	OZ251425.1	13770001	13800000	0.0046261751977316	20103	93	20103	0
PflaHELEm	OZ251425.1	13770001	13800000	0.0095010694921156	20103	191	20103	0
PflaKGBHm	OZ251425.1	13770001	13800000	0.0044769437397403	20103	90	20103	0
PflaKGBHm	OZ251425.1	13800001	13830000	0.0036104341547071	22158	80	22158	0
PflaHELAf	OZ251425.1	13800001	13830000	0.0043776514125823	22158	97	22158	0
PflaHELEm	OZ251425.1	13800001	13830000	0.0065890423323404	22158	146	22158	0
PflaKGBDf	OZ251425.1	13800001	13830000	0.0057315642205975	22158	127	22158	0
PflaHELAf	OZ251425.1	13830001	13860000	0.0036732295033793	20418	75	20418	0
PflaKGBDf	OZ251425.1	13830001	13860000	0.0038201586835145	20418	78	20418	0
PflaHELEm	OZ251425.1	13830001	13860000	0.0052894504848662	20418	108	20418	0
PflaKGBHm	OZ251425.1	13830001	13860000	0.0020570085218924	20418	42	20418	0
PflaHELAf	OZ251425.1	13860001	13890000	0.0010169319164081	19667	20	19667	0
PflaKGBDf	OZ251425.1	13860001	13890000	0.0029491025575837	19667	58	19667	0
PflaHELEm	OZ251425.1	13860001	13890000	0.0041185742614531	19667	81	19667	0
PflaKGBHm	OZ251425.1	13860001	13890000	0.0050338129862205	19667	99	19667	0
PflaHELAf	OZ251425.1	13890001	13920000	0.0021807720861172	21552	47	21552	0
PflaKGBDf	OZ251425.1	13890001	13920000	0.000927988121752	21552	20	21552	0
PflaHELEm	OZ251425.1	13890001	13920000	0.0041295471417965	21552	89	21552	0
PflaKGBHm	OZ251425.1	13890001	13920000	0.0037119524870081	21552	80	21552	0
PflaKGBDf	OZ251425.1	13920001	13950000	0.0005466870763175	18292	10	18292	0
PflaKGBHm	OZ251425.1	13920001	13950000	0.0034441285808003	18292	63	18292	0
PflaHELAf	OZ251425.1	13920001	13950000	0.0055762081784386	18292	102	18292	0
PflaHELEm	OZ251425.1	13920001	13950000	0.0052481959326481	18292	96	18292	0
PflaHELAf	OZ251425.1	13950001	13980000	0.003454231433506	19107	66	19107	0
PflaKGBHm	OZ251425.1	13950001	13980000	0.0032448840738996	19107	62	19107	0
PflaHELEm	OZ251425.1	13950001	13980000	0.0040822735123253	19107	78	19107	0
PflaKGBDf	OZ251425.1	13950001	13980000	0.0010990736379337	19107	21	19107	0
PflaKGBDf	OZ251425.1	13980001	14010000	0.0014456670146976	24902	36	24902	0
PflaHELEm	OZ251425.1	13980001	14010000	0.0024496024415709	24902	61	24902	0
PflaKGBHm	OZ251425.1	13980001	14010000	0.0014456670146976	24902	36	24902	0
PflaHELAf	OZ251425.1	13980001	14010000	0.001766926351297	24902	44	24902	0
PflaKGBDf	OZ251425.1	14010001	14040000	0.001033462813157	28061	29	28061	0
PflaKGBHm	OZ251425.1	14010001	14040000	0.0009265528669683	28061	26	28061	0
PflaHELEm	OZ251425.1	14010001	14040000	0.0014967392466412	28061	42	28061	0
PflaHELAf	OZ251425.1	14010001	14040000	0.0018887423826663	28061	53	28061	0
PflaHELEm	OZ251425.1	14040001	14070000	0.0029759633727584	26210	78	26210	0
PflaKGBDf	OZ251425.1	14040001	14070000	0.0029378099961846	26210	77	26210	0
PflaHELAf	OZ251425.1	14040001	14070000	0.0037008775276611	26210	97	26210	0
PflaKGBHm	OZ251425.1	14040001	14070000	0.0027851964898893	26210	73	26210	0
PflaHELAf	OZ251425.1	14070001	14100000	0.0019760548645821	25809	51	25809	0
PflaHELEm	OZ251425.1	14070001	14100000	0.0028284706885195	25809	73	25809	0
PflaKGBHm	OZ251425.1	14070001	14100000	0.0020148010383974	25809	52	25809	0
PflaKGBDf	OZ251425.1	14070001	14100000	0.0018210701693207	25809	47	25809	0
PflaKGBHm	OZ251425.1	14100001	14130000	0.0038236987089877	24322	93	24322	0
PflaHELEm	OZ251425.1	14100001	14130000	0.0059205657429487	24322	144	24322	0
PflaHELAf	OZ251425.1	14100001	14130000	0.0044815393470931	24322	109	24322	0
PflaKGBDf	OZ251425.1	14100001	14130000	0.0024682216463038	24309	60	24309	13
PflaHELEm	OZ251425.1	14130001	14160000	0.0064212761654363	19778	127	19778	0
PflaHELAf	OZ251425.1	14130001	14160000	0.0054100515724542	19778	107	19778	0
PflaKGBDf	OZ251425.1	14130001	14160000	0.0016179593487713	19778	32	19778	0
PflaKGBHm	OZ251425.1	14130001	14160000	0.0068763272322782	19778	136	19778	0
PflaKGBDf	OZ251425.1	14160001	14190000	0.0028508077288565	22099	63	22099	0
PflaHELAf	OZ251425.1	14160001	14190000	0.0028960586451875	22099	64	22099	0
PflaKGBHm	OZ251425.1	14160001	14190000	0.002488800398208	22099	55	22099	0
PflaHELEm	OZ251425.1	14160001	14190000	0.0033485678084981	22099	74	22099	0
PflaHELEm	OZ251425.1	14190001	14220000	0.0016438870884411	21291	35	21291	0
PflaKGBHm	OZ251425.1	14190001	14220000	0.0025832511389789	21291	55	21291	0
PflaHELAf	OZ251425.1	14190001	14220000	0.0023953783288713	21291	51	21291	0
PflaKGBDf	OZ251425.1	14190001	14220000	0.0007984594429571	21291	17	21291	0
PflaHELEm	OZ251425.1	14220001	14250000	0.0017997120460726	25004	45	25004	0
PflaKGBDf	OZ251425.1	14220001	14250000	0.0025195968645016	25004	63	25004	0
PflaHELAf	OZ251425.1	14220001	14250000	0.000239961606143	25004	6	25004	0
PflaKGBHm	OZ251425.1	14220001	14250000	0.0009198528235482	25004	23	25004	0
PflaKGBHm	OZ251425.1	14250001	14280000	4.96031746031746e-05	20160	1	20160	0
PflaHELEm	OZ251425.1	14250001	14280000	0.0091788638055073	20155	185	20155	5
PflaKGBDf	OZ251425.1	14250001	14280000	0.0001488095238095	20160	3	20160	0
PflaHELAf	OZ251425.1	14250001	14280000	4.96031746031746e-05	20160	1	20160	0
PflaHELEm	OZ251425.1	14280001	14310000	0.010005157297576	19390	194	19390	0
PflaHELAf	OZ251425.1	14280001	14310000	0.0072717895822588	19390	141	19390	0
PflaKGBHm	OZ251425.1	14280001	14310000	0.0002578648788035	19390	5	19390	0
PflaKGBDf	OZ251425.1	14280001	14310000	0.0009283135636926	19390	18	19390	0
PflaHELEm	OZ251425.1	14310001	14340000	0.0054639227901751	19583	107	19583	0
PflaHELAf	OZ251425.1	14310001	14340000	0.0043915641117295	19583	86	19583	0
PflaKGBDf	OZ251425.1	14310001	14340000	0.0031660113363631	19583	62	19583	0
PflaKGBHm	OZ251425.1	14310001	14340000	0.0032170760353367	19583	63	19583	0
PflaHELEm	OZ251425.1	14340001	14370000	0.006719784966881	20834	140	20834	0
PflaKGBDf	OZ251425.1	14340001	14370000	0.0026879139867524	20834	56	20834	0
PflaHELAf	OZ251425.1	14340001	14370000	0.0049918402611116	20834	104	20834	0
PflaKGBHm	OZ251425.1	14340001	14370000	0.0028319093788998	20834	59	20834	0
PflaKGBHm	OZ251425.1	14370001	14400000	0.0068961681775207	17981	124	17981	0
PflaHELEm	OZ251425.1	14370001	14400000	0.0110672376397308	17981	199	17981	0
PflaKGBDf	OZ251425.1	14370001	14400000	0.0091763528168622	17981	165	17981	0
PflaHELAf	OZ251425.1	14370001	14400000	0.0065079541662031	17978	117	17978	3
PflaKGBDf	OZ251425.1	14400001	14430000	0.0069748197186428	16918	118	16918	0
PflaHELAf	OZ251425.1	14400001	14430000	0.0082161011939945	16918	139	16918	0
PflaKGBHm	OZ251425.1	14400001	14430000	0.0058517555266579	16918	99	16918	0
PflaHELEm	OZ251425.1	14400001	14430000	0.009280056744296	16918	157	16918	0
PflaKGBHm	OZ251425.1	14430001	14460000	0.0064339406293795	15698	101	15698	0
PflaHELEm	OZ251425.1	14430001	14460000	0.0080902025735762	15698	127	15698	0
PflaKGBDf	OZ251425.1	14430001	14460000	0.0043954643903681	15698	69	15698	0
PflaHELAf	OZ251425.1	14430001	14460000	0.006115428717034	15698	96	15698	0
PflaKGBHm	OZ251425.1	14460001	14490000	0.0061830574488802	20540	127	20540	0
PflaHELEm	OZ251425.1	14460001	14490000	0.0074001947419668	20540	152	20540	0
PflaKGBDf	OZ251425.1	14460001	14490000	0.0065238558909444	20540	134	20540	0
PflaHELAf	OZ251425.1	14460001	14490000	0.0055501460564751	20540	114	20540	0
PflaKGBDf	OZ251425.1	14490001	14520000	0.005704365079365	16128	92	16128	0
PflaHELEm	OZ251425.1	14490001	14520000	0.0070064484126984	16128	113	16128	0
PflaHELAf	OZ251425.1	14490001	14520000	0.0038056023457483	16029	61	16029	99
PflaKGBHm	OZ251425.1	14490001	14520000	0.0068204365079365	16128	110	16128	0
PflaKGBHm	OZ251425.1	14520001	14550000	0.0066204287515762	22204	147	22204	15
PflaHELEm	OZ251425.1	14520001	14550000	0.0081461811962734	22219	181	22219	0
PflaKGBDf	OZ251425.1	14520001	14550000	0.0047706917503037	22219	106	22219	0
PflaHELAf	OZ251425.1	14520001	14550000	0.0040055808092173	22219	89	22219	0
PflaKGBHm	OZ251425.1	14550001	14580000	0.005809950077466	23236	135	23236	0
PflaHELEm	OZ251425.1	14550001	14580000	0.009338956791186	23236	217	23236	0
PflaKGBDf	OZ251425.1	14550001	14580000	0.0021087966947839	23236	49	23236	0
PflaHELAf	OZ251425.1	14550001	14580000	0.0027543467033912	23236	64	23236	0
PflaKGBHm	OZ251425.1	14580001	14610000	0.0068364611260053	22380	153	22380	0
PflaHELEm	OZ251425.1	14580001	14610000	0.0089812332439678	22380	201	22380	0
PflaKGBDf	OZ251425.1	14580001	14610000	0.0059428060768543	22380	133	22380	0
PflaHELAf	OZ251425.1	14580001	14610000	0.0085790884718498	22380	192	22380	0
PflaHELAf	OZ251425.1	14610001	14640000	0.0079037342924381	22521	178	22521	0
PflaHELEm	OZ251425.1	14610001	14640000	0.0084365703121531	22521	190	22521	0
PflaKGBDf	OZ251425.1	14610001	14640000	0.0067048532480795	22521	151	22521	0
PflaKGBHm	OZ251425.1	14610001	14640000	0.0065272412415079	22521	147	22521	0
PflaHELAf	OZ251425.1	14640001	14670000	0.00616940148237	23341	144	23341	0
PflaKGBDf	OZ251425.1	14640001	14670000	0.004627844195912	23337	108	23337	4
PflaHELEm	OZ251425.1	14640001	14670000	0.0079688102480613	23341	186	23341	0
PflaKGBHm	OZ251425.1	14640001	14670000	0.004327149650829	23341	101	23341	0
PflaHELAf	OZ251425.1	14670001	14700000	0.004195113926133	24314	102	24314	0
PflaKGBDf	OZ251425.1	14670001	14700000	0.0040327558536685	24301	98	24301	13
PflaKGBHm	OZ251425.1	14670001	14700000	0.0036604425433906	24314	89	24314	0
PflaHELEm	OZ251425.1	14670001	14700000	0.00604589948178	24314	147	24314	0
PflaHELAf	OZ251425.1	14700001	14730000	0.0050520581645653	22763	115	22763	0
PflaHELEm	OZ251425.1	14700001	14730000	0.005930676975794	22763	135	22763	0
PflaKGBHm	OZ251425.1	14700001	14730000	0.0039537846505293	22763	90	22763	0
PflaKGBDf	OZ251425.1	14700001	14730000	0.0032948205421078	22763	75	22763	0
PflaKGBHm	OZ251425.1	14730001	14760000	0.0029176966405965	24677	72	24677	0
PflaHELEm	OZ251425.1	14730001	14760000	0.0074563358593021	24677	184	24677	0
PflaKGBDf	OZ251425.1	14730001	14760000	0.0051464926854966	24677	127	24677	0
PflaHELAf	OZ251425.1	14730001	14760000	0.00089151841796	24677	22	24677	0
PflaHELAf	OZ251425.1	14760001	14790000	0.0039957745831993	21773	87	21773	0
PflaKGBDf	OZ251425.1	14760001	14790000	0.0028543805533815	21721	62	21721	52
PflaHELEm	OZ251425.1	14760001	14790000	0.0088182611491296	21773	192	21773	0
PflaKGBHm	OZ251425.1	14760001	14790000	0.0039957745831993	21773	87	21773	0
PflaKGBHm	OZ251425.1	14790001	14820000	0.0051741015242623	21453	111	21453	0
PflaHELAf	OZ251425.1	14790001	14820000	0.0024808088372963	21364	53	21364	89
PflaHELEm	OZ251425.1	14790001	14820000	0.0064326667598937	21453	138	21453	0
PflaKGBDf	OZ251425.1	14790001	14820000	0.004614739197315	21453	99	21453	0
PflaHELAf	OZ251425.1	14820001	14850000	0.0028107934468358	24904	70	24904	0
PflaKGBDf	OZ251425.1	14820001	14850000	0.0022486347574686	24904	56	24904	0
PflaHELEm	OZ251425.1	14820001	14850000	0.0033327979441053	24904	83	24904	0
PflaKGBHm	OZ251425.1	14820001	14850000	0.0008432380340507	24904	21	24904	0
PflaKGBHm	OZ251425.1	14850001	14880000	0.0069616336633663	19392	135	19392	0
PflaHELEm	OZ251425.1	14850001	14880000	0.0074773102310231	19392	145	19392	0
PflaKGBDf	OZ251425.1	14850001	14880000	0.0042285478547854	19392	82	19392	0
PflaHELAf	OZ251425.1	14850001	14880000	0.003970709570957	19392	77	19392	0
PflaKGBDf	OZ251425.1	14880001	14910000	0.0056240126382306	15825	89	15825	0
PflaHELEm	OZ251425.1	14880001	14910000	0.0095418641390205	15825	151	15825	0
PflaHELAf	OZ251425.1	14880001	14910000	0.0006958942240779	15807	11	15807	18
PflaKGBHm	OZ251425.1	14880001	14910000	0.0055608214849921	15825	88	15825	0
PflaKGBHm	OZ251425.1	14910001	14940000	0.0013527731850293	13306	18	13306	0
PflaHELEm	OZ251425.1	14910001	14940000	0.0087930257026905	13306	117	13306	0
PflaKGBDf	OZ251425.1	14910001	14940000	0.0009018487900195	13306	12	13306	0
PflaHELAf	OZ251425.1	14910001	14940000	0.0009770028558545	13306	13	13306	0
PflaHELAf	OZ251425.1	14940001	14970000	0.0031303357996585	21084	66	21084	0
PflaKGBDf	OZ251425.1	14940001	14970000	0.0010434452665528	21084	22	21084	0
PflaHELEm	OZ251425.1	14940001	14970000	0.0079206981597419	21084	167	21084	0
PflaKGBHm	OZ251425.1	14940001	14970000	0.0028931891481692	21084	61	21084	0
PflaHELEm	OZ251425.1	14970001	15000000	0.0096645246167079	19763	191	19763	0
PflaKGBHm	OZ251425.1	14970001	15000000	0.0084501340889541	19763	167	19763	0
PflaHELAf	OZ251425.1	14970001	15000000	0.0070839447452309	19763	140	19763	0
PflaKGBDf	OZ251425.1	14970001	15000000	0.0032924729004153	19742	65	19742	21
PflaHELAf	OZ251425.1	15000001	15030000	0.0037492317148125	16270	61	16270	0
PflaKGBDf	OZ251425.1	15000001	15030000	0.0044304965848255	16251	72	16251	19
PflaHELEm	OZ251425.1	15000001	15030000	0.010018438844499	16270	163	16270	0
PflaKGBHm	OZ251425.1	15000001	15030000	0.0073755377996312	16270	120	16270	0
PflaHELAf	OZ251425.1	15030001	15060000	0.003863681394888	20188	78	20188	0
PflaKGBDf	OZ251425.1	15030001	15060000	0.0046066970477511	20188	93	20188	0
PflaHELEm	OZ251425.1	15030001	15060000	0.0069348127600554	20188	140	20188	0
PflaKGBHm	OZ251425.1	15030001	15060000	0.0034674063800277	20188	70	20188	0
PflaKGBHm	OZ251425.1	15060001	15090000	0.0012352759518242	22667	28	22667	1
PflaHELEm	OZ251425.1	15060001	15090000	0.0034409740603493	22668	78	22668	0
PflaKGBDf	OZ251425.1	15060001	15090000	0.0019851773425092	22668	45	22668	0
PflaHELAf	OZ251425.1	15060001	15090000	0.0001323451561672	22668	3	22668	0
PflaHELAf	OZ251425.1	15090001	15120000	0.0022106000970507	18547	41	18547	0
PflaKGBDf	OZ251425.1	15090001	15120000	0.0057152100070092	18547	106	18547	0
PflaHELEm	OZ251425.1	15090001	15120000	0.0090580686903542	18547	168	18547	0
PflaKGBHm	OZ251425.1	15090001	15120000	0.0051221221760931	18547	95	18547	0
PflaHELAf	OZ251425.1	15120001	15150000	0.0030644765873988	16316	50	16316	0
PflaKGBDf	OZ251425.1	15120001	15150000	0.0030066883475486	16297	49	16297	19
PflaHELEm	OZ251425.1	15120001	15150000	0.0067418484922775	16316	110	16316	0
PflaKGBHm	OZ251425.1	15120001	15150000	0.0045967148810983	16316	75	16316	0
PflaHELEm	OZ251425.1	15150001	15180000	0.0052345058626465	23880	125	23880	0
PflaKGBHm	OZ251425.1	15150001	15180000	0.0032663316582914	23880	78	23880	0
PflaKGBDf	OZ251425.1	15150001	15180000	0.0023450586264656	23880	56	23880	0
PflaHELAf	OZ251425.1	15150001	15180000	0.0006822736770286	23451	16	23451	429
PflaHELAf	OZ251425.1	15180001	15210000	0.003416634127294	20488	70	20488	0
PflaKGBDf	OZ251425.1	15180001	15210000	0.0016595080046856	20488	34	20488	0
PflaHELEm	OZ251425.1	15180001	15210000	0.0121534556813744	20488	249	20488	0
PflaKGBHm	OZ251425.1	15180001	15210000	0.0083463490823896	20488	171	20488	0
PflaHELAf	OZ251425.1	15210001	15240000	0.0118142094189998	18537	219	18537	25
PflaKGBDf	OZ251425.1	15210001	15240000	0.0010235965951944	18562	19	18562	0
PflaHELEm	OZ251425.1	15210001	15240000	0.0134683762525589	18562	250	18562	0
PflaKGBHm	OZ251425.1	15210001	15240000	0.0077577847214739	18562	144	18562	0
PflaKGBHm	OZ251425.1	15240001	15270000	0.0001969667126255	20308	4	20308	0
PflaHELEm	OZ251425.1	15240001	15270000	0.008174118573961	20308	166	20308	0
PflaHELAf	OZ251425.1	15240001	15270000	0.0075832184360843	20308	154	20308	0
PflaKGBDf	OZ251425.1	15240001	15270000	0.0036931258617293	20308	75	20308	0
PflaHELAf	OZ251425.1	15270001	15300000	0.0080073209791809	17484	140	17484	0
PflaKGBDf	OZ251425.1	15270001	15300000	0.0024593914436055	17484	43	17484	0
PflaHELEm	OZ251425.1	15270001	15300000	0.0089796385266529	17484	157	17484	0
PflaKGBHm	OZ251425.1	15270001	15300000	0.0056623198352779	17484	99	17484	0
PflaHELAf	OZ251425.1	15300001	15330000	0.0045739046701974	16616	76	16616	0
PflaKGBDf	OZ251425.1	15300001	15330000	0.0036711603273952	16616	61	16616	0
PflaKGBHm	OZ251425.1	15300001	15330000	0.0060182956186807	16616	100	16616	0
PflaHELEm	OZ251425.1	15300001	15330000	0.0081848820414058	16616	136	16616	0
PflaHELEm	OZ251425.1	15330001	15360000	0.0055413887799136	20392	113	20392	0
PflaKGBDf	OZ251425.1	15330001	15360000	0.0067673597489211	20392	138	20392	0
PflaHELAf	OZ251425.1	15330001	15360000	0.0079933307179286	20392	163	20392	0
PflaKGBHm	OZ251425.1	15330001	15360000	0.0070615927814829	20392	144	20392	0
PflaHELEm	OZ251425.1	15360001	15390000	0.0080684358899582	20574	166	20574	0
PflaHELAf	OZ251425.1	15360001	15390000	0.0084086711383299	20574	173	20574	0
PflaKGBDf	OZ251425.1	15360001	15390000	0.0077980309971732	20518	160	20518	56
PflaKGBHm	OZ251425.1	15360001	15390000	0.0088947214931466	20574	183	20574	0
PflaKGBHm	OZ251425.1	15390001	15420000	0.0084588558284484	13477	114	13477	0
PflaHELEm	OZ251425.1	15390001	15420000	0.0107590710098686	13477	145	13477	0
PflaKGBDf	OZ251425.1	15390001	15420000	0.0097224283805848	13474	131	13474	3
PflaHELAf	OZ251425.1	15390001	15420000	0.0084588558284484	13477	114	13477	0
PflaKGBHm	OZ251425.1	15420001	15450000	0.0054938894494898	17838	98	17838	0
PflaHELEm	OZ251425.1	15420001	15450000	0.0096423365848189	17838	172	17838	0
PflaKGBDf	OZ251425.1	15420001	15450000	0.0037587657784011	17825	67	17825	13
PflaHELAf	OZ251425.1	15420001	15450000	0.0072878125350375	17838	130	17838	0
PflaKGBDf	OZ251425.1	15450001	15480000	0.0041183077499064	16026	66	16026	0
PflaHELAf	OZ251425.1	15450001	15480000	0.0052414825907899	16026	84	16026	0
PflaKGBHm	OZ251425.1	15450001	15480000	0.0094221889429676	16026	151	16026	0
PflaHELEm	OZ251425.1	15450001	15480000	0.0127917134656183	16026	205	16026	0
PflaKGBHm	OZ251425.1	15480001	15510000	0.008263941458491	15852	131	15852	0
PflaKGBDf	OZ251425.1	15480001	15510000	0.0005677517032551	15852	9	15852	0
PflaHELAf	OZ251425.1	15480001	15510000	0.0092732778198334	15852	147	15852	0
PflaHELEm	OZ251425.1	15480001	15510000	0.0153292959878879	15852	243	15852	0
PflaHELEm	OZ251425.1	15510001	15540000	0.0121120785889707	17916	217	17916	0
PflaKGBHm	OZ251425.1	15510001	15540000	0.0058606831882116	17916	105	17916	0
PflaKGBDf	OZ251425.1	15510001	15540000	0.0089305648582272	17916	160	17916	0
PflaHELAf	OZ251425.1	15510001	15540000	0.0061955793703951	17916	111	17916	0
PflaKGBHm	OZ251425.1	15540001	15570000	0.0077641380757528	19062	148	19062	0
PflaHELEm	OZ251425.1	15540001	15570000	0.0103346973035358	19062	197	19062	0
PflaKGBDf	OZ251425.1	15540001	15570000	0.0070821529745042	19062	135	19062	0
PflaHELAf	OZ251425.1	15540001	15570000	0.0058319760416119	19033	111	19033	29
PflaHELAf	OZ251425.1	15570001	15600000	0.0077474223801479	17167	133	17167	0
PflaKGBDf	OZ251425.1	15570001	15600000	0.0058251296091338	17167	100	17167	0
PflaHELEm	OZ251425.1	15570001	15600000	0.0089124483019747	17167	153	17167	0
PflaKGBHm	OZ251425.1	15570001	15600000	0.008446437933244	17167	145	17167	0
PflaHELEm	OZ251425.1	15600001	15630000	0.0116662872752105	17572	205	17572	0
PflaHELAf	OZ251425.1	15600001	15630000	0.0081379467334395	17572	143	17572	0
PflaKGBDf	OZ251425.1	15600001	15630000	0.0108695652173913	17572	191	17572	0
PflaKGBHm	OZ251425.1	15600001	15630000	0.0069428636467106	17572	122	17572	0
PflaHELAf	OZ251425.1	15630001	15660000	0.0085865625871201	17935	154	17935	0
PflaKGBHm	OZ251425.1	15630001	15660000	0.0040702536938946	17935	73	17935	0
PflaHELEm	OZ251425.1	15630001	15660000	0.0101477557847783	17935	182	17935	0
PflaKGBDf	OZ251425.1	15630001	15660000	0.0071752900947362	17839	128	17839	96
PflaKGBHm	OZ251425.1	15660001	15690000	0.0068209893119931	18619	127	18619	0
PflaHELEm	OZ251425.1	15660001	15690000	0.0113325098018153	18619	211	18619	0
PflaKGBDf	OZ251425.1	15660001	15690000	0.0070358236210322	18619	131	18619	0
PflaHELAf	OZ251425.1	15660001	15690000	0.007846509378191	18607	146	18607	12
PflaHELAf	OZ251425.1	15690001	15720000	0.0049832026875699	17860	89	17860	10
PflaKGBDf	OZ251425.1	15690001	15720000	0.0061982306868766	17747	110	17747	123
PflaKGBHm	OZ251425.1	15690001	15720000	0.0069949636261891	17870	125	17870	0
PflaHELEm	OZ251425.1	15690001	15720000	0.0068270844991606	17870	122	17870	0
PflaHELAf	OZ251425.1	15720001	15750000	0.0079387743446227	17509	139	17509	0
PflaKGBDf	OZ251425.1	15720001	15750000	0.0055400079958878	17509	97	17509	0
PflaHELEm	OZ251425.1	15720001	15750000	0.0066822776857616	17509	117	17509	0
PflaKGBHm	OZ251425.1	15720001	15750000	0.006225369809812	17509	109	17509	0
PflaKGBHm	OZ251425.1	15750001	15780000	0.0076770520120273	15631	120	15631	78
PflaHELEm	OZ251425.1	15750001	15780000	0.0122222929530842	15709	192	15709	0
PflaKGBDf	OZ251425.1	15750001	15780000	0.0021917101785599	15513	34	15513	196
PflaHELAf	OZ251425.1	15750001	15780000	0.0073843019924883	15709	116	15709	0
PflaHELAf	OZ251425.1	15780001	15810000	0.0044776119402985	16080	72	16080	0
PflaKGBDf	OZ251425.1	15780001	15810000	0.0047263681592039	16080	76	16080	0
PflaHELEm	OZ251425.1	15780001	15810000	0.0065298507462686	16080	105	16080	0
PflaKGBHm	OZ251425.1	15780001	15810000	0.0049751243781094	16080	80	16080	0
PflaHELAf	OZ251425.1	15810001	15840000	0.0080404616781221	15422	124	15422	0
PflaKGBDf	OZ251425.1	15810001	15840000	0.0035663338088445	15422	55	15422	0
PflaHELEm	OZ251425.1	15810001	15840000	0.0062897159901439	15422	97	15422	0
PflaKGBHm	OZ251425.1	15810001	15840000	0.0028530670470756	15422	44	15422	0
PflaKGBHm	OZ251425.1	15840001	15870000	0.0081727646676769	18476	151	18476	0
PflaHELEm	OZ251425.1	15840001	15870000	0.0068737822039402	18476	127	18476	0
PflaHELAf	OZ251425.1	15840001	15870000	0.0051418055856245	18476	95	18476	0
PflaKGBDf	OZ251425.1	15840001	15870000	0.0087140073609006	18476	161	18476	0
PflaHELAf	OZ251425.1	15870001	15900000	0.0051182492057889	16998	87	16998	0
PflaKGBDf	OZ251425.1	15870001	15900000	0.0033535329764076	16997	57	16997	1
PflaHELEm	OZ251425.1	15870001	15900000	0.0067655018237439	16998	115	16998	0
PflaKGBHm	OZ251425.1	15870001	15900000	0.00188257442052	16998	32	16998	0
PflaHELEm	OZ251425.1	15900001	15930000	0.0090708360685086	16757	152	16757	0
PflaKGBHm	OZ251425.1	15900001	15930000	0.0029838276541146	16757	50	16757	0
PflaHELAf	OZ251425.1	15900001	15930000	0.0075789222414513	16757	127	16757	0
PflaKGBDf	OZ251425.1	15900001	15930000	0.0051918601181595	16757	87	16757	0
PflaHELAf	OZ251425.1	15930001	15960000	0.0029182455681867	22959	67	22959	0
PflaKGBDf	OZ251425.1	15930001	15960000	0.0060978265603902	22959	140	22959	0
PflaHELEm	OZ251425.1	15930001	15960000	0.0058800470403763	22959	135	22959	0
PflaKGBHm	OZ251425.1	15930001	15960000	0.0040506990722592	22959	93	22959	0
PflaHELAf	OZ251425.1	15960001	15990000	0.0066019417475728	20600	136	20600	0
PflaKGBDf	OZ251425.1	15960001	15990000	0.006504854368932	20600	134	20600	0
PflaHELEm	OZ251425.1	15960001	15990000	0.009126213592233	20600	188	20600	0
PflaKGBHm	OZ251425.1	15960001	15990000	0.0075242718446601	20600	155	20600	0
PflaHELAf	OZ251425.1	15990001	16020000	0.0082402490386376	21844	180	21844	0
PflaKGBDf	OZ251425.1	15990001	16020000	0.0068668741988646	21844	150	21844	0
PflaHELEm	OZ251425.1	15990001	16020000	0.0092931697491301	21844	203	21844	0
PflaKGBHm	OZ251425.1	15990001	16020000	0.00659219923091	21844	144	21844	0
PflaKGBHm	OZ251425.1	16020001	16050000	0.0072533575111917	17647	128	17647	0
PflaKGBDf	OZ251425.1	16020001	16050000	0.0039269250469523	17571	69	17571	76
PflaHELEm	OZ251425.1	16020001	16050000	0.0083866946223154	17647	148	17647	0
PflaHELAf	OZ251425.1	16020001	16050000	0.0066300221000736	17647	117	17647	0
PflaHELAf	OZ251425.1	16050001	16080000	0.0065359477124183	20655	135	20655	0
PflaKGBDf	OZ251425.1	16050001	16080000	0.0060518034374243	20655	125	20655	0
PflaKGBHm	OZ251425.1	16050001	16080000	0.0079399661099007	20655	164	20655	0
PflaHELEm	OZ251425.1	16050001	16080000	0.0089082546598886	20655	184	20655	0
PflaKGBHm	OZ251425.1	16080001	16110000	0.0056863952992465	21103	120	21103	0
PflaHELEm	OZ251425.1	16080001	16110000	0.0104250580486186	21103	220	21103	0
PflaKGBDf	OZ251425.1	16080001	16110000	0.0063971947116523	21103	135	21103	0
PflaHELAf	OZ251425.1	16080001	16110000	0.0080557266739326	21103	170	21103	0
PflaHELAf	OZ251425.1	16110001	16140000	0.0081557357153259	20599	168	20599	0
PflaKGBHm	OZ251425.1	16110001	16140000	0.00330113112287	20599	68	20599	0
PflaHELEm	OZ251425.1	16110001	16140000	0.0040293218117384	20599	83	20599	0
PflaKGBDf	OZ251425.1	16110001	16140000	0.0056313413272488	20599	116	20599	0
PflaHELEm	OZ251425.1	16140001	16170000	0.0056631249662909	18541	105	18541	0
PflaKGBDf	OZ251425.1	16140001	16170000	0.0043147618790787	18541	80	18541	0
PflaHELAf	OZ251425.1	16140001	16170000	0.0049080416374521	18541	91	18541	0
PflaKGBHm	OZ251425.1	16140001	16170000	0.0045844344965212	18541	85	18541	0
PflaHELAf	OZ251425.1	16170001	16200000	0.0049143372407574	22180	109	22180	0
PflaHELEm	OZ251425.1	16170001	16200000	0.0031109107303877	22180	69	22180	0
PflaKGBHm	OZ251425.1	16170001	16200000	0.0036519386834986	22180	81	22180	0
PflaKGBDf	OZ251425.1	16170001	16200000	0.0037421100090171	22180	83	22180	0
PflaKGBDf	OZ251425.1	16200001	16230000	0.0002354603249352	21235	5	21235	0
PflaHELEm	OZ251425.1	16200001	16230000	0.0032022604191193	21235	68	21235	0
PflaHELAf	OZ251425.1	16200001	16230000	0.0069225335530963	21235	147	21235	0
PflaKGBHm	OZ251425.1	16200001	16230000	0.0040970096538733	21235	87	21235	0
PflaKGBHm	OZ251425.1	16230001	16260000	0.0010229655772083	19551	20	19551	0
PflaHELEm	OZ251425.1	16230001	16260000	0.0046033450974374	19551	90	19551	0
PflaKGBDf	OZ251425.1	16230001	16260000	0.0016367449235333	19551	32	19551	0
PflaHELAf	OZ251425.1	16230001	16260000	0.004552196818577	19551	89	19551	0
PflaKGBHm	OZ251425.1	16260001	16290000	0.0007873286402371	21592	17	21592	0
PflaHELEm	OZ251425.1	16260001	16290000	0.0033345683586513	21592	72	21592	0
PflaKGBDf	OZ251425.1	16260001	16290000	0.0029640607632456	21592	64	21592	0
PflaHELAf	OZ251425.1	16260001	16290000	0.0036587625046313	21592	79	21592	0
PflaHELEm	OZ251425.1	16290001	16320000	0.0054396092362344	18016	98	18016	0
PflaKGBDf	OZ251425.1	16290001	16320000	0.005772646536412	18016	104	18016	0
PflaHELAf	OZ251425.1	16290001	16320000	0.004940053285968	18016	89	18016	0
PflaKGBHm	OZ251425.1	16290001	16320000	0.00233139050791	18015	42	18015	1
PflaHELAf	OZ251425.1	16320001	16350000	0.0052885816606979	24014	127	24014	0
PflaKGBDf	OZ251425.1	16320001	16350000	0.0054967935371033	24014	132	24014	0
PflaHELEm	OZ251425.1	16320001	16350000	0.00728741567419	24014	175	24014	0
PflaKGBHm	OZ251425.1	16320001	16350000	0.0033730323977679	24014	81	24014	0
PflaHELAf	OZ251425.1	16350001	16380000	0.0036693936477382	16624	61	16624	0
PflaKGBDf	OZ251425.1	16350001	16380000	0.0007226303745634	16606	12	16606	18
PflaHELEm	OZ251425.1	16350001	16380000	0.0033686236766121	16624	56	16624	0
PflaKGBHm	OZ251425.1	16350001	16380000	0.0015640038498556	16624	26	16624	0
PflaHELEm	OZ251425.1	16380001	16410000	0.0071299909936955	13324	95	13324	0
PflaKGBHm	OZ251425.1	16380001	16410000	0.0051786250375262	13324	69	13324	0
PflaKGBDf	OZ251425.1	16380001	16410000	0.0015010507355148	13324	20	13324	0
PflaHELAf	OZ251425.1	16380001	16410000	0.0064545181627139	13324	86	13324	0
PflaHELAf	OZ251425.1	16410001	16440000	0.0066208681800079	20088	133	20088	0
PflaKGBDf	OZ251425.1	16410001	16440000	0.0045300677021107	20088	91	20088	0
PflaHELEm	OZ251425.1	16410001	16440000	0.0084129828753484	20088	169	20088	0
PflaKGBHm	OZ251425.1	16410001	16440000	0.0063221823974512	20088	127	20088	0
PflaHELAf	OZ251425.1	16440001	16470000	0.0055147940344314	20853	115	20853	0
PflaKGBDf	OZ251425.1	16440001	16470000	0.0026376366775369	20852	55	20852	1
PflaHELEm	OZ251425.1	16440001	16470000	0.0049872919963554	20853	104	20853	0
PflaKGBHm	OZ251425.1	16440001	16470000	0.0080084400326092	20853	167	20853	0
PflaHELEm	OZ251425.1	16470001	16500000	0.0074572382144347	19176	143	19176	0
PflaHELAf	OZ251425.1	16470001	16500000	0.0076180537438038	19165	146	19165	11
PflaKGBDf	OZ251425.1	16470001	16500000	0.0015123070504797	19176	29	19176	0
PflaKGBHm	OZ251425.1	16470001	16500000	0.0049019607843137	19176	94	19176	0
PflaHELEm	OZ251425.1	16500001	16530000	0.0044954035761188	19798	89	19798	0
PflaKGBHm	OZ251425.1	16500001	16530000	0.0024244873219517	19798	48	19798	0
PflaKGBDf	OZ251425.1	16500001	16530000	0.0023235843814719	19797	46	19797	1
PflaHELAf	OZ251425.1	16500001	16530000	0.0045964238812001	19798	91	19798	0
PflaKGBHm	OZ251425.1	16530001	16560000	0.0081766603626654	17978	147	17978	0
PflaHELEm	OZ251425.1	16530001	16560000	0.0070641895650239	17978	127	17978	0
PflaKGBDf	OZ251425.1	16530001	16560000	0.0020024474357548	17978	36	17978	0
PflaHELAf	OZ251425.1	16530001	16560000	0.0082322839025475	17978	148	17978	0
PflaKGBDf	OZ251425.1	16560001	16590000	0.0062591687041564	20450	128	20450	0
PflaHELEm	OZ251425.1	16560001	16590000	0.0085574572127139	20450	175	20450	0
PflaKGBHm	OZ251425.1	16560001	16590000	0.0051344743276283	20450	105	20450	0
PflaHELAf	OZ251425.1	16560001	16590000	0.0046791114613603	20303	95	20303	147
PflaKGBHm	OZ251425.1	16590001	16620000	0.0084969894772381	17771	151	17771	0
PflaHELEm	OZ251425.1	16590001	16620000	0.0100163187215125	17771	178	17771	0
PflaKGBDf	OZ251425.1	16590001	16620000	0.0033762872094986	17771	60	17771	0
PflaHELAf	OZ251425.1	16590001	16620000	0.0019132294187158	17771	34	17771	0
PflaKGBHm	OZ251425.1	16620001	16650000	0.0042174591253105	17309	73	17309	0
PflaHELEm	OZ251425.1	16620001	16650000	0.0080882777745681	17309	140	17309	0
PflaKGBDf	OZ251425.1	16620001	16650000	0.0072216765844358	17309	125	17309	0
PflaHELAf	OZ251425.1	16620001	16650000	0.0005777341267548	17309	10	17309	0
PflaKGBHm	OZ251425.1	16650001	16680000	0.0001735106998264	17290	3	17290	9
PflaHELEm	OZ251425.1	16650001	16680000	0.0095959304006011	17299	166	17299	0
PflaKGBDf	OZ251425.1	16650001	16680000	0.002199074074074	17280	38	17280	19
PflaHELAf	OZ251425.1	16650001	16680000	0.0072836580149141	17299	126	17299	0
PflaHELEm	OZ251425.1	16680001	16710000	0.0133940824504583	18217	244	18217	0
PflaKGBHm	OZ251425.1	16680001	16710000	0.0095515178130317	18217	174	18217	0
PflaHELAf	OZ251425.1	16680001	16710000	0.0095515178130317	18217	174	18217	0
PflaKGBDf	OZ251425.1	16680001	16710000	0.0110885436680024	18217	202	18217	0
PflaHELEm	OZ251425.1	16710001	16740000	0.009921934021657	19855	197	19855	0
PflaKGBHm	OZ251425.1	16710001	16740000	0.0075547720977083	19855	150	19855	0
PflaKGBDf	OZ251425.1	16710001	16740000	0.0066481994459833	19855	132	19855	0
PflaHELAf	OZ251425.1	16710001	16740000	0.0042810375220347	19855	85	19855	0
PflaHELAf	OZ251425.1	16740001	16770000	0.0078312944669089	19537	153	19537	0
PflaHELEm	OZ251425.1	16740001	16770000	0.0089061780211905	19537	174	19537	0
PflaKGBHm	OZ251425.1	16740001	16770000	0.0080872191226902	19537	158	19537	0
PflaKGBDf	OZ251425.1	16740001	16770000	0.0092132876081281	19537	180	19537	0
PflaHELAf	OZ251425.1	16770001	16800000	0.008662342750185	22973	199	22973	0
PflaKGBDf	OZ251425.1	16770001	16800000	0.0091846950768293	22973	211	22973	0
PflaHELEm	OZ251425.1	16770001	16800000	0.0117529273494972	22973	270	22973	0
PflaKGBHm	OZ251425.1	16770001	16800000	0.009358812519044	22973	215	22973	0
PflaKGBHm	OZ251425.1	16800001	16830000	0.0082304526748971	23085	190	23085	0
PflaKGBDf	OZ251425.1	16800001	16830000	0.0068442711717565	23085	158	23085	0
PflaHELAf	OZ251425.1	16800001	16830000	0.0044807934919737	22987	103	22987	98
PflaHELEm	OZ251425.1	16800001	16830000	0.0071041802035954	23085	164	23085	0
PflaKGBHm	OZ251425.1	16830001	16860000	0.0072984808347299	18497	135	18497	0
PflaHELEm	OZ251425.1	16830001	16860000	0.0094069308536519	18497	174	18497	0
PflaKGBDf	OZ251425.1	16830001	16860000	0.0068659782667459	18497	127	18497	0
PflaHELAf	OZ251425.1	16830001	16860000	0.0054062820997999	18497	100	18497	0
PflaKGBHm	OZ251425.1	16860001	16890000	0.0067155443287536	16231	109	16231	0
PflaHELEm	OZ251425.1	16860001	16890000	0.0070235968208982	16231	114	16231	0
PflaKGBDf	OZ251425.1	16860001	16890000	0.0018483149528679	16231	30	16231	0
PflaHELAf	OZ251425.1	16860001	16890000	0.0041895138931673	16231	68	16231	0
PflaKGBHm	OZ251425.1	16890001	16920000	0.0064911648034619	19411	126	19411	0
PflaKGBDf	OZ251425.1	16890001	16920000	0.0061820617175828	19411	120	19411	0
PflaHELEm	OZ251425.1	16890001	16920000	0.0079336458708979	19411	154	19411	0
PflaHELAf	OZ251425.1	16890001	16920000	0.0043789603832878	19411	85	19411	0
PflaHELEm	OZ251425.1	16920001	16950000	0.0057412460209185	17592	101	17592	0
PflaHELAf	OZ251425.1	16920001	16950000	0.0039222373806275	17592	69	17592	0
PflaKGBHm	OZ251425.1	16920001	16950000	0.0042633015006821	17592	75	17592	0
PflaKGBDf	OZ251425.1	16920001	16950000	0.0039222373806275	17592	69	17592	0
PflaKGBHm	OZ251425.1	16950001	16980000	0.0039933444259567	21035	84	21035	0
PflaHELEm	OZ251425.1	16950001	16980000	0.0081293082956976	21035	171	21035	0
PflaKGBDf	OZ251425.1	16950001	16980000	0.0009032564772997	21035	19	21035	0
PflaHELAf	OZ251425.1	16950001	16980000	0.0056096981221773	21035	118	21035	0
PflaHELEm	OZ251425.1	16980001	17010000	0.0058332906923195	19543	114	19543	0
PflaKGBHm	OZ251425.1	16980001	17010000	0.0006651998157908	19543	13	19543	0
PflaKGBDf	OZ251425.1	16980001	17010000	0.0015913757700205	19480	31	19480	63
PflaHELAf	OZ251425.1	16980001	17010000	0.0058877739094818	19532	115	19532	11
PflaHELAf	OZ251425.1	17010001	17040000	0.0007333682556312	19090	14	19090	0
PflaHELEm	OZ251425.1	17010001	17040000	0.0006286013619696	19090	12	19090	0
PflaKGBHm	OZ251425.1	17010001	17040000	0.000261917234154	19090	5	19090	0
PflaKGBDf	OZ251425.1	17010001	17040000	0.000523834468308	19090	10	19090	0
PflaHELAf	OZ251425.1	17040001	17070000	0.0003330280576138	24022	8	24022	0
PflaKGBDf	OZ251425.1	17040001	17070000	0.0053700774290233	24022	129	24022	0
PflaHELEm	OZ251425.1	17040001	17070000	0.0005411705936225	24022	13	24022	0
PflaKGBHm	OZ251425.1	17040001	17070000	0.0070768462242943	24022	170	24022	0
PflaHELAf	OZ251425.1	17070001	17100000	0.0050012379301807	20195	101	20195	0
PflaKGBDf	OZ251425.1	17070001	17100000	0.0058925476603119	20195	119	20195	0
PflaHELEm	OZ251425.1	17070001	17100000	0.0026775089250297	20168	54	20168	27
PflaKGBHm	OZ251425.1	17070001	17100000	0.006288685318148	20195	127	20195	0
PflaKGBDf	OZ251425.1	17100001	17130000	0.0031306132922761	19485	61	19485	0
PflaHELAf	OZ251425.1	17100001	17130000	0.0058506543494996	19485	114	19485	0
PflaKGBHm	OZ251425.1	17100001	17130000	0.0062612265845522	19485	122	19485	0
PflaHELEm	OZ251425.1	17100001	17130000	0.0084680523479599	19485	165	19485	0
PflaHELEm	OZ251425.1	17130001	17160000	0.0036461046208795	26878	98	26878	0
PflaHELAf	OZ251425.1	17130001	17160000	0.0041297715603839	26878	111	26878	0
PflaKGBDf	OZ251425.1	17130001	17160000	0.0022695141007515	26878	61	26878	0
PflaKGBHm	OZ251425.1	17130001	17160000	0.0043530024555398	26878	117	26878	0
PflaHELAf	OZ251425.1	17160001	17190000	0.0062768119214269	22145	139	22145	0
PflaKGBDf	OZ251425.1	17160001	17190000	0.005102731993678	22145	113	22145	0
PflaHELEm	OZ251425.1	17160001	17190000	0.0088055994581169	22145	195	22145	0
PflaKGBHm	OZ251425.1	17160001	17190000	0.0023481598554978	22145	52	22145	0
PflaHELAf	OZ251425.1	17190001	17220000	0.0044391952431375	24554	109	24554	0
PflaKGBDf	OZ251425.1	17190001	17220000	0.0031359452635008	24554	77	24554	0
PflaHELEm	OZ251425.1	17190001	17220000	0.0050093671092286	24554	123	24554	0
PflaKGBHm	OZ251425.1	17190001	17220000	0.004846460861774	24554	119	24554	0
PflaKGBHm	OZ251425.1	17220001	17250000	0.0059933690385105	23526	141	23526	0
PflaHELEm	OZ251425.1	17220001	17250000	0.0019552835161098	23526	46	23526	0
PflaHELAf	OZ251425.1	17220001	17250000	0.0031454560911332	23526	74	23526	0
PflaKGBDf	OZ251425.1	17220001	17250000	0.002337838986653	23526	55	23526	0
PflaKGBDf	OZ251425.1	17250001	17280000	0.0058257220439397	20255	118	20255	0
PflaKGBHm	OZ251425.1	17250001	17280000	0.0060232041471241	20255	122	20255	0
PflaHELEm	OZ251425.1	17250001	17280000	0.0066156504566773	20255	134	20255	0
PflaHELAf	OZ251425.1	17250001	17280000	0.0005924463095531	20255	12	20255	0
PflaHELAf	OZ251425.1	17280001	17310000	0.00637288805454	20242	129	20242	0
PflaKGBDf	OZ251425.1	17280001	17310000	0.0017290781543325	20242	35	20242	0
PflaHELEm	OZ251425.1	17280001	17310000	0.0094358264993577	20242	191	20242	0
PflaKGBHm	OZ251425.1	17280001	17310000	0.0055330500938642	20242	112	20242	0
PflaKGBHm	OZ251425.1	17310001	17340000	0.0027946419967235	20754	58	20754	0
PflaHELAf	OZ251425.1	17310001	17340000	0.0074202563361279	20754	154	20754	0
PflaKGBDf	OZ251425.1	17310001	17340000	0.0049628987183193	20754	103	20754	0
PflaHELEm	OZ251425.1	17310001	17340000	0.0103112652982557	20754	214	20754	0
PflaKGBDf	OZ251425.1	17340001	17370000	0.0067947687586761	13687	93	13687	60
PflaHELEm	OZ251425.1	17340001	17370000	0.0101840401542154	13747	140	13747	0
PflaKGBHm	OZ251425.1	17340001	17370000	0.0106204990179675	13747	146	13747	0
PflaHELAf	OZ251425.1	17340001	17370000	0.0058921946606532	13747	81	13747	0
PflaKGBDf	OZ251425.1	17370001	17400000	0.0085683481813539	17623	151	17623	0
PflaHELEm	OZ251425.1	17370001	17400000	0.0102139249843953	17623	180	17623	0
PflaHELAf	OZ251425.1	17370001	17400000	0.0088520683198093	17623	156	17623	0
PflaKGBHm	OZ251425.1	17370001	17400000	0.0089655563751915	17623	158	17623	0
PflaHELAf	OZ251425.1	17400001	17430000	0.0068902894989851	18722	129	18722	0
PflaKGBDf	OZ251425.1	17400001	17430000	0.0050208311077876	18722	94	18722	0
PflaHELEm	OZ251425.1	17400001	17430000	0.0088665740839653	18722	166	18722	0
PflaKGBHm	OZ251425.1	17400001	17430000	0.0036320905886123	18722	68	18722	0
PflaKGBHm	OZ251425.1	17430001	17460000	0.0003918751224609	15311	6	15311	0
PflaHELEm	OZ251425.1	17430001	17460000	0.0037881261837894	15311	58	15311	0
PflaKGBDf	OZ251425.1	17430001	17460000	0.0050943765919926	15311	78	15311	0
PflaHELAf	OZ251425.1	17430001	17460000	0.0046371889491215	15311	71	15311	0
PflaHELAf	OZ251425.1	17460001	17490000	0.0064448519779931	19085	123	19085	0
PflaKGBDf	OZ251425.1	17460001	17490000	0.0043494209505842	19083	83	19083	2
PflaHELEm	OZ251425.1	17460001	17490000	0.0054493057374901	19085	104	19085	0
PflaKGBHm	OZ251425.1	17460001	17490000	0.0003143830233167	19085	6	19085	0
PflaKGBHm	OZ251425.1	17490001	17520000	0.0016006895277965	16243	26	16243	0
PflaHELEm	OZ251425.1	17490001	17520000	0.006525888074863	16243	106	16243	0
PflaKGBDf	OZ251425.1	17490001	17520000	0.0019085144369882	16243	31	16243	0
PflaHELAf	OZ251425.1	17490001	17520000	0.0032760539003585	16178	53	16178	65
PflaKGBHm	OZ251425.1	17520001	17550000	0.0017484370032849	18874	33	18874	0
PflaHELEm	OZ251425.1	17520001	17550000	0.0105436049592031	18874	199	18874	0
PflaKGBDf	OZ251425.1	17520001	17550000	0.0025431810956871	18874	48	18874	0
PflaHELAf	OZ251425.1	17520001	17550000	0.0058281233442831	18874	110	18874	0
PflaKGBHm	OZ251425.1	17550001	17580000	0.0019163763066202	17220	33	17220	3
PflaKGBDf	OZ251425.1	17550001	17580000	0.0046449515183185	17223	80	17223	0
PflaHELAf	OZ251425.1	17550001	17580000	0.0085350984149102	17223	147	17223	0
PflaHELEm	OZ251425.1	17550001	17580000	0.0120188120536491	17223	207	17223	0
PflaKGBDf	OZ251425.1	17580001	17610000	0.0062009329844123	17578	109	17578	0
PflaHELAf	OZ251425.1	17580001	17610000	0.0058595972238024	17578	103	17578	0
PflaKGBHm	OZ251425.1	17580001	17610000	0.0051200364091477	17578	90	17578	0
PflaHELEm	OZ251425.1	17580001	17610000	0.006883604505632	17578	121	17578	0
PflaKGBHm	OZ251425.1	17610001	17640000	0.0037949649901117	18709	71	18709	9
PflaHELEm	OZ251425.1	17610001	17640000	0.0045410834490864	18718	85	18718	0
PflaHELAf	OZ251425.1	17610001	17640000	0.0034725932257719	18718	65	18718	0
PflaKGBDf	OZ251425.1	17610001	17640000	0.0068383374292125	18718	128	18718	0
PflaHELEm	OZ251425.1	17640001	17670000	0.0062364977785024	24533	153	24533	0
PflaHELAf	OZ251425.1	17640001	17670000	0.000407614233889	24533	10	24533	0
PflaKGBDf	OZ251425.1	17640001	17670000	0.0044837565727795	24533	110	24533	0
PflaKGBHm	OZ251425.1	17640001	17670000	0.0047690865365018	24533	117	24533	0
PflaHELEm	OZ251425.1	17670001	17700000	0.007822512927034	22627	177	22627	0
PflaKGBHm	OZ251425.1	17670001	17700000	0.0067176382198258	22627	152	22627	0
PflaKGBDf	OZ251425.1	17670001	17700000	0.0045078888054094	22627	102	22627	0
PflaHELAf	OZ251425.1	17670001	17700000	0.0034030140982012	22627	77	22627	0
PflaKGBDf	OZ251425.1	17700001	17730000	0.0034231059652655	19865	68	19865	0
PflaHELAf	OZ251425.1	17700001	17730000	0.0059904354392146	19865	119	19865	0
PflaHELEm	OZ251425.1	17700001	17730000	0.0077019884218474	19865	153	19865	0
PflaKGBHm	OZ251425.1	17700001	17730000	0.0064938333752831	19865	129	19865	0
PflaKGBHm	OZ251425.1	17730001	17760000	0.0010451505016722	9568	10	9568	135
PflaHELEm	OZ251425.1	17730001	17760000	0.0055790887488376	9679	54	9679	24
PflaKGBDf	OZ251425.1	17730001	17760000	0.0041224363598886	9703	40	9703	0
PflaHELAf	OZ251425.1	17730001	17760000	0.0010545186122535	9483	10	9483	220
PflaHELAf	OZ251425.1	17760001	17790000	0.0055478502080443	4326	24	4326	36
PflaKGBHm	OZ251425.1	17760001	17790000	0.0091701054562127	4362	40	4362	0
PflaHELEm	OZ251425.1	17760001	17790000	0.0103163686382393	4362	45	4362	0
PflaKGBDf	OZ251425.1	17760001	17790000	0.0087116001834021	4362	38	4362	0
PflaHELEm	OZ251425.1	17790001	17820000	0.013715710723192	802	11	802	1
PflaKGBDf	OZ251425.1	17790001	17820000	0.0065274151436031	766	5	766	37
PflaHELAf	OZ251425.1	17790001	17820000	0.0039164490861618	766	3	766	37
PflaKGBHm	OZ251425.1	17790001	17820000	0.01	800	8	800	3
PflaKGBDf	OZ251425.1	17820001	17850000	0.0060882800608828	1314	8	1314	0
PflaHELEm	OZ251425.1	17820001	17850000	0.0019323671497584	1035	2	1035	279
PflaHELAf	OZ251425.1	17820001	17850000	0.0	766	0	766	548
PflaKGBHm	OZ251425.1	17820001	17850000	0.0045558086560364	878	4	878	436
PflaKGBDf	OZ251425.1	17850001	17880000	0.0	5	0	5	0
PflaHELEm	OZ251425.1	17850001	17880000	0.0	5	0	5	0
PflaKGBHm	OZ251425.1	17850001	17880000	0.0	5	0	5	0
PflaHELAf	OZ251425.1	17850001	17880000	0.0	5	0	5	0
PflaKGBHm	OZ251425.1	17880001	17910000	0.0	520	0	520	0
PflaHELAf	OZ251425.1	17880001	17910000	0.0	181	0	181	339
PflaKGBDf	OZ251425.1	17880001	17910000	0.0	442	0	442	78
PflaHELEm	OZ251425.1	17880001	17910000	0.0057692307692307	520	3	520	0
PflaKGBDf	OZ251425.1	17910001	17940000	0.0	178	0	178	0
PflaHELEm	OZ251425.1	17910001	17940000	0.0	178	0	178	0
PflaHELAf	OZ251425.1	17910001	17940000	0.0	5	0	5	173
PflaKGBHm	OZ251425.1	17910001	17940000	0.0	178	0	178	0
PflaKGBHm	OZ251425.1	17940001	17970000	0.0	92	0	92	0
PflaHELEm	OZ251425.1	17940001	17970000	0.0	92	0	92	0
PflaKGBDf	OZ251425.1	17940001	17970000	0.0	92	0	92	0
PflaHELAf	OZ251425.1	17940001	17970000	NA	0	0	0	92
PflaKGBHm	OZ251425.1	17970001	18000000	0.005050505050505	2970	15	2970	0
PflaHELEm	OZ251425.1	17970001	18000000	0.0094276094276094	2970	28	2970	0
PflaKGBDf	OZ251425.1	17970001	18000000	0.0057239057239057	2970	17	2970	0
PflaHELAf	OZ251425.1	17970001	18000000	0.0024407252440725	2868	7	2868	102
PflaHELAf	OZ251425.1	18000001	18030000	0.0028918449971081	10374	30	10374	0
PflaKGBDf	OZ251425.1	18000001	18030000	0.0052053209947946	10374	54	10374	0
PflaHELEm	OZ251425.1	18000001	18030000	0.0037593984962406	10374	39	10374	0
PflaKGBHm	OZ251425.1	18000001	18030000	0.0050125313283208	10374	52	10374	0
PflaKGBHm	OZ251425.1	18030001	18060000	0.0049477735019241	5457	27	5457	42
PflaHELAf	OZ251425.1	18030001	18060000	0.0032786885245901	5490	18	5490	9
PflaKGBDf	OZ251425.1	18030001	18060000	0.005819239861793	5499	32	5499	0
PflaHELEm	OZ251425.1	18030001	18060000	0.0043835616438356	5475	24	5475	24
PflaKGBHm	OZ251425.1	18060001	18090000	0.0067287784679089	1932	13	1932	0
PflaHELEm	OZ251425.1	18060001	18090000	0.010351966873706	1932	20	1932	0
PflaHELAf	OZ251425.1	18060001	18090000	0.0067287784679089	1932	13	1932	0
PflaKGBDf	OZ251425.1	18060001	18090000	0.0072463768115942	1932	14	1932	0
PflaKGBHm	OZ251425.1	18090001	18120000	0.0059113985673551	14379	85	14379	0
PflaHELEm	OZ251425.1	18090001	18120000	0.0052159399123722	14379	75	14379	0
PflaHELAf	OZ251425.1	18090001	18120000	0.0058418527018568	14379	84	14379	0
PflaKGBDf	OZ251425.1	18090001	18120000	0.007302315877321	14379	105	14379	0
PflaKGBHm	OZ251425.1	18120001	18150000	0.0049099836333878	3055	15	3055	47
PflaHELEm	OZ251425.1	18120001	18150000	0.0035971223021582	3058	11	3058	44
PflaKGBDf	OZ251425.1	18120001	18150000	0.0061250805931656	3102	19	3102	0
PflaHELAf	OZ251425.1	18120001	18150000	0.0032237266279819	3102	10	3102	0
PflaKGBHm	OZ251425.1	18150001	18180000	0.0055942852224804	11619	65	11619	0
PflaHELEm	OZ251425.1	18150001	18180000	0.0064549444874774	11619	75	11619	0
PflaKGBDf	OZ251425.1	18150001	18180000	0.0036147689129873	11619	42	11619	0
PflaHELAf	OZ251425.1	18150001	18180000	0.0050778896634822	11619	59	11619	0
PflaHELEm	OZ251425.1	18180001	18210000	0.0063966958799234	19854	127	19854	0
PflaKGBHm	OZ251425.1	18180001	18210000	0.0064470635640173	19854	128	19854	0
PflaHELAf	OZ251425.1	18180001	18210000	0.0049864007252946	19854	99	19854	0
PflaKGBDf	OZ251425.1	18180001	18210000	0.0048352976730129	19854	96	19854	0
PflaHELEm	OZ251425.1	18210001	18240000	0.0079960567391423	18259	146	18259	0
PflaKGBHm	OZ251425.1	18210001	18240000	0.007393614108111	18259	135	18259	0
PflaKGBDf	OZ251425.1	18210001	18240000	0.006572101429432	18259	120	18259	0
PflaHELAf	OZ251425.1	18210001	18240000	0.0072840790842872	18259	133	18259	0
PflaKGBHm	OZ251425.1	18240001	18270000	0.0046868134550602	20483	96	20483	0
PflaHELEm	OZ251425.1	18240001	18270000	0.0054679490309036	20483	112	20483	0
PflaKGBDf	OZ251425.1	18240001	18270000	0.0042962456671386	20483	88	20483	0
PflaHELAf	OZ251425.1	18240001	18270000	0.0058096958453351	20483	119	20483	0
PflaHELAf	OZ251425.1	18270001	18300000	0.0024468770122343	15530	38	15530	0
PflaHELEm	OZ251425.1	18270001	18300000	0.0048293625241468	15530	75	15530	0
PflaKGBHm	OZ251425.1	18270001	18300000	0.0020605280103026	15530	32	15530	0
PflaKGBDf	OZ251425.1	18270001	18300000	0.0054088860270444	15530	84	15530	0
PflaHELEm	OZ251425.1	18300001	18330000	0.0049731999778968	18097	90	18097	0
PflaHELAf	OZ251425.1	18300001	18330000	5.549697541483989e-05	18019	1	18019	78
PflaKGBDf	OZ251425.1	18300001	18330000	0.0054705199756865	18097	99	18097	0
PflaKGBHm	OZ251425.1	18300001	18330000	0.0002762888876609	18097	5	18097	0
PflaHELEm	OZ251425.1	18330001	18360000	0.0116048475945648	13615	158	13615	0
PflaKGBHm	OZ251425.1	18330001	18360000	0.0091411721341688	13565	124	13565	50
PflaKGBDf	OZ251425.1	18330001	18360000	0.0097686375321336	13615	133	13615	0
PflaHELAf	OZ251425.1	18330001	18360000	0.0068307014322438	13615	93	13615	0
PflaKGBHm	OZ251425.1	18360001	18390000	0.0047156571043619	17813	84	17813	0
PflaHELEm	OZ251425.1	18360001	18390000	0.0111154774602818	17813	198	17813	0
PflaKGBDf	OZ251425.1	18360001	18390000	0.0097120080839836	17813	173	17813	0
PflaHELAf	OZ251425.1	18360001	18390000	0.0093820224719101	17800	167	17800	13
PflaKGBDf	OZ251425.1	18390001	18420000	0.0046950890447922	18530	87	18530	63
PflaKGBHm	OZ251425.1	18390001	18420000	0.0075834991663529	18593	141	18593	0
PflaHELEm	OZ251425.1	18390001	18420000	0.0085516054429086	18593	159	18593	0
PflaHELAf	OZ251425.1	18390001	18420000	0.0028088370334359	18513	52	18513	80
PflaHELEm	OZ251425.1	18420001	18450000	0.0072086317551855	21502	155	21502	0
PflaKGBHm	OZ251425.1	18420001	18450000	0.0071156171518928	21502	153	21502	0
PflaHELAf	OZ251425.1	18420001	18450000	0.0071156171518928	21502	153	21502	0
PflaKGBDf	OZ251425.1	18420001	18450000	0.0006511325054648	21501	14	21501	1
PflaKGBHm	OZ251425.1	18450001	18480000	0.0094609674445684	20611	195	20611	0
PflaHELEm	OZ251425.1	18450001	18480000	0.0068410072291494	20611	141	20611	0
PflaKGBDf	OZ251425.1	18450001	18480000	0.0013584978894764	20611	28	20611	0
PflaHELAf	OZ251425.1	18450001	18480000	0.0064043471932463	20611	132	20611	0
PflaKGBHm	OZ251425.1	18480001	18510000	0.0090960773166571	19349	176	19349	0
PflaHELEm	OZ251425.1	18480001	18510000	0.0113184143883404	19349	219	19349	0
PflaKGBDf	OZ251425.1	18480001	18510000	0.0069254225024549	19349	134	19349	0
PflaHELAf	OZ251425.1	18480001	18510000	0.0094588308264847	19347	183	19347	2
PflaKGBDf	OZ251425.1	18510001	18540000	0.0042356185973207	20304	86	20304	0
PflaHELAf	OZ251425.1	18510001	18540000	0.0067474389282899	20304	137	20304	0
PflaHELEm	OZ251425.1	18510001	18540000	0.0096040189125295	20304	195	20304	0
PflaKGBHm	OZ251425.1	18510001	18540000	0.007633963750985	20304	155	20304	0
PflaHELAf	OZ251425.1	18540001	18570000	0.0080310461919905	18553	149	18553	0
PflaKGBDf	OZ251425.1	18540001	18570000	0.0021109607577807	18475	39	18475	78
PflaKGBHm	OZ251425.1	18540001	18570000	0.0060906591925834	18553	113	18553	0
PflaHELEm	OZ251425.1	18540001	18570000	0.0088610330667819	18508	164	18508	45
PflaKGBHm	OZ251425.1	18570001	18600000	0.0080248935473304	18318	147	18318	0
PflaHELEm	OZ251425.1	18570001	18600000	0.0082432579975979	18318	151	18318	0
PflaKGBDf	OZ251425.1	18570001	18600000	0.0012555955890381	18318	23	18318	0
PflaHELAf	OZ251425.1	18570001	18600000	0.0059504312697892	18318	109	18318	0
PflaHELAf	OZ251425.1	18600001	18630000	0.0008084577114427	16080	13	16080	0
PflaHELEm	OZ251425.1	18600001	18630000	0.0023631840796019	16080	38	16080	0
PflaKGBHm	OZ251425.1	18600001	18630000	0.0057835820895522	16080	93	16080	0
PflaKGBDf	OZ251425.1	18600001	18630000	0.0060323383084577	16080	97	16080	0
PflaKGBHm	OZ251425.1	18630001	18660000	0.0067117137544782	22051	148	22051	0
PflaKGBDf	OZ251425.1	18630001	18660000	0.0019953743594394	22051	44	22051	0
PflaHELEm	OZ251425.1	18630001	18660000	0.0066663643372182	22051	147	22051	0
PflaHELAf	OZ251425.1	18630001	18660000	0.0060314724955784	22051	133	22051	0
PflaHELAf	OZ251425.1	18660001	18690000	0.0074130489972074	19695	146	19695	0
PflaKGBDf	OZ251425.1	18660001	18690000	0.005077430820005	19695	100	19695	0
PflaHELEm	OZ251425.1	18660001	18690000	0.0063467885250063	19695	125	19695	0
PflaKGBHm	OZ251425.1	18660001	18690000	0.0089362782432089	19695	176	19695	0
PflaHELAf	OZ251425.1	18690001	18720000	0.0042551467012481	24676	105	24676	0
PflaKGBDf	OZ251425.1	18690001	18720000	0.0027962392608202	24676	69	24676	0
PflaHELEm	OZ251425.1	18690001	18720000	0.0064029826552115	24676	158	24676	0
PflaKGBHm	OZ251425.1	18690001	18720000	0.0014589665653495	24675	36	24675	1
PflaHELAf	OZ251425.1	18720001	18750000	0.0045214411498738	21011	95	21011	0
PflaKGBDf	OZ251425.1	18720001	18750000	0.0019989529294179	21011	42	21011	0
PflaKGBHm	OZ251425.1	18720001	18750000	0.0052829470277473	21011	111	21011	0
PflaHELEm	OZ251425.1	18720001	18750000	0.0070915234876969	21011	149	21011	0
PflaKGBHm	OZ251425.1	18750001	18780000	0.0014083605402983	15621	22	15621	0
PflaHELEm	OZ251425.1	18750001	18780000	0.0037769669035273	15621	59	15621	0
PflaHELAf	OZ251425.1	18750001	18780000	0.0055694257729978	15621	87	15621	0
PflaKGBDf	OZ251425.1	18750001	18780000	0.0029447538569873	15621	46	15621	0
PflaKGBHm	OZ251425.1	18780001	18810000	0.00223184093061	14786	33	14786	0
PflaHELEm	OZ251425.1	18780001	18810000	0.0065602597051264	14786	97	14786	0
PflaHELAf	OZ251425.1	18780001	18810000	0.0054160178728589	14771	80	14771	15
PflaKGBDf	OZ251425.1	18780001	18810000	0.0049371026646828	14786	73	14786	0
PflaHELAf	OZ251425.1	18810001	18840000	0.0065142576204523	16272	106	16272	0
PflaKGBDf	OZ251425.1	18810001	18840000	0.0051622418879056	16272	84	16272	0
PflaHELEm	OZ251425.1	18810001	18840000	0.0094641101278269	16272	154	16272	0
PflaKGBHm	OZ251425.1	18810001	18840000	0.0014198407309093	16199	23	16199	73
PflaHELAf	OZ251425.1	18840001	18870000	0.0077461641590942	13426	104	13426	0
PflaKGBDf	OZ251425.1	18840001	18870000	0.0061820348577387	13426	83	13426	0
PflaHELEm	OZ251425.1	18840001	18870000	0.0072247877253091	13426	97	13426	0
PflaKGBHm	OZ251425.1	18840001	18870000	0.0025331545224258	13422	34	13422	4
PflaKGBHm	OZ251425.1	18870001	18900000	0.0084120616021741	15454	130	15454	0
PflaHELAf	OZ251425.1	18870001	18900000	0.004664420834413	15436	72	15436	18
PflaKGBDf	OZ251425.1	18870001	18900000	0.0044058571983931	15434	68	15434	20
PflaHELEm	OZ251425.1	18870001	18900000	0.0062119839523747	15454	96	15454	0
PflaHELAf	OZ251425.1	18900001	18930000	0.0099816513761467	13625	136	13625	0
PflaHELEm	OZ251425.1	18900001	18930000	0.0130642201834862	13625	178	13625	0
PflaKGBDf	OZ251425.1	18900001	18930000	0.0057298170866083	13613	78	13613	12
PflaKGBHm	OZ251425.1	18900001	18930000	0.0085871559633027	13625	117	13625	0
PflaHELAf	OZ251425.1	18930001	18960000	0.0067878508973768	17384	118	17384	0
PflaKGBDf	OZ251425.1	18930001	18960000	0.0020133456051541	17384	35	17384	0
PflaHELEm	OZ251425.1	18930001	18960000	0.0105269213069489	17384	183	17384	0
PflaKGBHm	OZ251425.1	18930001	18960000	0.0008628624022089	17384	15	17384	0
PflaHELAf	OZ251425.1	18960001	18990000	0.0105695170630235	17787	188	17787	0
PflaKGBDf	OZ251425.1	18960001	18990000	0.0093888795187496	17787	167	17787	0
PflaHELEm	OZ251425.1	18960001	18990000	0.0183279923539663	17787	326	17787	0
PflaKGBHm	OZ251425.1	18960001	18990000	0.0109068420756732	17787	194	17787	0
PflaHELAf	OZ251425.1	18990001	19020000	0.0032186301888578	21127	68	21127	0
PflaHELEm	OZ251425.1	18990001	19020000	0.004449282908127	21127	94	21127	0
PflaKGBHm	OZ251425.1	18990001	19020000	0.0054432716429213	21127	115	21127	0
PflaKGBDf	OZ251425.1	18990001	19020000	0.0024139726416433	21127	51	21127	0
PflaKGBHm	OZ251425.1	19020001	19050000	0.0050734945471787	21090	107	21090	0
PflaHELEm	OZ251425.1	19020001	19050000	0.0059743954480796	21090	126	21090	0
PflaKGBDf	OZ251425.1	19020001	19050000	0.0068752963489805	21090	145	21090	0
PflaHELAf	OZ251425.1	19020001	19050000	0.0057847321005215	21090	122	21090	0
PflaKGBHm	OZ251425.1	19050001	19080000	0.0031933185949398	16284	52	16284	0
PflaHELEm	OZ251425.1	19050001	19080000	0.0054080629301868	16272	88	16272	12
PflaKGBDf	OZ251425.1	19050001	19080000	0.0035650623885918	16269	58	16269	15
PflaHELAf	OZ251425.1	19050001	19080000	0.0039916482436747	16284	65	16284	0
PflaKGBHm	OZ251425.1	19080001	19110000	0.0072842734404183	16062	117	16062	0
PflaHELEm	OZ251425.1	19080001	19110000	0.0026148673888681	16062	42	16062	0
PflaKGBDf	OZ251425.1	19080001	19110000	0.0071597559457103	16062	115	16062	0
PflaHELAf	OZ251425.1	19080001	19110000	0.0054787697671522	16062	88	16062	0
PflaKGBHm	OZ251425.1	19110001	19140000	0.0001097634597442	18221	2	18221	0
PflaHELEm	OZ251425.1	19110001	19140000	0.0032380220624554	18221	59	18221	0
PflaHELAf	OZ251425.1	19110001	19140000	0.0060918720158059	18221	111	18221	0
PflaKGBDf	OZ251425.1	19110001	19140000	0.0042258932001536	18221	77	18221	0
PflaHELAf	OZ251425.1	19140001	19170000	0.0060175054704595	18280	110	18280	0
PflaKGBDf	OZ251425.1	19140001	19170000	0.0065645514223194	18280	120	18280	0
PflaHELEm	OZ251425.1	19140001	19170000	0.0061269146608315	18280	112	18280	0
PflaKGBHm	OZ251425.1	19140001	19170000	0.0031728665207877	18280	58	18280	0
PflaKGBHm	OZ251425.1	19170001	19200000	0.0080119645337036	18722	150	18722	0
PflaHELAf	OZ251425.1	19170001	19200000	0.0042218896964514	18712	79	18712	10
PflaKGBDf	OZ251425.1	19170001	19200000	0.0072672865234583	18714	136	18714	8
PflaHELEm	OZ251425.1	19170001	19200000	0.0029377203290246	18722	55	18722	0
PflaHELEm	OZ251425.1	19200001	19230000	0.0093369203987972	18957	177	18957	0
PflaKGBHm	OZ251425.1	19200001	19230000	0.0072268818905945	18957	137	18957	0
PflaHELAf	OZ251425.1	19200001	19230000	0.0089676636598617	18957	170	18957	0
PflaKGBDf	OZ251425.1	19200001	19230000	0.0058026058975576	18957	110	18957	0
PflaHELAf	OZ251425.1	19230001	19260000	0.0062097902097902	17875	111	17875	0
PflaKGBDf	OZ251425.1	19230001	19260000	0.0036923076923076	17875	66	17875	0
PflaHELEm	OZ251425.1	19230001	19260000	0.009006993006993	17875	161	17875	0
PflaKGBHm	OZ251425.1	19230001	19260000	0.0045874125874125	17875	82	17875	0
PflaHELAf	OZ251425.1	19260001	19290000	0.0057709459104978	19061	110	19061	291
PflaKGBDf	OZ251425.1	19260001	19290000	0.0048057048367093	19352	93	19352	0
PflaHELEm	OZ251425.1	19260001	19290000	0.0075961140967341	19352	147	19352	0
PflaKGBHm	OZ251425.1	19260001	19290000	0.0062009094667217	19352	120	19352	0
PflaHELAf	OZ251425.1	19290001	19320000	0.0011126076008666	17077	19	17077	0
PflaKGBDf	OZ251425.1	19290001	19320000	0.0101891432921473	17077	174	17077	0
PflaHELEm	OZ251425.1	19290001	19320000	0.0069102834387444	17076	118	17076	1
PflaKGBHm	OZ251425.1	19290001	19320000	0.0023438415563107	17066	40	17066	11
PflaKGBHm	OZ251425.1	19320001	19350000	0.0018057784911717	14952	27	14952	45
PflaHELEm	OZ251425.1	19320001	19350000	0.0096019203840768	14997	144	14997	0
PflaHELAf	OZ251425.1	19320001	19350000	0.005003335557038	14990	75	14990	7
PflaKGBDf	OZ251425.1	19320001	19350000	0.0078015603120624	14997	117	14997	0
PflaHELAf	OZ251425.1	19350001	19380000	0.0080432102389479	17033	137	17033	0
PflaKGBDf	OZ251425.1	19350001	19380000	0.0057599623839191	17014	98	17014	19
PflaHELEm	OZ251425.1	19350001	19380000	0.0112722362472846	17033	192	17033	0
PflaKGBHm	OZ251425.1	19350001	19380000	0.0082198215124471	17032	140	17032	1
PflaHELAf	OZ251425.1	19380001	19410000	0.0095189529151793	17649	168	17649	0
PflaKGBDf	OZ251425.1	19380001	19410000	0.0078191398946115	17649	138	17649	0
PflaHELEm	OZ251425.1	19380001	19410000	0.0107654824635956	17649	190	17649	0
PflaKGBHm	OZ251425.1	19380001	19410000	0.0065726103461952	17649	116	17649	0
PflaHELEm	OZ251425.1	19410001	19440000	0.009395506064824	20116	189	20116	0
PflaKGBHm	OZ251425.1	19410001	19440000	0.0012491256120715	20014	25	20014	102
PflaHELAf	OZ251425.1	19410001	19440000	0.0040763571286538	20116	82	20116	0
PflaKGBDf	OZ251425.1	19410001	19440000	0.0067140796737454	20107	135	20107	9
PflaKGBHm	OZ251425.1	19440001	19470000	0.0075212772976182	15157	114	15157	0
PflaHELEm	OZ251425.1	19440001	19470000	0.0112159398297816	15157	170	15157	0
PflaKGBDf	OZ251425.1	19440001	19470000	0.0077851817642013	15157	118	15157	0
PflaHELAf	OZ251425.1	19440001	19470000	0.0058718743814739	15157	89	15157	0
PflaKGBHm	OZ251425.1	19470001	19500000	0.0062601307920183	17891	112	17891	0
PflaHELEm	OZ251425.1	19470001	19500000	0.0107316527863171	17891	192	17891	0
PflaKGBDf	OZ251425.1	19470001	19500000	0.0070985411659493	17891	127	17891	0
PflaHELAf	OZ251425.1	19470001	19500000	0.0060473710734083	17859	108	17859	32
PflaHELAf	OZ251425.1	19500001	19530000	0.0090807396196617	15197	138	15197	17
PflaKGBDf	OZ251425.1	19500001	19530000	0.0080189299329564	15214	122	15214	0
PflaKGBHm	OZ251425.1	19500001	19530000	0.0070329959248061	15214	107	15214	0
PflaHELEm	OZ251425.1	19500001	19530000	0.0115682923622978	15214	176	15214	0
PflaHELAf	OZ251425.1	19530001	19560000	0.0092582009372499	17498	162	17498	0
PflaKGBHm	OZ251425.1	19530001	19560000	0.0037147102526002	17498	65	17498	0
PflaKGBDf	OZ251425.1	19530001	19560000	0.0066864784546805	17498	117	17498	0
PflaHELEm	OZ251425.1	19530001	19560000	0.013372956909361	17498	234	17498	0
PflaKGBHm	OZ251425.1	19560001	19590000	0.0078812691914022	19540	154	19540	0
PflaHELEm	OZ251425.1	19560001	19590000	0.0088536335721596	19540	173	19540	0
PflaKGBDf	OZ251425.1	19560001	19590000	0.0087512794268167	19540	171	19540	0
PflaHELAf	OZ251425.1	19560001	19590000	0.0073694984646878	19540	144	19540	0
PflaKGBHm	OZ251425.1	19590001	19620000	0.005	5200	26	5200	0
PflaHELEm	OZ251425.1	19590001	19620000	0.0061538461538461	5200	32	5200	0
PflaKGBDf	OZ251425.1	19590001	19620000	0.0065384615384615	5200	34	5200	0
PflaHELAf	OZ251425.1	19590001	19620000	0.0067711356161733	5169	35	5169	31
PflaKGBDf	OZ251425.1	19620001	19650000	0.0077612281002111	17523	136	17523	0
PflaKGBHm	OZ251425.1	19620001	19650000	0.002682189122867	17523	47	17523	0
PflaHELEm	OZ251425.1	19620001	19650000	0.0098156708326199	17523	172	17523	0
PflaHELAf	OZ251425.1	19620001	19650000	0.0070764138560748	17523	124	17523	0
PflaKGBHm	OZ251425.1	19650001	19680000	0.0017884674683934	16215	29	16215	0
PflaHELEm	OZ251425.1	19650001	19680000	0.0046870181930311	16215	76	16215	0
PflaHELAf	OZ251425.1	19650001	19680000	0.0078939253777366	16215	128	16215	0
PflaKGBDf	OZ251425.1	19650001	19680000	0.0017267961763798	16215	28	16215	0
PflaKGBHm	OZ251425.1	19680001	19710000	0.0051565377532228	19005	98	19005	0
PflaHELEm	OZ251425.1	19680001	19710000	0.0092085876657545	19004	175	19004	1
PflaKGBDf	OZ251425.1	19680001	19710000	0.0062615101289134	19005	119	19005	0
PflaHELAf	OZ251425.1	19680001	19710000	0.0098400336771206	19004	187	19004	1
PflaKGBDf	OZ251425.1	19710001	19740000	0.0057837837837837	18500	107	18500	111
PflaHELAf	OZ251425.1	19710001	19740000	0.0082746762667239	18611	154	18611	0
PflaHELEm	OZ251425.1	19710001	19740000	0.0109612594702057	18611	204	18611	0
PflaKGBHm	OZ251425.1	19710001	19740000	0.0102627478373005	18611	191	18611	0
PflaKGBHm	OZ251425.1	19740001	19770000	0.0072783414203793	13602	99	13602	0
PflaKGBDf	OZ251425.1	19740001	19770000	0.0058953574060427	13570	80	13570	32
PflaHELEm	OZ251425.1	19740001	19770000	0.0088957506249081	13602	121	13602	0
PflaHELAf	OZ251425.1	19740001	19770000	0.0090427878253198	13602	123	13602	0
PflaKGBHm	OZ251425.1	19770001	19800000	0.0056510907212736	16457	93	16457	0
PflaHELEm	OZ251425.1	19770001	19800000	0.0078386097101537	16457	129	16457	0
PflaKGBDf	OZ251425.1	19770001	19800000	0.0051649753904113	16457	85	16457	0
PflaHELAf	OZ251425.1	19770001	19800000	0.0045573312268335	16457	75	16457	0
PflaKGBHm	OZ251425.1	19800001	19830000	0.0046676241280262	19496	91	19496	0
PflaHELEm	OZ251425.1	19800001	19830000	0.0089249076733688	19496	174	19496	0
PflaKGBDf	OZ251425.1	19800001	19830000	0.0074603827948137	19436	145	19436	60
PflaHELAf	OZ251425.1	19800001	19830000	0.006001231021748	19496	117	19496	0
PflaKGBHm	OZ251425.1	19830001	19860000	0.0068475111930471	15188	104	15188	0
PflaHELEm	OZ251425.1	19830001	19860000	0.0094811693442191	15188	144	15188	0
PflaKGBDf	OZ251425.1	19830001	19860000	0.0098762180668949	15188	150	15188	0
PflaHELAf	OZ251425.1	19830001	19860000	0.0013168290755859	15188	20	15188	0
PflaKGBDf	OZ251425.1	19860001	19890000	0.0034539174695509	11002	38	11002	3
PflaHELAf	OZ251425.1	19860001	19890000	0.0034529759200363	11005	38	11005	0
PflaKGBHm	OZ251425.1	19860001	19890000	0.0039073148568832	11005	43	11005	0
PflaHELEm	OZ251425.1	19860001	19890000	0.0037255792821444	11005	41	11005	0
PflaHELAf	OZ251425.1	19890001	19920000	0.0054708048395581	19010	104	19010	0
PflaKGBDf	OZ251425.1	19890001	19920000	0.0017359284587059	19010	33	19010	0
PflaHELEm	OZ251425.1	19890001	19920000	0.0056286165176223	19010	107	19010	0
PflaKGBHm	OZ251425.1	19890001	19920000	0.0031036296685954	19010	59	19010	0
PflaHELEm	OZ251425.1	19920001	19950000	0.0050318340521667	19476	98	19476	0
PflaKGBHm	OZ251425.1	19920001	19950000	0.000770178681454	19476	15	19476	0
PflaHELAf	OZ251425.1	19920001	19950000	0.0014890121174779	19476	29	19476	0
PflaKGBDf	OZ251425.1	19920001	19950000	0.0042616553707126	19476	83	19476	0
PflaHELAf	OZ251425.1	19950001	19980000	0.0001486988847583	20175	3	20175	0
PflaKGBDf	OZ251425.1	19950001	19980000	9.913258983890954e-05	20175	2	20175	0
PflaHELEm	OZ251425.1	19950001	19980000	0.004907063197026	20175	99	20175	0
PflaKGBHm	OZ251425.1	19950001	19980000	0.0001486988847583	20175	3	20175	0
PflaHELAf	OZ251425.1	19980001	20010000	0.0004852798447104	18546	9	18546	0
PflaKGBHm	OZ251425.1	19980001	20010000	0.0026420791545346	18546	49	18546	0
PflaKGBDf	OZ251425.1	19980001	20010000	0.002913092733452	18537	54	18537	9
PflaHELEm	OZ251425.1	19980001	20010000	0.0036665588267011	18546	68	18546	0
PflaKGBHm	OZ251425.1	20010001	20040000	0.0013380611493945	14947	20	14947	8
PflaHELAf	OZ251425.1	20010001	20040000	0.0048144433299899	14955	72	14955	0
PflaHELEm	OZ251425.1	20010001	20040000	0.0111668338348378	14955	167	14955	0
PflaKGBDf	OZ251425.1	20010001	20040000	0.0025409562019391	14955	38	14955	0
PflaHELAf	OZ251425.1	20040001	20070000	0.0033967391304347	14720	50	14720	0
PflaKGBDf	OZ251425.1	20040001	20070000	0.0029891304347826	14720	44	14720	0
PflaHELEm	OZ251425.1	20040001	20070000	0.0085597826086956	14720	126	14720	0
PflaKGBHm	OZ251425.1	20040001	20070000	0.0067255434782608	14720	99	14720	0
PflaKGBHm	OZ251425.1	20070001	20100000	0.0041065482796892	18020	74	18020	43
PflaHELAf	OZ251425.1	20070001	20100000	0.0062558821901123	18063	113	18063	0
PflaKGBDf	OZ251425.1	20070001	20100000	0.0058129878757681	18063	105	18063	0
PflaHELEm	OZ251425.1	20070001	20100000	0.007473841554559	18063	135	18063	0
PflaKGBHm	OZ251425.1	20100001	20130000	0.0054540905679259	19985	109	19985	0
PflaHELEm	OZ251425.1	20100001	20130000	0.0067550662997247	19985	135	19985	0
PflaHELAf	OZ251425.1	20100001	20130000	0.0044033024768576	19985	88	19985	0
PflaKGBDf	OZ251425.1	20100001	20130000	0.0040030022516887	19985	80	19985	0
PflaKGBHm	OZ251425.1	20130001	20160000	0.002061855670103	19885	41	19885	0
PflaHELEm	OZ251425.1	20130001	20160000	0.0012069399044505	19885	24	19885	0
PflaKGBDf	OZ251425.1	20130001	20160000	0.0036711088760372	19885	73	19885	0
PflaHELAf	OZ251425.1	20130001	20160000	0.002061855670103	19885	41	19885	0
PflaKGBHm	OZ251425.1	20160001	20190000	0.0053888130968622	14660	79	14660	0
PflaKGBDf	OZ251425.1	20160001	20190000	0.0081173260572987	14660	119	14660	0
PflaHELAf	OZ251425.1	20160001	20190000	0.0056620506173681	14659	83	14659	1
PflaHELEm	OZ251425.1	20160001	20190000	0.0043656207366985	14660	64	14660	0
PflaKGBHm	OZ251425.1	20190001	20220000	0.0095790115924344	16390	157	16390	74
PflaHELEm	OZ251425.1	20190001	20220000	0.0129980563654033	16464	214	16464	0
PflaHELAf	OZ251425.1	20190001	20220000	0.0059545509782476	16458	98	16458	6
PflaKGBDf	OZ251425.1	20190001	20220000	0.0094144800777453	16464	155	16464	0
PflaHELAf	OZ251425.1	20220001	20250000	0.0072694738019347	17883	130	17883	0
PflaKGBDf	OZ251425.1	20220001	20250000	0.0040820891349326	17883	73	17883	0
PflaHELEm	OZ251425.1	20220001	20250000	0.0101772633227087	17883	182	17883	0
PflaKGBHm	OZ251425.1	20220001	20250000	0.0086115305038304	17883	154	17883	0
PflaKGBHm	OZ251425.1	20250001	20280000	0.0060160427807486	11968	72	11968	0
PflaHELEm	OZ251425.1	20250001	20280000	0.0104445187165775	11968	125	11968	0
PflaKGBDf	OZ251425.1	20250001	20280000	0.0010216243827686	11746	12	11746	222
PflaHELAf	OZ251425.1	20250001	20280000	0.0062667112299465	11968	75	11968	0
PflaKGBDf	OZ251425.1	20280001	20310000	0.0096556537924616	17192	166	17192	0
PflaKGBHm	OZ251425.1	20280001	20310000	0.0098301535597952	17192	169	17192	0
PflaHELEm	OZ251425.1	20280001	20310000	0.0133201489064681	17192	229	17192	0
PflaHELAf	OZ251425.1	20280001	20310000	0.0082014890646812	17192	141	17192	0
PflaKGBHm	OZ251425.1	20310001	20340000	0.007261853908586	18728	136	18728	0
PflaHELEm	OZ251425.1	20310001	20340000	0.0119073045706962	18728	223	18728	0
PflaHELAf	OZ251425.1	20310001	20340000	0.0090773173857325	18728	170	18728	0
PflaKGBDf	OZ251425.1	20310001	20340000	0.0094510892780862	18728	177	18728	0
PflaKGBDf	OZ251425.1	20340001	20370000	0.0057611345003323	18052	104	18052	0
PflaKGBHm	OZ251425.1	20340001	20370000	0.0038250457342424	18039	69	18039	13
PflaHELEm	OZ251425.1	20340001	20370000	0.0089186793707068	18052	161	18052	0
PflaHELAf	OZ251425.1	20340001	20370000	0.0036561045867493	18052	66	18052	0
PflaKGBHm	OZ251425.1	20370001	20400000	0.0063848433000876	23963	153	23963	0
PflaHELEm	OZ251425.1	20370001	20400000	0.0087217794099236	23963	209	23963	0
PflaKGBDf	OZ251425.1	20370001	20400000	0.0028377081333722	23963	68	23963	0
PflaHELAf	OZ251425.1	20370001	20400000	0.0054667612569377	23963	131	23963	0
PflaHELAf	OZ251425.1	20400001	20430000	0.0059290223511346	23444	139	23444	0
PflaKGBDf	OZ251425.1	20400001	20430000	0.003924245009384	23444	92	23444	0
PflaHELEm	OZ251425.1	20400001	20430000	0.0071660126258317	23444	168	23444	0
PflaKGBHm	OZ251425.1	20400001	20430000	0.002857874082921	23444	67	23444	0
PflaHELEm	OZ251425.1	20430001	20460000	0.0077721313575607	23417	182	23417	0
PflaKGBHm	OZ251425.1	20430001	20460000	0.0073023871546312	23417	171	23417	0
PflaKGBDf	OZ251425.1	20430001	20460000	0.0055515223982576	23417	130	23417	0
PflaHELAf	OZ251425.1	20430001	20460000	0.0038006576418841	23417	89	23417	0
PflaHELEm	OZ251425.1	20460001	20490000	0.0062833566751201	26419	166	26419	4
PflaKGBDf	OZ251425.1	20460001	20490000	0.004617189569693	26423	122	26423	0
PflaHELAf	OZ251425.1	20460001	20490000	0.0031035918398243	26421	82	26421	2
PflaKGBHm	OZ251425.1	20460001	20490000	0.0045800370945153	26419	121	26419	4
PflaKGBHm	OZ251425.1	20490001	20520000	0.0025891015008697	24719	64	24719	0
PflaHELEm	OZ251425.1	20490001	20520000	0.0058254783769569	24719	144	24719	0
PflaKGBDf	OZ251425.1	20490001	20520000	0.004935474736033	24719	122	24719	0
PflaHELAf	OZ251425.1	20490001	20520000	0.0043286540717666	24719	107	24719	0
PflaHELAf	OZ251425.1	20520001	20550000	0.0074712908730341	21683	162	21683	0
PflaKGBDf	OZ251425.1	20520001	20550000	0.0053676368516033	21611	116	21611	72
PflaHELEm	OZ251425.1	20520001	20550000	0.0094544112899506	21683	205	21683	0
PflaKGBHm	OZ251425.1	20520001	20550000	0.0071543964920378	21665	155	21665	18
PflaHELAf	OZ251425.1	20550001	20580000	0.0074929931933878	17483	131	17483	0
PflaKGBDf	OZ251425.1	20550001	20580000	0.0083509695132414	17483	146	17483	0
PflaHELEm	OZ251425.1	20550001	20580000	0.0121260653205971	17483	212	17483	0
PflaKGBHm	OZ251425.1	20550001	20580000	0.0014299605330892	17483	25	17483	0
PflaKGBHm	OZ251425.1	20580001	20610000	0.003281999495077	19805	65	19805	0
PflaKGBDf	OZ251425.1	20580001	20610000	0.0026760918959858	19805	53	19805	0
PflaHELEm	OZ251425.1	20580001	20610000	0.0107043675839434	19805	212	19805	0
PflaHELAf	OZ251425.1	20580001	20610000	0.0085349224786626	19801	169	19801	4
PflaKGBDf	OZ251425.1	20610001	20640000	0.0013349154553544	20226	27	20226	0
PflaKGBHm	OZ251425.1	20610001	20640000	0.0009393849500642	20226	19	20226	0
PflaHELEm	OZ251425.1	20610001	20640000	0.0100860278849006	20226	204	20226	0
PflaHELAf	OZ251425.1	20610001	20640000	0.0068229012162563	20226	138	20226	0
PflaKGBHm	OZ251425.1	20640001	20670000	0.0041228165346642	18434	76	18434	0
PflaHELEm	OZ251425.1	20640001	20670000	0.0056959965281544	18434	105	18434	0
PflaKGBDf	OZ251425.1	20640001	20670000	0.001030704133666	18434	19	18434	0
PflaHELAf	OZ251425.1	20640001	20670000	0.0052620158402951	18434	97	18434	0
PflaKGBHm	OZ251425.1	20670001	20700000	0.0073007503548975	19724	144	19724	0
PflaHELEm	OZ251425.1	20670001	20700000	0.0091264006489884	19723	180	19723	1
PflaHELAf	OZ251425.1	20670001	20700000	0.0067430541472317	19724	133	19724	0
PflaKGBDf	OZ251425.1	20670001	20700000	0.0038531737984181	19724	76	19724	0
PflaHELEm	OZ251425.1	20700001	20730000	0.0087725504067916	14135	124	14135	0
PflaKGBDf	OZ251425.1	20700001	20730000	0.0024053767244428	14135	34	14135	0
PflaHELAf	OZ251425.1	20700001	20730000	0.0042447824548991	14135	60	14135	0
PflaKGBHm	OZ251425.1	20700001	20730000	0.0030420940926777	14135	43	14135	0
PflaHELAf	OZ251425.1	20730001	20760000	0.0059968017057569	15008	90	15008	0
PflaKGBDf	OZ251425.1	20730001	20760000	0.0068639210982273	15006	103	15006	2
PflaHELEm	OZ251425.1	20730001	20760000	0.0081289978678038	15008	122	15008	0
PflaKGBHm	OZ251425.1	20730001	20760000	0.0051309388951822	15007	77	15007	1
PflaKGBDf	OZ251425.1	20760001	20790000	0.0026246719160104	19050	50	19050	0
PflaHELAf	OZ251425.1	20760001	20790000	0.0011572247646099	19011	22	19011	39
PflaHELEm	OZ251425.1	20760001	20790000	0.0071391076115485	19050	136	19050	0
PflaKGBHm	OZ251425.1	20760001	20790000	0.0031496062992125	19050	60	19050	0
PflaKGBHm	OZ251425.1	20790001	20820000	0.0044045495093666	17936	79	17936	9
PflaHELEm	OZ251425.1	20790001	20820000	0.0071329061019782	17945	128	17945	0
PflaKGBDf	OZ251425.1	20790001	20820000	0.0013378672166787	17939	24	17939	6
PflaHELAf	OZ251425.1	20790001	20820000	0.0041237113402061	17945	74	17945	0
PflaHELAf	OZ251425.1	20820001	20850000	0.0065946329833105	19713	130	19713	0
PflaHELEm	OZ251425.1	20820001	20850000	0.0053771622786993	19713	106	19713	0
PflaKGBDf	OZ251425.1	20820001	20850000	0.0030436767615279	19713	60	19713	0
PflaKGBHm	OZ251425.1	20820001	20850000	0.0022320296251204	19713	44	19713	0
PflaKGBHm	OZ251425.1	20850001	20880000	0.0020517029134181	17059	35	17059	0
PflaHELEm	OZ251425.1	20850001	20880000	0.0028723840787853	17059	49	17059	0
PflaKGBDf	OZ251425.1	20850001	20880000	0.0026379037458233	17059	45	17059	0
PflaHELAf	OZ251425.1	20850001	20880000	0.0041620259100767	17059	71	17059	0
PflaKGBHm	OZ251425.1	20880001	20910000	0.0049758026037761	14671	73	14671	0
PflaHELEm	OZ251425.1	20880001	20910000	0.0071569763478972	14671	105	14671	0
PflaKGBDf	OZ251425.1	20880001	20910000	0.000613455115534	14671	9	14671	0
PflaHELAf	OZ251425.1	20880001	20910000	0.0032035989366777	14671	47	14671	0
PflaKGBHm	OZ251425.1	20910001	20940000	0.001810282404055	8286	15	8286	0
PflaHELEm	OZ251425.1	20910001	20940000	0.0034998793145063	8286	29	8286	0
PflaKGBDf	OZ251425.1	20910001	20940000	0.000362056480811	8286	3	8286	0
PflaHELAf	OZ251425.1	20910001	20940000	0.000724112961622	8286	6	8286	0
PflaHELEm	OZ251425.1	20940001	20970000	0.0052054960353489	16521	86	16521	0
PflaKGBDf	OZ251425.1	20940001	20970000	0.0008474063313358	16521	14	16521	0
PflaHELAf	OZ251425.1	20940001	20970000	0.0027238060650081	16521	45	16521	0
PflaKGBHm	OZ251425.1	20940001	20970000	0.0024211609466739	16521	40	16521	0
PflaKGBDf	OZ251425.1	20970001	21000000	0.0003917216165045	15317	6	15317	10
PflaHELEm	OZ251425.1	20970001	21000000	0.004958569844066	15327	76	15327	0
PflaKGBHm	OZ251425.1	20970001	21000000	0.0024140405819795	15327	37	15327	0
PflaHELAf	OZ251425.1	20970001	21000000	0.00260977360214	15327	40	15327	0
PflaHELAf	OZ251425.1	21000001	21030000	0.001067168863779	15930	17	15930	0
PflaKGBDf	OZ251425.1	21000001	21030000	0.0006277463904582	15930	10	15930	0
PflaHELEm	OZ251425.1	21000001	21030000	0.0059008160703075	15930	94	15930	0
PflaKGBHm	OZ251425.1	21000001	21030000	0.0034526051475204	15930	55	15930	0
PflaKGBHm	OZ251425.1	21030001	21060000	0.0017118559832127	18109	31	18109	0
PflaHELAf	OZ251425.1	21030001	21060000	0.0024849522336959	18109	45	18109	0
PflaHELEm	OZ251425.1	21030001	21060000	0.006019106521619	18109	109	18109	0
PflaKGBDf	OZ251425.1	21030001	21060000	0.0006074327682367	18109	11	18109	0
PflaHELAf	OZ251425.1	21060001	21090000	0.0040894028061764	14183	58	14183	0
PflaKGBDf	OZ251425.1	21060001	21090000	0.0007050694493407	14183	10	14183	0
PflaHELEm	OZ251425.1	21060001	21090000	0.0059225833744623	14183	84	14183	0
PflaKGBHm	OZ251425.1	21060001	21090000	0.0016216597334837	14183	23	14183	0
PflaKGBHm	OZ251425.1	21090001	21120000	0.0005481788281154	16418	9	16418	0
PflaHELEm	OZ251425.1	21090001	21120000	0.0021318065537824	16418	35	16418	0
PflaKGBDf	OZ251425.1	21090001	21120000	0.0005481788281154	16418	9	16418	0
PflaHELAf	OZ251425.1	21090001	21120000	0.0027408941405774	16418	45	16418	0
PflaKGBHm	OZ251425.1	21120001	21150000	0.0001549346692144	19363	3	19363	0
PflaHELEm	OZ251425.1	21120001	21150000	0.0014977018024066	19363	29	19363	0
PflaKGBDf	OZ251425.1	21120001	21150000	0.0003615142281671	19363	7	19363	0
PflaHELAf	OZ251425.1	21120001	21150000	0.0024789547074317	19363	48	19363	0
PflaKGBDf	OZ251425.1	21150001	21180000	0.0002090301003344	19136	4	19136	38
PflaKGBHm	OZ251425.1	21150001	21180000	0.0010952331281944	19174	21	19174	0
PflaHELEm	OZ251425.1	21150001	21180000	0.0023469281318452	19174	45	19174	0
PflaHELAf	OZ251425.1	21150001	21180000	0.0010952331281944	19174	21	19174	0
PflaHELEm	OZ251425.1	21180001	21210000	0.0045385779122541	18508	84	18508	0
PflaKGBDf	OZ251425.1	21180001	21210000	0.0010806137886319	18508	20	18508	0
PflaHELAf	OZ251425.1	21180001	21210000	0.0021612275772638	18508	40	18508	0
PflaKGBHm	OZ251425.1	21180001	21210000	0.0012427058569267	18508	23	18508	0
PflaKGBHm	OZ251425.1	21210001	21240000	0.0003630203291384	16528	6	16528	0
PflaHELEm	OZ251425.1	21210001	21240000	0.0030856727976766	16528	51	16528	0
PflaKGBDf	OZ251425.1	21210001	21240000	0.0002420135527589	16528	4	16528	0
PflaHELAf	OZ251425.1	21210001	21240000	0.0031461761858664	16528	52	16528	0
PflaHELAf	OZ251425.1	21240001	21270000	0.0033678927557287	15143	51	15143	0
PflaKGBHm	OZ251425.1	21240001	21270000	0.0004622597900019	15143	7	15143	0
PflaHELEm	OZ251425.1	21240001	21270000	0.0047546721257346	15143	72	15143	0
PflaKGBDf	OZ251425.1	21240001	21270000	0.0017830020471504	15143	27	15143	0
PflaKGBHm	OZ251425.1	21270001	21300000	0.0006093381064818	13129	8	13129	0
PflaHELEm	OZ251425.1	21270001	21300000	0.0029705232690989	13129	39	13129	0
PflaKGBDf	OZ251425.1	21270001	21300000	0.0009140071597227	13129	12	13129	0
PflaHELAf	OZ251425.1	21270001	21300000	0.0031228577957194	13129	41	13129	0
PflaHELEm	OZ251425.1	21300001	21330000	0.0067899789276516	17084	116	17084	0
PflaKGBDf	OZ251425.1	21300001	21330000	0.0039217981737298	17084	67	17084	0
PflaHELAf	OZ251425.1	21300001	21330000	0.0063802388199484	17084	109	17084	0
PflaKGBHm	OZ251425.1	21300001	21330000	0.0012877546242097	17084	22	17084	0
PflaKGBDf	OZ251425.1	21330001	21360000	0.0027182603133994	12508	34	12508	0
PflaHELEm	OZ251425.1	21330001	21360000	0.0027982091461464	12508	35	12508	0
PflaKGBHm	OZ251425.1	21330001	21360000	0.0004796929964822	12508	6	12508	0
PflaHELAf	OZ251425.1	21330001	21360000	0.003837543971858	12508	48	12508	0
PflaHELAf	OZ251425.1	21360001	21390000	0.0049095607235142	15480	76	15480	0
PflaHELEm	OZ251425.1	21360001	21390000	0.0039405684754521	15480	61	15480	0
PflaKGBHm	OZ251425.1	21360001	21390000	0.0011627906976744	15480	18	15480	0
PflaKGBDf	OZ251425.1	21360001	21390000	0.0012919896640826	15480	20	15480	0
PflaHELAf	OZ251425.1	21390001	21420000	0.0067598475222363	19675	133	19675	0
PflaKGBHm	OZ251425.1	21390001	21420000	0.0061499364675984	19675	121	19675	0
PflaHELEm	OZ251425.1	21390001	21420000	0.0068106734434561	19675	134	19675	0
PflaKGBDf	OZ251425.1	21390001	21420000	0.0013722998729351	19675	27	19675	0
PflaKGBHm	OZ251425.1	21420001	21450000	0.0009137730520019	12038	11	12038	679
PflaHELEm	OZ251425.1	21420001	21450000	0.0039317449083903	12717	50	12717	0
PflaKGBDf	OZ251425.1	21420001	21450000	0.0039317449083903	12717	50	12717	0
PflaHELAf	OZ251425.1	21420001	21450000	0.0055044428717464	12717	70	12717	0
PflaKGBDf	OZ251425.1	21450001	21480000	0.0083569214179808	14838	124	14838	0
PflaHELEm	OZ251425.1	21450001	21480000	0.004111066181426	14838	61	14838	0
PflaHELAf	OZ251425.1	21450001	21480000	0.0026487367563162	14724	39	14724	114
PflaKGBHm	OZ251425.1	21450001	21480000	0.0005391925591426	14837	8	14837	1
PflaHELEm	OZ251425.1	21480001	21510000	0.0027757663528843	16572	46	16572	0
PflaHELAf	OZ251425.1	21480001	21510000	0.0030774800868935	16572	51	16572	0
PflaKGBDf	OZ251425.1	21480001	21510000	0.0034395365677045	16572	57	16572	0
PflaKGBHm	OZ251425.1	21480001	21510000	0.0027757663528843	16572	46	16572	0
PflaHELAf	OZ251425.1	21510001	21540000	0.0032732033750363	13748	45	13748	0
PflaKGBDf	OZ251425.1	21510001	21540000	0.0018911841722432	13748	26	13748	0
PflaHELEm	OZ251425.1	21510001	21540000	0.0020366598778004	13748	28	13748	0
PflaKGBHm	OZ251425.1	21510001	21540000	0.0023276112889147	13748	32	13748	0
PflaHELEm	OZ251425.1	21540001	21570000	0.0015237494745691	19032	29	19032	0
PflaKGBHm	OZ251425.1	21540001	21570000	0.0017864649012189	19032	34	19032	0
PflaHELAf	OZ251425.1	21540001	21570000	0.0020491803278688	19032	39	19032	0
PflaKGBDf	OZ251425.1	21540001	21570000	0.0012610340479192	19032	24	19032	0
PflaKGBHm	OZ251425.1	21570001	21600000	0.0021897170885521	11417	25	11417	0
PflaHELEm	OZ251425.1	21570001	21600000	0.003065603923973	11417	35	11417	0
PflaKGBDf	OZ251425.1	21570001	21600000	0.0025400718227205	11417	29	11417	0
PflaHELAf	OZ251425.1	21570001	21600000	0.0028028378733467	11417	32	11417	0
PflaKGBHm	OZ251425.1	21600001	21630000	0.0016960651289009	17688	30	17688	0
PflaKGBDf	OZ251425.1	21600001	21630000	0.0025440976933514	17688	45	17688	0
PflaHELAf	OZ251425.1	21600001	21630000	0.002431026684758	17688	43	17688	0
PflaHELEm	OZ251425.1	21600001	21630000	0.0026571687019448	17688	47	17688	0
PflaKGBDf	OZ251425.1	21630001	21660000	0.0037048969072164	6208	23	6208	0
PflaHELEm	OZ251425.1	21630001	21660000	0.0020988052954472	6194	13	6194	14
PflaKGBHm	OZ251425.1	21630001	21660000	0.0041881443298969	6208	26	6208	0
PflaHELAf	OZ251425.1	21630001	21660000	0.0045103092783505	6208	28	6208	0
PflaHELEm	OZ251425.1	21660001	21690000	0.0032858707557502	1826	6	1826	12
PflaHELAf	OZ251425.1	21660001	21690000	0.0049423393739703	1821	9	1821	17
PflaKGBHm	OZ251425.1	21660001	21690000	0.0043525571273122	1838	8	1838	0
PflaKGBDf	OZ251425.1	21660001	21690000	0.0054406964091403	1838	10	1838	0
PflaKGBHm	OZ251425.1	21690001	21720000	0.0037333333333333	1875	7	1875	0
PflaHELEm	OZ251425.1	21690001	21720000	0.000544069640914	1838	1	1838	37
PflaKGBDf	OZ251425.1	21690001	21720000	0.0026666666666666	1875	5	1875	0
PflaHELAf	OZ251425.1	21690001	21720000	0.0	1875	0	1875	0
PflaHELAf	OZ251425.1	21720001	21750000	0.0036722350230414	13888	51	13888	0
PflaKGBDf	OZ251425.1	21720001	21750000	0.0042482718894009	13888	59	13888	0
PflaKGBHm	OZ251425.1	21720001	21750000	0.0045362903225806	13888	63	13888	0
PflaHELEm	OZ251425.1	21720001	21750000	0.0025921658986175	13888	36	13888	0
PflaKGBHm	OZ251425.1	21750001	21780000	0.0048767628838803	7587	37	7587	4
PflaHELEm	OZ251425.1	21750001	21780000	0.0035638859556494	7576	27	7576	15
PflaKGBDf	OZ251425.1	21750001	21780000	0.0042155183770254	7591	32	7591	0
PflaHELAf	OZ251425.1	21750001	21780000	0.003161638782769	7591	24	7591	0
PflaKGBHm	OZ251425.1	21780001	21810000	0.0016366612111292	611	1	611	0
PflaKGBDf	OZ251425.1	21780001	21810000	0.0016366612111292	611	1	611	0
PflaHELEm	OZ251425.1	21780001	21810000	0.0	611	0	611	0
PflaHELAf	OZ251425.1	21780001	21810000	0.0	611	0	611	0
PflaHELAf	OZ251425.1	21810001	21840000	0.0024514095604972	11422	28	11422	0
PflaKGBDf	OZ251425.1	21810001	21840000	0.0018385571703729	11422	21	11422	0
PflaHELEm	OZ251425.1	21810001	21840000	0.0026265102433899	11422	30	11422	0
PflaKGBHm	OZ251425.1	21810001	21840000	0.0025389599019436	11422	29	11422	0
PflaKGBHm	OZ251425.1	21840001	21870000	0.0011781086001927	18674	22	18674	0
PflaHELAf	OZ251425.1	21840001	21870000	0.0010174574274392	18674	19	18674	0
PflaKGBDf	OZ251425.1	21840001	21870000	0.0004819535182606	18674	9	18674	0
PflaHELEm	OZ251425.1	21840001	21870000	0.000696155081932	18674	13	18674	0
PflaKGBHm	OZ251425.1	21870001	21900000	0.002146536920435	13976	30	13976	0
PflaHELEm	OZ251425.1	21870001	21900000	0.0022896393817973	13976	32	13976	0
PflaHELAf	OZ251425.1	21870001	21900000	0.0014310246136233	13976	20	13976	0
PflaKGBDf	OZ251425.1	21870001	21900000	0.001287922152261	13976	18	13976	0
PflaHELAf	OZ251425.1	21900001	21930000	0.0004098120718927	17081	7	17081	0
PflaKGBDf	OZ251425.1	21900001	21930000	0.0026930507581523	17081	46	17081	0
PflaHELEm	OZ251425.1	21900001	21930000	0.0027515953398512	17081	47	17081	0
PflaKGBHm	OZ251425.1	21900001	21930000	0.003102862830045	17081	53	17081	0
PflaHELAf	OZ251425.1	21930001	21960000	0.0026260167808877	15613	41	15613	0
PflaKGBDf	OZ251425.1	21930001	21960000	0.0037148530071094	15613	58	15613	0
PflaHELEm	OZ251425.1	21930001	21960000	0.0035867546275539	15613	56	15613	0
PflaKGBHm	OZ251425.1	21930001	21960000	0.0043570192862177	15607	68	15607	6
PflaKGBDf	OZ251425.1	21960001	21990000	0.0033579583613163	13401	45	13401	0
PflaHELAf	OZ251425.1	21960001	21990000	0.0032833370643981	13401	44	13401	0
PflaHELEm	OZ251425.1	21960001	21990000	0.0029848518767256	13401	40	13401	0
PflaKGBHm	OZ251425.1	21960001	21990000	0.0014178046414446	13401	19	13401	0
PflaKGBHm	OZ251425.1	21990001	22020000	0.0023093246785669	16022	37	16022	0
PflaHELEm	OZ251425.1	21990001	22020000	0.0050555486206466	16022	81	16022	0
PflaKGBDf	OZ251425.1	21990001	22020000	0.0035576082886031	16022	57	16022	0
PflaHELAf	OZ251425.1	21990001	22020000	0.0008895101340618	15739	14	15739	283
PflaKGBHm	OZ251425.1	22020001	22050000	0.0026285714285714	17500	46	17500	0
PflaHELAf	OZ251425.1	22020001	22050000	0.0023428571428571	17500	41	17500	0
PflaKGBDf	OZ251425.1	22020001	22050000	0.0028	17500	49	17500	0
PflaHELEm	OZ251425.1	22020001	22050000	0.0038287902165838	17499	67	17499	1
PflaHELEm	OZ251425.1	22050001	22080000	0.0033293873927197	13516	45	13516	25
PflaKGBHm	OZ251425.1	22050001	22080000	0.0040617384240454	13541	55	13541	0
PflaKGBDf	OZ251425.1	22050001	22080000	0.004504837161214	13541	61	13541	0
PflaHELAf	OZ251425.1	22050001	22080000	0.0019939443172586	13541	27	13541	0
PflaKGBDf	OZ251425.1	22080001	22110000	0.0047427080863172	8434	40	8434	0
PflaHELEm	OZ251425.1	22080001	22110000	0.0059283851078966	8434	50	8434	0
PflaKGBHm	OZ251425.1	22080001	22110000	0.0042001680067202	8333	35	8333	101
PflaHELAf	OZ251425.1	22080001	22110000	0.0041543026706231	8425	35	8425	9
PflaHELEm	OZ251425.1	22110001	22140000	0.0044745231836232	17879	80	17879	0
PflaKGBHm	OZ251425.1	22110001	22140000	0.0044745231836232	17879	80	17879	0
PflaHELAf	OZ251425.1	22110001	22140000	0.0035796185468985	17879	64	17879	0
PflaKGBDf	OZ251425.1	22110001	22140000	0.0031321662285362	17879	56	17879	0
PflaKGBHm	OZ251425.1	22140001	22170000	0.0006836827711941	13164	9	13164	0
PflaHELEm	OZ251425.1	22140001	22170000	0.0025828015800668	13164	34	13164	0
PflaHELAf	OZ251425.1	22140001	22170000	0.0012914007900334	13164	17	13164	0
PflaKGBDf	OZ251425.1	22140001	22170000	0.0012914007900334	13164	17	13164	0
PflaHELEm	OZ251425.1	22170001	22200000	0.0056315939549472	14028	79	14028	0
PflaKGBHm	OZ251425.1	22170001	22200000	0.0034217279726261	14028	48	14028	0
PflaHELAf	OZ251425.1	22170001	22200000	0.0011405759908753	14028	16	14028	0
PflaKGBDf	OZ251425.1	22170001	22200000	0.0037781579697747	14028	53	14028	0
PflaKGBHm	OZ251425.1	22200001	22230000	0.0029319371727748	9550	28	9550	0
PflaHELEm	OZ251425.1	22200001	22230000	0.0078534031413612	9550	75	9550	0
PflaKGBDf	OZ251425.1	22200001	22230000	0.0013636840448966	9533	13	9533	17
PflaHELAf	OZ251425.1	22200001	22230000	0.0011518324607329	9550	11	9550	0
PflaKGBDf	OZ251425.1	22230001	22260000	0.0020455353966559	11244	23	11244	3
PflaHELAf	OZ251425.1	22230001	22260000	0.0023117275717969	11247	26	11247	0
PflaKGBHm	OZ251425.1	22230001	22260000	0.003023028363119	11247	34	11247	0
PflaHELEm	OZ251425.1	22230001	22260000	0.0049791055392549	11247	56	11247	0
PflaKGBDf	OZ251425.1	22260001	22290000	0.0020808323329331	12495	26	12495	0
PflaHELEm	OZ251425.1	22260001	22290000	0.0120048019207683	12495	150	12495	0
PflaHELAf	OZ251425.1	22260001	22290000	0.0081632653061224	12495	102	12495	0
PflaKGBHm	OZ251425.1	22260001	22290000	0.0083233293317326	12495	104	12495	0
PflaKGBHm	OZ251425.1	22290001	22320000	0.0036711428847454	10351	38	10351	0
PflaKGBDf	OZ251425.1	22290001	22320000	0.000386436093131	10351	4	10351	0
PflaHELAf	OZ251425.1	22290001	22320000	0.0073422857694908	10351	76	10351	0
PflaHELEm	OZ251425.1	22290001	22320000	0.0097575113515602	10351	101	10351	0
PflaKGBHm	OZ251425.1	22320001	22350000	0.0041108986615678	10460	43	10460	0
PflaHELAf	OZ251425.1	22320001	22350000	0.0035372848948374	10460	37	10460	0
PflaKGBDf	OZ251425.1	22320001	22350000	0.0016252390057361	10460	17	10460	0
PflaHELEm	OZ251425.1	22320001	22350000	0.0065009560229445	10460	68	10460	0
PflaHELEm	OZ251425.1	22350001	22380000	0.0058467741935483	14880	87	14880	0
PflaKGBHm	OZ251425.1	22350001	22380000	0.0040322580645161	14880	60	14880	0
PflaHELAf	OZ251425.1	22350001	22380000	0.0017474292627192	14879	26	14879	1
PflaKGBDf	OZ251425.1	22350001	22380000	0.0016135538523598	14874	24	14874	6
PflaHELEm	OZ251425.1	22380001	22410000	0.0025788751714677	18225	47	18225	0
PflaKGBHm	OZ251425.1	22380001	22410000	0.0041700960219478	18225	76	18225	0
PflaHELAf	OZ251425.1	22380001	22410000	0.0019204389574759	18225	35	18225	0
PflaKGBDf	OZ251425.1	22380001	22410000	0.0002194787379972	18225	4	18225	0
PflaHELAf	OZ251425.1	22410001	22440000	0.0025192346973513	14687	37	14687	0
PflaKGBDf	OZ251425.1	22410001	22440000	0.0008170490910328	14687	12	14687	0
PflaHELEm	OZ251425.1	22410001	22440000	0.0035405460611425	14687	52	14687	0
PflaKGBHm	OZ251425.1	22410001	22440000	0.0012255736365493	14687	18	14687	0
PflaHELAf	OZ251425.1	22440001	22470000	0.0025521054870267	14106	36	14106	0
PflaKGBDf	OZ251425.1	22440001	22470000	0.0014178363816815	14106	20	14106	0
PflaKGBHm	OZ251425.1	22440001	22470000	7.08918190840777e-05	14106	1	14106	0
PflaHELEm	OZ251425.1	22440001	22470000	0.00191407911527	14106	27	14106	0
PflaHELAf	OZ251425.1	22470001	22500000	0.0018476091937033	13531	25	13531	0
PflaKGBDf	OZ251425.1	22470001	22500000	0.0011824698839701	13531	16	13531	0
PflaHELEm	OZ251425.1	22470001	22500000	0.0019954179291996	13531	27	13531	0
PflaKGBHm	OZ251425.1	22470001	22500000	0.0003695218387406	13531	5	13531	0
PflaKGBDf	OZ251425.1	22500001	22530000	0.001400324875371	17853	25	17853	0
PflaKGBHm	OZ251425.1	22500001	22530000	0.0011202599002968	17853	20	17853	0
PflaHELAf	OZ251425.1	22500001	22530000	0.0022965327956085	17853	41	17853	0
PflaHELEm	OZ251425.1	22500001	22530000	0.0025765977706827	17853	46	17853	0
PflaHELAf	OZ251425.1	22530001	22560000	0.0020488304592794	11714	24	11714	0
PflaHELEm	OZ251425.1	22530001	22560000	0.0022195663308861	11714	26	11714	0
PflaKGBHm	OZ251425.1	22530001	22560000	0.0007683114222298	11714	9	11714	0
PflaKGBDf	OZ251425.1	22530001	22560000	0.0013658869728529	11714	16	11714	0
PflaHELAf	OZ251425.1	22560001	22590000	0.006327763953075	14065	89	14065	0
PflaKGBDf	OZ251425.1	22560001	22590000	0.002630643441166	14065	37	14065	0
PflaKGBHm	OZ251425.1	22560001	22590000	0.0077497333807323	14065	109	14065	0
PflaHELEm	OZ251425.1	22560001	22590000	0.0117312477781727	14065	165	14065	0
PflaHELAf	OZ251425.1	22590001	22620000	0.0083008217813563	12047	100	12047	1
PflaKGBDf	OZ251425.1	22590001	22620000	0.0026340385759197	11769	31	11769	279
PflaHELEm	OZ251425.1	22590001	22620000	0.0125332005312084	12048	151	12048	0
PflaKGBHm	OZ251425.1	22590001	22620000	0.0048140770252324	12048	58	12048	0
PflaHELAf	OZ251425.1	22620001	22650000	0.0039332226204003	11441	45	11441	0
PflaHELEm	OZ251425.1	22620001	22650000	0.0059435364041604	11441	68	11441	0
PflaKGBHm	OZ251425.1	22620001	22650000	0.0020103137837601	11441	23	11441	0
PflaKGBDf	OZ251425.1	22620001	22650000	0.0019229088366401	11441	22	11441	0
PflaHELAf	OZ251425.1	22650001	22680000	0.009104907277231	14937	136	14937	0
PflaKGBDf	OZ251425.1	22650001	22680000	0.0026109660574412	14937	39	14937	0
PflaHELEm	OZ251425.1	22650001	22680000	0.0078328981723237	14937	117	14937	0
PflaKGBHm	OZ251425.1	22650001	22680000	0.0003376325207644	14809	5	14809	128
PflaHELEm	OZ251425.1	22680001	22710000	0.006537709779605	14837	97	14837	0
PflaKGBHm	OZ251425.1	22680001	22710000	0.0049201321021769	14837	73	14837	0
PflaKGBDf	OZ251425.1	22680001	22710000	0.005728920940891	14837	85	14837	0
PflaHELAf	OZ251425.1	22680001	22710000	0.0042461414032486	14837	63	14837	0
PflaKGBDf	OZ251425.1	22710001	22740000	0.0024820739106453	18130	45	18130	0
PflaHELEm	OZ251425.1	22710001	22740000	0.0067291781577495	18130	122	18130	0
PflaKGBHm	OZ251425.1	22710001	22740000	0.0051296194153337	18130	93	18130	0
PflaHELAf	OZ251425.1	22710001	22740000	0.0061224489795918	18130	111	18130	0
PflaHELEm	OZ251425.1	22740001	22770000	0.0043570108265117	15148	66	15148	0
PflaKGBDf	OZ251425.1	22740001	22770000	0.0033667810932136	15148	51	15148	0
PflaHELAf	OZ251425.1	22740001	22770000	0.0039609189331925	15148	60	15148	0
PflaKGBHm	OZ251425.1	22740001	22770000	0.0013203063110641	15148	20	15148	0
PflaKGBDf	OZ251425.1	22770001	22800000	0.0033691925759546	16918	57	16918	11
PflaHELEm	OZ251425.1	22770001	22800000	0.0048437592297241	16929	82	16929	0
PflaKGBHm	OZ251425.1	22770001	22800000	0.0024809498493709	16929	42	16929	0
PflaHELAf	OZ251425.1	22770001	22800000	0.0039577057120916	16929	67	16929	0
PflaKGBHm	OZ251425.1	22800001	22830000	0.0040567951318458	17255	70	17255	26
PflaHELEm	OZ251425.1	22800001	22830000	0.008274984086569	17281	143	17281	0
PflaHELAf	OZ251425.1	22800001	22830000	0.0073576270204507	17261	127	17261	20
PflaKGBDf	OZ251425.1	22800001	22830000	0.0053816330073491	17281	93	17281	0
PflaHELAf	OZ251425.1	22830001	22860000	0.0059187048481155	11489	68	11489	0
PflaKGBDf	OZ251425.1	22830001	22860000	0.0074854208373226	11489	86	11489	0
PflaHELEm	OZ251425.1	22830001	22860000	0.0073983810601444	11489	85	11489	0
PflaKGBHm	OZ251425.1	22830001	22860000	0.0095743754895987	11489	110	11489	0
PflaHELAf	OZ251425.1	22860001	22890000	0.004750593824228	15156	72	15156	16
PflaKGBDf	OZ251425.1	22860001	22890000	0.0056683364091747	15172	86	15172	0
PflaHELEm	OZ251425.1	22860001	22890000	0.0081070392828895	15172	123	15172	0
PflaKGBHm	OZ251425.1	22860001	22890000	0.0046137621935143	15172	70	15172	0
PflaHELAf	OZ251425.1	22890001	22920000	0.0065561694290976	13575	89	13575	0
PflaHELEm	OZ251425.1	22890001	22920000	0.0108287292817679	13575	147	13575	0
PflaKGBDf	OZ251425.1	22890001	22920000	0.0042725598526703	13575	58	13575	0
PflaKGBHm	OZ251425.1	22890001	22920000	0.004721853327431	13554	64	13554	21
PflaHELAf	OZ251425.1	22920001	22950000	0.0040168324407039	10456	42	10456	0
PflaHELEm	OZ251425.1	22920001	22950000	0.0097551644988523	10456	102	10456	0
PflaKGBDf	OZ251425.1	22920001	22950000	0.0064176245210727	10440	67	10440	16
PflaKGBHm	OZ251425.1	22920001	22950000	0.003442999234889	10456	36	10456	0
PflaKGBHm	OZ251425.1	22950001	22980000	0.0091489979668893	13772	126	13772	0
PflaHELEm	OZ251425.1	22950001	22980000	0.0104559976764449	13772	144	13772	0
PflaKGBDf	OZ251425.1	22950001	22980000	0.008858553586988	13772	122	13772	0
PflaHELAf	OZ251425.1	22950001	22980000	0.0094394423467905	13772	130	13772	0
PflaHELAf	OZ251425.1	22980001	23010000	0.0106405618216641	9398	100	9398	0
PflaKGBDf	OZ251425.1	22980001	23010000	0.002660140455416	9398	25	9398	0
PflaHELEm	OZ251425.1	22980001	23010000	0.0113854011491806	9398	107	9398	0
PflaKGBHm	OZ251425.1	22980001	23010000	0.0044690359650989	9398	42	9398	0
PflaHELEm	OZ251425.1	23010001	23040000	0.009435742592942	10598	100	10598	0
PflaHELAf	OZ251425.1	23010001	23040000	0.0106623891300245	10598	113	10598	0
PflaKGBDf	OZ251425.1	23010001	23040000	0.0033025099075297	10598	35	10598	0
PflaKGBHm	OZ251425.1	23010001	23040000	0.0032081524816003	10598	34	10598	0
PflaKGBHm	OZ251425.1	23040001	23070000	0.0047877951797451	12323	59	12323	0
PflaHELAf	OZ251425.1	23040001	23070000	0.0075468635884119	12323	93	12323	0
PflaKGBDf	OZ251425.1	23040001	23070000	0.0042197516838432	12323	52	12323	0
PflaHELEm	OZ251425.1	23040001	23070000	0.0083583542968433	12323	103	12323	0
PflaHELAf	OZ251425.1	23070001	23100000	0.004987384850085	17043	85	17043	0
PflaKGBHm	OZ251425.1	23070001	23100000	0.0057501613565686	17043	98	17043	0
PflaHELEm	OZ251425.1	23070001	23100000	0.0069236636742357	17043	118	17043	0
PflaKGBDf	OZ251425.1	23070001	23100000	0.0065129378630522	17043	111	17043	0
PflaHELEm	OZ251425.1	23100001	23130000	0.0060698027314112	13839	84	13839	0
PflaKGBDf	OZ251425.1	23100001	23130000	0.0014451911265264	13839	20	13839	0
PflaHELAf	OZ251425.1	23100001	23130000	0.0080930703085483	13839	112	13839	0
PflaKGBHm	OZ251425.1	23100001	23130000	0.004696871161211	13839	65	13839	0
PflaHELEm	OZ251425.1	23130001	23160000	0.0080079370703706	14111	113	14111	0
PflaHELAf	OZ251425.1	23130001	23160000	0.0060236694777124	14111	85	14111	0
PflaKGBDf	OZ251425.1	23130001	23160000	0.003401601587414	14111	48	14111	0
PflaKGBHm	OZ251425.1	23130001	23160000	0.006094968107725	14110	86	14110	1
PflaHELEm	OZ251425.1	23160001	23190000	0.0091081842605333	15261	139	15261	0
PflaKGBHm	OZ251425.1	23160001	23190000	0.0072093328090182	15258	110	15258	3
PflaKGBDf	OZ251425.1	23160001	23190000	0.0086494987222331	15261	132	15261	0
PflaHELAf	OZ251425.1	23160001	23190000	0.0072734421073324	15261	111	15261	0
PflaHELAf	OZ251425.1	23190001	23220000	0.0101958679903407	14908	152	14908	128
PflaKGBDf	OZ251425.1	23190001	23220000	0.0055740602270409	14711	82	14711	325
PflaHELEm	OZ251425.1	23190001	23220000	0.0107076350093109	15036	161	15036	0
PflaKGBHm	OZ251425.1	23190001	23220000	0.0078478318701782	15036	118	15036	0
PflaKGBDf	OZ251425.1	23220001	23250000	0.0035994764397905	15280	55	15280	8
PflaHELEm	OZ251425.1	23220001	23250000	0.0081763474620617	15288	125	15288	0
PflaKGBHm	OZ251425.1	23220001	23250000	0.0030088958660387	15288	46	15288	0
PflaHELAf	OZ251425.1	23220001	23250000	0.0039900575614861	15288	61	15288	0
PflaKGBDf	OZ251425.1	23250001	23280000	0.0078788342385068	13073	103	13073	0
PflaKGBHm	OZ251425.1	23250001	23280000	0.0080348943985307	13068	105	13068	5
PflaHELEm	OZ251425.1	23250001	23280000	0.010479614472577	13073	137	13073	0
PflaHELAf	OZ251425.1	23250001	23280000	0.0073506891271056	13060	96	13060	13
PflaKGBHm	OZ251425.1	23280001	23310000	0.0045575655588276	14262	65	14262	0
PflaHELEm	OZ251425.1	23280001	23310000	0.0054690786705931	14262	78	14262	0
PflaKGBDf	OZ251425.1	23280001	23310000	0.0041368671995512	14262	59	14262	0
PflaHELAf	OZ251425.1	23280001	23310000	0.0034357032674239	14262	49	14262	0
PflaKGBHm	OZ251425.1	23310001	23340000	0.0026439482961222	13616	36	13616	0
PflaHELEm	OZ251425.1	23310001	23340000	0.0031652557968347	13585	43	13585	31
PflaHELAf	OZ251425.1	23310001	23340000	0.0027173913043478	13616	37	13616	0
PflaKGBDf	OZ251425.1	23310001	23340000	0.002943340691685	13590	40	13590	26
PflaHELAf	OZ251425.1	23340001	23370000	0.0026901722855016	17471	47	17471	0
PflaKGBDf	OZ251425.1	23340001	23370000	0.002804647701906	17471	49	17471	0
PflaHELEm	OZ251425.1	23340001	23370000	0.002461221452693	17471	43	17471	0
PflaKGBHm	OZ251425.1	23340001	23370000	0.0028618854101081	17471	50	17471	0
PflaHELEm	OZ251425.1	23370001	23400000	0.0029347643803454	11926	35	11926	0
PflaHELAf	OZ251425.1	23370001	23400000	0.0025993627368774	11926	31	11926	0
PflaKGBDf	OZ251425.1	23370001	23400000	0.0023478115042763	11926	28	11926	0
PflaKGBHm	OZ251425.1	23370001	23400000	0.0031027253668763	11925	37	11925	1
PflaKGBDf	OZ251425.1	23400001	23430000	0.0035516969218626	10136	36	10136	0
PflaHELEm	OZ251425.1	23400001	23430000	0.0039463299131807	10136	40	10136	0
PflaHELAf	OZ251425.1	23400001	23430000	0.0036503551696921	10136	37	10136	0
PflaKGBHm	OZ251425.1	23400001	23430000	0.0036615536862939	10105	37	10105	31
PflaKGBHm	OZ251425.1	23430001	23460000	0.0033565390353058	16088	54	16088	0
PflaHELEm	OZ251425.1	23430001	23460000	0.0032322227747389	16088	52	16088	0
PflaKGBDf	OZ251425.1	23430001	23460000	0.0018025857782197	16088	29	16088	0
PflaHELAf	OZ251425.1	23430001	23460000	0.0029214321233217	16088	47	16088	0
PflaKGBHm	OZ251425.1	23460001	23490000	0.0033266418124462	17435	58	17435	0
PflaHELEm	OZ251425.1	23460001	23490000	0.0044737596788069	17435	78	17435	0
PflaKGBDf	OZ251425.1	23460001	23490000	0.0014912532262689	17435	26	17435	0
PflaHELAf	OZ251425.1	23460001	23490000	0.0029251505592199	17435	51	17435	0
PflaKGBHm	OZ251425.1	23490001	23520000	0.0014597208283915	10961	16	10961	0
PflaHELEm	OZ251425.1	23490001	23520000	0.0028282091050086	10961	31	10961	0
PflaKGBDf	OZ251425.1	23490001	23520000	0.0014597208283915	10961	16	10961	0
PflaHELAf	OZ251425.1	23490001	23520000	0.0023720463461363	10961	26	10961	0
PflaKGBHm	OZ251425.1	23520001	23550000	0.0041091387245233	12168	50	12168	0
PflaHELAf	OZ251425.1	23520001	23550000	0.0030407626561472	12168	37	12168	0
PflaKGBDf	OZ251425.1	23520001	23550000	0.0029619878229389	12154	36	12154	14
PflaHELEm	OZ251425.1	23520001	23550000	0.00353385930309	12168	43	12168	0
PflaHELAf	OZ251425.1	23550001	23580000	0.0022104681455751	12667	28	12667	0
PflaKGBDf	OZ251425.1	23550001	23580000	0.0014210152364411	12667	18	12667	0
PflaHELEm	OZ251425.1	23550001	23580000	0.003394647509276	12667	43	12667	0
PflaKGBHm	OZ251425.1	23550001	23580000	0.0021315228546617	12667	27	12667	0
PflaKGBHm	OZ251425.1	23580001	23610000	0.0011582117211026	8634	10	8634	0
PflaHELEm	OZ251425.1	23580001	23610000	0.0013898540653231	8634	12	8634	0
PflaKGBDf	OZ251425.1	23580001	23610000	0.0016214964095436	8634	14	8634	0
PflaHELAf	OZ251425.1	23580001	23610000	0.0010425112938723	8633	9	8633	1
PflaHELAf	OZ251425.1	23610001	23640000	0.0009731176255929	16442	16	16442	0
PflaKGBHm	OZ251425.1	23610001	23640000	0.0013380367351903	16442	22	16442	0
PflaHELEm	OZ251425.1	23610001	23640000	0.0013988565867899	16442	23	16442	0
PflaKGBDf	OZ251425.1	23610001	23640000	0.0006690183675951	16442	11	16442	0
PflaKGBHm	OZ251425.1	23640001	23670000	0.0008803521408563	12495	11	12495	1
PflaHELEm	OZ251425.1	23640001	23670000	0.0013604353393085	12496	17	12496	0
PflaKGBDf	OZ251425.1	23640001	23670000	0.0011203585147247	12496	14	12496	0
PflaHELAf	OZ251425.1	23640001	23670000	0.0006402048655569	12496	8	12496	0
PflaKGBDf	OZ251425.1	23670001	23700000	0.0006526137179403	15323	10	15323	0
PflaKGBHm	OZ251425.1	23670001	23700000	0.0011094433204985	15323	17	15323	0
PflaHELEm	OZ251425.1	23670001	23700000	0.0009136592051164	15323	14	15323	0
PflaHELAf	OZ251425.1	23670001	23700000	0.0009789205769105	15323	15	15323	0
PflaHELAf	OZ251425.1	23700001	23730000	0.0006958250497017	20120	14	20120	0
PflaKGBDf	OZ251425.1	23700001	23730000	0.0007455268389662	20120	15	20120	0
PflaKGBHm	OZ251425.1	23700001	23730000	0.0008946322067594	20120	18	20120	0
PflaHELEm	OZ251425.1	23700001	23730000	0.0009940357852882	20120	20	20120	0
PflaHELAf	OZ251425.1	23730001	23760000	0.0010748642983823	18607	20	18607	0
PflaKGBDf	OZ251425.1	23730001	23760000	0.0008598914387058	18607	16	18607	0
PflaHELEm	OZ251425.1	23730001	23760000	0.000967377868544	18607	18	18607	0
PflaKGBHm	OZ251425.1	23730001	23760000	0.0019347557370881	18607	36	18607	0
PflaHELAf	OZ251425.1	23760001	23790000	0.0034491056388866	12467	43	12467	0
PflaKGBDf	OZ251425.1	23760001	23790000	0.0013635999037458	12467	17	12467	0
PflaHELEm	OZ251425.1	23760001	23790000	0.0033688938798427	12467	42	12467	0
PflaKGBHm	OZ251425.1	23760001	23790000	0.0017646586989652	12467	22	12467	0
PflaHELAf	OZ251425.1	23790001	23820000	0.0018437427978796	13017	24	13017	0
PflaKGBHm	OZ251425.1	23790001	23820000	0.0009218713989398	13017	12	13017	0
PflaHELEm	OZ251425.1	23790001	23820000	0.0020743700061462	13016	27	13016	1
PflaKGBDf	OZ251425.1	23790001	23820000	0.0015364523315664	13017	20	13017	0
PflaHELAf	OZ251425.1	23820001	23850000	0.0035983434041686	14729	53	14729	0
PflaKGBHm	OZ251425.1	23820001	23850000	0.0027157308710706	14729	40	14729	0
PflaKGBDf	OZ251425.1	23820001	23850000	0.00230837124041	14729	34	14729	0
PflaHELEm	OZ251425.1	23820001	23850000	0.0025808204292311	14724	38	14724	5
PflaKGBHm	OZ251425.1	23850001	23880000	0.0022248708780294	12585	28	12585	0
PflaHELEm	OZ251425.1	23850001	23880000	0.0038140643623361	12585	48	12585	0
PflaKGBDf	OZ251425.1	23850001	23880000	0.0019108280254777	12560	24	12560	25
PflaHELAf	OZ251425.1	23850001	23880000	0.0024632499006754	12585	31	12585	0
PflaKGBHm	OZ251425.1	23880001	23910000	0.0035330014453187	12454	44	12454	0
PflaHELEm	OZ251425.1	23880001	23910000	0.004095069857074	12454	51	12454	0
PflaKGBDf	OZ251425.1	23880001	23910000	0.0028244028405422	12392	35	12392	62
PflaHELAf	OZ251425.1	23880001	23910000	0.0039344788822868	12454	49	12454	0
PflaKGBHm	OZ251425.1	23910001	23940000	0.002624327516074	7621	20	7621	2
PflaHELEm	OZ251425.1	23910001	23940000	0.0043290043290043	7623	33	7623	0
PflaKGBDf	OZ251425.1	23910001	23940000	0.0036730945821854	7623	28	7623	0
PflaHELAf	OZ251425.1	23910001	23940000	0.003822327665744	7587	29	7587	36
PflaKGBHm	OZ251425.1	23940001	23970000	0.0006492979465952	12321	8	12321	0
PflaHELEm	OZ251425.1	23940001	23970000	0.0038957876795714	12321	48	12321	0
PflaKGBDf	OZ251425.1	23940001	23970000	0.0056020134773077	12317	69	12317	4
PflaHELAf	OZ251425.1	23940001	23970000	0.0040581121662202	12321	50	12321	0
PflaHELEm	OZ251425.1	23970001	24000000	0.006594080662475	13042	86	13042	0
PflaKGBDf	OZ251425.1	23970001	24000000	0.0026836374789142	13042	35	13042	0
PflaHELAf	OZ251425.1	23970001	24000000	0.0050699032109387	13018	66	13018	24
PflaKGBHm	OZ251425.1	23970001	24000000	0.0008456334563345	13008	11	13008	34
PflaHELEm	OZ251425.1	24000001	24030000	0.0031888508326443	16934	54	16934	0
PflaKGBHm	OZ251425.1	24000001	24030000	0.0014763198299279	16934	25	16934	0
PflaHELAf	OZ251425.1	24000001	24030000	0.0008857918979567	16934	15	16934	0
PflaKGBDf	OZ251425.1	24000001	24030000	0.0027275422472576	16865	46	16865	69
PflaHELAf	OZ251425.1	24030001	24060000	0.0017680707228289	9615	17	9615	0
PflaKGBDf	OZ251425.1	24030001	24060000	0.003328133125325	9615	32	9615	0
PflaHELEm	OZ251425.1	24030001	24060000	0.0045761830473218	9615	44	9615	0
PflaKGBHm	OZ251425.1	24030001	24060000	0.0021840873634945	9615	21	9615	0
PflaHELAf	OZ251425.1	24060001	24090000	0.001104275122259	12678	14	12678	0
PflaKGBDf	OZ251425.1	24060001	24090000	0.0009465215333648	12678	12	12678	0
PflaHELEm	OZ251425.1	24060001	24090000	0.0010253983278119	12678	13	12678	0
PflaKGBHm	OZ251425.1	24060001	24090000	0.0009465215333648	12678	12	12678	0
PflaHELAf	OZ251425.1	24090001	24120000	0.0010416666666666	17280	18	17280	0
PflaKGBHm	OZ251425.1	24090001	24120000	0.0009259259259259	17280	16	17280	0
PflaHELEm	OZ251425.1	24090001	24120000	0.0015625	17280	27	17280	0
PflaKGBDf	OZ251425.1	24090001	24120000	0.0016782407407407	17280	29	17280	0
PflaHELAf	OZ251425.1	24120001	24150000	0.0031246745130715	9601	30	9601	0
PflaKGBHm	OZ251425.1	24120001	24150000	0.0030233527939949	9592	29	9592	9
PflaKGBDf	OZ251425.1	24120001	24150000	0.0014587892049598	9597	14	9597	4
PflaHELEm	OZ251425.1	24120001	24150000	0.0042703885011977	9601	41	9601	0
PflaKGBHm	OZ251425.1	24150001	24180000	0.0019525600231414	13828	27	13828	0
PflaHELEm	OZ251425.1	24150001	24180000	0.0104136534567544	13828	144	13828	0
PflaKGBDf	OZ251425.1	24150001	24180000	0.0025310963262944	13828	35	13828	0
PflaHELAf	OZ251425.1	24150001	24180000	0.0066531674862597	13828	92	13828	0
PflaKGBHm	OZ251425.1	24180001	24210000	0.0025219408857056	9913	25	9913	0
PflaHELEm	OZ251425.1	24180001	24210000	0.0067588015736911	9913	67	9913	0
PflaKGBDf	OZ251425.1	24180001	24210000	0.0021184303439927	9913	21	9913	0
PflaHELAf	OZ251425.1	24180001	24210000	0.0061585058051489	9905	61	9905	8
PflaKGBHm	OZ251425.1	24210001	24240000	0.0023137781758471	13398	31	13398	9
PflaHELAf	OZ251425.1	24210001	24240000	0.0029835160736928	13407	40	13407	0
PflaKGBDf	OZ251425.1	24210001	24240000	0.0003729395092116	13407	5	13407	0
PflaHELEm	OZ251425.1	24210001	24240000	0.0023122249571119	13407	31	13407	0
PflaHELEm	OZ251425.1	24240001	24270000	0.0026417394838447	14763	39	14763	0
PflaHELAf	OZ251425.1	24240001	24270000	0.0027094763936869	14763	40	14763	0
PflaKGBDf	OZ251425.1	24240001	24270000	0.0005418952787373	14763	8	14763	0
PflaKGBHm	OZ251425.1	24240001	24270000	0.0037255300413195	14763	55	14763	0
PflaHELAf	OZ251425.1	24270001	24300000	0.0036443489230481	21403	78	21403	23
PflaKGBDf	OZ251425.1	24270001	24300000	0.0012134789508074	21426	26	21426	0
PflaHELEm	OZ251425.1	24270001	24300000	0.0041071595258097	21426	88	21426	0
PflaKGBHm	OZ251425.1	24270001	24300000	0.0034537477830673	21426	74	21426	0
PflaKGBHm	OZ251425.1	24300001	24330000	0.0025339264598231	17759	45	17759	0
PflaHELEm	OZ251425.1	24300001	24330000	0.0042232107663719	17759	75	17759	0
PflaKGBDf	OZ251425.1	24300001	24330000	0.001351427445239	17759	24	17759	0
PflaHELAf	OZ251425.1	24300001	24330000	0.0035474970437524	17759	63	17759	0
PflaHELAf	OZ251425.1	24330001	24360000	0.0022549869904596	11530	26	11530	0
PflaKGBDf	OZ251425.1	24330001	24360000	0.0042497831743278	11530	49	11530	0
PflaKGBHm	OZ251425.1	24330001	24360000	0.0033824804856895	11530	39	11530	0
PflaHELEm	OZ251425.1	24330001	24360000	0.0045099739809193	11530	52	11530	0
PflaKGBHm	OZ251425.1	24360001	24390000	0.000317032575097	12617	4	12617	0
PflaHELEm	OZ251425.1	24360001	24390000	0.0030932741116751	12608	39	12608	9
PflaKGBDf	OZ251425.1	24360001	24390000	0.0038836490449393	12617	49	12617	0
PflaHELAf	OZ251425.1	24360001	24390000	0.0031705770450221	12616	40	12616	1
PflaHELEm	OZ251425.1	24390001	24420000	0.0040326115543087	11407	46	11407	0
PflaKGBDf	OZ251425.1	24390001	24420000	0.0028929604628736	11407	33	11407	0
PflaHELAf	OZ251425.1	24390001	24420000	0.0046462698343122	11407	53	11407	0
PflaKGBHm	OZ251425.1	24390001	24420000	0.0001753309371438	11407	2	11407	0
PflaKGBHm	OZ251425.1	24420001	24450000	0.0041147921502426	9478	39	9478	0
PflaHELEm	OZ251425.1	24420001	24450000	0.0048533445874657	9478	46	9478	0
PflaKGBDf	OZ251425.1	24420001	24450000	0.0010550749103186	9478	10	9478	0
PflaHELAf	OZ251425.1	24420001	24450000	0.0018991348385735	9478	18	9478	0
PflaHELAf	OZ251425.1	24450001	24480000	0.0036290322580645	12400	45	12400	8
PflaKGBDf	OZ251425.1	24450001	24480000	0.0006447453255963	12408	8	12408	0
PflaHELEm	OZ251425.1	24450001	24480000	0.0047549967762733	12408	59	12408	0
PflaKGBHm	OZ251425.1	24450001	24480000	0.0037072856221792	12408	46	12408	0
PflaHELAf	OZ251425.1	24480001	24510000	0.004414036636504	9062	40	9062	61
PflaKGBDf	OZ251425.1	24480001	24510000	0.0014251260688445	9122	13	9122	1
PflaHELEm	OZ251425.1	24480001	24510000	0.0058094924915049	9123	53	9123	0
PflaKGBHm	OZ251425.1	24480001	24510000	0.0053710402279951	9123	49	9123	0
PflaKGBHm	OZ251425.1	24510001	24540000	0.0043580520199225	14456	63	14456	0
PflaHELEm	OZ251425.1	24510001	24540000	0.0053956834532374	14456	78	14456	0
PflaHELAf	OZ251425.1	24510001	24540000	0.0034587714443829	14456	50	14456	0
PflaKGBDf	OZ251425.1	24510001	24540000	0.0019369120088544	14456	28	14456	0
PflaHELAf	OZ251425.1	24540001	24570000	0.0046296296296296	11664	54	11664	0
PflaKGBDf	OZ251425.1	24540001	24570000	0.0073143447207641	11621	85	11621	43
PflaHELEm	OZ251425.1	24540001	24570000	0.0060871056241426	11664	71	11664	0
PflaKGBHm	OZ251425.1	24540001	24570000	0.0065157750342935	11664	76	11664	0
PflaHELAf	OZ251425.1	24570001	24600000	0.0034580708904532	8097	28	8097	0
PflaKGBDf	OZ251425.1	24570001	24600000	0.0053106088674817	8097	43	8097	0
PflaHELEm	OZ251425.1	24570001	24600000	0.0053106088674817	8097	43	8097	0
PflaKGBHm	OZ251425.1	24570001	24600000	0.0053106088674817	8097	43	8097	0
PflaHELEm	OZ251425.1	24600001	24630000	0.0072626294990921	9363	68	9363	0
PflaKGBDf	OZ251425.1	24600001	24630000	0.0050197586243725	9363	47	9363	0
PflaHELAf	OZ251425.1	24600001	24630000	0.0042725913266396	9362	40	9362	1
PflaKGBHm	OZ251425.1	24600001	24630000	0.005767382249279	9363	54	9363	0
PflaHELEm	OZ251425.1	24630001	24660000	0.0078523353049153	9806	77	9806	0
PflaHELAf	OZ251425.1	24630001	24660000	0.0057107893126657	9806	56	9806	0
PflaKGBDf	OZ251425.1	24630001	24660000	0.0062346688470973	9784	61	9784	22
PflaKGBHm	OZ251425.1	24630001	24660000	0.0059201796468306	9797	58	9797	9
PflaKGBHm	OZ251425.1	24660001	24690000	0.0061241532894126	10777	66	10777	0
PflaKGBDf	OZ251425.1	24660001	24690000	0.0060313630880579	10777	65	10777	0
PflaHELEm	OZ251425.1	24660001	24690000	0.0068664749002505	10777	74	10777	0
PflaHELAf	OZ251425.1	24660001	24690000	0.0050106708731557	10777	54	10777	0
PflaHELAf	OZ251425.1	24690001	24720000	0.0015705435825844	11461	18	11461	48
PflaHELEm	OZ251425.1	24690001	24720000	0.0035624294030758	11509	41	11509	0
PflaKGBDf	OZ251425.1	24690001	24720000	0.0055729710902124	11484	64	11484	25
PflaKGBHm	OZ251425.1	24690001	24720000	0.0074724128942566	11509	86	11509	0
PflaKGBHm	OZ251425.1	24720001	24750000	0.0050967519004837	11576	59	11576	3
PflaHELEm	OZ251425.1	24720001	24750000	0.0058727005786337	11579	68	11579	0
PflaKGBDf	OZ251425.1	24720001	24750000	0.0036281962681409	11576	42	11576	3
PflaHELAf	OZ251425.1	24720001	24750000	0.004749978409189	11579	55	11579	0
PflaKGBDf	OZ251425.1	24750001	24780000	0.0049637645190112	10073	50	10073	11
PflaKGBHm	OZ251425.1	24750001	24780000	0.0028758429194763	10084	29	10084	0
PflaHELAf	OZ251425.1	24750001	24780000	0.0050625372245384	10074	51	10074	10
PflaHELEm	OZ251425.1	24750001	24780000	0.006743355811186	10084	68	10084	0
PflaHELAf	OZ251425.1	24780001	24810000	0.001068376068376	10296	11	10296	0
PflaKGBDf	OZ251425.1	24780001	24810000	0.0044677544677544	10296	46	10296	0
PflaHELEm	OZ251425.1	24780001	24810000	0.007090132090132	10296	73	10296	0
PflaKGBHm	OZ251425.1	24780001	24810000	0.0002913752913752	10296	3	10296	0
PflaKGBHm	OZ251425.1	24810001	24840000	0.0050716648291069	13605	69	13605	1
PflaKGBDf	OZ251425.1	24810001	24840000	0.002433987313763	13558	33	13558	48
PflaHELAf	OZ251425.1	24810001	24840000	0.0045638571954361	13585	62	13585	21
PflaHELEm	OZ251425.1	24810001	24840000	0.0073561865528909	13594	100	13594	12
PflaKGBHm	OZ251425.1	24840001	24870000	0.0029816513761467	8720	26	8720	10
PflaHELEm	OZ251425.1	24840001	24870000	0.0046964490263459	8730	41	8730	0
PflaKGBDf	OZ251425.1	24840001	24870000	0.0024054982817869	8730	21	8730	0
PflaHELAf	OZ251425.1	24840001	24870000	0.0027491408934707	8730	24	8730	0
PflaKGBHm	OZ251425.1	24870001	24900000	0.0006759040216289	2959	2	2959	0
PflaHELEm	OZ251425.1	24870001	24900000	0.0047313281514025	2959	14	2959	0
PflaHELAf	OZ251425.1	24870001	24900000	0.0	2959	0	2959	0
PflaKGBDf	OZ251425.1	24870001	24900000	0.004393376140588	2959	13	2959	0
PflaKGBHm	OZ251425.1	24900001	24930000	0.0011373976342129	13188	15	13188	28
PflaHELEm	OZ251425.1	24900001	24930000	0.0084745762711864	13216	112	13216	0
PflaKGBDf	OZ251425.1	24900001	24930000	0.0083345961509319	13198	110	13198	18
PflaHELAf	OZ251425.1	24900001	24930000	0.0043886198547215	13216	58	13216	0
PflaKGBHm	OZ251425.1	24930001	24960000	0.0006910054128757	8683	6	8683	0
PflaHELEm	OZ251425.1	24930001	24960000	0.0077162271104456	8683	67	8683	0
PflaKGBDf	OZ251425.1	24930001	24960000	0.0067948865599447	8683	59	8683	0
PflaHELAf	OZ251425.1	24930001	24960000	0.0054128757341932	8683	47	8683	0
PflaKGBHm	OZ251425.1	24960001	24990000	0.0032518122078449	14761	48	14761	0
PflaHELEm	OZ251425.1	24960001	24990000	0.0066391165910168	14761	98	14761	0
PflaKGBDf	OZ251425.1	24960001	24990000	0.0039292730844793	14761	58	14761	0
PflaHELAf	OZ251425.1	24960001	24990000	0.003839297956945	14586	56	14586	175
PflaKGBDf	OZ251425.1	24990001	25020000	0.002149459052805	13957	30	13957	0
PflaKGBHm	OZ251425.1	24990001	25020000	0.002292756322992	13957	32	13957	0
PflaHELEm	OZ251425.1	24990001	25020000	0.0035173354389491	13931	49	13931	26
PflaHELAf	OZ251425.1	24990001	25020000	0.002436053593179	13957	34	13957	0
PflaHELAf	OZ251425.1	25020001	25050000	0.0038746998471949	18324	71	18324	0
PflaKGBDf	OZ251425.1	25020001	25050000	0.0033410012049512	18258	61	18258	66
PflaHELEm	OZ251425.1	25020001	25050000	0.0056756166775813	18324	104	18324	0
PflaKGBHm	OZ251425.1	25020001	25050000	0.0015826238812486	18324	29	18324	0
PflaKGBHm	OZ251425.1	25050001	25080000	0.0037825475017593	11368	43	11368	13
PflaHELAf	OZ251425.1	25050001	25080000	0.0016741563133315	11349	19	11349	32
PflaKGBDf	OZ251425.1	25050001	25080000	0.0026373626373626	11375	30	11375	6
PflaHELEm	OZ251425.1	25050001	25080000	0.0014058518583604	11381	16	11381	0
PflaHELAf	OZ251425.1	25080001	25110000	0.0006539747129777	13762	9	13762	128
PflaKGBDf	OZ251425.1	25080001	25110000	0.004247660187185	13890	59	13890	0
PflaHELEm	OZ251425.1	25080001	25110000	0.0005805936570142	13779	8	13779	111
PflaKGBHm	OZ251425.1	25080001	25110000	0.0003600748955782	13886	5	13886	4
PflaKGBHm	OZ251425.1	25110001	25140000	0.0003650967506389	16434	6	16434	1
PflaHELAf	OZ251425.1	25110001	25140000	0.0004259462090787	16434	7	16434	1
PflaHELEm	OZ251425.1	25110001	25140000	0.0005476118040766	16435	9	16435	0
PflaKGBDf	OZ251425.1	25110001	25140000	0.0028597505324003	16435	47	16435	0
PflaKGBHm	OZ251425.1	25140001	25170000	0.0023232176564541	13774	32	13774	0
PflaHELEm	OZ251425.1	25140001	25170000	0.0012342093799912	13774	17	13774	0
PflaKGBDf	OZ251425.1	25140001	25170000	0.0045012342093799	13774	62	13774	0
PflaHELAf	OZ251425.1	25140001	25170000	0.0029040220705677	13774	40	13774	0
PflaHELEm	OZ251425.1	25170001	25200000	0.001664447403462	12016	20	12016	1
PflaHELAf	OZ251425.1	25170001	25200000	0.0039943413497545	12017	48	12017	0
PflaKGBDf	OZ251425.1	25170001	25200000	0.0039111259049679	12017	47	12017	0
PflaKGBHm	OZ251425.1	25170001	25200000	0.0039950062421972	12015	48	12015	2
PflaKGBDf	OZ251425.1	25200001	25230000	0.0052863436123348	14755	78	14755	160
PflaHELAf	OZ251425.1	25200001	25230000	0.0052296345960442	14915	78	14915	0
PflaKGBHm	OZ251425.1	25200001	25230000	0.0061682869594368	14915	92	14915	0
PflaHELEm	OZ251425.1	25200001	25230000	0.0070398927254441	14915	105	14915	0
PflaHELAf	OZ251425.1	25230001	25260000	0.005670919856559	11991	68	11991	0
PflaKGBDf	OZ251425.1	25230001	25260000	0.0058377116170461	11991	70	11991	0
PflaHELEm	OZ251425.1	25230001	25260000	0.0060045033775331	11991	72	11991	0
PflaKGBHm	OZ251425.1	25230001	25260000	0.0037559469159502	11981	45	11981	10
PflaHELAf	OZ251425.1	25260001	25290000	0.0046396339138172	15734	73	15734	0
PflaKGBDf	OZ251425.1	25260001	25290000	0.0058472098639888	15734	92	15734	0
PflaHELEm	OZ251425.1	25260001	25290000	0.0040676242532096	15734	64	15734	0
PflaKGBHm	OZ251425.1	25260001	25290000	0.0012736419792396	15703	20	15703	31
PflaKGBHm	OZ251425.1	25290001	25320000	0.0012217470983506	13096	16	13096	152
PflaHELEm	OZ251425.1	25290001	25320000	0.0055857487922705	13248	74	13248	0
PflaKGBDf	OZ251425.1	25290001	25320000	0.0046810117025292	13245	62	13245	3
PflaHELAf	OZ251425.1	25290001	25320000	0.003094806763285	13248	41	13248	0
PflaHELAf	OZ251425.1	25320001	25350000	0.0039374507818652	8889	35	8889	60
PflaKGBHm	OZ251425.1	25320001	25350000	0.0003378378378378	8880	3	8880	69
PflaKGBDf	OZ251425.1	25320001	25350000	0.0027936082243826	8949	25	8949	0
PflaHELEm	OZ251425.1	25320001	25350000	0.008717031738936	8948	78	8948	1
PflaKGBHm	OZ251425.1	25350001	25380000	0.0019719378081152	13185	26	13185	6
PflaKGBDf	OZ251425.1	25350001	25380000	0.0033361134278565	13189	44	13189	2
PflaHELAf	OZ251425.1	25350001	25380000	0.00333560761125	13191	44	13191	0
PflaHELEm	OZ251425.1	25350001	25380000	0.0059889318474717	13191	79	13191	0
PflaKGBHm	OZ251425.1	25380001	25410000	0.0029382345586396	15996	47	15996	5
PflaHELEm	OZ251425.1	25380001	25410000	0.004499718767577	16001	72	16001	0
PflaKGBDf	OZ251425.1	25380001	25410000	0.0028748203237297	16001	46	16001	0
PflaHELAf	OZ251425.1	25380001	25410000	0.0037497656396475	16001	60	16001	0
PflaKGBHm	OZ251425.1	25410001	25440000	0.0041712403951701	9110	38	9110	0
PflaHELAf	OZ251425.1	25410001	25440000	0.0032930845225027	9110	30	9110	0
PflaKGBDf	OZ251425.1	25410001	25440000	0.0015367727771679	9110	14	9110	0
PflaHELEm	OZ251425.1	25410001	25440000	0.003622392974753	9110	33	9110	0
PflaKGBHm	OZ251425.1	25440001	25470000	0.0024300052826201	9465	23	9465	0
PflaHELEm	OZ251425.1	25440001	25470000	0.0043317485472794	9465	41	9465	0
PflaKGBDf	OZ251425.1	25440001	25470000	0.0034865293185419	9465	33	9465	0
PflaHELAf	OZ251425.1	25440001	25470000	0.0040147913365029	9465	38	9465	0
PflaHELEm	OZ251425.1	25470001	25500000	0.0061547479484173	17060	105	17060	0
PflaKGBHm	OZ251425.1	25470001	25500000	0.0031099636192935	17042	53	17042	18
PflaKGBDf	OZ251425.1	25470001	25500000	0.002696365767878	17060	46	17060	0
PflaHELAf	OZ251425.1	25470001	25500000	0.0060961313012895	17060	104	17060	0
PflaKGBDf	OZ251425.1	25500001	25530000	0.0027608253414705	20646	57	20646	0
PflaHELAf	OZ251425.1	25500001	25530000	0.002034292356873	20646	42	20646	0
PflaKGBHm	OZ251425.1	25500001	25530000	0.0018889857599535	20646	39	20646	0
PflaHELEm	OZ251425.1	25500001	25530000	0.0017921146953405	20646	37	20646	0
PflaHELAf	OZ251425.1	25530001	25560000	0.0031453959267122	25434	80	25434	0
PflaKGBDf	OZ251425.1	25530001	25560000	0.0031847133757961	25434	81	25434	0
PflaHELEm	OZ251425.1	25530001	25560000	0.0038531100102225	25434	98	25434	0
PflaKGBHm	OZ251425.1	25530001	25560000	0.0031060784776283	25434	79	25434	0
PflaHELAf	OZ251425.1	25560001	25590000	0.0032869591805534	26164	86	26164	0
PflaHELEm	OZ251425.1	25560001	25590000	0.0035545023696682	26164	93	26164	0
PflaKGBHm	OZ251425.1	25560001	25590000	0.0030194159914386	26164	79	26164	0
PflaKGBDf	OZ251425.1	25560001	25590000	0.0034047436878347	26140	89	26140	24
PflaKGBDf	OZ251425.1	25590001	25620000	0.0029363259724065	24861	73	24861	0
PflaHELEm	OZ251425.1	25590001	25620000	0.0048268372149149	24861	120	24861	0
PflaKGBHm	OZ251425.1	25590001	25620000	0.0026547604682032	24861	66	24861	0
PflaHELAf	OZ251425.1	25590001	25620000	0.0041430352761353	24861	103	24861	0
PflaKGBHm	OZ251425.1	25620001	25650000	0.0098639455782312	17640	174	17640	0
PflaKGBDf	OZ251425.1	25620001	25650000	0.0096938775510204	17640	171	17640	0
PflaHELAf	OZ251425.1	25620001	25650000	0.0086167800453514	17640	152	17640	0
PflaHELEm	OZ251425.1	25620001	25650000	0.0110600646588395	17631	195	17631	9
PflaHELAf	OZ251425.1	25650001	25680000	0.0035582967619499	16862	60	16862	0
PflaKGBDf	OZ251425.1	25650001	25680000	0.0056339698730874	16862	95	16862	0
PflaKGBHm	OZ251425.1	25650001	25680000	0.0099632309334598	16862	168	16862	0
PflaHELEm	OZ251425.1	25650001	25680000	0.0106748902858498	16862	180	16862	0
PflaHELEm	OZ251425.1	25680001	25710000	0.0044679794803905	24172	108	24172	0
PflaKGBHm	OZ251425.1	25680001	25710000	0.0025649511831871	24172	62	24172	0
PflaHELAf	OZ251425.1	25680001	25710000	0.0021232306411323	24020	51	24020	152
PflaKGBDf	OZ251425.1	25680001	25710000	0.0054633500269028	24161	132	24161	11
PflaHELAf	OZ251425.1	25710001	25740000	0.007008345816392	18692	131	18692	0
PflaKGBHm	OZ251425.1	25710001	25740000	0.0052963834795634	18692	99	18692	0
PflaHELEm	OZ251425.1	25710001	25740000	0.0105927669591269	18692	198	18692	0
PflaKGBDf	OZ251425.1	25710001	25740000	0.0090947999144018	18692	170	18692	0
PflaHELAf	OZ251425.1	25740001	25770000	0.0064917928959729	18947	123	18947	49
PflaKGBHm	OZ251425.1	25740001	25770000	0.006322444678609	18980	120	18980	16
PflaHELEm	OZ251425.1	25740001	25770000	0.0105285323225942	18996	200	18996	0
PflaKGBDf	OZ251425.1	25740001	25770000	0.0043730242360379	18980	83	18980	16
PflaKGBDf	OZ251425.1	25770001	25800000	0.0064291054074258	20065	129	20065	0
PflaHELEm	OZ251425.1	25770001	25800000	0.0080239222526787	20065	161	20065	0
PflaKGBHm	OZ251425.1	25770001	25800000	0.0066782955394966	20065	134	20065	0
PflaHELAf	OZ251425.1	25770001	25800000	0.0076252180413655	20065	153	20065	0
PflaHELAf	OZ251425.1	25800001	25830000	0.0074484670015589	17319	129	17319	0
PflaKGBHm	OZ251425.1	25800001	25830000	0.0052543449390842	17319	91	17319	0
PflaKGBDf	OZ251425.1	25800001	25830000	0.0044459841792251	17319	77	17319	0
PflaHELEm	OZ251425.1	25800001	25830000	0.0095271089554824	17319	165	17319	0
PflaKGBHm	OZ251425.1	25830001	25860000	0.0065000335053273	14923	97	14923	0
PflaKGBDf	OZ251425.1	25830001	25860000	0.0052268310661395	14923	78	14923	0
PflaHELAf	OZ251425.1	25830001	25860000	0.0088454064196207	14923	132	14923	0
PflaHELEm	OZ251425.1	25830001	25860000	0.0092474703477852	14923	138	14923	0
PflaHELAf	OZ251425.1	25860001	25890000	0.006634131462559	13114	87	13114	18
PflaKGBDf	OZ251425.1	25860001	25890000	0.0059396893085592	13132	78	13132	0
PflaHELEm	OZ251425.1	25860001	25890000	0.0068534876637222	13132	90	13132	0
PflaKGBHm	OZ251425.1	25860001	25890000	0.0057112397197685	13132	75	13132	0
PflaHELEm	OZ251425.1	25890001	25920000	0.0062265709384331	15739	98	15739	0
PflaKGBDf	OZ251425.1	25890001	25920000	0.0028682516412773	15689	45	15689	50
PflaKGBHm	OZ251425.1	25890001	25920000	0.0057821832507307	15738	91	15738	1
PflaHELAf	OZ251425.1	25890001	25920000	0.0067983988817586	15739	107	15739	0
PflaHELAf	OZ251425.1	25920001	25950000	0.0081244196843082	12924	105	12924	0
PflaKGBDf	OZ251425.1	25920001	25950000	0.0038705681994116	12918	50	12918	6
PflaHELEm	OZ251425.1	25920001	25950000	0.0099814298978644	12924	129	12924	0
PflaKGBHm	OZ251425.1	25920001	25950000	0.0057257814917982	12924	74	12924	0
PflaKGBDf	OZ251425.1	25950001	25980000	0.0068866006427493	15247	105	15247	0
PflaKGBHm	OZ251425.1	25950001	25980000	0.0054472665222812	15237	83	15237	10
PflaHELEm	OZ251425.1	25950001	25980000	0.0093133075359087	15247	142	15247	0
PflaHELAf	OZ251425.1	25950001	25980000	0.0065586672788089	15247	100	15247	0
PflaHELEm	OZ251425.1	25980001	26010000	0.0075629684651225	14809	112	14809	3
PflaHELAf	OZ251425.1	25980001	26010000	0.005623687241683	14759	83	14759	53
PflaKGBHm	OZ251425.1	25980001	26010000	0.0045908722657304	14812	68	14812	0
PflaKGBDf	OZ251425.1	25980001	26010000	0.0046637377492396	14795	69	14795	17
PflaHELEm	OZ251425.1	26010001	26040000	0.0082026320533621	11094	91	11094	0
PflaKGBDf	OZ251425.1	26010001	26040000	0.000725491974245	11027	8	11027	67
PflaHELAf	OZ251425.1	26010001	26040000	0.004969280809541	11068	55	11068	26
PflaKGBHm	OZ251425.1	26010001	26040000	0.0058590228952586	11094	65	11094	0
PflaHELAf	OZ251425.1	26040001	26070000	0.0037148827490132	12921	48	12921	0
PflaKGBDf	OZ251425.1	26040001	26070000	0.0050305703892887	12921	65	12921	0
PflaKGBHm	OZ251425.1	26040001	26070000	0.0042698548249359	12881	55	12881	40
PflaHELEm	OZ251425.1	26040001	26070000	0.0072176949941792	12885	93	12885	36
PflaKGBHm	OZ251425.1	26070001	26100000	0.0070628768303186	11610	82	11610	0
PflaHELEm	OZ251425.1	26070001	26100000	0.0064599483204134	11610	75	11610	0
PflaKGBDf	OZ251425.1	26070001	26100000	0.0025023729398567	11589	29	11589	21
PflaHELAf	OZ251425.1	26070001	26100000	0.0062015503875968	11610	72	11610	0
PflaHELEm	OZ251425.1	26100001	26130000	0.0094824466159971	13815	131	13815	0
PflaHELAf	OZ251425.1	26100001	26130000	0.0057908070937386	13815	80	13815	0
PflaKGBDf	OZ251425.1	26100001	26130000	0.0038364096996018	13815	53	13815	0
PflaKGBHm	OZ251425.1	26100001	26130000	0.0057184220050669	13815	79	13815	0
PflaKGBHm	OZ251425.1	26130001	26160000	0.0063843648208469	15350	98	15350	0
PflaHELEm	OZ251425.1	26130001	26160000	0.009718870262866	15331	149	15331	19
PflaKGBDf	OZ251425.1	26130001	26160000	0.0072312703583061	15350	111	15350	0
PflaHELAf	OZ251425.1	26130001	26160000	0.0083387622149837	15350	128	15350	0
PflaHELEm	OZ251425.1	26160001	26190000	0.0085990103025878	12327	106	12327	0
PflaKGBDf	OZ251425.1	26160001	26190000	0.0052729780157378	12327	65	12327	0
PflaHELAf	OZ251425.1	26160001	26190000	0.0081122738703658	12327	100	12327	0
PflaKGBHm	OZ251425.1	26160001	26190000	0.0008113590263691	12325	10	12325	2
PflaKGBHm	OZ251425.1	26190001	26220000	0.0064981160923933	18313	119	18313	0
PflaHELAf	OZ251425.1	26190001	26220000	0.0046961175121498	18313	86	18313	0
PflaKGBDf	OZ251425.1	26190001	26220000	0.0045322994594004	18313	83	18313	0
PflaHELEm	OZ251425.1	26190001	26220000	0.0078086605143886	18313	143	18313	0
PflaKGBHm	OZ251425.1	26220001	26250000	0.006415001233654	16212	104	16212	0
PflaHELEm	OZ251425.1	26220001	26250000	0.0057364914877868	16212	93	16212	0
PflaKGBDf	OZ251425.1	26220001	26250000	0.0033308660251665	16212	54	16212	0
PflaHELAf	OZ251425.1	26220001	26250000	0.0057364914877868	16212	93	16212	0
PflaKGBHm	OZ251425.1	26250001	26280000	0.0064611956925362	13465	87	13465	0
PflaHELEm	OZ251425.1	26250001	26280000	0.0108429261047159	13465	146	13465	0
PflaKGBDf	OZ251425.1	26250001	26280000	0.0067582621611585	13465	91	13465	0
PflaHELAf	OZ251425.1	26250001	26280000	0.0083178611214259	13465	112	13465	0
PflaKGBHm	OZ251425.1	26280001	26310000	0.002415458937198	414	1	414	0
PflaHELEm	OZ251425.1	26280001	26310000	0.0072463768115942	414	3	414	0
PflaKGBDf	OZ251425.1	26280001	26310000	0.0067114093959731	298	2	298	116
PflaHELAf	OZ251425.1	26280001	26310000	0.002415458937198	414	1	414	0
PflaKGBHm	OZ251425.1	26310001	26340000	0.0072775598025566	15802	115	15802	0
PflaHELEm	OZ251425.1	26310001	26340000	0.0056321984558916	15802	89	15802	0
PflaKGBDf	OZ251425.1	26310001	26340000	0.0068397720075997	15790	108	15790	12
PflaHELAf	OZ251425.1	26310001	26340000	0.0046196683964055	15802	73	15802	0
PflaHELEm	OZ251425.1	26340001	26370000	0.0067452428287418	14084	95	14084	1
PflaKGBDf	OZ251425.1	26340001	26370000	0.0065317713880014	14085	92	14085	0
PflaKGBHm	OZ251425.1	26340001	26370000	0.0076677316293929	14085	108	14085	0
PflaHELAf	OZ251425.1	26340001	26370000	0.0036275695284159	14059	51	14059	26
PflaHELAf	OZ251425.1	26370001	26400000	0.0053027500308299	16218	86	16218	0
PflaKGBDf	OZ251425.1	26370001	26400000	0.0061288924657958	16153	99	16153	65
PflaHELEm	OZ251425.1	26370001	26400000	0.0075841657417684	16218	123	16218	0
PflaKGBHm	OZ251425.1	26370001	26400000	0.0075225058576889	16218	122	16218	0
PflaHELAf	OZ251425.1	26400001	26430000	0.0050857308921825	13764	70	13764	0
PflaKGBDf	OZ251425.1	26400001	26430000	0.005231037489102	13764	72	13764	0
PflaKGBHm	OZ251425.1	26400001	26430000	0.0053763440860215	13764	74	13764	0
PflaHELEm	OZ251425.1	26400001	26430000	0.0064275801621503	13691	88	13691	73
PflaHELAf	OZ251425.1	26430001	26460000	0.0094366875300914	10385	98	10385	48
PflaKGBHm	OZ251425.1	26430001	26460000	0.0089140228122304	10433	93	10433	0
PflaKGBDf	OZ251425.1	26430001	26460000	0.0061698640701822	10373	64	10373	60
PflaHELEm	OZ251425.1	26430001	26460000	0.0099067038568817	10397	103	10397	36
PflaKGBHm	OZ251425.1	26460001	26490000	0.0077899820830412	12837	100	12837	60
PflaHELEm	OZ251425.1	26460001	26490000	0.0070559044739086	12897	91	12897	0
PflaKGBDf	OZ251425.1	26460001	26490000	0.0068439881785658	12858	88	12858	39
PflaHELAf	OZ251425.1	26460001	26490000	0.006684284159801	12866	86	12866	31
PflaKGBHm	OZ251425.1	26490001	26520000	0.005155510480054	11832	61	11832	0
PflaHELEm	OZ251425.1	26490001	26520000	0.0081981068289384	11832	97	11832	0
PflaKGBDf	OZ251425.1	26490001	26520000	0.0065922920892494	11832	78	11832	0
PflaHELAf	OZ251425.1	26490001	26520000	0.0096373319807253	11829	114	11829	3
PflaKGBHm	OZ251425.1	26520001	26550000	0.0031792290369585	15098	48	15098	76
PflaHELAf	OZ251425.1	26520001	26550000	0.0059311981020166	15174	90	15174	0
PflaKGBDf	OZ251425.1	26520001	26550000	0.0081729501713683	15172	124	15172	2
PflaHELEm	OZ251425.1	26520001	26550000	0.0087649927507578	15174	133	15174	0
PflaKGBHm	OZ251425.1	26550001	26580000	0.0078347578347578	14040	110	14040	0
PflaHELEm	OZ251425.1	26550001	26580000	0.0106837606837606	14040	150	14040	0
PflaKGBDf	OZ251425.1	26550001	26580000	0.0079772079772079	14040	112	14040	0
PflaHELAf	OZ251425.1	26550001	26580000	0.0083333333333333	14040	117	14040	0
PflaKGBHm	OZ251425.1	26580001	26610000	0.0037207266360253	9138	34	9138	43
PflaKGBDf	OZ251425.1	26580001	26610000	0.0022760896779333	8787	20	8787	394
PflaHELAf	OZ251425.1	26580001	26610000	0.0045746650691645	9181	42	9181	0
PflaHELEm	OZ251425.1	26580001	26610000	0.0072976799912863	9181	67	9181	0
PflaHELEm	OZ251425.1	26610001	26640000	0.0131332082551594	4797	63	4797	0
PflaHELAf	OZ251425.1	26610001	26640000	0.0069225928256765	4767	33	4767	30
PflaKGBHm	OZ251425.1	26610001	26640000	0.0069989395546129	4715	33	4715	82
PflaKGBDf	OZ251425.1	26610001	26640000	0.0066736183524504	4795	32	4795	2
PflaKGBHm	OZ251425.1	26640001	26670000	0.0034965034965034	4004	14	4004	15
PflaHELEm	OZ251425.1	26640001	26670000	0.0087086339885543	4019	35	4019	0
PflaKGBDf	OZ251425.1	26640001	26670000	0.0064692709629261	4019	26	4019	0
PflaHELAf	OZ251425.1	26640001	26670000	0.0094550883304304	4019	38	4019	0
PflaKGBHm	OZ251425.1	26670001	26700000	0.0052748798499589	8531	45	8531	0
PflaHELEm	OZ251425.1	26670001	26700000	0.007622845080333	8527	65	8527	4
PflaKGBDf	OZ251425.1	26670001	26700000	0.0023446658851113	8530	20	8530	1
PflaHELAf	OZ251425.1	26670001	26700000	0.0019927323877622	8531	17	8531	0
PflaKGBDf	OZ251425.1	26700001	26730000	0.0007036236618585	19897	14	19897	0
PflaHELEm	OZ251425.1	26700001	26730000	0.0045232949690908	19897	90	19897	0
PflaKGBHm	OZ251425.1	26700001	26730000	0.0034678594763029	19897	69	19897	0
PflaHELAf	OZ251425.1	26700001	26730000	0.0025129416494948	19897	50	19897	0
PflaKGBHm	OZ251425.1	26730001	26760000	0.0040388175239804	17827	72	17827	15
PflaHELEm	OZ251425.1	26730001	26760000	0.0088555094720322	17842	158	17842	0
PflaKGBDf	OZ251425.1	26730001	26760000	0.0040354220378881	17842	72	17842	0
PflaHELAf	OZ251425.1	26730001	26760000	0.0057168478870081	17842	102	17842	0
PflaHELEm	OZ251425.1	26760001	26790000	0.0070940214876882	19453	138	19453	0
PflaKGBHm	OZ251425.1	26760001	26790000	0.0059116845730735	19453	115	19453	0
PflaKGBDf	OZ251425.1	26760001	26790000	0.0059116845730735	19453	115	19453	0
PflaHELAf	OZ251425.1	26760001	26790000	0.0049349714696961	19453	96	19453	0
PflaKGBHm	OZ251425.1	26790001	26820000	0.0047483380816714	17901	85	17901	0
PflaHELEm	OZ251425.1	26790001	26820000	0.0084911457460477	17901	152	17901	0
PflaKGBDf	OZ251425.1	26790001	26820000	0.0022903748393944	17901	41	17901	0
PflaHELAf	OZ251425.1	26790001	26820000	0.0054186916932014	17901	97	17901	0
PflaHELAf	OZ251425.1	26820001	26850000	0.0058240828314002	20089	117	20089	0
PflaHELEm	OZ251425.1	26820001	26850000	0.0084125640898003	20089	169	20089	0
PflaKGBDf	OZ251425.1	26820001	26850000	0.0060729752600925	20089	122	20089	0
PflaKGBHm	OZ251425.1	26820001	26850000	0.0054258549454925	20089	109	20089	0
PflaHELAf	OZ251425.1	26850001	26880000	0.0051225252665097	21669	111	21669	0
PflaKGBDf	OZ251425.1	26850001	26880000	0.0049379297614103	21669	107	21669	0
PflaKGBHm	OZ251425.1	26850001	26880000	0.0048456320088605	21669	105	21669	0
PflaHELEm	OZ251425.1	26850001	26880000	0.0047994831325857	21669	104	21669	0
PflaKGBDf	OZ251425.1	26880001	26910000	0.0048066298342541	18100	87	18100	22
PflaKGBHm	OZ251425.1	26880001	26910000	0.0059596071073832	18122	108	18122	0
PflaHELAf	OZ251425.1	26880001	26910000	0.002924622006401	18122	53	18122	0
PflaHELEm	OZ251425.1	26880001	26910000	0.0064010594857079	18122	116	18122	0
PflaHELAf	OZ251425.1	26910001	26940000	0.0022916415390182	16582	38	16582	1
PflaKGBDf	OZ251425.1	26910001	26940000	0.0044624012542965	16583	74	16583	0
PflaKGBHm	OZ251425.1	26910001	26940000	0.00385937405777	16583	64	16583	0
PflaHELEm	OZ251425.1	26910001	26940000	0.0055478502080443	16583	92	16583	0
PflaHELEm	OZ251425.1	26940001	26970000	0.00354024073637	16948	60	16948	0
PflaKGBHm	OZ251425.1	26940001	26970000	0.0050153410431909	16948	85	16948	0
PflaHELAf	OZ251425.1	26940001	26970000	0.0050153410431909	16948	85	16948	0
PflaKGBDf	OZ251425.1	26940001	26970000	0.0027731885768232	16948	47	16948	0
PflaHELAf	OZ251425.1	26970001	27000000	0.0042475996637316	22601	96	22601	0
PflaHELEm	OZ251425.1	26970001	27000000	0.0067696119640723	22601	153	22601	0
PflaKGBHm	OZ251425.1	26970001	27000000	0.0042475996637316	22601	96	22601	0
PflaKGBDf	OZ251425.1	26970001	27000000	0.0056634662183089	22601	128	22601	0
PflaHELEm	OZ251425.1	27000001	27030000	0.0099444281953787	20514	204	20514	0
PflaKGBDf	OZ251425.1	27000001	27030000	0.0069708491761723	20514	143	20514	0
PflaHELAf	OZ251425.1	27000001	27030000	0.0075558155406064	20514	155	20514	0
PflaKGBHm	OZ251425.1	27000001	27030000	0.0055647759445474	20486	114	20486	28
PflaKGBHm	OZ251425.1	27030001	27060000	0.0050784438197152	11027	56	11027	0
PflaHELEm	OZ251425.1	27030001	27060000	0.0070019096117122	10997	77	10997	30
PflaKGBDf	OZ251425.1	27030001	27060000	0.0044436383422508	11027	49	11027	0
PflaHELAf	OZ251425.1	27030001	27060000	0.0052598168132765	11027	58	11027	0
PflaKGBHm	OZ251425.1	27060001	27090000	0.005591054313099	16276	91	16276	0
PflaHELEm	OZ251425.1	27060001	27090000	0.0058368149422462	16276	95	16276	0
PflaKGBDf	OZ251425.1	27060001	27090000	0.0051609732120914	16276	84	16276	0
PflaHELAf	OZ251425.1	27060001	27090000	0.0035020889653477	16276	57	16276	0
PflaKGBDf	OZ251425.1	27090001	27120000	0.0058925476603119	14425	85	14425	0
PflaKGBHm	OZ251425.1	27090001	27120000	0.0047833622183708	14425	69	14425	0
PflaHELEm	OZ251425.1	27090001	27120000	0.0067244367417677	14425	97	14425	0
PflaHELAf	OZ251425.1	27090001	27120000	0.0067244367417677	14425	97	14425	0
PflaKGBHm	OZ251425.1	27120001	27150000	0.0001290988897495	15492	2	15492	72
PflaHELAf	OZ251425.1	27120001	27150000	0.0053970701619121	15564	84	15564	0
PflaKGBDf	OZ251425.1	27120001	27150000	0.0018632742225648	15564	29	15564	0
PflaHELEm	OZ251425.1	27120001	27150000	0.0070033410434335	15564	109	15564	0
PflaHELEm	OZ251425.1	27150001	27180000	0.0059543192073312	21497	128	21497	1
PflaHELAf	OZ251425.1	27150001	27180000	0.0042329519025025	21498	91	21498	0
PflaKGBHm	OZ251425.1	27150001	27180000	0.0045589877186453	21496	98	21496	2
PflaKGBDf	OZ251425.1	27150001	27180000	0.0006977393245883	21498	15	21498	0
PflaHELEm	OZ251425.1	27180001	27210000	0.0021306818181818	15488	33	15488	0
PflaKGBDf	OZ251425.1	27180001	27210000	6.456611570247934e-05	15488	1	15488	0
PflaHELAf	OZ251425.1	27180001	27210000	0.0001936983471074	15488	3	15488	0
PflaKGBHm	OZ251425.1	27180001	27210000	0.0002582644628099	15488	4	15488	0
PflaKGBHm	OZ251425.1	27210001	27240000	0.0028965916771265	20714	60	20714	1
PflaHELAf	OZ251425.1	27210001	27240000	0.0048274197441467	20715	100	20715	0
PflaKGBDf	OZ251425.1	27210001	27240000	0.0055649649165255	20665	115	20665	50
PflaHELEm	OZ251425.1	27210001	27240000	0.0055032585083272	20715	114	20715	0
PflaHELAf	OZ251425.1	27240001	27270000	0.0070893659510733	20030	142	20030	0
PflaKGBDf	OZ251425.1	27240001	27270000	0.0040465604236399	20017	81	20017	13
PflaHELEm	OZ251425.1	27240001	27270000	0.010733899151273	20030	215	20030	0
PflaKGBHm	OZ251425.1	27240001	27270000	0.0077383924113829	20030	155	20030	0
PflaHELAf	OZ251425.1	27270001	27300000	0.0067068473285902	22067	148	22067	0
PflaHELEm	OZ251425.1	27270001	27300000	0.0081116599447138	22067	179	22067	0
PflaKGBDf	OZ251425.1	27270001	27300000	0.0027643086962432	22067	61	22067	0
PflaKGBHm	OZ251425.1	27270001	27300000	0.0058458331445144	22067	129	22067	0
PflaHELEm	OZ251425.1	27300001	27330000	0.01	19900	199	19900	0
PflaKGBHm	OZ251425.1	27300001	27330000	0.0080904522613065	19900	161	19900	0
PflaKGBDf	OZ251425.1	27300001	27330000	0.0017085427135678	19900	34	19900	0
PflaHELAf	OZ251425.1	27300001	27330000	0.0051758793969849	19900	103	19900	0
PflaHELAf	OZ251425.1	27330001	27360000	0.0081802164611125	23838	195	23838	0
PflaKGBDf	OZ251425.1	27330001	27360000	0.0039013340045305	23838	93	23838	0
PflaHELEm	OZ251425.1	27330001	27360000	0.0105713566574377	23838	252	23838	0
PflaKGBHm	OZ251425.1	27330001	27360000	0.0071314707609698	23838	170	23838	0
PflaKGBHm	OZ251425.1	27360001	27390000	0.0079318605270162	18785	149	18785	0
PflaHELEm	OZ251425.1	27360001	27390000	0.0113920681394729	18785	214	18785	0
PflaHELAf	OZ251425.1	27360001	27390000	0.0093691775352675	18785	176	18785	0
PflaKGBDf	OZ251425.1	27360001	27390000	0.0033008571580684	18783	62	18783	2
PflaKGBHm	OZ251425.1	27390001	27420000	0.0022602375465343	22564	51	22564	0
PflaHELEm	OZ251425.1	27390001	27420000	0.0074454883885835	22564	168	22564	0
PflaKGBDf	OZ251425.1	27390001	27420000	0.0069582945530292	22563	157	22563	1
PflaHELAf	OZ251425.1	27390001	27420000	0.0063818471902145	22564	144	22564	0
PflaHELEm	OZ251425.1	27420001	27450000	0.0098001537279016	20816	204	20816	0
PflaKGBHm	OZ251425.1	27420001	27450000	0.0066506024096385	20750	138	20750	66
PflaKGBDf	OZ251425.1	27420001	27450000	0.0088393543428132	20816	184	20816	0
PflaHELAf	OZ251425.1	27420001	27450000	0.008935434281322	20816	186	20816	0
PflaKGBHm	OZ251425.1	27450001	27480000	0.0074036511156186	19720	146	19720	0
PflaHELEm	OZ251425.1	27450001	27480000	0.010446247464503	19720	206	19720	0
PflaHELAf	OZ251425.1	27450001	27480000	0.0083164300202839	19720	164	19720	0
PflaKGBDf	OZ251425.1	27450001	27480000	0.0059837728194726	19720	118	19720	0
PflaKGBDf	OZ251425.1	27480001	27510000	0.0081144751766861	22922	186	22922	0
PflaHELEm	OZ251425.1	27480001	27510000	0.0054969025390454	22922	126	22922	0
PflaKGBHm	OZ251425.1	27480001	27510000	0.0036671614424168	22906	84	22906	16
PflaHELAf	OZ251425.1	27480001	27510000	0.0076345868597853	22922	175	22922	0
PflaHELAf	OZ251425.1	27510001	27540000	0.0066606830743067	21169	141	21169	0
PflaKGBDf	OZ251425.1	27510001	27540000	0.0051017998015966	21169	108	21169	0
PflaHELEm	OZ251425.1	27510001	27540000	0.0078416552506022	21169	166	21169	0
PflaKGBHm	OZ251425.1	27510001	27540000	0.0023147054655392	21169	49	21169	0
PflaHELAf	OZ251425.1	27540001	27570000	0.006659318453201	21774	145	21774	0
PflaKGBDf	OZ251425.1	27540001	27570000	0.0040415174060806	21774	88	21774	0
PflaHELEm	OZ251425.1	27540001	27570000	0.0069808027923211	21774	152	21774	0
PflaKGBHm	OZ251425.1	27540001	27570000	0.0026184023152188	21769	57	21769	5
PflaHELAf	OZ251425.1	27570001	27600000	0.0067050869998891	18046	121	18046	0
PflaHELEm	OZ251425.1	27570001	27600000	0.0051534966197495	18046	93	18046	0
PflaKGBDf	OZ251425.1	27570001	27600000	0.0046547711404189	18046	84	18046	0
PflaKGBHm	OZ251425.1	27570001	27600000	0.0043777014296797	18046	79	18046	0
PflaKGBHm	OZ251425.1	27600001	27630000	0.0015205271160669	19730	30	19730	0
PflaHELEm	OZ251425.1	27600001	27630000	0.0036492650785605	19730	72	19730	0
PflaKGBDf	OZ251425.1	27600001	27630000	0.0030410542321338	19730	60	19730	0
PflaHELAf	OZ251425.1	27600001	27630000	0.0033958438925494	19730	67	19730	0
PflaHELAf	OZ251425.1	27630001	27660000	0.0038598116411919	19431	75	19431	0
PflaHELEm	OZ251425.1	27630001	27660000	0.0045288456589985	19431	88	19431	0
PflaKGBHm	OZ251425.1	27630001	27660000	0.0041171324172713	19431	80	19431	0
PflaKGBDf	OZ251425.1	27630001	27660000	0.0036024908651124	19431	70	19431	0
PflaHELEm	OZ251425.1	27660001	27690000	0.001386962552011	721	1	721	0
PflaKGBDf	OZ251425.1	27660001	27690000	0.0027739251040221	721	2	721	0
PflaHELAf	OZ251425.1	27660001	27690000	0.001386962552011	721	1	721	0
PflaKGBHm	OZ251425.1	27660001	27690000	0.001386962552011	721	1	721	0
PflaKGBDf	OZ251425.1	27690001	27720000	NA	0	NA	NA	NA
PflaHELEm	OZ251425.1	27690001	27720000	NA	0	NA	NA	NA
PflaHELAf	OZ251425.1	27690001	27720000	NA	0	NA	NA	NA
PflaKGBHm	OZ251425.1	27690001	27720000	NA	0	NA	NA	NA
PflaHELEm	OZ251425.1	27720001	27750000	NA	0	NA	NA	NA
PflaHELAf	OZ251425.1	27720001	27750000	NA	0	NA	NA	NA
PflaKGBDf	OZ251425.1	27720001	27750000	NA	0	NA	NA	NA
PflaKGBHm	OZ251425.1	27720001	27750000	NA	0	NA	NA	NA
PflaHELEm	OZ251425.1	27750001	27780000	0.0018491124260355	2704	5	2704	0
PflaKGBHm	OZ251425.1	27750001	27780000	0.0018491124260355	2704	5	2704	0
PflaKGBDf	OZ251425.1	27750001	27780000	0.0025887573964497	2704	7	2704	0
PflaHELAf	OZ251425.1	27750001	27780000	0.0014792899408284	2704	4	2704	0
PflaKGBHm	OZ251425.1	27780001	27810000	0.0036516853932584	3560	13	3560	0
PflaHELEm	OZ251425.1	27780001	27810000	0.0030898876404494	3560	11	3560	0
PflaKGBDf	OZ251425.1	27780001	27810000	0.0039325842696629	3560	14	3560	0
PflaHELAf	OZ251425.1	27780001	27810000	0.0036516853932584	3560	13	3560	0
PflaKGBHm	OZ251425.1	27810001	27840000	0.0015768725361366	3805	6	3805	0
PflaKGBDf	OZ251425.1	27810001	27840000	0.0031537450722733	3805	12	3805	0
PflaHELAf	OZ251425.1	27810001	27840000	0.0026281208935611	3805	10	3805	0
PflaHELEm	OZ251425.1	27810001	27840000	0.0018396846254927	3805	7	3805	0
PflaKGBDf	OZ251425.1	27840001	27870000	0.0025608194622279	781	2	781	0
PflaHELEm	OZ251425.1	27840001	27870000	0.0038412291933418	781	3	781	0
PflaKGBHm	OZ251425.1	27840001	27870000	0.0038412291933418	781	3	781	0
PflaHELAf	OZ251425.1	27840001	27870000	0.0025608194622279	781	2	781	0
PflaHELEm	OZ251425.1	27870001	27900000	0.0034680076296167	5767	20	5767	0
PflaHELAf	OZ251425.1	27870001	27900000	0.0029478064851742	5767	17	5767	0
PflaKGBDf	OZ251425.1	27870001	27900000	0.0024276053407317	5767	14	5767	0
PflaKGBHm	OZ251425.1	27870001	27900000	0.0026010057222125	5767	15	5767	0
PflaKGBHm	OZ251425.1	27900001	27930000	0.0058787601160482	13098	77	13098	0
PflaHELEm	OZ251425.1	27900001	27930000	0.007023973125668	13098	92	13098	0
PflaKGBDf	OZ251425.1	27900001	27930000	0.0039703748950141	13097	52	13097	1
PflaHELAf	OZ251425.1	27900001	27930000	0.0050393219821333	13097	66	13097	1
PflaHELEm	OZ251425.1	27930001	27960000	0.009390816513202	16399	154	16399	35
PflaKGBDf	OZ251425.1	27930001	27960000	0.0055373007180236	16434	91	16434	0
PflaHELAf	OZ251425.1	27930001	27960000	0.0071811100292112	16432	118	16432	2
PflaKGBHm	OZ251425.1	27930001	27960000	0.0078495801387367	16434	129	16434	0
PflaHELEm	OZ251425.1	27960001	27990000	0.0107698721511951	14392	155	14392	0
PflaKGBDf	OZ251425.1	27960001	27990000	0.0087786525465059	14353	126	14353	39
PflaHELAf	OZ251425.1	27960001	27990000	0.0060450250138966	14392	87	14392	0
PflaKGBHm	OZ251425.1	27960001	27990000	0.008060593426447	14391	116	14391	1
PflaKGBDf	OZ251425.1	27990001	28020000	0.0040488517191026	15066	61	15066	319
PflaHELEm	OZ251425.1	27990001	28020000	0.0120246993825154	15385	185	15385	0
PflaKGBHm	OZ251425.1	27990001	28020000	0.0082547936301592	15385	127	15385	0
PflaHELAf	OZ251425.1	27990001	28020000	0.0043143501924863	15066	65	15066	319
PflaKGBHm	OZ251425.1	28020001	28050000	0.0075398803589232	16048	121	16048	77
PflaHELEm	OZ251425.1	28020001	28050000	0.0105426356589147	16125	170	16125	0
PflaKGBDf	OZ251425.1	28020001	28050000	0.0057471264367816	16008	92	16008	117
PflaHELAf	OZ251425.1	28020001	28050000	0.0037037037037037	15930	59	15930	195
PflaHELEm	OZ251425.1	28050001	28080000	0.0059628543499511	10230	61	10230	178
PflaKGBHm	OZ251425.1	28050001	28080000	0.0070138355111452	10408	73	10408	0
PflaKGBDf	OZ251425.1	28050001	28080000	0.0056687163720215	10408	59	10408	0
PflaHELAf	OZ251425.1	28050001	28080000	0.0059774620284174	10205	61	10205	203
PflaHELEm	OZ251425.1	28080001	28110000	0.008618877443767	14271	123	14271	0
PflaKGBDf	OZ251425.1	28080001	28110000	0.0072875061313152	14271	104	14271	0
PflaHELAf	OZ251425.1	28080001	28110000	0.0063091482649842	14265	90	14265	6
PflaKGBHm	OZ251425.1	28080001	28110000	0.0049050522037698	14271	70	14271	0
PflaKGBHm	OZ251425.1	28110001	28140000	0.0061106634434595	14892	91	14892	0
PflaHELEm	OZ251425.1	28110001	28140000	0.0071179156594144	14892	106	14892	0
PflaKGBDf	OZ251425.1	28110001	28140000	0.0018130539887187	14892	27	14892	0
PflaHELAf	OZ251425.1	28110001	28140000	0.0037604082728982	14892	56	14892	0
PflaHELAf	OZ251425.1	28140001	28170000	0.0050791056103683	17129	87	17129	0
PflaKGBDf	OZ251425.1	28140001	28170000	0.0068889018623387	17129	118	17129	0
PflaHELEm	OZ251425.1	28140001	28170000	0.007589468153424	17129	130	17129	0
PflaKGBHm	OZ251425.1	28140001	28170000	0.0013562120408042	16959	23	16959	170
PflaKGBHm	OZ251425.1	28170001	28200000	0.0046348564977122	16829	78	16829	0
PflaHELEm	OZ251425.1	28170001	28200000	0.0079671799750282	16819	134	16819	10
PflaKGBDf	OZ251425.1	28170001	28200000	0.0073301549463647	16780	123	16780	49
PflaHELAf	OZ251425.1	28170001	28200000	0.0022009398608054	16811	37	16811	18
PflaKGBHm	OZ251425.1	28200001	28230000	0.0067987772741646	18974	129	18974	0
PflaHELEm	OZ251425.1	28200001	28230000	0.0044271107831769	18974	84	18974	0
PflaKGBDf	OZ251425.1	28200001	28230000	0.0057447032781701	18974	109	18974	0
PflaHELAf	OZ251425.1	28200001	28230000	0.0014229998945926	18974	27	18974	0
PflaKGBHm	OZ251425.1	28230001	28260000	0.0035900955598965	18941	68	18941	114
PflaHELEm	OZ251425.1	28230001	28260000	0.0061401207032274	19055	117	19055	0
PflaKGBDf	OZ251425.1	28230001	28260000	0.0029913408554185	19055	57	19055	0
PflaHELAf	OZ251425.1	28230001	28260000	0.0015219102597743	19055	29	19055	0
PflaKGBHm	OZ251425.1	28260001	28290000	0.0069742146010621	15629	109	15629	60
PflaHELEm	OZ251425.1	28260001	28290000	0.0117917011919179	15689	185	15689	0
PflaKGBDf	OZ251425.1	28260001	28290000	0.0061189368347249	15689	96	15689	0
PflaHELAf	OZ251425.1	28260001	28290000	0.0069475428644273	15689	109	15689	0
PflaKGBHm	OZ251425.1	28290001	28320000	0.0021761908599983	12407	27	12407	0
PflaHELEm	OZ251425.1	28290001	28320000	0.0108099386898999	12396	134	12396	11
PflaKGBDf	OZ251425.1	28290001	28320000	0.0031433867977754	12407	39	12407	0
PflaHELAf	OZ251425.1	28290001	28320000	0.0074957685177722	12407	93	12407	0
PflaHELAf	OZ251425.1	28320001	28350000	0.0055578011317704	9896	55	9896	32
PflaKGBHm	OZ251425.1	28320001	28350000	0.003335691903366	9893	33	9893	35
PflaKGBDf	OZ251425.1	28320001	28350000	0.003525382755842	9928	35	9928	0
PflaHELEm	OZ251425.1	28320001	28350000	0.008058017727639	9928	80	9928	0
PflaHELAf	OZ251425.1	28350001	28380000	0.0008762047815746	7989	7	7989	0
PflaKGBDf	OZ251425.1	28350001	28380000	0.0042558517962198	7989	34	7989	0
PflaHELEm	OZ251425.1	28350001	28380000	0.005757917136062	7989	46	7989	0
PflaKGBHm	OZ251425.1	28350001	28380000	0.0040055075729127	7989	32	7989	0
PflaKGBDf	OZ251425.1	28380001	28410000	0.0052866648436787	10971	58	10971	0
PflaHELAf	OZ251425.1	28380001	28410000	0.0081122960532312	10971	89	10971	0
PflaHELEm	OZ251425.1	28380001	28410000	0.0108467778689271	10971	119	10971	0
PflaKGBHm	OZ251425.1	28380001	28410000	0.0072919515085224	10971	80	10971	0
PflaHELAf	OZ251425.1	28410001	28440000	0.0065296430956444	13477	88	13477	0
PflaKGBHm	OZ251425.1	28410001	28440000	0.0045262298731171	13477	61	13477	0
PflaHELEm	OZ251425.1	28410001	28440000	0.0096460636640201	13477	130	13477	0
PflaKGBDf	OZ251425.1	28410001	28440000	0.0058618386881353	13477	79	13477	0
PflaHELAf	OZ251425.1	28440001	28470000	0.0067897165458141	15170	103	15170	2
PflaKGBDf	OZ251425.1	28440001	28470000	0.0083097012464551	15163	126	15163	9
PflaHELEm	OZ251425.1	28440001	28470000	0.0095570788294226	15172	145	15172	0
PflaKGBHm	OZ251425.1	28440001	28470000	0.0080411283944107	15172	122	15172	0
PflaKGBHm	OZ251425.1	28470001	28500000	0.0079491255961844	13209	105	13209	0
PflaKGBDf	OZ251425.1	28470001	28500000	0.009766068589598	13209	129	13209	0
PflaHELAf	OZ251425.1	28470001	28500000	0.0061321826027708	13209	81	13209	0
PflaHELEm	OZ251425.1	28470001	28500000	0.0109016579604814	13209	144	13209	0
PflaKGBHm	OZ251425.1	28500001	28530000	0.0015417823003391	9729	15	9729	0
PflaHELAf	OZ251425.1	28500001	28530000	0.0058587727412889	9729	57	9729	0
PflaKGBDf	OZ251425.1	28500001	28530000	0.0065782711481138	9729	64	9729	0
PflaHELEm	OZ251425.1	28500001	28530000	0.0068866276081817	9729	67	9729	0
PflaKGBDf	OZ251425.1	28530001	28560000	0.0061229807191245	15352	94	15352	0
PflaHELAf	OZ251425.1	28530001	28560000	0.0033871808233454	15352	52	15352	0
PflaKGBHm	OZ251425.1	28530001	28560000	0.0056018759770713	15352	86	15352	0
PflaHELEm	OZ251425.1	28530001	28560000	0.0039734236581552	15352	61	15352	0
PflaKGBDf	OZ251425.1	28560001	28590000	0.0062537825297559	14871	93	14871	0
PflaHELAf	OZ251425.1	28560001	28590000	0.0061865375563176	14871	92	14871	0
PflaKGBHm	OZ251425.1	28560001	28590000	0.0075986819985206	14871	113	14871	0
PflaHELEm	OZ251425.1	28560001	28590000	0.0041691883531706	14871	62	14871	0
PflaKGBHm	OZ251425.1	28590001	28620000	0.006129312215231	18436	113	18436	0
PflaHELEm	OZ251425.1	28590001	28620000	0.0075395964417444	18436	139	18436	0
PflaKGBDf	OZ251425.1	28590001	28620000	0.0071060482777325	18435	131	18435	1
PflaHELAf	OZ251425.1	28590001	28620000	0.004013885875461	18436	74	18436	0
PflaKGBHm	OZ251425.1	28620001	28650000	0.0061041849878433	19331	118	19331	0
PflaHELAf	OZ251425.1	28620001	28650000	0.0067249495628782	19331	130	19331	0
PflaHELEm	OZ251425.1	28620001	28650000	0.0073457141379131	19331	142	19331	0
PflaKGBDf	OZ251425.1	28620001	28650000	0.0055868811753142	19331	108	19331	0
PflaKGBDf	OZ251425.1	28650001	28680000	0.0085558022418367	18467	158	18467	0
PflaHELAf	OZ251425.1	28650001	28680000	0.0059024205339253	18467	109	18467	0
PflaHELEm	OZ251425.1	28650001	28680000	0.0068229815346293	18467	126	18467	0
PflaKGBHm	OZ251425.1	28650001	28680000	0.0066113911017178	18453	122	18453	14
PflaKGBHm	OZ251425.1	28680001	28710000	0.0033963065166631	14133	48	14133	0
PflaHELEm	OZ251425.1	28680001	28710000	0.0060850491756881	14133	86	14133	0
PflaKGBDf	OZ251425.1	28680001	28710000	0.0048821906177032	14133	69	14133	0
PflaHELAf	OZ251425.1	28680001	28710000	0.0079954715913111	14133	113	14133	0
PflaKGBHm	OZ251425.1	28710001	28740000	0.0059844404548174	11697	70	11697	0
PflaHELEm	OZ251425.1	28710001	28740000	0.0052150123963409	11697	61	11697	0
PflaKGBDf	OZ251425.1	28710001	28740000	0.0053005044028383	11697	62	11697	0
PflaHELAf	OZ251425.1	28710001	28740000	0.0045310763443618	11697	53	11697	0
PflaKGBHm	OZ251425.1	28740001	28770000	0.0012453300124533	1606	2	1606	0
PflaHELEm	OZ251425.1	28740001	28770000	0.0012453300124533	1606	2	1606	0
PflaKGBDf	OZ251425.1	28740001	28770000	0.0012453300124533	1606	2	1606	0
PflaHELAf	OZ251425.1	28740001	28770000	0.0012453300124533	1606	2	1606	0
PflaHELEm	OZ251425.1	28770001	28800000	NA	0	NA	NA	NA
PflaKGBHm	OZ251425.1	28770001	28800000	NA	0	NA	NA	NA
PflaHELAf	OZ251425.1	28770001	28800000	NA	0	NA	NA	NA
PflaKGBDf	OZ251425.1	28770001	28800000	NA	0	NA	NA	NA
PflaHELAf	OZ251425.1	28800001	28830000	0.0	159	0	159	0
PflaKGBDf	OZ251425.1	28800001	28830000	0.0	159	0	159	0
PflaHELEm	OZ251425.1	28800001	28830000	0.0	159	0	159	0
PflaKGBHm	OZ251425.1	28800001	28830000	0.0	159	0	159	0
PflaHELAf	OZ251425.1	28830001	28860000	NA	0	NA	NA	NA
PflaKGBDf	OZ251425.1	28830001	28860000	NA	0	NA	NA	NA
PflaHELEm	OZ251425.1	28830001	28860000	NA	0	NA	NA	NA
PflaKGBHm	OZ251425.1	28830001	28860000	NA	0	NA	NA	NA
PflaHELAf	OZ251425.1	28860001	28890000	0.0	277	0	277	0
PflaKGBDf	OZ251425.1	28860001	28890000	0.0072202166064981	277	2	277	0
PflaHELEm	OZ251425.1	28860001	28890000	0.003610108303249	277	1	277	0
PflaKGBHm	OZ251425.1	28860001	28890000	0.003610108303249	277	1	277	0
PflaHELAf	OZ251425.1	28890001	28920000	0.0	973	0	973	0
PflaKGBDf	OZ251425.1	28890001	28920000	0.0092497430626927	973	9	973	0
PflaHELEm	OZ251425.1	28890001	28920000	0.0041109969167523	973	4	973	0
PflaKGBHm	OZ251425.1	28890001	28920000	0.0061664953751284	973	6	973	0
PflaHELAf	OZ251425.1	28920001	28950000	0.0017539334537013	19385	34	19385	0
PflaKGBDf	OZ251425.1	28920001	28950000	0.0045911787464534	19385	89	19385	0
PflaHELEm	OZ251425.1	28920001	28950000	0.0066030435904049	19385	128	19385	0
PflaKGBHm	OZ251425.1	28920001	28950000	0.0034046943513025	19385	66	19385	0
PflaKGBHm	OZ251425.1	28950001	28980000	0.0050118135605355	13967	70	13967	0
PflaHELEm	OZ251425.1	28950001	28980000	0.0087348750626476	13967	122	13967	0
PflaKGBDf	OZ251425.1	28950001	28980000	0.0040094508484284	13967	56	13967	0
PflaHELAf	OZ251425.1	28950001	28980000	0.0053713385375635	13963	75	13963	4
PflaHELAf	OZ251425.1	28980001	29010000	0.0032575254871207	16577	54	16577	0
PflaKGBDf	OZ251425.1	28980001	29010000	0.0030162273028895	16577	50	16577	0
PflaHELEm	OZ251425.1	28980001	29010000	0.0090035651701009	16549	149	16549	28
PflaKGBHm	OZ251425.1	28980001	29010000	0.0016890872896181	16577	28	16577	0
PflaKGBHm	OZ251425.1	29010001	29040000	0.0035244360902255	17024	60	17024	0
PflaHELEm	OZ251425.1	29010001	29040000	0.005110432330827	17024	87	17024	0
PflaKGBDf	OZ251425.1	29010001	29040000	0.002173402255639	17024	37	17024	0
PflaHELAf	OZ251425.1	29010001	29040000	0.0014097744360902	17024	24	17024	0
PflaHELEm	OZ251425.1	29040001	29070000	0.0078044375644994	15504	121	15504	0
PflaKGBDf	OZ251425.1	29040001	29070000	0.0049019607843137	15504	76	15504	0
PflaHELAf	OZ251425.1	29040001	29070000	0.0048374613003095	15504	75	15504	0
PflaKGBHm	OZ251425.1	29040001	29070000	0.003547471620227	15504	55	15504	0
PflaKGBHm	OZ251425.1	29070001	29100000	0.0045421773612112	13870	63	13870	0
PflaHELEm	OZ251425.1	29070001	29100000	0.0059841384282624	13870	83	13870	0
PflaKGBDf	OZ251425.1	29070001	29100000	0.0048305695746214	13870	67	13870	0
PflaHELAf	OZ251425.1	29070001	29100000	0.0023792357606344	13870	33	13870	0
PflaHELAf	OZ251425.1	29100001	29130000	0.0080866136469959	14963	121	14963	82
PflaKGBDf	OZ251425.1	29100001	29130000	0.007909604519774	15045	119	15045	0
PflaHELEm	OZ251425.1	29100001	29130000	0.0084413426387504	15045	127	15045	0
PflaKGBHm	OZ251425.1	29100001	29130000	0.0064507548048147	15037	97	15037	8
PflaHELAf	OZ251425.1	29130001	29160000	0.0104537711011305	12914	135	12914	0
PflaKGBHm	OZ251425.1	29130001	29160000	0.004964318957493	12892	64	12892	22
PflaHELEm	OZ251425.1	29130001	29160000	0.009137370295803	12914	118	12914	0
PflaKGBDf	OZ251425.1	29130001	29160000	0.0106086417841102	12914	137	12914	0
PflaHELAf	OZ251425.1	29160001	29190000	0.0019800826975714	17171	34	17171	0
PflaKGBHm	OZ251425.1	29160001	29190000	0.0052413953759245	17171	90	17171	0
PflaHELEm	OZ251425.1	29160001	29190000	0.0051249199231262	17171	88	17171	0
PflaKGBDf	OZ251425.1	29160001	29190000	0.0039601653951429	17171	68	17171	0
PflaKGBHm	OZ251425.1	29190001	29220000	0.0071846282372598	17955	129	17955	0
PflaHELEm	OZ251425.1	29190001	29220000	0.0077972709551656	17955	140	17955	0
PflaKGBDf	OZ251425.1	29190001	29220000	0.0062935115566694	17955	113	17955	0
PflaHELAf	OZ251425.1	29190001	29220000	0.003731758939512	17954	67	17954	1
PflaKGBHm	OZ251425.1	29220001	29250000	0.0083939264328485	18704	157	18704	36
PflaHELEm	OZ251425.1	29220001	29250000	0.0099786552828175	18740	187	18740	0
PflaHELAf	OZ251425.1	29220001	29250000	0.0067769477054429	18740	127	18740	0
PflaKGBDf	OZ251425.1	29220001	29250000	0.0085378868729989	18740	160	18740	0
PflaHELAf	OZ251425.1	29250001	29280000	0.0051049709654776	15671	80	15671	0
PflaKGBDf	OZ251425.1	29250001	29280000	0.0049135345542722	15671	77	15671	0
PflaHELEm	OZ251425.1	29250001	29280000	0.0079765171335588	15671	125	15671	0
PflaKGBHm	OZ251425.1	29250001	29280000	0.0070831472146002	15671	111	15671	0
PflaKGBHm	OZ251425.1	29280001	29310000	0.0088420815498986	17756	157	17756	0
PflaHELAf	OZ251425.1	29280001	29310000	0.0069334836527621	17740	123	17740	16
PflaKGBDf	OZ251425.1	29280001	29310000	0.010193737328227	17756	181	17756	0
PflaHELEm	OZ251425.1	29280001	29310000	0.011094841180446	17756	197	17756	0
PflaHELAf	OZ251425.1	29310001	29340000	0.0065314325189976	15923	104	15923	0
PflaKGBDf	OZ251425.1	29310001	29340000	0.0072850593481127	15923	116	15923	0
PflaHELEm	OZ251425.1	29310001	29340000	0.010487973371852	15923	167	15923	0
PflaKGBHm	OZ251425.1	29310001	29340000	0.0075362682911511	15923	120	15923	0
PflaHELEm	OZ251425.1	29340001	29370000	0.0063129780259803	16474	104	16474	0
PflaKGBHm	OZ251425.1	29340001	29370000	0.0033406219630709	16464	55	16464	10
PflaHELAf	OZ251425.1	29340001	29370000	0.0060701711788272	16474	100	16474	0
PflaKGBDf	OZ251425.1	29340001	29370000	0.0075960136120563	16456	125	16456	18
PflaHELEm	OZ251425.1	29370001	29400000	0.0088025802983469	14882	131	14882	0
PflaKGBHm	OZ251425.1	29370001	29400000	0.0040989114366348	14882	61	14882	0
PflaHELAf	OZ251425.1	29370001	29400000	0.0043144128353781	14834	64	14834	48
PflaKGBDf	OZ251425.1	29370001	29400000	0.0059131837118666	14882	88	14882	0
PflaKGBHm	OZ251425.1	29400001	29430000	0.0040899795501022	14181	58	14181	0
PflaHELEm	OZ251425.1	29400001	29430000	0.0086735773217685	14181	123	14181	0
PflaKGBDf	OZ251425.1	29400001	29430000	0.0055003173259995	14181	78	14181	0
PflaHELAf	OZ251425.1	29400001	29430000	0.00260912488541	14181	37	14181	0
PflaKGBHm	OZ251425.1	29430001	29460000	0.0036405758729108	18129	66	18129	0
PflaHELEm	OZ251425.1	29430001	29460000	0.0075017927078162	18129	136	18129	0
PflaKGBDf	OZ251425.1	29430001	29460000	0.0065640686193391	18129	119	18129	0
PflaHELAf	OZ251425.1	29430001	29460000	0.0077775939103094	18129	141	18129	0
PflaKGBHm	OZ251425.1	29460001	29490000	0.0043663471778487	18780	82	18780	0
PflaHELEm	OZ251425.1	29460001	29490000	0.0070820021299254	18780	133	18780	0
PflaKGBDf	OZ251425.1	29460001	29490000	0.004206602768903	18780	79	18780	0
PflaHELAf	OZ251425.1	29460001	29490000	0.0056975505857295	18780	107	18780	0
PflaKGBHm	OZ251425.1	29490001	29520000	0.0056428342417441	15595	88	15595	0
PflaHELEm	OZ251425.1	29490001	29520000	0.006476434754729	15595	101	15595	0
PflaKGBDf	OZ251425.1	29490001	29520000	0.0049374799615261	15595	77	15595	0
PflaHELAf	OZ251425.1	29490001	29520000	0.0058352035908945	15595	91	15595	0
PflaKGBHm	OZ251425.1	29520001	29550000	0.0050017447946958	17194	86	17194	0
PflaHELEm	OZ251425.1	29520001	29550000	0.0056996626730254	17194	98	17194	0
PflaKGBDf	OZ251425.1	29520001	29550000	0.0052343840874723	17194	90	17194	0
PflaHELAf	OZ251425.1	29520001	29550000	0.0056996626730254	17194	98	17194	0
PflaKGBHm	OZ251425.1	29550001	29580000	0.0034864758477197	17783	62	17783	0
PflaHELEm	OZ251425.1	29550001	29580000	0.0056233481414834	17783	100	17783	0
PflaKGBDf	OZ251425.1	29550001	29580000	0.0041615116409852	17782	74	17782	1
PflaHELAf	OZ251425.1	29550001	29580000	0.0057371055739917	17779	102	17779	4
PflaKGBHm	OZ251425.1	29580001	29610000	0.0018397296025328	23373	43	23373	271
PflaHELEm	OZ251425.1	29580001	29610000	0.0045254610049061	23644	107	23644	0
PflaHELAf	OZ251425.1	29580001	29610000	0.0032989341904923	23644	78	23644	0
PflaKGBDf	OZ251425.1	29580001	29610000	0.0021992894603282	23644	52	23644	0
PflaHELAf	OZ251425.1	29610001	29640000	0.0035211267605633	21300	75	21300	0
PflaKGBHm	OZ251425.1	29610001	29640000	0.0012206572769953	21300	26	21300	0
PflaKGBDf	OZ251425.1	29610001	29640000	0.002394366197183	21300	51	21300	0
PflaHELEm	OZ251425.1	29610001	29640000	0.0037558685446009	21300	80	21300	0
PflaKGBHm	OZ251425.1	29640001	29670000	0.0006857828640006	23331	16	23331	0
PflaHELEm	OZ251425.1	29640001	29670000	0.0012429814410012	23331	29	23331	0
PflaKGBDf	OZ251425.1	29640001	29670000	4.286142900004286e-05	23331	1	23331	0
PflaHELAf	OZ251425.1	29640001	29670000	0.0006857828640006	23331	16	23331	0
PflaHELEm	OZ251425.1	29670001	29700000	0.001019541206457	11770	12	11770	0
PflaKGBDf	OZ251425.1	29670001	29700000	0.0014443500424808	11770	17	11770	0
PflaKGBHm	OZ251425.1	29670001	29700000	0.0037383177570093	11770	44	11770	0
PflaHELAf	OZ251425.1	29670001	29700000	0.002803738317757	11770	33	11770	0
PflaHELAf	OZ251425.1	29700001	29730000	0.0028581227849548	8747	25	8747	0
PflaKGBDf	OZ251425.1	29700001	29730000	0.0020578484051674	8747	18	8747	0
PflaHELEm	OZ251425.1	29700001	29730000	0.0051446210129187	8747	45	8747	0
PflaKGBHm	OZ251425.1	29700001	29730000	0.0028581227849548	8747	25	8747	0
PflaHELAf	OZ251425.1	29730001	29760000	0.0034916887970886	20334	71	20334	0
PflaKGBDf	OZ251425.1	29730001	29760000	0.0049178715451952	20334	100	20334	0
PflaHELEm	OZ251425.1	29730001	29760000	0.0068850201632733	20334	140	20334	0
PflaKGBHm	OZ251425.1	29730001	29760000	0.0019713173328076	20291	40	20291	43
PflaHELEm	OZ251425.1	29760001	29790000	0.0021381313538809	24788	53	24788	0
PflaKGBDf	OZ251425.1	29760001	29790000	0.0020977892528642	24788	52	24788	0
PflaHELAf	OZ251425.1	29760001	29790000	0.0017347103437147	24788	43	24788	0
PflaKGBHm	OZ251425.1	29760001	29790000	0.0004034210101662	24788	10	24788	0
PflaKGBDf	OZ251425.1	29790001	29820000	0.0023906154444876	17987	43	17987	0
PflaHELAf	OZ251425.1	29790001	29820000	0.0035025296047145	17987	63	17987	0
PflaHELEm	OZ251425.1	29790001	29820000	0.002779785400567	17987	50	17987	0
PflaKGBHm	OZ251425.1	29790001	29820000	0.0008895313281814	17987	16	17987	0
PflaHELEm	OZ251425.1	29820001	29850000	0.0054957507082152	17650	97	17650	0
PflaKGBHm	OZ251425.1	29820001	29850000	0.0048158640226628	17650	85	17650	0
PflaHELAf	OZ251425.1	29820001	29850000	0.0010885133199656	17455	19	17455	195
PflaKGBDf	OZ251425.1	29820001	29850000	0.003342776203966	17650	59	17650	0
PflaHELAf	OZ251425.1	29850001	29880000	0.0050007979996808	18797	94	18797	0
PflaKGBDf	OZ251425.1	29850001	29880000	0.0027663988934404	18797	52	18797	0
PflaHELEm	OZ251425.1	29850001	29880000	0.0059583976166409	18797	112	18797	0
PflaKGBHm	OZ251425.1	29850001	29880000	0.0050539979784008	18797	95	18797	0
PflaHELAf	OZ251425.1	29880001	29910000	0.0059580661299859	21987	131	21987	0
PflaHELEm	OZ251425.1	29880001	29910000	0.0087360087360087	21978	192	21978	9
PflaKGBDf	OZ251425.1	29880001	29910000	0.0083708657476911	21981	184	21981	6
PflaKGBHm	OZ251425.1	29880001	29910000	0.0071893343040451	21977	158	21977	10
PflaKGBDf	OZ251425.1	29910001	29940000	0.0036543276713812	14777	54	14777	0
PflaKGBHm	OZ251425.1	29910001	29940000	0.0034513094674155	14777	51	14777	0
PflaHELAf	OZ251425.1	29910001	29940000	0.0029776003248291	14777	44	14777	0
PflaHELEm	OZ251425.1	29910001	29940000	0.0052784733031061	14777	78	14777	0
PflaHELAf	OZ251425.1	29940001	29970000	0.0047405400829594	11813	56	11813	0
PflaKGBDf	OZ251425.1	29940001	29970000	0.0042326250740709	11813	50	11813	0
PflaHELEm	OZ251425.1	29940001	29970000	0.0055024125962922	11813	65	11813	0
PflaKGBHm	OZ251425.1	29940001	29970000	0.0038093625666638	11813	45	11813	0
PflaKGBHm	OZ251425.1	29970001	30000000	0.0014884861220558	22842	34	22842	0
PflaHELEm	OZ251425.1	29970001	30000000	0.0031083092548813	22842	71	22842	0
PflaKGBDf	OZ251425.1	29970001	30000000	0.0013133701076963	22842	30	22842	0
PflaHELAf	OZ251425.1	29970001	30000000	0.0012258121005165	22842	28	22842	0
PflaHELEm	OZ251425.1	30000001	30030000	0.0048489369638194	18767	91	18767	0
PflaKGBHm	OZ251425.1	30000001	30030000	0.0041693393200769	18708	78	18708	59
PflaHELAf	OZ251425.1	30000001	30030000	0.0035168114243086	18767	66	18767	0
PflaKGBDf	OZ251425.1	30000001	30030000	0.0014421536160666	18722	27	18722	45
PflaKGBHm	OZ251425.1	30030001	30060000	0.0040533472803347	15296	62	15296	0
PflaHELEm	OZ251425.1	30030001	30060000	0.0060887783160927	15274	93	15274	22
PflaKGBDf	OZ251425.1	30030001	30060000	0.0025496861924686	15296	39	15296	0
PflaHELAf	OZ251425.1	30030001	30060000	0.0052955020920502	15296	81	15296	0
PflaKGBHm	OZ251425.1	30060001	30090000	0.0046855733662145	12165	57	12165	1
PflaHELEm	OZ251425.1	30060001	30090000	0.0073976656255137	12166	90	12166	0
PflaKGBDf	OZ251425.1	30060001	30090000	0.0026302811112937	12166	32	12166	0
PflaHELAf	OZ251425.1	30060001	30090000	0.0051783659378596	12166	63	12166	0
PflaHELEm	OZ251425.1	30090001	30120000	0.0028395061728395	16200	46	16200	0
PflaHELAf	OZ251425.1	30090001	30120000	0.0030246913580246	16200	49	16200	0
PflaKGBHm	OZ251425.1	30090001	30120000	0.0038888888888888	16200	63	16200	0
PflaKGBDf	OZ251425.1	30090001	30120000	0.0035185185185185	16200	57	16200	0
PflaKGBHm	OZ251425.1	30120001	30150000	0.005026038512777	16514	83	16514	0
PflaHELEm	OZ251425.1	30120001	30150000	0.0056315853215453	16514	93	16514	0
PflaKGBDf	OZ251425.1	30120001	30150000	0.0010899842557829	16514	18	16514	0
PflaHELAf	OZ251425.1	30120001	30150000	0.0038149448952404	16514	63	16514	0
PflaKGBDf	OZ251425.1	30150001	30180000	0.0055691957602251	16699	93	16699	0
PflaHELAf	OZ251425.1	30150001	30180000	0.0076052458231031	16699	127	16699	0
PflaHELEm	OZ251425.1	30150001	30180000	0.0062279178393915	16699	104	16699	0
PflaKGBHm	OZ251425.1	30150001	30180000	0.0020411838866542	16657	34	16657	42
PflaKGBHm	OZ251425.1	30180001	30210000	0.0026925623482674	22655	61	22655	88
PflaHELEm	OZ251425.1	30180001	30210000	0.0043969573055445	22743	100	22743	0
PflaKGBDf	OZ251425.1	30180001	30210000	0.0056720749241524	22743	129	22743	0
PflaHELAf	OZ251425.1	30180001	30210000	0.0045288660247109	22743	103	22743	0
PflaHELAf	OZ251425.1	30210001	30240000	0.0040548283309092	22689	92	22689	4
PflaKGBDf	OZ251425.1	30210001	30240000	0.0031292696901582	22689	71	22689	4
PflaHELEm	OZ251425.1	30210001	30240000	0.0042303794121535	22693	96	22693	0
PflaKGBHm	OZ251425.1	30210001	30240000	0.0040100471511038	22693	91	22693	0
PflaHELEm	OZ251425.1	30240001	30270000	0.0081738919835311	16516	135	16516	0
PflaKGBDf	OZ251425.1	30240001	30270000	0.0059440771516952	16487	98	16487	29
PflaHELAf	OZ251425.1	30240001	30270000	0.0052679382379654	16515	87	16515	1
PflaKGBHm	OZ251425.1	30240001	30270000	0.0009687575684185	16516	16	16516	0
PflaHELAf	OZ251425.1	30270001	30300000	0.0071196219235254	16293	116	16293	0
PflaKGBHm	OZ251425.1	30270001	30300000	0.0052169643405143	16293	85	16293	0
PflaHELEm	OZ251425.1	30270001	30300000	0.0075497176528357	16292	123	16292	1
PflaKGBDf	OZ251425.1	30270001	30300000	0.0046032038298655	16293	75	16293	0
PflaKGBHm	OZ251425.1	30300001	30330000	0.0057736011301517	16281	94	16281	0
PflaHELEm	OZ251425.1	30300001	30330000	0.0065720778821939	16281	107	16281	0
PflaKGBDf	OZ251425.1	30300001	30330000	0.0041769041769041	16280	68	16280	1
PflaHELAf	OZ251425.1	30300001	30330000	0.0044837540691603	16281	73	16281	0
PflaKGBDf	OZ251425.1	30330001	30360000	0.0030501990384118	19343	59	19343	0
PflaHELAf	OZ251425.1	30330001	30360000	0.0036728570689565	19331	71	19331	12
PflaKGBHm	OZ251425.1	30330001	30360000	0.0031535956159851	19343	61	19343	0
PflaHELEm	OZ251425.1	30330001	30360000	0.0054800186113839	19343	106	19343	0
PflaHELAf	OZ251425.1	30360001	30390000	0.00367478180983	19593	72	19593	0
PflaKGBDf	OZ251425.1	30360001	30390000	0.0033685499923442	19593	66	19593	0
PflaHELEm	OZ251425.1	30360001	30390000	0.0047465931710304	19593	93	19593	0
PflaKGBHm	OZ251425.1	30360001	30390000	0.0045424386260399	19593	89	19593	0
PflaKGBDf	OZ251425.1	30390001	30420000	0.0031006963859096	19673	61	19673	77
PflaHELEm	OZ251425.1	30390001	30420000	0.0058734177215189	19750	116	19750	0
PflaKGBHm	OZ251425.1	30390001	30420000	0.0034496753246753	19712	68	19712	38
PflaHELAf	OZ251425.1	30390001	30420000	0.0054419692808463	19662	107	19662	88
PflaKGBDf	OZ251425.1	30420001	30450000	0.0019186890686579	19284	37	19284	0
PflaKGBHm	OZ251425.1	30420001	30450000	0.0022298278365484	19284	43	19284	0
PflaHELEm	OZ251425.1	30420001	30450000	0.0056004978220286	19284	108	19284	0
PflaHELAf	OZ251425.1	30420001	30450000	0.0040966604438913	19284	79	19284	0
PflaKGBHm	OZ251425.1	30450001	30480000	0.0013145642767157	18257	24	18257	63
PflaHELEm	OZ251425.1	30450001	30480000	0.0046397379912663	18320	85	18320	0
PflaHELAf	OZ251425.1	30450001	30480000	0.0033296943231441	18320	61	18320	0
PflaKGBDf	OZ251425.1	30450001	30480000	0.0014192139737991	18320	26	18320	0
PflaKGBHm	OZ251425.1	30480001	30510000	0.0021590201370147	24085	52	24085	0
PflaHELEm	OZ251425.1	30480001	30510000	0.0082624039858833	24085	199	24085	0
PflaKGBDf	OZ251425.1	30480001	30510000	0.0066016192651027	24085	159	24085	0
PflaHELAf	OZ251425.1	30480001	30510000	0.0017877187876772	24053	43	24053	32
PflaKGBHm	OZ251425.1	30510001	30540000	0.0026773110061821	20543	55	20543	0
PflaHELEm	OZ251425.1	30510001	30540000	0.0041863408460302	20543	86	20543	0
PflaKGBDf	OZ251425.1	30510001	30540000	0.0030667380616268	20543	63	20543	0
PflaHELAf	OZ251425.1	30510001	30540000	0.0038942705544467	20543	80	20543	0
PflaKGBHm	OZ251425.1	30540001	30570000	0.0003512469265893	17082	6	17082	0
PflaHELEm	OZ251425.1	30540001	30570000	0.0049174569722514	17082	84	17082	0
PflaKGBDf	OZ251425.1	30540001	30570000	0.0044491277367989	17082	76	17082	0
PflaHELAf	OZ251425.1	30540001	30570000	0.0044491277367989	17082	76	17082	0
PflaHELAf	OZ251425.1	30570001	30600000	0.0023260141421659	10748	25	10748	0
PflaKGBHm	OZ251425.1	30570001	30600000	0.0001860811313732	10748	2	10748	0
PflaHELEm	OZ251425.1	30570001	30600000	0.0026981764049125	10748	29	10748	0
PflaKGBDf	OZ251425.1	30570001	30600000	0.0024190547078526	10748	26	10748	0
PflaKGBDf	OZ251425.1	30600001	30630000	0.0076775431861804	10941	84	10941	0
PflaHELEm	OZ251425.1	30600001	30630000	0.0091399323645005	10941	100	10941	0
PflaKGBHm	OZ251425.1	30600001	30630000	0.0055876156453238	10917	61	10917	24
PflaHELAf	OZ251425.1	30600001	30630000	0.0078603418334704	10941	86	10941	0
PflaKGBHm	OZ251425.1	30630001	30660000	0.0003831417624521	5220	2	5220	0
PflaHELEm	OZ251425.1	30630001	30660000	0.0057471264367816	5220	30	5220	0
PflaHELAf	OZ251425.1	30630001	30660000	0.0059386973180076	5220	31	5220	0
PflaKGBDf	OZ251425.1	30630001	30660000	0.0042145593869731	5220	22	5220	0
PflaHELAf	OZ251425.1	30660001	30690000	0.0047033834016082	19773	93	19773	0
PflaKGBDf	OZ251425.1	30660001	30690000	0.004551661356395	19773	90	19773	0
PflaHELEm	OZ251425.1	30660001	30690000	0.0050068274920345	19773	99	19773	0
PflaKGBHm	OZ251425.1	30660001	30690000	0.0002022960602842	19773	4	19773	0
PflaHELEm	OZ251425.1	30690001	30720000	0.0032197314865439	16461	53	16461	0
PflaKGBDf	OZ251425.1	30690001	30720000	0.0038879776441285	16461	64	16461	0
PflaKGBHm	OZ251425.1	30690001	30720000	0.000121499301379	16461	2	16461	0
PflaHELAf	OZ251425.1	30690001	30720000	0.0034019804386124	16461	56	16461	0
PflaHELAf	OZ251425.1	30720001	30750000	0.0029701633589847	22221	66	22221	0
PflaKGBDf	OZ251425.1	30720001	30750000	0.0012156686177397	22210	27	22210	11
PflaKGBHm	OZ251425.1	30720001	30750000	0.0025201386076234	22221	56	22221	0
PflaHELEm	OZ251425.1	30720001	30750000	0.0063903514693308	22221	142	22221	0
PflaKGBHm	OZ251425.1	30750001	30780000	0.0033083370092633	18136	60	18136	0
PflaHELEm	OZ251425.1	30750001	30780000	0.0045213939126599	18136	82	18136	0
PflaKGBDf	OZ251425.1	30750001	30780000	0.0037494486104984	18136	68	18136	0
PflaHELAf	OZ251425.1	30750001	30780000	0.0025915306572562	18136	47	18136	0
PflaHELAf	OZ251425.1	30780001	30810000	0.0049030242547837	23047	113	23047	0
PflaKGBDf	OZ251425.1	30780001	30810000	0.0016488046166529	23047	38	23047	0
PflaHELEm	OZ251425.1	30780001	30810000	0.0032542196381307	23047	75	23047	0
PflaKGBHm	OZ251425.1	30780001	30810000	0.0032108300429556	23047	74	23047	0
PflaHELAf	OZ251425.1	30810001	30840000	0.0015399342406459	24027	37	24027	0
PflaKGBDf	OZ251425.1	30810001	30840000	0.0002497190660506	24027	6	24027	0
PflaHELEm	OZ251425.1	30810001	30840000	0.0006659175094685	24027	16	24027	0
PflaKGBHm	OZ251425.1	30810001	30840000	0.0003329587547342	24027	8	24027	0
PflaKGBHm	OZ251425.1	30840001	30870000	0.0027777777777777	14400	40	14400	0
PflaHELEm	OZ251425.1	30840001	30870000	0.0044444444444444	14400	64	14400	0
PflaKGBDf	OZ251425.1	30840001	30870000	0.0017361111111111	14400	25	14400	0
PflaHELAf	OZ251425.1	30840001	30870000	0.0023611111111111	14400	34	14400	0
PflaKGBHm	OZ251425.1	30870001	30900000	0.0015036034634728	19287	29	19287	0
PflaKGBDf	OZ251425.1	30870001	30900000	0.0017628454399336	19287	34	19287	0
PflaHELAf	OZ251425.1	30870001	30900000	0.0005703323482138	19287	11	19287	0
PflaHELEm	OZ251425.1	30870001	30900000	0.0016591486493493	19287	32	19287	0
PflaHELAf	OZ251425.1	30900001	30930000	0.003986900185106	21069	84	21069	1
PflaKGBDf	OZ251425.1	30900001	30930000	0.0025154247745609	21070	53	21070	0
PflaHELEm	OZ251425.1	30900001	30930000	0.002895248943946	21069	61	21069	1
PflaKGBHm	OZ251425.1	30900001	30930000	0.0049361621339408	21069	104	21069	1
PflaHELAf	OZ251425.1	30930001	30960000	0.0030585356672313	21252	65	21252	0
PflaKGBDf	OZ251425.1	30930001	30960000	0.0039996235648409	21252	85	21252	0
PflaHELEm	OZ251425.1	30930001	30960000	0.0054588235294117	21250	116	21250	2
PflaKGBHm	OZ251425.1	30930001	30960000	0.0028232636928289	21252	60	21252	0
PflaKGBHm	OZ251425.1	30960001	30990000	0.0068045014394137	15284	104	15284	0
PflaKGBDf	OZ251425.1	30960001	30990000	0.0067390735409578	15284	103	15284	0
PflaHELEm	OZ251425.1	30960001	30990000	0.009290761580738	15284	142	15284	0
PflaHELAf	OZ251425.1	30960001	30990000	0.0004623208506703	15141	7	15141	143
PflaHELEm	OZ251425.1	30990001	31020000	0.0067567567567567	19832	134	19832	0
PflaKGBHm	OZ251425.1	30990001	31020000	0.0025213050274822	19831	50	19831	1
PflaKGBDf	OZ251425.1	30990001	31020000	0.0012605889471561	19832	25	19832	0
PflaHELAf	OZ251425.1	30990001	31020000	0.0003025413473174	19832	6	19832	0
PflaHELAf	OZ251425.1	31020001	31050000	0.0002535657686212	15775	4	15775	0
PflaKGBHm	OZ251425.1	31020001	31050000	0.0015213946117274	15775	24	15775	0
PflaKGBDf	OZ251425.1	31020001	31050000	0.0008874801901743	15775	14	15775	0
PflaHELEm	OZ251425.1	31020001	31050000	0.0038034865293185	15775	60	15775	0
PflaHELAf	OZ251425.1	31050001	31080000	0.0001290822253775	15494	2	15494	0
PflaKGBDf	OZ251425.1	31050001	31080000	0.001161740028398	15494	18	15494	0
PflaHELEm	OZ251425.1	31050001	31080000	0.0029043500709952	15494	45	15494	0
PflaKGBHm	OZ251425.1	31050001	31080000	0.0027107267329288	15494	42	15494	0
PflaHELAf	OZ251425.1	31080001	31110000	0.0020074562661313	10461	21	10461	0
PflaKGBDf	OZ251425.1	31080001	31110000	0.0024854220437816	10461	26	10461	0
PflaKGBHm	OZ251425.1	31080001	31110000	0.0040149125322626	10461	42	10461	0
PflaHELEm	OZ251425.1	31080001	31110000	0.0043972851543829	10461	46	10461	0
PflaHELEm	OZ251425.1	31110001	31140000	0.0050968399592252	981	5	981	0
PflaKGBDf	OZ251425.1	31110001	31140000	0.0020387359836901	981	2	981	0
PflaHELAf	OZ251425.1	31110001	31140000	0.0040774719673802	981	4	981	0
PflaKGBHm	OZ251425.1	31110001	31140000	0.0020387359836901	981	2	981	0
PflaKGBHm	OZ251425.1	31140001	31170000	NA	0	NA	NA	NA
PflaHELEm	OZ251425.1	31140001	31170000	NA	0	NA	NA	NA
PflaKGBDf	OZ251425.1	31140001	31170000	NA	0	NA	NA	NA
PflaHELAf	OZ251425.1	31140001	31170000	NA	0	NA	NA	NA
PflaHELAf	OZ251425.1	31170001	31200000	NA	0	NA	NA	NA
PflaKGBHm	OZ251425.1	31170001	31200000	NA	0	NA	NA	NA
PflaHELEm	OZ251425.1	31170001	31200000	NA	0	NA	NA	NA
PflaKGBDf	OZ251425.1	31170001	31200000	NA	0	NA	NA	NA
PflaHELEm	OZ251425.1	31200001	31230000	NA	0	NA	NA	NA
PflaKGBDf	OZ251425.1	31200001	31230000	NA	0	NA	NA	NA
PflaHELAf	OZ251425.1	31200001	31230000	NA	0	NA	NA	NA
PflaKGBHm	OZ251425.1	31200001	31230000	NA	0	NA	NA	NA
PflaHELEm	OZ251425.1	31230001	31260000	NA	0	NA	NA	NA
PflaKGBDf	OZ251425.1	31230001	31260000	NA	0	NA	NA	NA
PflaKGBHm	OZ251425.1	31230001	31260000	NA	0	NA	NA	NA
PflaHELAf	OZ251425.1	31230001	31260000	NA	0	NA	NA	NA
PflaHELEm	OZ251425.1	31260001	31290000	0.0	28	0	28	0
PflaKGBDf	OZ251425.1	31260001	31290000	0.0	28	0	28	0
PflaHELAf	OZ251425.1	31260001	31290000	0.0	28	0	28	0
PflaKGBHm	OZ251425.1	31260001	31290000	0.1071428571428571	28	3	28	0
PflaHELAf	OZ251425.1	31290001	31320000	NA	0	NA	NA	NA
PflaKGBDf	OZ251425.1	31290001	31320000	NA	0	NA	NA	NA
PflaHELEm	OZ251425.1	31290001	31320000	NA	0	NA	NA	NA
PflaKGBHm	OZ251425.1	31290001	31320000	NA	0	NA	NA	NA
PflaHELAf	OZ251425.1	31320001	31350000	NA	0	NA	NA	NA
PflaHELEm	OZ251425.1	31320001	31350000	NA	0	NA	NA	NA
PflaKGBHm	OZ251425.1	31320001	31350000	NA	0	NA	NA	NA
PflaKGBDf	OZ251425.1	31320001	31350000	NA	0	NA	NA	NA
PflaHELAf	OZ251425.1	31350001	31380000	NA	0	NA	NA	NA
PflaKGBDf	OZ251425.1	31350001	31380000	NA	0	NA	NA	NA
PflaHELEm	OZ251425.1	31350001	31380000	NA	0	NA	NA	NA
PflaKGBHm	OZ251425.1	31350001	31380000	NA	0	NA	NA	NA
PflaKGBHm	OZ251425.1	31380001	31410000	NA	0	NA	NA	NA
PflaHELAf	OZ251425.1	31380001	31410000	NA	0	NA	NA	NA
PflaKGBDf	OZ251425.1	31380001	31410000	NA	0	NA	NA	NA
PflaHELEm	OZ251425.1	31380001	31410000	NA	0	NA	NA	NA
PflaKGBDf	OZ251425.1	31410001	31440000	NA	0	NA	NA	NA
PflaKGBHm	OZ251425.1	31410001	31440000	NA	0	NA	NA	NA
PflaHELAf	OZ251425.1	31410001	31440000	NA	0	NA	NA	NA
PflaHELEm	OZ251425.1	31410001	31440000	NA	0	NA	NA	NA
PflaHELAf	OZ251425.1	31440001	31470000	0.0046681806712086	7926	37	7926	0
PflaKGBDf	OZ251425.1	31440001	31470000	0.003785011355034	7926	30	7926	0
PflaHELEm	OZ251425.1	31440001	31470000	0.005046681806712	7926	40	7926	0
PflaKGBHm	OZ251425.1	31440001	31470000	0.0051728488518798	7926	41	7926	0
PflaHELEm	OZ251425.1	31470001	31500000	NA	0	NA	NA	NA
PflaHELAf	OZ251425.1	31470001	31500000	NA	0	NA	NA	NA
PflaKGBDf	OZ251425.1	31470001	31500000	NA	0	NA	NA	NA
PflaKGBHm	OZ251425.1	31470001	31500000	NA	0	NA	NA	NA
PflaKGBHm	OZ251425.1	31500001	31530000	NA	0	NA	NA	NA
PflaHELEm	OZ251425.1	31500001	31530000	NA	0	NA	NA	NA
PflaKGBDf	OZ251425.1	31500001	31530000	NA	0	NA	NA	NA
PflaHELAf	OZ251425.1	31500001	31530000	NA	0	NA	NA	NA
PflaHELEm	OZ251425.1	31530001	31560000	NA	0	NA	NA	NA
PflaKGBHm	OZ251425.1	31530001	31560000	NA	0	NA	NA	NA
PflaHELAf	OZ251425.1	31530001	31560000	NA	0	NA	NA	NA
PflaKGBDf	OZ251425.1	31530001	31560000	NA	0	NA	NA	NA
PflaKGBDf	OZ251425.1	31560001	31590000	NA	0	NA	NA	NA
PflaKGBHm	OZ251425.1	31560001	31590000	NA	0	NA	NA	NA
PflaHELAf	OZ251425.1	31560001	31590000	NA	0	NA	NA	NA
PflaHELEm	OZ251425.1	31560001	31590000	NA	0	NA	NA	NA
PflaKGBHm	OZ251425.1	31590001	31620000	NA	0	NA	NA	NA
PflaHELAf	OZ251425.1	31590001	31620000	NA	0	NA	NA	NA
PflaKGBDf	OZ251425.1	31590001	31620000	NA	0	NA	NA	NA
PflaHELEm	OZ251425.1	31590001	31620000	NA	0	NA	NA	NA
PflaHELAf	OZ251425.1	31620001	31650000	NA	0	NA	NA	NA
PflaKGBDf	OZ251425.1	31620001	31650000	NA	0	NA	NA	NA
PflaHELEm	OZ251425.1	31620001	31650000	NA	0	NA	NA	NA
PflaKGBHm	OZ251425.1	31620001	31650000	NA	0	NA	NA	NA
PflaKGBDf	OZ251425.1	31650001	31680000	0.0012496875781054	8002	10	8002	0
PflaHELEm	OZ251425.1	31650001	31680000	0.0028742814296425	8002	23	8002	0
PflaKGBHm	OZ251425.1	31650001	31680000	0.0018745313671582	8002	15	8002	0
PflaHELAf	OZ251425.1	31650001	31680000	0.0007498125468632	8002	6	8002	0
PflaKGBDf	OZ251425.1	31680001	31710000	0.0022296544035674	13455	30	13455	0
PflaHELEm	OZ251425.1	31680001	31710000	0.0026755852842809	13455	36	13455	0
PflaKGBHm	OZ251425.1	31680001	31710000	0.0012634708286882	13455	17	13455	0
PflaHELAf	OZ251425.1	31680001	31710000	0.0	13455	0	13455	0
PflaHELAf	OZ251425.1	31710001	31740000	0.0003495484998543	17165	6	17165	0
PflaKGBHm	OZ251425.1	31710001	31740000	0.0025050975822895	17165	43	17165	0
PflaHELEm	OZ251425.1	31710001	31740000	0.0051267113311972	17165	88	17165	0
PflaKGBDf	OZ251425.1	31710001	31740000	0.0025633556655986	17165	44	17165	0
PflaKGBHm	OZ251425.1	31740001	31770000	0.0040803757025175	12989	53	12989	0
PflaHELEm	OZ251425.1	31740001	31770000	0.0049272461313419	12989	64	12989	0
PflaKGBDf	OZ251425.1	31740001	31770000	0.0033877425315676	12988	44	12988	1
PflaHELAf	OZ251425.1	31740001	31770000	0.0002309646624066	12989	3	12989	0
PflaHELEm	OZ251425.1	31770001	31800000	0.0091401489505754	11816	108	11816	0
PflaKGBDf	OZ251425.1	31770001	31800000	0.0039776574136763	11816	47	11816	0
PflaHELAf	OZ251425.1	31770001	31800000	0.0015233581584292	11816	18	11816	0
PflaKGBHm	OZ251425.1	31770001	31800000	0.0079553148273527	11816	94	11816	0
PflaKGBDf	OZ251425.1	31800001	31830000	0.0008120432256855	16009	13	16009	0
PflaHELAf	OZ251425.1	31800001	31830000	0.0003749531308586	16002	6	16002	7
PflaKGBHm	OZ251425.1	31800001	31830000	0.0044974701730276	16009	72	16009	0
PflaHELEm	OZ251425.1	31800001	31830000	0.0042476107189705	16009	68	16009	0
PflaKGBHm	OZ251425.1	31830001	31860000	0.0080921257391845	12852	104	12852	704
PflaHELEm	OZ251425.1	31830001	31860000	0.0099586898790203	13556	135	13556	0
PflaKGBDf	OZ251425.1	31830001	31860000	0.0038359398052522	13556	52	13556	0
PflaHELAf	OZ251425.1	31830001	31860000	0.004131012097964	13556	56	13556	0
PflaKGBHm	OZ251425.1	31860001	31890000	0.0012568453182511	11139	14	11139	292
PflaHELEm	OZ251425.1	31860001	31890000	0.0083107339690315	11431	95	11431	0
PflaKGBDf	OZ251425.1	31860001	31890000	0.0001749628204006	11431	2	11431	0
PflaHELAf	OZ251425.1	31860001	31890000	0.0	11431	0	11431	0
PflaKGBHm	OZ251425.1	31890001	31920000	0.0034002040122407	17646	60	17646	0
PflaKGBDf	OZ251425.1	31890001	31920000	0.000170010200612	17646	3	17646	0
PflaHELAf	OZ251425.1	31890001	31920000	0.0004533605349654	17646	8	17646	0
PflaHELEm	OZ251425.1	31890001	31920000	0.0038535645472061	17646	68	17646	0
PflaHELAf	OZ251425.1	31920001	31950000	0.0013009106374462	9993	13	9993	0
PflaKGBHm	OZ251425.1	31920001	31950000	0.0032022415690983	9993	32	9993	0
PflaHELEm	OZ251425.1	31920001	31950000	0.0041028720104072	9993	41	9993	0
PflaKGBDf	OZ251425.1	31920001	31950000	0.0013009106374462	9993	13	9993	0
PflaKGBHm	OZ251425.1	31950001	31980000	0.0032743942370661	18324	60	18324	26
PflaHELEm	OZ251425.1	31950001	31980000	0.0031607629427792	18350	58	18350	0
PflaKGBDf	OZ251425.1	31950001	31980000	0.0003271180896303	18342	6	18342	8
PflaHELAf	OZ251425.1	31950001	31980000	0.0006543788853746	18338	12	18338	12
PflaKGBDf	OZ251425.1	31980001	32010000	0.0005751754285056	17386	10	17386	0
PflaHELAf	OZ251425.1	31980001	32010000	0.0024732543425744	17386	43	17386	0
PflaKGBHm	OZ251425.1	31980001	32010000	0.0047739560565972	17386	83	17386	0
PflaHELEm	OZ251425.1	31980001	32010000	0.0046014034280455	17386	80	17386	0
PflaHELAf	OZ251425.1	32010001	32040000	0.0029727051616971	11101	33	11101	0
PflaKGBHm	OZ251425.1	32010001	32040000	0.0050445905774254	11101	56	11101	0
PflaKGBDf	OZ251425.1	32010001	32040000	0.0009008197459688	11101	10	11101	0
PflaHELEm	OZ251425.1	32010001	32040000	0.0054950004504098	11101	61	11101	0
PflaKGBHm	OZ251425.1	32040001	32070000	0.0063885467980295	12992	83	12992	0
PflaHELEm	OZ251425.1	32040001	32070000	0.0048491379310344	12992	63	12992	0
PflaKGBDf	OZ251425.1	32040001	32070000	0.0013854679802955	12992	18	12992	0
PflaHELAf	OZ251425.1	32040001	32070000	0.0022321428571428	12992	29	12992	0
PflaKGBHm	OZ251425.1	32070001	32100000	0.0080543167143712	15023	121	15023	0
PflaKGBDf	OZ251425.1	32070001	32100000	0.0034613592491513	15023	52	15023	0
PflaHELEm	OZ251425.1	32070001	32100000	0.007987752113426	15023	120	15023	0
PflaHELAf	OZ251425.1	32070001	32100000	0.0041270052586034	15023	62	15023	0
PflaKGBHm	OZ251425.1	32100001	32130000	0.0041851304775972	12186	51	12186	0
PflaHELEm	OZ251425.1	32100001	32130000	0.0041851304775972	12186	51	12186	0
PflaKGBDf	OZ251425.1	32100001	32130000	0.000738552437223	12186	9	12186	0
PflaHELAf	OZ251425.1	32100001	32130000	0.0018874117840144	12186	23	12186	0
PflaHELAf	OZ251425.1	32130001	32160000	0.0005215318134406	13422	7	13422	0
PflaKGBDf	OZ251425.1	32130001	32160000	0.0	13422	0	13422	0
PflaHELEm	OZ251425.1	32130001	32160000	0.0050663090448517	13422	68	13422	0
PflaKGBHm	OZ251425.1	32130001	32160000	0.0052153181344061	13422	70	13422	0
PflaHELAf	OZ251425.1	32160001	32190000	0.0021975665969877	18657	41	18657	0
PflaKGBHm	OZ251425.1	32160001	32190000	0.0044487323792678	18657	83	18657	0
PflaHELEm	OZ251425.1	32160001	32190000	0.0047703274910221	18657	89	18657	0
PflaKGBDf	OZ251425.1	32160001	32190000	0.0001071983705847	18657	2	18657	0
PflaHELAf	OZ251425.1	32190001	32220000	0.0027423920736022	11304	31	11304	0
PflaKGBHm	OZ251425.1	32190001	32220000	0.0025654635527246	11304	29	11304	0
PflaKGBDf	OZ251425.1	32190001	32220000	0.0006192498230714	11304	7	11304	0
PflaHELEm	OZ251425.1	32190001	32220000	0.0033616418966737	11304	38	11304	0
PflaHELAf	OZ251425.1	32220001	32250000	0.0016295231248502	20865	34	20865	0
PflaHELEm	OZ251425.1	32220001	32250000	0.0043613707165109	20865	91	20865	0
PflaKGBDf	OZ251425.1	32220001	32250000	0.0006709801102324	20865	14	20865	0
PflaKGBHm	OZ251425.1	32220001	32250000	0.0041696621135873	20865	87	20865	0
PflaKGBHm	OZ251425.1	32250001	32280000	0.0064171122994652	11220	72	11220	0
PflaKGBDf	OZ251425.1	32250001	32280000	0.0	11220	0	11220	0
PflaHELEm	OZ251425.1	32250001	32280000	0.0073083778966131	11220	82	11220	0
PflaHELAf	OZ251425.1	32250001	32280000	0.0015151515151515	11220	17	11220	0
PflaHELEm	OZ251425.1	32280001	32310000	0.006061697275237	16662	101	16662	0
PflaKGBHm	OZ251425.1	32280001	32310000	0.0056415796422998	16662	94	16662	0
PflaHELAf	OZ251425.1	32280001	32310000	0.0021005881646861	16662	35	16662	0
PflaKGBDf	OZ251425.1	32280001	32310000	0.0014404033129276	16662	24	16662	0
PflaHELAf	OZ251425.1	32310001	32340000	0.001684565171615	14247	24	14247	0
PflaKGBDf	OZ251425.1	32310001	32340000	0.0004211412929037	14247	6	14247	0
PflaHELEm	OZ251425.1	32310001	32340000	0.0058257878851688	14247	83	14247	0
PflaKGBHm	OZ251425.1	32310001	32340000	0.0060363585316206	14247	86	14247	0
PflaKGBHm	OZ251425.1	32340001	32370000	0.0046171331154993	14078	65	14078	0
PflaHELAf	OZ251425.1	32340001	32370000	0.0016337547947151	14078	23	14078	0
PflaKGBDf	OZ251425.1	32340001	32370000	0.0007813609887768	14078	11	14078	0
PflaHELEm	OZ251425.1	32340001	32370000	0.0049012643841454	14078	69	14078	0
PflaKGBHm	OZ251425.1	32370001	32400000	0.0072457365026066	11317	82	11317	0
PflaHELAf	OZ251425.1	32370001	32400000	0.0019439780860652	11317	22	11317	0
PflaHELEm	OZ251425.1	32370001	32400000	0.0066271980206768	11317	75	11317	0
PflaKGBDf	OZ251425.1	32370001	32400000	0.0010603516833082	11317	12	11317	0
PflaHELAf	OZ251425.1	32400001	32430000	0.0021084337349397	19920	42	19920	0
PflaHELEm	OZ251425.1	32400001	32430000	0.0038654618473895	19920	77	19920	0
PflaKGBDf	OZ251425.1	32400001	32430000	0.0004518072289156	19920	9	19920	0
PflaKGBHm	OZ251425.1	32400001	32430000	0.0029619960841407	19919	59	19919	1
PflaHELAf	OZ251425.1	32430001	32460000	0.0029096350486324	12029	35	12029	0
PflaKGBHm	OZ251425.1	32430001	32460000	0.0047385485077728	12029	57	12029	0
PflaHELEm	OZ251425.1	32430001	32460000	0.0044060187879291	12029	53	12029	0
PflaKGBDf	OZ251425.1	32430001	32460000	0.001080721589492	12029	13	12029	0
PflaKGBHm	OZ251425.1	32460001	32490000	0.0044048645025375	10443	46	10443	0
PflaHELEm	OZ251425.1	32460001	32490000	0.0052666858182514	10443	55	10443	0
PflaKGBDf	OZ251425.1	32460001	32490000	0.000957579239682	10443	10	10443	0
PflaHELAf	OZ251425.1	32460001	32490000	0.0037345590347601	10443	39	10443	0
PflaHELAf	OZ251425.1	32490001	32520000	0.0026567481402763	11292	30	11292	0
PflaHELEm	OZ251425.1	32490001	32520000	0.0066418703506907	11292	75	11292	0
PflaKGBHm	OZ251425.1	32490001	32520000	0.0056677293659227	11292	64	11292	0
PflaKGBDf	OZ251425.1	32490001	32520000	0.0007084661707403	11292	8	11292	0
PflaHELAf	OZ251425.1	32520001	32550000	0.0012040557667934	15780	19	15780	0
PflaKGBDf	OZ251425.1	32520001	32550000	0.0003168567807351	15780	5	15780	0
PflaHELEm	OZ251425.1	32520001	32550000	0.003105196451204	15780	49	15780	0
PflaKGBHm	OZ251425.1	32520001	32550000	0.0027249683143219	15780	43	15780	0
PflaHELAf	OZ251425.1	32550001	32580000	0.0010871534698314	16557	18	16557	0
PflaKGBDf	OZ251425.1	32550001	32580000	0.0003019870749531	16557	5	16557	0
PflaHELEm	OZ251425.1	32550001	32580000	0.0034426526544663	16557	57	16557	0
PflaKGBHm	OZ251425.1	32550001	32580000	0.0032614604094944	16557	54	16557	0
PflaHELEm	OZ251425.1	32580001	32610000	0.0034324942791762	13110	45	13110	0
PflaKGBHm	OZ251425.1	32580001	32610000	0.0032036613272311	13110	42	13110	0
PflaHELAf	OZ251425.1	32580001	32610000	0.0017543859649122	13110	23	13110	0
PflaKGBDf	OZ251425.1	32580001	32610000	0.0011441647597254	13110	15	13110	0
PflaKGBHm	OZ251425.1	32610001	32640000	0.0029563307711799	11839	35	11839	0
PflaHELEm	OZ251425.1	32610001	32640000	0.0033786637384914	11839	40	11839	0
PflaKGBDf	OZ251425.1	32610001	32640000	0.0010980657150097	11839	13	11839	0
PflaHELAf	OZ251425.1	32610001	32640000	0.0014359320888588	11839	17	11839	0
PflaKGBHm	OZ251425.1	32640001	32670000	0.0026233247790134	17535	46	17535	0
PflaKGBDf	OZ251425.1	32640001	32670000	0.0006843455945252	17535	12	17535	0
PflaHELAf	OZ251425.1	32640001	32670000	0.000741374394069	17535	13	17535	0
PflaHELEm	OZ251425.1	32640001	32670000	0.0029084687767322	17535	51	17535	0
PflaHELEm	OZ251425.1	32670001	32700000	0.0028840211494884	14563	42	14563	0
PflaKGBDf	OZ251425.1	32670001	32700000	0.0017166792556478	14563	25	14563	0
PflaHELAf	OZ251425.1	32670001	32700000	0.0013733434045183	14563	20	14563	0
PflaKGBHm	OZ251425.1	32670001	32700000	0.0021973494472292	14563	32	14563	0
PflaHELEm	OZ251425.1	32700001	32730000	0.0037453183520599	16287	61	16287	0
PflaKGBDf	OZ251425.1	32700001	32730000	0.0019647571682937	16287	32	16287	0
PflaHELAf	OZ251425.1	32700001	32730000	0.0019647571682937	16287	32	16287	0
PflaKGBHm	OZ251425.1	32700001	32730000	0.0032541290599864	16287	53	16287	0
PflaKGBHm	OZ251425.1	32730001	32760000	0.0025832766825288	7355	19	7355	0
PflaHELEm	OZ251425.1	32730001	32760000	0.003942895989123	7355	29	7355	0
PflaKGBDf	OZ251425.1	32730001	32760000	0.0024473147518694	7355	18	7355	0
PflaHELAf	OZ251425.1	32730001	32760000	0.00231135282121	7355	17	7355	0
PflaKGBHm	OZ251425.1	32760001	32790000	0.0033696905205285	11277	38	11277	0
PflaHELEm	OZ251425.1	32760001	32790000	0.0034583665868582	11277	39	11277	0
PflaKGBDf	OZ251425.1	32760001	32790000	0.0015074931276048	11277	17	11277	0
PflaHELAf	OZ251425.1	32760001	32790000	0.0014188170612751	11277	16	11277	0
PflaKGBHm	OZ251425.1	32790001	32820000	0.002866093447977	15003	43	15003	0
PflaHELEm	OZ251425.1	32790001	32820000	0.0029327467839765	15003	44	15003	0
PflaHELAf	OZ251425.1	32790001	32820000	0.0016663333999866	15003	25	15003	0
PflaKGBDf	OZ251425.1	32790001	32820000	0.0006665333599946	15003	10	15003	0
PflaHELAf	OZ251425.1	32820001	32850000	0.0007548205585672	14573	11	14573	0
PflaKGBDf	OZ251425.1	32820001	32850000	0.0006862005077883	14573	10	14573	0
PflaHELEm	OZ251425.1	32820001	32850000	0.0022644616757016	14573	33	14573	0
PflaKGBHm	OZ251425.1	32820001	32850000	0.0015782611679132	14573	23	14573	0
PflaHELAf	OZ251425.1	32850001	32880000	0.0007841244948428	16579	13	16579	0
PflaKGBDf	OZ251425.1	32850001	32880000	0.0007238072260088	16579	12	16579	0
PflaHELEm	OZ251425.1	32850001	32880000	0.0028952289040352	16579	48	16579	0
PflaKGBHm	OZ251425.1	32850001	32880000	0.0028349116352011	16579	47	16579	0
PflaHELEm	OZ251425.1	32880001	32910000	0.0057326703714536	17095	98	17095	0
PflaKGBHm	OZ251425.1	32880001	32910000	0.00549868382568	17095	94	17095	0
PflaHELAf	OZ251425.1	32880001	32910000	0.0040362679145949	17095	69	17095	0
PflaKGBDf	OZ251425.1	32880001	32910000	0.003626791459491	17095	62	17095	0
PflaKGBDf	OZ251425.1	32910001	32940000	0.0013977461343583	11447	16	11447	0
PflaHELEm	OZ251425.1	32910001	32940000	0.0035817244692932	11447	41	11447	0
PflaKGBHm	OZ251425.1	32910001	32940000	0.0029702105355114	11447	34	11447	0
PflaHELAf	OZ251425.1	32910001	32940000	0.0015724644011531	11447	18	11447	0
PflaHELAf	OZ251425.1	32940001	32970000	0.0038854132367467	15185	59	15185	0
PflaKGBDf	OZ251425.1	32940001	32970000	0.0035561409285479	15185	54	15185	0
PflaHELEm	OZ251425.1	32940001	32970000	0.0051366480079025	15185	78	15185	0
PflaKGBHm	OZ251425.1	32940001	32970000	0.0049390846229832	15185	75	15185	0
PflaHELAf	OZ251425.1	32970001	33000000	0.0044295592048401	18512	82	18512	0
PflaKGBDf	OZ251425.1	32970001	33000000	0.0041594641313742	18512	77	18512	0
PflaHELEm	OZ251425.1	32970001	33000000	0.0039433880726015	18512	73	18512	0
PflaKGBHm	OZ251425.1	32970001	33000000	0.0036192739844425	18512	67	18512	0
PflaKGBDf	OZ251425.1	33000001	33030000	0.0011921458625525	14260	17	14260	0
PflaHELEm	OZ251425.1	33000001	33030000	0.002805049088359	14260	40	14260	0
PflaKGBHm	OZ251425.1	33000001	33030000	0.0023842917251051	14260	34	14260	0
PflaHELAf	OZ251425.1	33000001	33030000	0.0011921458625525	14260	17	14260	0
PflaHELAf	OZ251425.1	33030001	33060000	0.0005128205128205	15600	8	15600	0
PflaKGBDf	OZ251425.1	33030001	33060000	0.0010897435897435	15600	17	15600	0
PflaHELEm	OZ251425.1	33030001	33060000	0.0022435897435897	15600	35	15600	0
PflaKGBHm	OZ251425.1	33030001	33060000	0.0021153846153846	15600	33	15600	0
PflaHELAf	OZ251425.1	33060001	33090000	0.0015581524763494	17970	28	17970	0
PflaKGBDf	OZ251425.1	33060001	33090000	0.0013355592654424	17970	24	17970	0
PflaHELEm	OZ251425.1	33060001	33090000	0.0024485253199777	17970	44	17970	0
PflaKGBHm	OZ251425.1	33060001	33090000	0.0020033388981636	17970	36	17970	0
PflaHELAf	OZ251425.1	33090001	33120000	0.0016997769042813	18826	32	18826	0
PflaKGBDf	OZ251425.1	33090001	33120000	0.0014873047912461	18826	28	18826	0
PflaKGBHm	OZ251425.1	33090001	33120000	0.0021778391586104	18826	41	18826	0
PflaHELEm	OZ251425.1	33090001	33120000	0.0027090194411983	18826	51	18826	0
PflaHELAf	OZ251425.1	33120001	33150000	0.0006394372951802	12511	8	12511	0
PflaKGBDf	OZ251425.1	33120001	33150000	0.0030373271521061	12511	38	12511	0
PflaHELEm	OZ251425.1	33120001	33150000	0.0047158500519542	12511	59	12511	0
PflaKGBHm	OZ251425.1	33120001	33150000	0.0051154983614419	12511	64	12511	0
PflaHELAf	OZ251425.1	33150001	33180000	0.0008756567425569	9136	8	9136	0
PflaKGBDf	OZ251425.1	33150001	33180000	0.0006567425569176	9136	6	9136	0
PflaHELEm	OZ251425.1	33150001	33180000	0.0030647985989492	9136	28	9136	0
PflaKGBHm	OZ251425.1	33150001	33180000	0.0027364273204903	9136	25	9136	0
PflaHELAf	OZ251425.1	33180001	33210000	0.0015480874669418	15503	24	15503	0
PflaHELEm	OZ251425.1	33180001	33210000	0.0031606785783396	15503	49	15503	0
PflaKGBHm	OZ251425.1	33180001	33210000	0.0025156421337805	15503	39	15503	0
PflaKGBDf	OZ251425.1	33180001	33210000	0.0009675546668386	15503	15	15503	0
PflaKGBHm	OZ251425.1	33210001	33240000	0.0028099754127151	14235	40	14235	0
PflaHELAf	OZ251425.1	33210001	33240000	0.0007024938531787	14235	10	14235	0
PflaHELEm	OZ251425.1	33210001	33240000	0.0029504741833508	14235	42	14235	0
PflaKGBDf	OZ251425.1	33210001	33240000	0.0011942395504039	14235	17	14235	0
PflaKGBHm	OZ251425.1	33240001	33270000	0.0027043269230769	13312	36	13312	0
PflaHELEm	OZ251425.1	33240001	33270000	0.0033052884615384	13312	44	13312	0
PflaKGBDf	OZ251425.1	33240001	33270000	0.0007512019230769	13312	10	13312	0
PflaHELAf	OZ251425.1	33240001	33270000	0.0018028846153846	13312	24	13312	0
PflaKGBHm	OZ251425.1	33270001	33300000	0.0039477090344292	15452	61	15452	0
PflaHELEm	OZ251425.1	33270001	33300000	0.0047890240745534	15452	74	15452	0
PflaKGBDf	OZ251425.1	33270001	33300000	0.0027828112865648	15452	43	15452	0
PflaHELAf	OZ251425.1	33270001	33300000	0.0022650789541806	15452	35	15452	0
PflaHELAf	OZ251425.1	33300001	33330000	0.002276961291658	19324	44	19324	0
PflaKGBHm	OZ251425.1	33300001	33330000	0.0052819636476619	19311	102	19311	13
PflaKGBDf	OZ251425.1	33300001	33330000	0.0021217139308631	19324	41	19324	0
PflaHELEm	OZ251425.1	33300001	33330000	0.0071931277168288	19324	139	19324	0
PflaHELEm	OZ251425.1	33330001	33360000	0.0	171	0	171	0
PflaKGBDf	OZ251425.1	33330001	33360000	0.0	171	0	171	0
PflaHELAf	OZ251425.1	33330001	33360000	0.0	171	0	171	0
PflaKGBHm	OZ251425.1	33330001	33360000	0.0	171	0	171	0
PflaHELEm	OZ251425.1	33360001	33390000	0.0	7	0	7	0
PflaKGBHm	OZ251425.1	33360001	33390000	0.0	7	0	7	0
PflaHELAf	OZ251425.1	33360001	33390000	0.0	7	0	7	0
PflaKGBDf	OZ251425.1	33360001	33390000	0.0	7	0	7	0
PflaKGBDf	OZ251425.1	33390001	33420000	NA	0	NA	NA	NA
PflaHELEm	OZ251425.1	33390001	33420000	NA	0	NA	NA	NA
PflaKGBHm	OZ251425.1	33390001	33420000	NA	0	NA	NA	NA
PflaHELAf	OZ251425.1	33390001	33420000	NA	0	NA	NA	NA
PflaKGBDf	OZ251425.1	33420001	33450000	0.0071040534893439	2393	17	2393	0
PflaHELAf	OZ251425.1	33420001	33450000	0.0135726795096322	2284	31	2284	109
PflaKGBHm	OZ251425.1	33420001	33450000	0.0087755954868366	2393	21	2393	0
PflaHELEm	OZ251425.1	33420001	33450000	0.0058503969912244	2393	14	2393	0
PflaHELAf	OZ251425.1	33450001	33480000	NA	0	NA	NA	NA
PflaKGBHm	OZ251425.1	33450001	33480000	NA	0	NA	NA	NA
PflaHELEm	OZ251425.1	33450001	33480000	NA	0	NA	NA	NA
PflaKGBDf	OZ251425.1	33450001	33480000	NA	0	NA	NA	NA
PflaHELAf	OZ251425.1	33480001	33510000	NA	0	NA	NA	NA
PflaKGBDf	OZ251425.1	33480001	33510000	NA	0	NA	NA	NA
PflaHELEm	OZ251425.1	33480001	33510000	NA	0	NA	NA	NA
PflaKGBHm	OZ251425.1	33480001	33510000	NA	0	NA	NA	NA
PflaKGBDf	OZ251425.1	33510001	33540000	NA	0	NA	NA	NA
PflaHELEm	OZ251425.1	33510001	33540000	NA	0	NA	NA	NA
PflaKGBHm	OZ251425.1	33510001	33540000	NA	0	NA	NA	NA
PflaHELAf	OZ251425.1	33510001	33540000	NA	0	NA	NA	NA
PflaKGBHm	OZ251425.1	33540001	33570000	NA	0	NA	NA	NA
PflaHELAf	OZ251425.1	33540001	33570000	NA	0	NA	NA	NA
PflaKGBDf	OZ251425.1	33540001	33570000	NA	0	NA	NA	NA
PflaHELEm	OZ251425.1	33540001	33570000	NA	0	NA	NA	NA
PflaKGBHm	OZ251425.1	33570001	33600000	NA	0	NA	NA	NA
PflaHELEm	OZ251425.1	33570001	33600000	NA	0	NA	NA	NA
PflaKGBDf	OZ251425.1	33570001	33600000	NA	0	NA	NA	NA
PflaHELAf	OZ251425.1	33570001	33600000	NA	0	NA	NA	NA
PflaHELEm	OZ251425.1	33600001	33630000	NA	0	NA	NA	NA
PflaKGBHm	OZ251425.1	33600001	33630000	NA	0	NA	NA	NA
PflaHELAf	OZ251425.1	33600001	33630000	NA	0	NA	NA	NA
PflaKGBDf	OZ251425.1	33600001	33630000	NA	0	NA	NA	NA
PflaHELAf	OZ251425.1	33630001	33660000	NA	0	NA	NA	NA
PflaKGBDf	OZ251425.1	33630001	33660000	NA	0	NA	NA	NA
PflaHELEm	OZ251425.1	33630001	33660000	NA	0	NA	NA	NA
PflaKGBHm	OZ251425.1	33630001	33660000	NA	0	NA	NA	NA
PflaHELAf	OZ251425.1	33660001	33690000	NA	0	NA	NA	NA
PflaKGBHm	OZ251425.1	33660001	33690000	NA	0	NA	NA	NA
PflaHELEm	OZ251425.1	33660001	33690000	NA	0	NA	NA	NA
PflaKGBDf	OZ251425.1	33660001	33690000	NA	0	NA	NA	NA
PflaKGBHm	OZ251425.1	33690001	33720000	NA	0	NA	NA	NA
PflaHELEm	OZ251425.1	33690001	33720000	NA	0	NA	NA	NA
PflaHELAf	OZ251425.1	33690001	33720000	NA	0	NA	NA	NA
PflaKGBDf	OZ251425.1	33690001	33720000	NA	0	NA	NA	NA
PflaHELAf	OZ251425.1	33720001	33750000	NA	0	NA	NA	NA
PflaKGBDf	OZ251425.1	33720001	33750000	NA	0	NA	NA	NA
PflaHELEm	OZ251425.1	33720001	33750000	NA	0	NA	NA	NA
PflaKGBHm	OZ251425.1	33720001	33750000	NA	0	NA	NA	NA
PflaHELAf	OZ251425.1	33750001	33780000	NA	0	NA	NA	NA
PflaKGBHm	OZ251425.1	33750001	33780000	NA	0	NA	NA	NA
PflaHELEm	OZ251425.1	33750001	33780000	NA	0	NA	NA	NA
PflaKGBDf	OZ251425.1	33750001	33780000	NA	0	NA	NA	NA
PflaKGBHm	OZ251425.1	33780001	33810000	NA	0	NA	NA	NA
PflaHELEm	OZ251425.1	33780001	33810000	NA	0	NA	NA	NA
PflaKGBDf	OZ251425.1	33780001	33810000	NA	0	NA	NA	NA
PflaHELAf	OZ251425.1	33780001	33810000	NA	0	NA	NA	NA
PflaHELEm	OZ251425.1	33810001	33840000	NA	0	NA	NA	NA
PflaHELAf	OZ251425.1	33810001	33840000	NA	0	NA	NA	NA
PflaKGBHm	OZ251425.1	33810001	33840000	NA	0	NA	NA	NA
PflaKGBDf	OZ251425.1	33810001	33840000	NA	0	NA	NA	NA
PflaHELEm	OZ251425.1	33840001	33870000	NA	0	NA	NA	NA
PflaKGBDf	OZ251425.1	33840001	33870000	NA	0	NA	NA	NA
PflaHELAf	OZ251425.1	33840001	33870000	NA	0	NA	NA	NA
PflaKGBHm	OZ251425.1	33840001	33870000	NA	0	NA	NA	NA
PflaKGBHm	OZ251425.1	33870001	33900000	NA	0	NA	NA	NA
PflaHELEm	OZ251425.1	33870001	33900000	NA	0	NA	NA	NA
PflaKGBDf	OZ251425.1	33870001	33900000	NA	0	NA	NA	NA
PflaHELAf	OZ251425.1	33870001	33900000	NA	0	NA	NA	NA
PflaHELAf	OZ251425.1	33900001	33930000	NA	0	NA	NA	NA
PflaKGBDf	OZ251425.1	33900001	33930000	NA	0	NA	NA	NA
PflaHELEm	OZ251425.1	33900001	33930000	NA	0	NA	NA	NA
PflaKGBHm	OZ251425.1	33900001	33930000	NA	0	NA	NA	NA
PflaHELEm	OZ251425.1	33930001	33960000	NA	0	NA	NA	NA
PflaHELAf	OZ251425.1	33930001	33960000	NA	0	NA	NA	NA
PflaKGBDf	OZ251425.1	33930001	33960000	NA	0	NA	NA	NA
PflaKGBHm	OZ251425.1	33930001	33960000	NA	0	NA	NA	NA
PflaKGBHm	OZ251425.1	33960001	33990000	NA	0	NA	NA	NA
PflaHELEm	OZ251425.1	33960001	33990000	NA	0	NA	NA	NA
PflaKGBDf	OZ251425.1	33960001	33990000	NA	0	NA	NA	NA
PflaHELAf	OZ251425.1	33960001	33990000	NA	0	NA	NA	NA
PflaHELEm	OZ251425.1	33990001	34020000	0.0	142	0	142	0
PflaHELAf	OZ251425.1	33990001	34020000	0.0	142	0	142	0
PflaKGBDf	OZ251425.1	33990001	34020000	0.0	142	0	142	0
PflaKGBHm	OZ251425.1	33990001	34020000	0.0	142	0	142	0
PflaHELEm	OZ251425.1	34020001	34050000	0.0	26	0	26	0
PflaKGBHm	OZ251425.1	34020001	34050000	0.0	26	0	26	0
PflaKGBDf	OZ251425.1	34020001	34050000	0.0	26	0	26	0
PflaHELAf	OZ251425.1	34020001	34050000	0.0	26	0	26	0
PflaKGBDf	OZ251425.1	34050001	34080000	0.0	28	0	28	0
PflaHELAf	OZ251425.1	34050001	34080000	0.0	28	0	28	0
PflaKGBHm	OZ251425.1	34050001	34080000	0.0	28	0	28	0
PflaHELEm	OZ251425.1	34050001	34080000	0.0	28	0	28	0
PflaHELEm	OZ251425.1	34080001	34110000	NA	0	NA	NA	NA
PflaKGBHm	OZ251425.1	34080001	34110000	NA	0	NA	NA	NA
PflaHELAf	OZ251425.1	34080001	34110000	NA	0	NA	NA	NA
PflaKGBDf	OZ251425.1	34080001	34110000	NA	0	NA	NA	NA
PflaHELEm	OZ251425.1	34110001	34140000	NA	0	NA	NA	NA
PflaHELAf	OZ251425.1	34110001	34140000	NA	0	NA	NA	NA
PflaKGBDf	OZ251425.1	34110001	34140000	NA	0	NA	NA	NA
PflaKGBHm	OZ251425.1	34110001	34140000	NA	0	NA	NA	NA
PflaHELAf	OZ251425.1	34140001	34170000	NA	0	NA	NA	NA
PflaKGBDf	OZ251425.1	34140001	34170000	NA	0	NA	NA	NA
PflaHELEm	OZ251425.1	34140001	34170000	NA	0	NA	NA	NA
PflaKGBHm	OZ251425.1	34140001	34170000	NA	0	NA	NA	NA
PflaHELAf	OZ251425.1	34170001	34200000	0.0	34	0	34	0
PflaKGBDf	OZ251425.1	34170001	34200000	0.0	34	0	34	0
PflaHELEm	OZ251425.1	34170001	34200000	0.0	34	0	34	0
PflaKGBHm	OZ251425.1	34170001	34200000	0.0	34	0	34	0
PflaHELAf	OZ251425.1	34200001	34230000	0.0	33	0	33	0
PflaKGBDf	OZ251425.1	34200001	34230000	0.0	33	0	33	0
PflaHELEm	OZ251425.1	34200001	34230000	0.0	33	0	33	0
PflaKGBHm	OZ251425.1	34200001	34230000	0.0	33	0	33	0
