pop	chromosome	window_pos_1	window_pos_2	avg_pi	no_sites	count_diffs	count_comparisons	count_missing
PflaHELAf	OZ251424.1	1	50000	0.0058343057176196	1714	10	1714	0
PflaKGBHm	OZ251424.1	1	50000	0.0046674445740956	1714	8	1714	0
PflaHELEm	OZ251424.1	1	50000	0.0087514585764294	1714	15	1714	0
PflaKGBDf	OZ251424.1	1	50000	0.0058343057176196	1714	10	1714	0
PflaKGBHm	OZ251424.1	50001	100000	NA	0	NA	NA	NA
PflaHELEm	OZ251424.1	50001	100000	NA	0	NA	NA	NA
PflaKGBDf	OZ251424.1	50001	100000	NA	0	NA	NA	NA
PflaHELAf	OZ251424.1	50001	100000	NA	0	NA	NA	NA
PflaKGBDf	OZ251424.1	100001	150000	0.05	20	1	20	0
PflaKGBHm	OZ251424.1	100001	150000	0.05	20	1	20	0
PflaHELEm	OZ251424.1	100001	150000	0.05	20	1	20	0
PflaHELAf	OZ251424.1	100001	150000	0.0	20	0	20	0
PflaHELAf	OZ251424.1	150001	200000	NA	0	NA	NA	NA
PflaKGBHm	OZ251424.1	150001	200000	NA	0	NA	NA	NA
PflaHELEm	OZ251424.1	150001	200000	NA	0	NA	NA	NA
PflaKGBDf	OZ251424.1	150001	200000	NA	0	NA	NA	NA
PflaKGBHm	OZ251424.1	200001	250000	NA	0	NA	NA	NA
PflaHELAf	OZ251424.1	200001	250000	NA	0	NA	NA	NA
PflaHELEm	OZ251424.1	200001	250000	NA	0	NA	NA	NA
PflaKGBDf	OZ251424.1	200001	250000	NA	0	NA	NA	NA
PflaHELAf	OZ251424.1	250001	300000	NA	0	NA	NA	NA
PflaKGBHm	OZ251424.1	250001	300000	NA	0	NA	NA	NA
PflaHELEm	OZ251424.1	250001	300000	NA	0	NA	NA	NA
PflaKGBDf	OZ251424.1	250001	300000	NA	0	NA	NA	NA
PflaKGBHm	OZ251424.1	300001	350000	NA	0	NA	NA	NA
PflaHELEm	OZ251424.1	300001	350000	NA	0	NA	NA	NA
PflaHELAf	OZ251424.1	300001	350000	NA	0	NA	NA	NA
PflaKGBDf	OZ251424.1	300001	350000	NA	0	NA	NA	NA
PflaHELAf	OZ251424.1	350001	400000	NA	0	NA	NA	NA
PflaHELEm	OZ251424.1	350001	400000	NA	0	NA	NA	NA
PflaKGBHm	OZ251424.1	350001	400000	NA	0	NA	NA	NA
PflaKGBDf	OZ251424.1	350001	400000	NA	0	NA	NA	NA
PflaHELAf	OZ251424.1	400001	450000	NA	0	NA	NA	NA
PflaKGBDf	OZ251424.1	400001	450000	NA	0	NA	NA	NA
PflaHELEm	OZ251424.1	400001	450000	NA	0	NA	NA	NA
PflaKGBHm	OZ251424.1	400001	450000	NA	0	NA	NA	NA
PflaKGBHm	OZ251424.1	450001	500000	NA	0	NA	NA	NA
PflaHELEm	OZ251424.1	450001	500000	NA	0	NA	NA	NA
PflaKGBDf	OZ251424.1	450001	500000	NA	0	NA	NA	NA
PflaHELAf	OZ251424.1	450001	500000	NA	0	NA	NA	NA
PflaKGBHm	OZ251424.1	500001	550000	NA	0	NA	NA	NA
PflaHELEm	OZ251424.1	500001	550000	NA	0	NA	NA	NA
PflaKGBDf	OZ251424.1	500001	550000	NA	0	NA	NA	NA
PflaHELAf	OZ251424.1	500001	550000	NA	0	NA	NA	NA
PflaHELEm	OZ251424.1	550001	600000	NA	0	NA	NA	NA
PflaKGBDf	OZ251424.1	550001	600000	NA	0	NA	NA	NA
PflaHELAf	OZ251424.1	550001	600000	NA	0	NA	NA	NA
PflaKGBHm	OZ251424.1	550001	600000	NA	0	NA	NA	NA
PflaHELAf	OZ251424.1	600001	650000	NA	0	NA	NA	NA
PflaKGBHm	OZ251424.1	600001	650000	NA	0	NA	NA	NA
PflaKGBDf	OZ251424.1	600001	650000	NA	0	NA	NA	NA
PflaHELEm	OZ251424.1	600001	650000	NA	0	NA	NA	NA
PflaKGBHm	OZ251424.1	650001	700000	NA	0	NA	NA	NA
PflaHELEm	OZ251424.1	650001	700000	NA	0	NA	NA	NA
PflaKGBDf	OZ251424.1	650001	700000	NA	0	NA	NA	NA
PflaHELAf	OZ251424.1	650001	700000	NA	0	NA	NA	NA
PflaKGBHm	OZ251424.1	700001	750000	0.0	2	0	2	0
PflaHELEm	OZ251424.1	700001	750000	0.0	2	0	2	0
PflaKGBDf	OZ251424.1	700001	750000	0.0	2	0	2	0
PflaHELAf	OZ251424.1	700001	750000	0.0	2	0	2	0
PflaKGBHm	OZ251424.1	750001	800000	NA	0	NA	NA	NA
PflaHELEm	OZ251424.1	750001	800000	NA	0	NA	NA	NA
PflaHELAf	OZ251424.1	750001	800000	NA	0	NA	NA	NA
PflaKGBDf	OZ251424.1	750001	800000	NA	0	NA	NA	NA
PflaHELAf	OZ251424.1	800001	850000	NA	0	NA	NA	NA
PflaKGBDf	OZ251424.1	800001	850000	NA	0	NA	NA	NA
PflaHELEm	OZ251424.1	800001	850000	NA	0	NA	NA	NA
PflaKGBHm	OZ251424.1	800001	850000	NA	0	NA	NA	NA
PflaHELAf	OZ251424.1	850001	900000	0.0073166581589246	5877	43	5877	0
PflaKGBDf	OZ251424.1	850001	900000	0.0008507742045261	5877	5	5877	0
PflaHELEm	OZ251424.1	850001	900000	0.0042538710226305	5877	25	5877	0
PflaKGBHm	OZ251424.1	850001	900000	0.0008507742045261	5877	5	5877	0
PflaKGBHm	OZ251424.1	900001	950000	0.004930349037408	25556	126	25556	0
PflaHELEm	OZ251424.1	900001	950000	0.0021521364845828	25556	55	25556	0
PflaKGBDf	OZ251424.1	900001	950000	0.0019956174675223	25556	51	25556	0
PflaHELAf	OZ251424.1	900001	950000	0.0019564877132571	25556	50	25556	0
PflaHELAf	OZ251424.1	950001	1000000	0.0010459078853983	26771	28	26771	0
PflaKGBDf	OZ251424.1	950001	1000000	0.0008591386201486	26771	23	26771	0
PflaHELEm	OZ251424.1	950001	1000000	0.0013073848567479	26771	35	26771	0
PflaKGBHm	OZ251424.1	950001	1000000	0.0011579694445482	26771	31	26771	0
PflaKGBHm	OZ251424.1	1000001	1050000	0.0011776325786354	26324	31	26324	0
PflaHELEm	OZ251424.1	1000001	1050000	0.0016334903510104	26324	43	26324	0
PflaKGBDf	OZ251424.1	1000001	1050000	0.0014815377602188	26324	39	26324	0
PflaHELAf	OZ251424.1	1000001	1050000	0.0014815377602188	26324	39	26324	0
PflaHELAf	OZ251424.1	1050001	1100000	0.0003762935089369	26575	10	26575	0
PflaKGBDf	OZ251424.1	1050001	1100000	0.0003010348071495	26575	8	26575	0
PflaHELEm	OZ251424.1	1050001	1100000	0.000489181561618	26575	13	26575	0
PflaKGBHm	OZ251424.1	1050001	1100000	0.0006020696142991	26575	16	26575	0
PflaHELEm	OZ251424.1	1100001	1150000	0.0012906376447607	28668	37	28668	0
PflaKGBDf	OZ251424.1	1100001	1150000	0.0010115808567043	28668	29	28668	0
PflaHELAf	OZ251424.1	1100001	1150000	0.0011162271522254	28668	32	28668	0
PflaKGBHm	OZ251424.1	1100001	1150000	0.0006278777731268	28668	18	28668	0
PflaHELAf	OZ251424.1	1150001	1200000	0.0008752877103121	30847	27	30847	0
PflaKGBDf	OZ251424.1	1150001	1200000	0.0006807793302428	30847	21	30847	0
PflaHELEm	OZ251424.1	1150001	1200000	0.0008428696469672	30847	26	30847	0
PflaKGBHm	OZ251424.1	1150001	1200000	0.0006807793302428	30847	21	30847	0
PflaHELEm	OZ251424.1	1200001	1250000	0.0011561648360723	24218	28	24218	0
PflaKGBDf	OZ251424.1	1200001	1250000	0.0012387480386489	24218	30	24218	0
PflaHELAf	OZ251424.1	1200001	1250000	0.0010735816334957	24218	26	24218	0
PflaKGBHm	OZ251424.1	1200001	1250000	0.0006606656206127	24218	16	24218	0
PflaHELAf	OZ251424.1	1250001	1300000	0.0003163430740638	25289	8	25289	0
PflaKGBDf	OZ251424.1	1250001	1300000	0.0003954288425797	25289	10	25289	0
PflaHELEm	OZ251424.1	1250001	1300000	0.0003954288425797	25289	10	25289	0
PflaKGBHm	OZ251424.1	1250001	1300000	0.0003163430740638	25289	8	25289	0
PflaHELEm	OZ251424.1	1300001	1350000	0.0029150713539853	22984	67	22984	0
PflaKGBHm	OZ251424.1	1300001	1350000	0.0033066481030281	22984	76	22984	0
PflaHELAf	OZ251424.1	1300001	1350000	0.0016098155238426	22984	37	22984	0
PflaKGBDf	OZ251424.1	1300001	1350000	0.0024799860772711	22984	57	22984	0
PflaHELAf	OZ251424.1	1350001	1400000	0.0002902020531795	27567	8	27567	0
PflaKGBDf	OZ251424.1	1350001	1400000	0.0005078535930641	27567	14	27567	0
PflaHELEm	OZ251424.1	1350001	1400000	0.0003990278231218	27567	11	27567	0
PflaKGBHm	OZ251424.1	1350001	1400000	0.000580404106359	27567	16	27567	0
PflaKGBDf	OZ251424.1	1400001	1450000	0.00021734405564	27606	6	27606	0
PflaHELAf	OZ251424.1	1400001	1450000	0.0002897920741867	27606	8	27606	0
PflaKGBHm	OZ251424.1	1400001	1450000	0.00010867202782	27606	3	27606	0
PflaHELEm	OZ251424.1	1400001	1450000	0.0003622400927334	27606	10	27606	0
PflaHELEm	OZ251424.1	1450001	1500000	0.0004630058338735	32397	15	32397	3
PflaKGBDf	OZ251424.1	1450001	1500000	0.0004328335136806	32345	14	32345	55
PflaKGBHm	OZ251424.1	1450001	1500000	0.0011419753086419	32400	37	32400	0
PflaHELAf	OZ251424.1	1450001	1500000	0.0004012345679012	32400	13	32400	0
PflaKGBHm	OZ251424.1	1500001	1550000	0.0004105997915416	31661	13	31661	0
PflaHELAf	OZ251424.1	1500001	1550000	0.0001895075960961	31661	6	31661	0
PflaKGBDf	OZ251424.1	1500001	1550000	0.0011686301759262	31661	37	31661	0
PflaHELEm	OZ251424.1	1500001	1550000	0.001421306970721	31661	45	31661	0
PflaHELEm	OZ251424.1	1550001	1600000	0.0026191572645636	34744	91	34744	0
PflaKGBDf	OZ251424.1	1550001	1600000	0.0033099240156573	34744	115	34744	0
PflaHELAf	OZ251424.1	1550001	1600000	0.0006619848031314	34744	23	34744	0
PflaKGBHm	OZ251424.1	1550001	1600000	0.0009498042827538	34744	33	34744	0
PflaKGBHm	OZ251424.1	1600001	1650000	0.0007368593417389	36642	27	36642	0
PflaHELEm	OZ251424.1	1600001	1650000	0.0015555919436711	36642	57	36642	0
PflaKGBDf	OZ251424.1	1600001	1650000	0.0010643523825118	36642	39	36642	0
PflaHELAf	OZ251424.1	1600001	1650000	0.0002183286938485	36642	8	36642	0
PflaHELEm	OZ251424.1	1650001	1700000	0.0012044843880292	32379	39	32379	0
PflaKGBHm	OZ251424.1	1650001	1700000	0.0006176843015534	32379	20	32379	0
PflaKGBDf	OZ251424.1	1650001	1700000	0.000277957935699	32379	9	32379	0
PflaHELAf	OZ251424.1	1650001	1700000	0.000185305290466	32379	6	32379	0
PflaHELAf	OZ251424.1	1700001	1750000	0.0017666804075142	33962	60	33962	0
PflaKGBDf	OZ251424.1	1700001	1750000	0.0006477828160885	33962	22	33962	0
PflaHELEm	OZ251424.1	1700001	1750000	0.0030033566927742	33962	102	33962	0
PflaKGBHm	OZ251424.1	1700001	1750000	0.0020611271420999	33962	70	33962	0
PflaHELEm	OZ251424.1	1750001	1800000	0.0024746065087906	34753	86	34753	0
PflaHELAf	OZ251424.1	1750001	1800000	0.002301959543061	34753	80	34753	0
PflaKGBDf	OZ251424.1	1750001	1800000	0.0006330388743417	34753	22	34753	0
PflaKGBHm	OZ251424.1	1750001	1800000	0.0024500619721557	34693	85	34693	60
PflaKGBHm	OZ251424.1	1800001	1850000	0.001925315662219	22334	43	22334	0
PflaHELAf	OZ251424.1	1800001	1850000	0.0050595504611802	22334	113	22334	0
PflaKGBDf	OZ251424.1	1800001	1850000	0.0033581087131727	22334	75	22334	0
PflaHELEm	OZ251424.1	1800001	1850000	0.0047909017641264	22334	107	22334	0
PflaKGBHm	OZ251424.1	1850001	1900000	0.0024374452526945	26257	64	26257	0
PflaHELEm	OZ251424.1	1850001	1900000	0.002818296073428	26257	74	26257	0
PflaKGBDf	OZ251424.1	1850001	1900000	0.0013329778725673	26257	35	26257	0
PflaHELAf	OZ251424.1	1850001	1900000	0.0037323380431884	26257	98	26257	0
PflaKGBHm	OZ251424.1	1900001	1950000	0.0066330066330066	20202	134	20202	0
PflaHELEm	OZ251424.1	1900001	1950000	0.0034650034650034	20202	70	20202	0
PflaKGBDf	OZ251424.1	1900001	1950000	0.0055440055440055	20202	112	20202	0
PflaHELAf	OZ251424.1	1900001	1950000	0.0067815067815067	20202	137	20202	0
PflaHELEm	OZ251424.1	1950001	2000000	0.0025711137411745	24503	63	24503	0
PflaKGBDf	OZ251424.1	1950001	2000000	0.0036322083010243	24503	89	24503	0
PflaHELAf	OZ251424.1	1950001	2000000	0.0037546422886993	24503	92	24503	0
PflaKGBHm	OZ251424.1	1950001	2000000	0.0039995102640493	24503	98	24503	0
PflaHELEm	OZ251424.1	2000001	2050000	0.0034679853573951	31142	108	31142	0
PflaKGBHm	OZ251424.1	2000001	2050000	0.0035000963329265	31142	109	31142	0
PflaHELAf	OZ251424.1	2000001	2050000	0.0042386487701496	31142	132	31142	0
PflaKGBDf	OZ251424.1	2000001	2050000	0.0038854280393038	31142	121	31142	0
PflaHELAf	OZ251424.1	2050001	2100000	0.0028669221542872	34183	98	34183	0
PflaKGBDf	OZ251424.1	2050001	2100000	0.0026621420004095	34183	91	34183	0
PflaHELEm	OZ251424.1	2050001	2100000	0.002896176461984	34183	99	34183	0
PflaKGBHm	OZ251424.1	2050001	2100000	0.0025451247696223	34183	87	34183	0
PflaHELAf	OZ251424.1	2100001	2150000	0.0013033561420658	27621	36	27621	0
PflaKGBDf	OZ251424.1	2100001	2150000	0.0017016038521414	27621	47	27621	0
PflaHELEm	OZ251424.1	2100001	2150000	0.0009051084319901	27621	25	27621	0
PflaKGBHm	OZ251424.1	2100001	2150000	0.0016291951775822	27621	45	27621	0
PflaKGBHm	OZ251424.1	2150001	2200000	0.0011681415929203	28250	33	28250	0
PflaHELEm	OZ251424.1	2150001	2200000	0.0016991150442477	28250	48	28250	0
PflaHELAf	OZ251424.1	2150001	2200000	0.0012743362831858	28250	36	28250	0
PflaKGBDf	OZ251424.1	2150001	2200000	0.0011327433628318	28250	32	28250	0
PflaHELAf	OZ251424.1	2200001	2250000	0.0023640661938534	21150	50	21150	1
PflaKGBDf	OZ251424.1	2200001	2250000	0.0018915212559701	21147	40	21147	4
PflaHELEm	OZ251424.1	2200001	2250000	0.0035932107228972	21151	76	21151	0
PflaKGBHm	OZ251424.1	2200001	2250000	0.000756501182033	21150	16	21150	1
PflaKGBDf	OZ251424.1	2250001	2300000	0.004113437228279	29902	123	29902	0
PflaHELAf	OZ251424.1	2250001	2300000	0.0030098321182529	29902	90	29902	0
PflaKGBHm	OZ251424.1	2250001	2300000	0.0039127817537288	29902	117	29902	0
PflaHELEm	OZ251424.1	2250001	2300000	0.004447863019196	29902	133	29902	0
PflaKGBHm	OZ251424.1	2300001	2350000	0.0015896921017402	23904	38	23904	0
PflaHELAf	OZ251424.1	2300001	2350000	0.0035140562248995	23904	84	23904	0
PflaKGBDf	OZ251424.1	2300001	2350000	0.0037650602409638	23904	90	23904	0
PflaHELEm	OZ251424.1	2300001	2350000	0.0043511003263325	23902	104	23902	2
PflaKGBHm	OZ251424.1	2350001	2400000	0.0087018151750206	25397	221	25397	0
PflaHELEm	OZ251424.1	2350001	2400000	0.0095699432892249	25392	243	25392	5
PflaKGBDf	OZ251424.1	2350001	2400000	0.0059455841241091	25397	151	25397	0
PflaHELAf	OZ251424.1	2350001	2400000	0.0059849588534078	25397	152	25397	0
PflaKGBHm	OZ251424.1	2400001	2450000	0.0041305386768621	29294	121	29294	0
PflaHELEm	OZ251424.1	2400001	2450000	0.0071004301222093	29294	208	29294	0
PflaKGBDf	OZ251424.1	2400001	2450000	0.0042678138550308	29289	125	29289	5
PflaHELAf	OZ251424.1	2400001	2450000	0.0048815457090189	29294	143	29294	0
PflaHELEm	OZ251424.1	2450001	2500000	0.0059202394118795	30742	182	30742	0
PflaHELAf	OZ251424.1	2450001	2500000	0.0056600091080606	30742	174	30742	0
PflaKGBDf	OZ251424.1	2450001	2500000	0.0045904414637322	30716	141	30716	26
PflaKGBHm	OZ251424.1	2450001	2500000	0.0011059787912302	30742	34	30742	0
PflaHELAf	OZ251424.1	2500001	2550000	0.0041539617305227	22629	94	22629	0
PflaKGBDf	OZ251424.1	2500001	2550000	0.0035352865791683	22629	80	22629	0
PflaHELEm	OZ251424.1	2500001	2550000	0.0051703566220336	22629	117	22629	0
PflaKGBHm	OZ251424.1	2500001	2550000	0.0021656501370105	22626	49	22626	3
PflaKGBHm	OZ251424.1	2550001	2600000	0.0019689717214923	29457	58	29457	0
PflaHELAf	OZ251424.1	2550001	2600000	0.0029195097939369	29457	86	29457	0
PflaKGBDf	OZ251424.1	2550001	2600000	0.0025121363343178	29457	74	29457	0
PflaHELEm	OZ251424.1	2550001	2600000	0.0028176664290321	29457	83	29457	0
PflaKGBHm	OZ251424.1	2600001	2650000	0.0029927858110449	31743	95	31743	2
PflaHELEm	OZ251424.1	2600001	2650000	0.0075287446842022	31745	239	31745	0
PflaKGBDf	OZ251424.1	2600001	2650000	0.0056701842809891	31745	180	31745	0
PflaHELAf	OZ251424.1	2600001	2650000	0.0034337197580645	31744	109	31744	1
PflaHELAf	OZ251424.1	2650001	2700000	0.0005653337353484	26533	15	26533	40
PflaKGBDf	OZ251424.1	2650001	2700000	0.0095585744929063	26573	254	26573	0
PflaHELEm	OZ251424.1	2650001	2700000	0.009106988296391	26573	242	26573	0
PflaKGBHm	OZ251424.1	2650001	2700000	0.0009031723930305	26573	24	26573	0
PflaHELAf	OZ251424.1	2700001	2750000	8.094216682180583e-05	24709	2	24709	0
PflaKGBDf	OZ251424.1	2700001	2750000	0.0043304059249666	24709	107	24709	0
PflaHELEm	OZ251424.1	2700001	2750000	0.0058683070945809	24709	145	24709	0
PflaKGBHm	OZ251424.1	2700001	2750000	0.000930872591873	24708	23	24708	1
PflaKGBHm	OZ251424.1	2750001	2800000	0.00042382677044	25954	11	25954	0
PflaHELEm	OZ251424.1	2750001	2800000	0.0045465053556291	25954	118	25954	0
PflaKGBDf	OZ251424.1	2750001	2800000	0.0021961932650073	25954	57	25954	0
PflaHELAf	OZ251424.1	2750001	2800000	0.0026200200354473	25954	68	25954	0
PflaHELAf	OZ251424.1	2800001	2850000	0.0066756802433665	23668	158	23668	0
PflaHELEm	OZ251424.1	2800001	2850000	0.008703735000845	23668	206	23668	0
PflaKGBHm	OZ251424.1	2800001	2850000	0.0030883783898125	23637	73	23637	31
PflaKGBDf	OZ251424.1	2800001	2850000	0.0059996619908737	23668	142	23668	0
PflaHELAf	OZ251424.1	2850001	2900000	0.0056005844088078	28747	161	28747	0
PflaKGBDf	OZ251424.1	2850001	2900000	0.0067833165199846	28747	195	28747	0
PflaHELEm	OZ251424.1	2850001	2900000	0.008800918356698	28747	253	28747	0
PflaKGBHm	OZ251424.1	2850001	2900000	0.0056005844088078	28747	161	28747	0
PflaKGBHm	OZ251424.1	2900001	2950000	0.0031205916299747	23393	73	23393	12
PflaHELEm	OZ251424.1	2900001	2950000	0.0044007690664387	23405	103	23405	0
PflaHELAf	OZ251424.1	2900001	2950000	0.002352136167301	23383	55	23383	22
PflaKGBDf	OZ251424.1	2900001	2950000	0.0045289468062379	23405	106	23405	0
PflaHELAf	OZ251424.1	2950001	3000000	0.0046953013920576	30243	142	30243	0
PflaKGBDf	OZ251424.1	2950001	3000000	0.0054559883605581	30242	165	30242	1
PflaHELEm	OZ251424.1	2950001	3000000	0.0053059194163488	30155	160	30155	88
PflaKGBHm	OZ251424.1	2950001	3000000	0.0050956257031301	30222	154	30222	21
PflaHELEm	OZ251424.1	3000001	3050000	0.0042245892760426	27695	117	27695	0
PflaKGBHm	OZ251424.1	3000001	3050000	0.004549557681892	27695	126	27695	0
PflaKGBDf	OZ251424.1	3000001	3050000	0.0050550640909911	27695	140	27695	0
PflaHELAf	OZ251424.1	3000001	3050000	0.0018056408219277	27691	50	27691	4
PflaHELAf	OZ251424.1	3050001	3100000	0.0066161616161616	19800	131	19800	15
PflaKGBDf	OZ251424.1	3050001	3100000	0.0057027504415846	19815	113	19815	0
PflaHELEm	OZ251424.1	3050001	3100000	0.0067625536209941	19815	134	19815	0
PflaKGBHm	OZ251424.1	3050001	3100000	0.0053494827151148	19815	106	19815	0
PflaKGBDf	OZ251424.1	3100001	3150000	0.0061648407743354	25467	157	25467	0
PflaHELAf	OZ251424.1	3100001	3150000	0.0054973102446303	25467	140	25467	0
PflaKGBHm	OZ251424.1	3100001	3150000	0.0045624385447394	25425	116	25425	42
PflaHELEm	OZ251424.1	3100001	3150000	0.0073428358267561	25467	187	25467	0
PflaHELAf	OZ251424.1	3150001	3200000	0.0059453032104637	24389	145	24389	0
PflaKGBDf	OZ251424.1	3150001	3200000	0.0034851777440649	24389	85	24389	0
PflaHELEm	OZ251424.1	3150001	3200000	0.0057269992995756	24271	139	24271	118
PflaKGBHm	OZ251424.1	3150001	3200000	0.0047562425683709	24389	116	24389	0
PflaHELEm	OZ251424.1	3200001	3250000	0.0055586720383497	19609	109	19609	0
PflaKGBDf	OZ251424.1	3200001	3250000	0.003926768320669	19609	77	19609	0
PflaHELAf	OZ251424.1	3200001	3250000	0.001478912744148	19609	29	19609	0
PflaKGBHm	OZ251424.1	3200001	3250000	0.0041817532765566	19609	82	19609	0
PflaHELAf	OZ251424.1	3250001	3300000	0.0066163092021833	18137	120	18137	22
PflaKGBDf	OZ251424.1	3250001	3300000	0.0060025331791398	18159	109	18159	0
PflaHELEm	OZ251424.1	3250001	3300000	0.0058373258439341	18159	106	18159	0
PflaKGBHm	OZ251424.1	3250001	3300000	0.0034142849275841	18159	62	18159	0
PflaHELAf	OZ251424.1	3300001	3350000	0.0041836885366934	20317	85	20317	0
PflaKGBDf	OZ251424.1	3300001	3350000	0.0023137891990351	20313	47	20313	4
PflaHELEm	OZ251424.1	3300001	3350000	0.0051226480149738	20302	104	20302	15
PflaKGBHm	OZ251424.1	3300001	3350000	0.0026262325950151	20181	53	20181	136
PflaHELEm	OZ251424.1	3350001	3400000	0.0059521567150122	26545	158	26545	0
PflaHELAf	OZ251424.1	3350001	3400000	0.0034806295399515	26432	92	26432	113
PflaKGBDf	OZ251424.1	3350001	3400000	0.0032082735713746	26494	85	26494	51
PflaKGBHm	OZ251424.1	3350001	3400000	0.0047089847428894	26545	125	26545	0
PflaHELAf	OZ251424.1	3400001	3450000	0.005382724421463	23594	127	23594	0
PflaKGBDf	OZ251424.1	3400001	3450000	0.0050014834908659	23593	118	23593	1
PflaHELEm	OZ251424.1	3400001	3450000	0.0080105111469017	23594	189	23594	0
PflaKGBHm	OZ251424.1	3400001	3450000	0.0064846994998728	23594	153	23594	0
PflaHELAf	OZ251424.1	3450001	3500000	0.0008170468658082	30598	25	30598	12
PflaKGBDf	OZ251424.1	3450001	3500000	0.003234237177393	30610	99	30610	0
PflaHELEm	OZ251424.1	3450001	3500000	0.0050637046716759	30610	155	30610	0
PflaKGBHm	OZ251424.1	3450001	3500000	0.0022214962430578	30610	68	30610	0
PflaHELAf	OZ251424.1	3500001	3550000	0.0042946812025107	27243	117	27243	5
PflaKGBDf	OZ251424.1	3500001	3550000	0.0040369935408103	27248	110	27248	0
PflaHELEm	OZ251424.1	3500001	3550000	0.0057618907809747	27248	157	27248	0
PflaKGBHm	OZ251424.1	3500001	3550000	0.0042204932472108	27248	115	27248	0
PflaHELAf	OZ251424.1	3550001	3600000	0.0044338462684898	26839	119	26839	0
PflaKGBDf	OZ251424.1	3550001	3600000	0.0051045120906144	26839	137	26839	0
PflaHELEm	OZ251424.1	3550001	3600000	0.0043220686314691	26839	116	26839	0
PflaKGBHm	OZ251424.1	3550001	3600000	0.0019376234303387	26837	52	26837	2
PflaKGBHm	OZ251424.1	3600001	3650000	0.0023252967812997	24513	57	24513	0
PflaHELEm	OZ251424.1	3600001	3650000	0.0052217190878309	24513	128	24513	0
PflaKGBDf	OZ251424.1	3600001	3650000	0.0046505935625994	24513	114	24513	0
PflaHELAf	OZ251424.1	3600001	3650000	0.0046097988822257	24513	113	24513	0
PflaKGBDf	OZ251424.1	3650001	3700000	0.0039320626945551	18311	72	18311	0
PflaHELEm	OZ251424.1	3650001	3700000	0.0045327944951122	18311	83	18311	0
PflaKGBHm	OZ251424.1	3650001	3700000	0.0066434256396763	15203	101	15203	3108
PflaHELAf	OZ251424.1	3650001	3700000	0.0018021954016711	18311	33	18311	0
PflaKGBHm	OZ251424.1	3700001	3750000	0.0022218817039534	13052	29	13052	8001
PflaHELEm	OZ251424.1	3700001	3750000	0.0048924143827483	21053	103	21053	0
PflaKGBDf	OZ251424.1	3700001	3750000	0.0039899301762219	21053	84	21053	0
PflaHELAf	OZ251424.1	3700001	3750000	0.0056999002517455	21053	120	21053	0
PflaKGBHm	OZ251424.1	3750001	3800000	0.0042130604875112	13292	56	13292	4050
PflaHELEm	OZ251424.1	3750001	3800000	0.0067466266866566	17342	117	17342	0
PflaKGBDf	OZ251424.1	3750001	3800000	0.0040941067927574	17342	71	17342	0
PflaHELAf	OZ251424.1	3750001	3800000	0.0058816745473417	17342	102	17342	0
PflaHELAf	OZ251424.1	3800001	3850000	0.0042268237082066	21056	89	21056	0
PflaKGBDf	OZ251424.1	3800001	3850000	0.0037044072948328	21056	78	21056	0
PflaHELEm	OZ251424.1	3800001	3850000	0.0040843465045592	21056	86	21056	0
PflaKGBHm	OZ251424.1	3800001	3850000	0.0030881793994678	21048	65	21048	8
PflaKGBHm	OZ251424.1	3850001	3900000	0.0045744385916273	21642	99	21642	0
PflaHELEm	OZ251424.1	3850001	3900000	0.0054069042007486	21639	117	21639	3
PflaHELAf	OZ251424.1	3850001	3900000	0.0042215624420115	21556	91	21556	86
PflaKGBDf	OZ251424.1	3850001	3900000	0.0025413547731263	21642	55	21642	0
PflaHELAf	OZ251424.1	3900001	3950000	0.0054932684947543	22209	122	22209	0
PflaKGBDf	OZ251424.1	3900001	3950000	0.0020262055923274	22209	45	22209	0
PflaHELEm	OZ251424.1	3900001	3950000	0.0038272772299518	22209	85	22209	0
PflaKGBHm	OZ251424.1	3900001	3950000	0.0043675987212391	22209	97	22209	0
PflaKGBHm	OZ251424.1	3950001	4000000	0.0051784124929201	24718	128	24718	0
PflaHELEm	OZ251424.1	3950001	4000000	0.005259325188122	24718	130	24718	0
PflaHELAf	OZ251424.1	3950001	4000000	0.0023488438018871	24693	58	24693	25
PflaKGBDf	OZ251424.1	3950001	4000000	0.0054314782538202	24671	134	24671	47
PflaKGBDf	OZ251424.1	4000001	4050000	0.0049259386841198	29030	143	29030	0
PflaKGBHm	OZ251424.1	4000001	4050000	0.0035480537375129	29030	103	29030	0
PflaHELEm	OZ251424.1	4000001	4050000	0.003582500861178	29030	104	29030	0
PflaHELAf	OZ251424.1	4000001	4050000	0.0019634860489149	29030	57	29030	0
PflaKGBHm	OZ251424.1	4050001	4100000	0.0012132122730118	25552	31	25552	0
PflaHELEm	OZ251424.1	4050001	4100000	0.0035613650594865	25552	91	25552	0
PflaHELAf	OZ251424.1	4050001	4100000	0.0043832185347526	25552	112	25552	0
PflaKGBDf	OZ251424.1	4050001	4100000	0.0027395115842204	25552	70	25552	0
PflaKGBHm	OZ251424.1	4100001	4150000	0.0028603759351229	31814	91	31814	0
PflaHELEm	OZ251424.1	4100001	4150000	0.0055007229521594	31814	175	31814	0
PflaKGBDf	OZ251424.1	4100001	4150000	0.0046834726849814	31814	149	31814	0
PflaHELAf	OZ251424.1	4100001	4150000	0.0050293905007386	31813	160	31813	1
PflaKGBHm	OZ251424.1	4150001	4200000	0.0051808546033556	21039	109	21039	0
PflaHELEm	OZ251424.1	4150001	4200000	0.0018537002709254	21039	39	21039	0
PflaKGBDf	OZ251424.1	4150001	4200000	0.0047055468415799	21039	99	21039	0
PflaHELAf	OZ251424.1	4150001	4200000	0.0023290080327011	21039	49	21039	0
PflaHELAf	OZ251424.1	4200001	4250000	0.0050922447616662	23958	122	23958	1
PflaKGBDf	OZ251424.1	4200001	4250000	0.0044275510630299	23941	106	23941	18
PflaHELEm	OZ251424.1	4200001	4250000	0.0048837500521768	23957	117	23957	2
PflaKGBHm	OZ251424.1	4200001	4250000	0.0039190897597977	23730	93	23730	229
PflaHELAf	OZ251424.1	4250001	4300000	0.0067591189838014	17162	116	17162	0
PflaKGBDf	OZ251424.1	4250001	4300000	0.0055937536417666	17162	96	17162	0
PflaHELEm	OZ251424.1	4250001	4300000	0.0071087285864118	17162	122	17162	0
PflaKGBHm	OZ251424.1	4250001	4300000	0.0054772171075632	17162	94	17162	0
PflaKGBDf	OZ251424.1	4300001	4350000	0.0052559414990859	8752	46	8752	0
PflaHELEm	OZ251424.1	4300001	4350000	0.0051416819012797	8752	45	8752	0
PflaKGBHm	OZ251424.1	4300001	4350000	0.0050291461881357	8749	44	8749	3
PflaHELAf	OZ251424.1	4300001	4350000	0.005827239488117	8752	51	8752	0
PflaKGBHm	OZ251424.1	4350001	4400000	0.0039123144755635	16103	63	16103	64
PflaHELAf	OZ251424.1	4350001	4400000	0.0043298076328323	16167	70	16167	0
PflaKGBDf	OZ251424.1	4350001	4400000	0.0050257492089098	16117	81	16117	50
PflaHELEm	OZ251424.1	4350001	4400000	0.0042679532380775	16167	69	16167	0
PflaHELAf	OZ251424.1	4400001	4450000	0.0032387818001358	19143	62	19143	0
PflaKGBDf	OZ251424.1	4400001	4450000	0.0011492451548869	19143	22	19143	0
PflaHELEm	OZ251424.1	4400001	4450000	0.004231311706629	19143	81	19143	0
PflaKGBHm	OZ251424.1	4400001	4450000	0.0007313378258371	19143	14	19143	0
PflaKGBHm	OZ251424.1	4450001	4500000	0.0004491102004154	17813	8	17813	0
PflaHELEm	OZ251424.1	4450001	4500000	0.0047228156977397	17786	84	17786	27
PflaKGBDf	OZ251424.1	4450001	4500000	0.0006736653006231	17813	12	17813	0
PflaHELAf	OZ251424.1	4450001	4500000	0.0053911383163924	17807	96	17807	6
PflaHELAf	OZ251424.1	4500001	4550000	0.0021507387319992	21388	46	21388	0
PflaKGBDf	OZ251424.1	4500001	4550000	0.0009818589863474	21388	21	21388	0
PflaHELEm	OZ251424.1	4500001	4550000	0.0058911539180849	21388	126	21388	0
PflaKGBHm	OZ251424.1	4500001	4550000	0.0040211343339411	21387	86	21387	1
PflaHELAf	OZ251424.1	4550001	4600000	0.002802428771602	19269	54	19269	0
PflaKGBDf	OZ251424.1	4550001	4600000	0.0037884685245731	19269	73	19269	0
PflaHELEm	OZ251424.1	4550001	4600000	0.0055010638849966	19269	106	19269	0
PflaKGBHm	OZ251424.1	4550001	4600000	0.0035808812081581	19269	69	19269	0
PflaHELEm	OZ251424.1	4600001	4650000	0.0063511265688794	19839	126	19839	0
PflaKGBHm	OZ251424.1	4600001	4650000	0.0022178537224658	19839	44	19839	0
PflaKGBDf	OZ251424.1	4600001	4650000	0.0047916876828407	19826	95	19826	13
PflaHELAf	OZ251424.1	4600001	4650000	0.0052421997076465	19839	104	19839	0
PflaKGBHm	OZ251424.1	4650001	4700000	0.0065303430079155	15160	99	15160	0
PflaKGBDf	OZ251424.1	4650001	4700000	0.0036320412071584	15143	55	15143	17
PflaHELAf	OZ251424.1	4650001	4700000	0.0040237467018469	15160	61	15160	0
PflaHELEm	OZ251424.1	4650001	4700000	0.00844327176781	15160	128	15160	0
PflaHELAf	OZ251424.1	4700001	4750000	0.0040714473338586	15228	62	15228	2
PflaKGBDf	OZ251424.1	4700001	4750000	0.0096520026263952	15230	147	15230	0
PflaHELEm	OZ251424.1	4700001	4750000	0.0076822061720288	15230	117	15230	0
PflaKGBHm	OZ251424.1	4700001	4750000	0.0038225795821525	15173	58	15173	57
PflaHELAf	OZ251424.1	4750001	4800000	0.0028348359512965	21518	61	21518	0
PflaKGBDf	OZ251424.1	4750001	4800000	0.0045543266102797	21518	98	21518	0
PflaHELEm	OZ251424.1	4750001	4800000	0.0046007993307928	21518	99	21518	0
PflaKGBHm	OZ251424.1	4750001	4800000	0.0020748844666603	21206	44	21206	312
PflaHELEm	OZ251424.1	4800001	4850000	0.004603270745003	16510	76	16510	1
PflaKGBDf	OZ251424.1	4800001	4850000	0.0047241233117315	16511	78	16511	0
PflaHELAf	OZ251424.1	4800001	4850000	0.0017589616061139	16487	29	16487	24
PflaKGBHm	OZ251424.1	4800001	4850000	0.0039973351099267	16511	66	16511	0
PflaKGBDf	OZ251424.1	4850001	4900000	0.0041514174905773	18307	76	18307	19
PflaHELEm	OZ251424.1	4850001	4900000	0.00583869911601	18326	107	18326	0
PflaHELAf	OZ251424.1	4850001	4900000	0.0055112954272618	18326	101	18326	0
PflaKGBHm	OZ251424.1	4850001	4900000	0.0048019207683073	18326	88	18326	0
PflaKGBHm	OZ251424.1	4900001	4950000	0.0040162882802476	17927	72	17927	1
PflaHELEm	OZ251424.1	4900001	4950000	0.0044065149486836	17928	79	17928	0
PflaKGBDf	OZ251424.1	4900001	4950000	0.0042391789379741	17928	76	17928	0
PflaHELAf	OZ251424.1	4900001	4950000	0.003458277554663	17928	62	17928	0
PflaHELAf	OZ251424.1	4950001	5000000	0.003909071595496	23535	92	23535	16
PflaKGBDf	OZ251424.1	4950001	5000000	0.0039488769054392	23551	93	23551	0
PflaHELEm	OZ251424.1	4950001	5000000	0.0050953250392764	23551	120	23551	0
PflaKGBHm	OZ251424.1	4950001	5000000	0.0046707146193367	23551	110	23551	0
PflaHELAf	OZ251424.1	5000001	5050000	0.0031156692197844	23109	72	23109	52
PflaKGBDf	OZ251424.1	5000001	5050000	0.0043607788955571	23161	101	23161	0
PflaHELEm	OZ251424.1	5000001	5050000	0.0057026828530695	23147	132	23147	14
PflaKGBHm	OZ251424.1	5000001	5050000	0.0009082259320128	23122	21	23122	39
PflaKGBHm	OZ251424.1	5050001	5100000	0.0056527430679519	16806	95	16806	0
PflaHELEm	OZ251424.1	5050001	5100000	0.0070213019159823	16806	118	16806	0
PflaHELAf	OZ251424.1	5050001	5100000	0.0014378145219266	16692	24	16692	114
PflaKGBDf	OZ251424.1	5050001	5100000	0.0058915474329686	16634	98	16634	172
PflaHELEm	OZ251424.1	5100001	5150000	0.0046317739694302	12954	60	12954	0
PflaHELAf	OZ251424.1	5100001	5150000	0.0032422417786012	12954	42	12954	0
PflaKGBDf	OZ251424.1	5100001	5150000	0.0049405589007256	12954	64	12954	0
PflaKGBHm	OZ251424.1	5100001	5150000	0.0016983171221244	12954	22	12954	0
PflaKGBHm	OZ251424.1	5150001	5200000	0.0024423446508648	24976	61	24976	0
PflaHELEm	OZ251424.1	5150001	5200000	0.007286995515695	24976	182	24976	0
PflaKGBDf	OZ251424.1	5150001	5200000	0.0057655349135169	24976	144	24976	0
PflaHELAf	OZ251424.1	5150001	5200000	0.0014013452914798	24976	35	24976	0
PflaHELAf	OZ251424.1	5200001	5250000	0.0013661202185792	13176	18	13176	8
PflaKGBDf	OZ251424.1	5200001	5250000	0.0047785194174757	13184	63	13184	0
PflaHELEm	OZ251424.1	5200001	5250000	0.0062955097087378	13184	83	13184	0
PflaKGBHm	OZ251424.1	5200001	5250000	0.0054611650485436	13184	72	13184	0
PflaKGBDf	OZ251424.1	5250001	5300000	0.0034890264490714	17770	62	17770	85
PflaHELEm	OZ251424.1	5250001	5300000	0.0047045645477457	17855	84	17855	0
PflaKGBHm	OZ251424.1	5250001	5300000	0.0010083468713237	17851	18	17851	4
PflaHELAf	OZ251424.1	5250001	5300000	0.0036964435732287	17855	66	17855	0
PflaHELEm	OZ251424.1	5300001	5350000	0.0062095389087065	15138	94	15138	66
PflaKGBDf	OZ251424.1	5300001	5350000	0.0011181268087345	15204	17	15204	0
PflaHELAf	OZ251424.1	5300001	5350000	0.0044668179239931	14104	63	14104	1100
PflaKGBHm	OZ251424.1	5300001	5350000	0.0005919494869771	15204	9	15204	0
PflaKGBHm	OZ251424.1	5350001	5400000	0.0004226267880364	30760	13	30760	3
PflaHELAf	OZ251424.1	5350001	5400000	0.00240548711114	30763	74	30763	0
PflaKGBDf	OZ251424.1	5350001	5400000	0.0003900789909956	30763	12	30763	0
PflaHELEm	OZ251424.1	5350001	5400000	0.0020479147027273	30763	63	30763	0
PflaHELAf	OZ251424.1	5400001	5450000	0.0014110811371653	24095	34	24095	73
PflaKGBDf	OZ251424.1	5400001	5450000	0.0037653095001655	24168	91	24168	0
PflaHELEm	OZ251424.1	5400001	5450000	0.0016574127786525	24134	40	24134	34
PflaKGBHm	OZ251424.1	5400001	5450000	0.0033929162528963	24168	82	24168	0
PflaKGBHm	OZ251424.1	5450001	5500000	0.0027667355700429	31445	87	31445	28
PflaHELEm	OZ251424.1	5450001	5500000	0.003463285991167	31473	109	31473	0
PflaKGBDf	OZ251424.1	5450001	5500000	0.0020989028462394	31445	66	31445	28
PflaHELAf	OZ251424.1	5450001	5500000	0.0017157563625965	31473	54	31473	0
PflaHELEm	OZ251424.1	5500001	5550000	0.0047465764635277	18329	87	18329	0
PflaKGBDf	OZ251424.1	5500001	5550000	0.0041464346118173	18329	76	18329	0
PflaHELAf	OZ251424.1	5500001	5550000	0.0037099678105734	18329	68	18329	0
PflaKGBHm	OZ251424.1	5500001	5550000	0.0034917344099514	18329	64	18329	0
PflaHELAf	OZ251424.1	5550001	5600000	0.0042053618363413	17121	72	17121	0
PflaKGBHm	OZ251424.1	5550001	5600000	0.0056655569184042	17121	97	17121	0
PflaHELEm	OZ251424.1	5550001	5600000	0.0084180989126622	17106	144	17106	15
PflaKGBDf	OZ251424.1	5550001	5600000	0.0061912271479469	17121	106	17121	0
PflaHELEm	OZ251424.1	5600001	5650000	0.0091518373006702	21635	198	21635	2
PflaKGBDf	OZ251424.1	5600001	5650000	0.0058265895953757	21625	126	21625	12
PflaHELAf	OZ251424.1	5600001	5650000	0.0059620095207283	21637	129	21637	0
PflaKGBHm	OZ251424.1	5600001	5650000	0.0043444100383602	21637	94	21637	0
PflaHELEm	OZ251424.1	5650001	5700000	0.0034211426616489	17538	60	17538	5
PflaKGBHm	OZ251424.1	5650001	5700000	0.0052475473420031	17532	92	17532	11
PflaKGBDf	OZ251424.1	5650001	5700000	0.0052442569685914	17543	92	17543	0
PflaHELAf	OZ251424.1	5650001	5700000	0.0032491592088012	17543	57	17543	0
PflaHELEm	OZ251424.1	5700001	5750000	0.0015457788347205	16820	26	16820	0
PflaKGBDf	OZ251424.1	5700001	5750000	0.0048494282464227	16703	81	16703	117
PflaHELAf	OZ251424.1	5700001	5750000	0.001961950059453	16820	33	16820	0
PflaKGBHm	OZ251424.1	5700001	5750000	0.0053672845284902	16023	86	16023	797
PflaHELAf	OZ251424.1	5750001	5800000	0.0038167938931297	16506	63	16506	22
PflaHELEm	OZ251424.1	5750001	5800000	0.0041747337850919	16528	69	16528	0
PflaKGBDf	OZ251424.1	5750001	5800000	0.0055058083252662	16528	91	16528	0
PflaKGBHm	OZ251424.1	5750001	5800000	0.0063532401524777	16527	105	16527	1
PflaHELAf	OZ251424.1	5800001	5850000	0.0049375371802498	16810	83	16810	0
PflaKGBDf	OZ251424.1	5800001	5850000	0.0046995835812016	16810	79	16810	0
PflaHELEm	OZ251424.1	5800001	5850000	0.0051233170499225	16786	86	16786	24
PflaKGBHm	OZ251424.1	5800001	5850000	0.0042831647828673	16810	72	16810	0
PflaKGBHm	OZ251424.1	5850001	5900000	0.0054477566260635	16337	89	16337	0
PflaHELAf	OZ251424.1	5850001	5900000	0.0042235416539144	16337	69	16337	0
PflaKGBDf	OZ251424.1	5850001	5900000	0.0036726449164473	16337	60	16337	0
PflaHELEm	OZ251424.1	5850001	5900000	0.004713227642774	16337	77	16337	0
PflaHELEm	OZ251424.1	5900001	5950000	0.0033352314325225	12293	41	12293	0
PflaKGBHm	OZ251424.1	5900001	5950000	0.005043520702839	12293	62	12293	0
PflaHELAf	OZ251424.1	5900001	5950000	0.0052062149190596	12293	64	12293	0
PflaKGBDf	OZ251424.1	5900001	5950000	0.0008198065256599	12198	10	12198	95
PflaHELAf	OZ251424.1	5950001	6000000	0.0024437372130029	17596	43	17596	0
PflaKGBDf	OZ251424.1	5950001	6000000	0.002459110145259	17486	43	17486	110
PflaHELEm	OZ251424.1	5950001	6000000	0.0017617640372812	17596	31	17596	0
PflaKGBHm	OZ251424.1	5950001	6000000	0.0033530347806319	17596	59	17596	0
PflaHELAf	OZ251424.1	6000001	6050000	0.0034020618556701	19400	66	19400	22
PflaKGBDf	OZ251424.1	6000001	6050000	0.0039130882504376	19422	76	19422	0
PflaHELEm	OZ251424.1	6000001	6050000	0.0059211203789517	19422	115	19422	0
PflaKGBHm	OZ251424.1	6000001	6050000	0.0049428483163422	19422	96	19422	0
PflaKGBHm	OZ251424.1	6050001	6100000	0.0018053645116918	23264	42	23264	0
PflaHELEm	OZ251424.1	6050001	6100000	0.0013325309491059	23264	31	23264	0
PflaHELAf	OZ251424.1	6050001	6100000	0.0014185006877579	23264	33	23264	0
PflaKGBDf	OZ251424.1	6050001	6100000	0.0010317255610007	23262	24	23262	2
PflaKGBDf	OZ251424.1	6100001	6150000	0.0050789718179002	16145	82	16145	0
PflaKGBHm	OZ251424.1	6100001	6150000	0.0048931557757819	16145	79	16145	0
PflaHELAf	OZ251424.1	6100001	6150000	0.0061319293899039	16145	99	16145	0
PflaHELEm	OZ251424.1	6100001	6150000	0.0050170331371941	16145	81	16145	0
PflaKGBHm	OZ251424.1	6150001	6200000	0.0014779979845482	14885	22	14885	0
PflaHELEm	OZ251424.1	6150001	6200000	0.0059791736647631	14885	89	14885	0
PflaKGBDf	OZ251424.1	6150001	6200000	0.0051058112193483	14885	76	14885	0
PflaHELAf	OZ251424.1	6150001	6200000	0.0063822640241854	14885	95	14885	0
PflaHELEm	OZ251424.1	6200001	6250000	0.00543214666796	20618	112	20618	0
PflaKGBHm	OZ251424.1	6200001	6250000	0.0016005432146667	20618	33	20618	0
PflaHELAf	OZ251424.1	6200001	6250000	0.0020855563100203	20618	43	20618	0
PflaKGBDf	OZ251424.1	6200001	6250000	0.0056851311953352	20580	117	20580	38
PflaKGBHm	OZ251424.1	6250001	6300000	0.0025643843645821	27297	70	27297	0
PflaHELEm	OZ251424.1	6250001	6300000	0.0043988269794721	27280	120	27280	17
PflaKGBDf	OZ251424.1	6250001	6300000	0.0053485731032714	27297	146	27297	0
PflaHELAf	OZ251424.1	6250001	6300000	0.0017125242607603	26277	45	26277	1020
PflaKGBHm	OZ251424.1	6300001	6350000	0.0036037546094535	23864	86	23864	0
PflaHELEm	OZ251424.1	6300001	6350000	0.0030590010056989	23864	73	23864	0
PflaKGBDf	OZ251424.1	6300001	6350000	0.003687562856185	23864	88	23864	0
PflaHELAf	OZ251424.1	6300001	6350000	0.0031428092524304	23864	75	23864	0
PflaHELEm	OZ251424.1	6350001	6400000	0.0056179775280898	14774	83	14774	10
PflaHELAf	OZ251424.1	6350001	6400000	0.0068317099567099	14784	101	14784	0
PflaKGBDf	OZ251424.1	6350001	6400000	0.0084550865800865	14784	125	14784	0
PflaKGBHm	OZ251424.1	6350001	6400000	0.0083874458874458	14784	124	14784	0
PflaKGBDf	OZ251424.1	6400001	6450000	0.001736518515042	21307	37	21307	0
PflaKGBHm	OZ251424.1	6400001	6450000	0.0021589149105927	21307	46	21307	0
PflaHELAf	OZ251424.1	6400001	6450000	0.0023466466419486	21307	50	21307	0
PflaHELEm	OZ251424.1	6400001	6450000	0.0024874454404655	21307	53	21307	0
PflaKGBHm	OZ251424.1	6450001	6500000	0.002131211593791	28153	60	28153	0
PflaHELEm	OZ251424.1	6450001	6500000	0.0023798529464	28153	67	28153	0
PflaKGBDf	OZ251424.1	6450001	6500000	0.0019536106276418	28153	55	28153	0
PflaHELAf	OZ251424.1	6450001	6500000	0.0020956914005612	28153	59	28153	0
PflaKGBHm	OZ251424.1	6500001	6550000	0.0016712009327633	25730	43	25730	1
PflaHELEm	OZ251424.1	6500001	6550000	0.0018265904939567	25731	47	25731	0
PflaHELAf	OZ251424.1	6500001	6550000	0.0013223911944303	25711	34	25711	20
PflaKGBDf	OZ251424.1	6500001	6550000	0.0019431813765496	25731	50	25731	0
PflaKGBHm	OZ251424.1	6550001	6600000	0.0026607191767421	25557	68	25557	20
PflaHELEm	OZ251424.1	6550001	6600000	0.0031279324366593	25576	80	25576	1
PflaKGBDf	OZ251424.1	6550001	6600000	0.003169014084507	25560	81	25560	17
PflaHELAf	OZ251424.1	6550001	6600000	0.003441398459192	25571	88	25571	6
PflaKGBDf	OZ251424.1	6600001	6650000	0.0038882138517618	20575	80	20575	317
PflaHELAf	OZ251424.1	6600001	6650000	0.0056480949645797	20892	118	20892	0
PflaHELEm	OZ251424.1	6600001	6650000	0.0057916905992724	20892	121	20892	0
PflaKGBHm	OZ251424.1	6600001	6650000	0.0045950603101665	20892	96	20892	0
PflaKGBHm	OZ251424.1	6650001	6700000	0.0031291069528756	15979	50	15979	17
PflaHELEm	OZ251424.1	6650001	6700000	0.0017504376094023	15996	28	15996	0
PflaKGBDf	OZ251424.1	6650001	6700000	0.0041895947973987	15992	67	15992	4
PflaHELAf	OZ251424.1	6650001	6700000	0.0013128282070517	15996	21	15996	0
PflaKGBDf	OZ251424.1	6700001	6750000	0.0095004095004095	6105	58	6105	0
PflaHELEm	OZ251424.1	6700001	6750000	0.0091728091728091	6105	56	6105	0
PflaKGBHm	OZ251424.1	6700001	6750000	0.0132678132678132	6105	81	6105	0
PflaHELAf	OZ251424.1	6700001	6750000	0.007043407043407	6105	43	6105	0
PflaKGBHm	OZ251424.1	6750001	6800000	0.0066232860794794	17212	114	17212	0
PflaHELAf	OZ251424.1	6750001	6800000	0.0053451080641412	17212	92	17212	0
PflaKGBDf	OZ251424.1	6750001	6800000	0.0085405531024866	17212	147	17212	0
PflaHELEm	OZ251424.1	6750001	6800000	0.0069718800836625	17212	120	17212	0
PflaHELAf	OZ251424.1	6800001	6850000	0.0002098525785635	19061	4	19061	0
PflaKGBDf	OZ251424.1	6800001	6850000	0.0019425631333018	19047	37	19047	14
PflaHELEm	OZ251424.1	6800001	6850000	0.0014690451206715	19060	28	19060	1
PflaKGBHm	OZ251424.1	6800001	6850000	0.0019959031461736	19039	38	19039	22
PflaKGBDf	OZ251424.1	6850001	6900000	0.0044615696613263	19724	88	19724	0
PflaHELEm	OZ251424.1	6850001	6900000	0.0021800851754208	19724	43	19724	0
PflaHELAf	OZ251424.1	6850001	6900000	0.0024842831068748	19724	49	19724	0
PflaKGBHm	OZ251424.1	6850001	6900000	0.0050743390673364	19707	100	19707	17
PflaKGBDf	OZ251424.1	6900001	6950000	0.0038374076179647	21108	81	21108	6
PflaKGBHm	OZ251424.1	6900001	6950000	0.0053518992137917	21114	113	21114	0
PflaHELEm	OZ251424.1	6900001	6950000	0.0017531390665719	21105	37	21105	9
PflaHELAf	OZ251424.1	6900001	6950000	0.0026996305768684	21114	57	21114	0
PflaHELEm	OZ251424.1	6950001	7000000	0.000891133224417	20199	18	20199	0
PflaKGBDf	OZ251424.1	6950001	7000000	0.001485222040695	20199	30	20199	0
PflaHELAf	OZ251424.1	6950001	7000000	0.0017822664488341	20199	36	20199	0
PflaKGBHm	OZ251424.1	6950001	7000000	0.0014357146393385	20199	29	20199	0
PflaKGBHm	OZ251424.1	7000001	7050000	0.0032667876588021	22040	72	22040	0
PflaHELAf	OZ251424.1	7000001	7050000	0.001043557168784	22040	23	22040	0
PflaKGBDf	OZ251424.1	7000001	7050000	0.0032214156079854	22040	71	22040	0
PflaHELEm	OZ251424.1	7000001	7050000	0.0009616265225753	21838	21	21838	202
PflaKGBHm	OZ251424.1	7050001	7100000	0.0007545271629778	23856	18	23856	0
PflaHELEm	OZ251424.1	7050001	7100000	0.0008383635144198	23856	20	23856	0
PflaHELAf	OZ251424.1	7050001	7100000	0.0009641180415828	23856	23	23856	0
PflaKGBDf	OZ251424.1	7050001	7100000	0.0013413816230717	23856	32	23856	0
PflaKGBHm	OZ251424.1	7100001	7150000	0.0022363751276192	20569	46	20569	0
PflaHELEm	OZ251424.1	7100001	7150000	0.0031114784384267	20569	64	20569	0
PflaKGBDf	OZ251424.1	7100001	7150000	0.0014098886674121	20569	29	20569	0
PflaHELAf	OZ251424.1	7100001	7150000	0.0051533861636443	20569	106	20569	0
PflaHELAf	OZ251424.1	7150001	7200000	0.0044951211489968	18242	82	18242	0
PflaKGBHm	OZ251424.1	7150001	7200000	0.0018126888217522	18205	33	18205	37
PflaHELEm	OZ251424.1	7150001	7200000	0.0030698388334612	18242	56	18242	0
PflaKGBDf	OZ251424.1	7150001	7200000	0.0026861089792785	18242	49	18242	0
PflaKGBHm	OZ251424.1	7200001	7250000	0.0037641154328732	14346	54	14346	0
PflaHELEm	OZ251424.1	7200001	7250000	0.0034852920674752	14346	50	14346	0
PflaKGBDf	OZ251424.1	7200001	7250000	0.0032064687020772	14346	46	14346	0
PflaHELAf	OZ251424.1	7200001	7250000	0.0040429387982712	14346	58	14346	0
PflaKGBHm	OZ251424.1	7250001	7300000	0.0029245788194587	24277	71	24277	28
PflaHELEm	OZ251424.1	7250001	7300000	0.0034560789960913	24305	84	24305	0
PflaKGBDf	OZ251424.1	7250001	7300000	0.0025148416886543	24256	61	24256	49
PflaHELAf	OZ251424.1	7250001	7300000	0.0025930194270661	24296	63	24296	9
PflaHELEm	OZ251424.1	7300001	7350000	0.0016	22500	36	22500	0
PflaKGBHm	OZ251424.1	7300001	7350000	0.0034222222222222	22500	77	22500	0
PflaKGBDf	OZ251424.1	7300001	7350000	0.0037339971550497	22496	84	22496	4
PflaHELAf	OZ251424.1	7300001	7350000	0.0016	22500	36	22500	0
PflaHELEm	OZ251424.1	7350001	7400000	0.0030750307503075	14634	45	14634	1
PflaKGBDf	OZ251424.1	7350001	7400000	0.0014525835235526	14457	21	14457	178
PflaHELAf	OZ251424.1	7350001	7400000	0.0016399043389135	14635	24	14635	0
PflaKGBHm	OZ251424.1	7350001	7400000	0.0017082336863682	14635	25	14635	0
PflaHELAf	OZ251424.1	7400001	7450000	0.0014380530973451	9040	13	9040	7
PflaKGBDf	OZ251424.1	7400001	7450000	0.000552669393169	9047	5	9047	0
PflaHELEm	OZ251424.1	7400001	7450000	0.0026528130872112	9047	24	9047	0
PflaKGBHm	OZ251424.1	7400001	7450000	0.0004421355145352	9047	4	9047	0
PflaKGBHm	OZ251424.1	7450001	7500000	0.0024323502584372	19734	48	19734	18
PflaHELEm	OZ251424.1	7450001	7500000	0.0028857837181044	19752	57	19752	0
PflaKGBDf	OZ251424.1	7450001	7500000	0.0020860893456802	19654	41	19654	98
PflaHELAf	OZ251424.1	7450001	7500000	0.0034933171324422	19752	69	19752	0
PflaKGBDf	OZ251424.1	7500001	7550000	0.0	18454	0	18454	0
PflaHELAf	OZ251424.1	7500001	7550000	0.0015716453500975	18452	29	18452	2
PflaHELEm	OZ251424.1	7500001	7550000	0.0014630974314511	18454	27	18454	0
PflaKGBHm	OZ251424.1	7500001	7550000	0.0001625663812723	18454	3	18454	0
PflaHELAf	OZ251424.1	7550001	7600000	0.0015803494829999	22147	35	22147	0
PflaHELEm	OZ251424.1	7550001	7600000	0.0012191267440285	22147	27	22147	0
PflaKGBHm	OZ251424.1	7550001	7600000	0.0003160698965999	22147	7	22147	0
PflaKGBDf	OZ251424.1	7550001	7600000	0.0001354585271142	22147	3	22147	0
PflaHELAf	OZ251424.1	7600001	7650000	0.0013920240782543	26580	37	26580	2
PflaKGBDf	OZ251424.1	7600001	7650000	0.0002257166503649	26582	6	26582	0
PflaHELEm	OZ251424.1	7600001	7650000	0.0009781054849146	26582	26	26582	0
PflaKGBHm	OZ251424.1	7600001	7650000	0.0003766478342749	26550	10	26550	32
PflaHELAf	OZ251424.1	7650001	7700000	0.0043642043366409	21768	95	21768	0
PflaKGBDf	OZ251424.1	7650001	7700000	0.0017093227386122	21646	37	21646	122
PflaHELEm	OZ251424.1	7650001	7700000	0.0046857772877618	21768	102	21768	0
PflaKGBHm	OZ251424.1	7650001	7700000	0.0023932253313696	21728	52	21728	40
PflaKGBHm	OZ251424.1	7700001	7750000	0.0003680078508341	16304	6	16304	17
PflaKGBDf	OZ251424.1	7700001	7750000	0.0002450830218736	16321	4	16321	0
PflaHELEm	OZ251424.1	7700001	7750000	0.0030635377734207	16321	50	16321	0
PflaHELAf	OZ251424.1	7700001	7750000	0.0020220588235294	16320	33	16320	1
PflaKGBHm	OZ251424.1	7750001	7800000	0.0006510063473118	18433	12	18433	0
PflaHELEm	OZ251424.1	7750001	7800000	0.0021700211577062	18433	40	18433	0
PflaKGBDf	OZ251424.1	7750001	7800000	0.0005968205740328	18431	11	18431	2
PflaHELAf	OZ251424.1	7750001	7800000	0.0021700211577062	18433	40	18433	0
PflaKGBHm	OZ251424.1	7800001	7850000	0.0002331934172829	30018	7	30018	0
PflaHELEm	OZ251424.1	7800001	7850000	0.0018003000500083	29995	54	29995	23
PflaKGBDf	OZ251424.1	7800001	7850000	0.0004331312054374	30014	13	30014	4
PflaHELAf	OZ251424.1	7800001	7850000	0.0013658471583716	30018	41	30018	0
PflaHELEm	OZ251424.1	7850001	7900000	0.0016903413303282	33721	57	33721	0
PflaKGBHm	OZ251424.1	7850001	7900000	0.0005634471101094	33721	19	33721	0
PflaKGBDf	OZ251424.1	7850001	7900000	0.0006227573322262	33721	21	33721	0
PflaHELAf	OZ251424.1	7850001	7900000	0.002965511105839	33721	100	33721	0
PflaKGBHm	OZ251424.1	7900001	7950000	8.944943870477213e-05	22359	2	22359	0
PflaHELAf	OZ251424.1	7900001	7950000	0.0041146741804195	22359	92	22359	0
PflaHELEm	OZ251424.1	7900001	7950000	0.0009392191064001	22359	21	22359	0
PflaKGBDf	OZ251424.1	7900001	7950000	0.0003130730354667	22359	7	22359	0
PflaKGBDf	OZ251424.1	7950001	8000000	0.0026618829928823	17281	46	17281	0
PflaHELAf	OZ251424.1	7950001	8000000	0.0035877553382327	17281	62	17281	0
PflaHELEm	OZ251424.1	7950001	8000000	0.0028354840576355	17281	49	17281	0
PflaKGBHm	OZ251424.1	7950001	8000000	0.0016202766043631	17281	28	17281	0
PflaHELAf	OZ251424.1	8000001	8050000	0.0032869296210363	20688	68	20688	0
PflaKGBDf	OZ251424.1	8000001	8050000	0.0012773901935737	20354	26	20354	334
PflaHELEm	OZ251424.1	8000001	8050000	0.001500266176257	20663	31	20663	25
PflaKGBHm	OZ251424.1	8000001	8050000	0.0013256738842244	20367	27	20367	321
PflaHELEm	OZ251424.1	8050001	8100000	0.00177304964539	2256	4	2256	0
PflaHELAf	OZ251424.1	8050001	8100000	0.0039893617021276	2256	9	2256	0
PflaKGBDf	OZ251424.1	8050001	8100000	0.0013297872340425	2256	3	2256	0
PflaKGBHm	OZ251424.1	8050001	8100000	0.00177304964539	2256	4	2256	0
PflaKGBHm	OZ251424.1	8100001	8150000	0.0014646649578908	2731	4	2731	0
PflaHELEm	OZ251424.1	8100001	8150000	0.0029293299157817	2731	8	2731	0
PflaKGBDf	OZ251424.1	8100001	8150000	0.0021969974368363	2731	6	2731	0
PflaHELAf	OZ251424.1	8100001	8150000	0.0040278286341999	2731	11	2731	0
PflaHELEm	OZ251424.1	8150001	8200000	0.0053138236426646	25970	138	25970	0
PflaHELAf	OZ251424.1	8150001	8200000	0.0048517520215633	25970	126	25970	0
PflaKGBDf	OZ251424.1	8150001	8200000	0.0022333461686561	25970	58	25970	0
PflaKGBHm	OZ251424.1	8150001	8200000	0.0023497688751926	25960	61	25960	10
PflaHELEm	OZ251424.1	8200001	8250000	0.0057038692226273	17006	97	17006	1
PflaKGBHm	OZ251424.1	8200001	8250000	0.0007055918151349	17007	12	17007	0
PflaHELAf	OZ251424.1	8200001	8250000	0.001999176809549	17007	34	17007	0
PflaKGBDf	OZ251424.1	8200001	8250000	0.0003527959075674	17007	6	17007	0
PflaHELAf	OZ251424.1	8250001	8300000	0.003072482659094	21481	66	21481	3
PflaKGBDf	OZ251424.1	8250001	8300000	0.0004654626698938	21484	10	21484	0
PflaHELEm	OZ251424.1	8250001	8300000	0.0054459132377583	21484	117	21484	0
PflaKGBHm	OZ251424.1	8250001	8300000	0.0035848968760184	21479	77	21479	5
PflaHELAf	OZ251424.1	8300001	8350000	0.0048031563598936	23318	112	23318	0
PflaKGBDf	OZ251424.1	8300001	8350000	0.000428853246419	23318	10	23318	0
PflaHELEm	OZ251424.1	8300001	8350000	0.0053756504537048	23253	125	23253	65
PflaKGBHm	OZ251424.1	8300001	8350000	0.0005149330587023	23304	12	23304	14
PflaKGBHm	OZ251424.1	8350001	8400000	0.0017064184603451	25785	44	25785	0
PflaHELEm	OZ251424.1	8350001	8400000	0.0055458599961217	25785	143	25785	0
PflaHELAf	OZ251424.1	8350001	8400000	0.0012410316075237	25785	32	25785	0
PflaKGBDf	OZ251424.1	8350001	8400000	0.0011635573827715	25783	30	25783	2
PflaHELAf	OZ251424.1	8400001	8450000	0.0015910617685535	28283	45	28283	44
PflaKGBDf	OZ251424.1	8400001	8450000	0.0007060401736858	28327	20	28327	0
PflaHELEm	OZ251424.1	8400001	8450000	0.0060366434850142	28327	171	28327	0
PflaKGBHm	OZ251424.1	8400001	8450000	0.0002824160694743	28327	8	28327	0
PflaHELAf	OZ251424.1	8450001	8500000	0.0040689581325623	28017	114	28017	4
PflaKGBDf	OZ251424.1	8450001	8500000	0.0007139287499107	28014	20	28014	7
PflaHELEm	OZ251424.1	8450001	8500000	0.0047821276899468	28021	134	28021	0
PflaKGBHm	OZ251424.1	8450001	8500000	0.0007874015748031	27940	22	27940	81
PflaKGBDf	OZ251424.1	8500001	8550000	0.0002849995250007	31579	9	31579	0
PflaHELEm	OZ251424.1	8500001	8550000	0.0056368357717398	31578	178	31578	1
PflaHELAf	OZ251424.1	8500001	8550000	0.0033566610722315	31579	106	31579	0
PflaKGBHm	OZ251424.1	8500001	8550000	0.0031673634866337	31572	100	31572	7
PflaHELEm	OZ251424.1	8550001	8600000	0.0027745821208635	29554	82	29554	0
PflaKGBHm	OZ251424.1	8550001	8600000	0.002639236651553	29554	78	29554	0
PflaKGBDf	OZ251424.1	8550001	8600000	0.0002369187030393	29546	7	29546	8
PflaHELAf	OZ251424.1	8550001	8600000	0.0005079580088046	29530	15	29530	24
PflaHELEm	OZ251424.1	8600001	8650000	0.0038283148052712	27166	104	27166	0
PflaKGBDf	OZ251424.1	8600001	8650000	0.0001840535964072	27166	5	27166	0
PflaHELAf	OZ251424.1	8600001	8650000	0.0009601181683899	27080	26	27080	86
PflaKGBHm	OZ251424.1	8600001	8650000	0.0025769400677367	27164	70	27164	2
PflaHELAf	OZ251424.1	8650001	8700000	0.0037759597230962	14301	54	14301	4
PflaHELEm	OZ251424.1	8650001	8700000	0.0037751677852348	14304	54	14304	1
PflaKGBDf	OZ251424.1	8650001	8700000	0.000559245019224	14305	8	14305	0
PflaKGBHm	OZ251424.1	8650001	8700000	0.0032855644879412	14305	47	14305	0
PflaHELAf	OZ251424.1	8700001	8750000	0.0033228991090777	20765	69	20765	0
PflaKGBDf	OZ251424.1	8700001	8750000	0.0001926318324103	20765	4	20765	0
PflaHELEm	OZ251424.1	8700001	8750000	0.0019744762822056	20765	41	20765	0
PflaKGBHm	OZ251424.1	8700001	8750000	0.0006269592476489	20735	13	20735	30
PflaKGBHm	OZ251424.1	8750001	8800000	0.0005969729957509	28477	17	28477	0
PflaHELAf	OZ251424.1	8750001	8800000	0.0041436949116831	28477	118	28477	0
PflaKGBDf	OZ251424.1	8750001	8800000	0.0003511605857358	28477	10	28477	0
PflaHELEm	OZ251424.1	8750001	8800000	0.0030199810373283	28477	86	28477	0
PflaHELEm	OZ251424.1	8800001	8850000	0.0049192991015164	24597	121	24597	0
PflaKGBHm	OZ251424.1	8800001	8850000	0.0036184745487071	24596	89	24596	1
PflaHELAf	OZ251424.1	8800001	8850000	0.003333739886978	24597	82	24597	0
PflaKGBDf	OZ251424.1	8800001	8850000	0.0041468471764849	24597	102	24597	0
PflaKGBHm	OZ251424.1	8850001	8900000	0.0037834869103557	16387	62	16387	0
PflaHELEm	OZ251424.1	8850001	8900000	0.0031122231036797	16387	51	16387	0
PflaKGBDf	OZ251424.1	8850001	8900000	0.003295295050955	16387	54	16387	0
PflaHELAf	OZ251424.1	8850001	8900000	0.0015866235430524	16387	26	16387	0
PflaKGBHm	OZ251424.1	8900001	8950000	0.0031886684791729	29793	95	29793	3
PflaHELEm	OZ251424.1	8900001	8950000	0.0036583319348884	29795	109	29795	1
PflaKGBDf	OZ251424.1	8900001	8950000	0.0027184857027788	29796	81	29796	0
PflaHELAf	OZ251424.1	8900001	8950000	0.0031547858772989	29796	94	29796	0
PflaHELEm	OZ251424.1	8950001	9000000	0.0062897405052414	29095	183	29095	0
PflaHELAf	OZ251424.1	8950001	9000000	0.0038838288365698	29095	113	29095	0
PflaKGBHm	OZ251424.1	8950001	9000000	0.0042962708369135	29095	125	29095	0
PflaKGBDf	OZ251424.1	8950001	9000000	0.0046399725038666	29095	135	29095	0
PflaHELEm	OZ251424.1	9000001	9050000	0.0036398229722463	24177	88	24177	0
PflaKGBHm	OZ251424.1	9000001	9050000	0.0041775240931463	24177	101	24177	0
PflaKGBDf	OZ251424.1	9000001	9050000	0.0039293543450386	24177	95	24177	0
PflaHELAf	OZ251424.1	9000001	9050000	0.0035572468563864	24176	86	24176	1
PflaHELEm	OZ251424.1	9050001	9100000	0.0042406822786599	21223	90	21223	0
PflaKGBDf	OZ251424.1	9050001	9100000	0.0042406822786599	21223	90	21223	0
PflaHELAf	OZ251424.1	9050001	9100000	0.0050888187343919	21223	108	21223	0
PflaKGBHm	OZ251424.1	9050001	9100000	0.0041935635866748	21223	89	21223	0
PflaKGBHm	OZ251424.1	9100001	9150000	0.0031049592292736	34461	107	34461	7
PflaHELEm	OZ251424.1	9100001	9150000	0.0054843015495328	34462	189	34462	6
PflaKGBDf	OZ251424.1	9100001	9150000	0.0012185568804943	34467	42	34467	1
PflaHELAf	OZ251424.1	9100001	9150000	0.0011314842752698	34468	39	34468	0
PflaKGBHm	OZ251424.1	9150001	9200000	0.0006634232640424	18088	12	18088	0
PflaHELEm	OZ251424.1	9150001	9200000	0.0059155241043785	18088	107	18088	0
PflaKGBDf	OZ251424.1	9150001	9200000	0.0012251489669766	17957	22	17957	131
PflaHELAf	OZ251424.1	9150001	9200000	0.0003869969040247	18088	7	18088	0
PflaHELEm	OZ251424.1	9200001	9250000	0.0050884563043606	16901	86	16901	2
PflaKGBDf	OZ251424.1	9200001	9250000	0.0004732887653079	16903	8	16903	0
PflaKGBHm	OZ251424.1	9200001	9250000	0.0034313435484825	16903	58	16903	0
PflaHELAf	OZ251424.1	9200001	9250000	0.0026037043612048	16899	44	16899	4
PflaHELAf	OZ251424.1	9250001	9300000	0.0063390260272951	13409	85	13409	0
PflaKGBDf	OZ251424.1	9250001	9300000	0.0009707287933094	13392	13	13392	17
PflaHELEm	OZ251424.1	9250001	9300000	0.005593258259378	13409	75	13409	0
PflaKGBHm	OZ251424.1	9250001	9300000	0.0061907958529126	13407	83	13407	2
PflaKGBHm	OZ251424.1	9300001	9350000	0.0043377157678204	22362	97	22362	0
PflaHELEm	OZ251424.1	9300001	9350000	0.0050084965566586	22362	112	22362	0
PflaKGBDf	OZ251424.1	9300001	9350000	0.0004024684733029	22362	9	22362	0
PflaHELAf	OZ251424.1	9300001	9350000	0.0045613093640998	22362	102	22362	0
PflaHELAf	OZ251424.1	9350001	9400000	0.0025394773293932	21658	55	21658	0
PflaKGBDf	OZ251424.1	9350001	9400000	0.0016160310277957	21658	35	21658	0
PflaHELEm	OZ251424.1	9350001	9400000	0.0028165112198725	21658	61	21658	0
PflaKGBHm	OZ251424.1	9350001	9400000	0.0024933050143134	21658	54	21658	0
PflaKGBDf	OZ251424.1	9400001	9450000	0.0005522642835626	19918	11	19918	201
PflaHELAf	OZ251424.1	9400001	9450000	0.0021892725644342	20098	44	20098	21
PflaHELEm	OZ251424.1	9400001	9450000	0.001988170386202	20119	40	20119	0
PflaKGBHm	OZ251424.1	9400001	9450000	0.0034295939161986	20119	69	20119	0
PflaKGBHm	OZ251424.1	9450001	9500000	0.0043847241867043	14140	62	14140	0
PflaHELEm	OZ251424.1	9450001	9500000	0.0053041018387553	14140	75	14140	0
PflaKGBDf	OZ251424.1	9450001	9500000	0.0005657708628005	14140	8	14140	0
PflaHELAf	OZ251424.1	9450001	9500000	0.004031117397454	14140	57	14140	0
PflaKGBDf	OZ251424.1	9500001	9550000	0.0008381761287438	17896	15	17896	0
PflaHELAf	OZ251424.1	9500001	9550000	0.0030174340634778	17896	54	17896	0
PflaHELEm	OZ251424.1	9500001	9550000	0.0037438533750558	17896	67	17896	0
PflaKGBHm	OZ251424.1	9500001	9550000	0.0024027715690657	17896	43	17896	0
PflaHELEm	OZ251424.1	9550001	9600000	0.0072859744990892	8235	60	8235	0
PflaKGBDf	OZ251424.1	9550001	9600000	0.0037644201578627	8235	31	8235	0
PflaHELAf	OZ251424.1	9550001	9600000	0.0053430479659987	8235	44	8235	0
PflaKGBHm	OZ251424.1	9550001	9600000	0.0045012165450121	8220	37	8220	15
PflaKGBHm	OZ251424.1	9600001	9650000	0.0027827248441674	17968	50	17968	0
PflaHELEm	OZ251424.1	9600001	9650000	0.0052874714754828	17967	95	17967	1
PflaKGBDf	OZ251424.1	9600001	9650000	0.0051758682101513	17968	93	17968	0
PflaHELAf	OZ251424.1	9600001	9650000	0.004063230546588	17966	73	17966	2
PflaHELAf	OZ251424.1	9650001	9700000	0.0006274931648065	22311	14	22311	13
PflaKGBDf	OZ251424.1	9650001	9700000	0.0018814675446848	22323	42	22323	1
PflaHELEm	OZ251424.1	9650001	9700000	0.0039039712811308	22285	87	22285	39
PflaKGBHm	OZ251424.1	9650001	9700000	0.0004927432359792	22324	11	22324	0
PflaHELAf	OZ251424.1	9700001	9750000	0.002233676975945	17460	39	17460	9
PflaKGBDf	OZ251424.1	9700001	9750000	0.0010303967027305	17469	18	17469	0
PflaKGBHm	OZ251424.1	9700001	9750000	0.0012665515256188	17370	22	17370	99
PflaHELEm	OZ251424.1	9700001	9750000	0.0049230064686015	17469	86	17469	0
PflaKGBDf	OZ251424.1	9750001	9800000	0.0012998756640669	17694	23	17694	0
PflaHELEm	OZ251424.1	9750001	9800000	0.0045778229908443	17694	81	17694	0
PflaKGBHm	OZ251424.1	9750001	9800000	0.0020383896721589	17661	36	17661	33
PflaHELAf	OZ251424.1	9750001	9800000	0.003956143325421	17694	70	17694	0
PflaKGBDf	OZ251424.1	9800001	9850000	0.0029481360797548	25779	76	25779	0
PflaKGBHm	OZ251424.1	9800001	9850000	0.0006982427557314	25779	18	25779	0
PflaHELEm	OZ251424.1	9800001	9850000	0.0045385779122541	25779	117	25779	0
PflaHELAf	OZ251424.1	9800001	9850000	0.003491213778657	25779	90	25779	0
PflaKGBHm	OZ251424.1	9850001	9900000	0.0003652745647144	16426	6	16426	20
PflaHELEm	OZ251424.1	9850001	9900000	0.0052900401313389	16446	87	16446	0
PflaKGBDf	OZ251424.1	9850001	9900000	0.0037699136568162	16446	62	16446	0
PflaHELAf	OZ251424.1	9850001	9900000	0.0028597505324003	16435	47	16435	11
PflaKGBDf	OZ251424.1	9900001	9950000	0.0042933669450133	25388	109	25388	0
PflaKGBHm	OZ251424.1	9900001	9950000	0.0005527697713902	25327	14	25327	61
PflaHELEm	OZ251424.1	9900001	9950000	0.0020908122608386	25349	53	25349	39
PflaHELAf	OZ251424.1	9900001	9950000	0.0018633786623319	25223	47	25223	165
PflaHELEm	OZ251424.1	9950001	10000000	0.0019484344555711	22069	43	22069	4
PflaKGBDf	OZ251424.1	9950001	10000000	0.0032165994654102	22073	71	22073	0
PflaHELAf	OZ251424.1	9950001	10000000	0.0025838621940163	22060	57	22060	13
PflaKGBHm	OZ251424.1	9950001	10000000	0.000135912653468	22073	3	22073	0
PflaHELAf	OZ251424.1	10000001	10050000	0.0027503758847042	27269	75	27269	0
PflaKGBDf	OZ251424.1	10000001	10050000	0.0038871979170486	27269	106	27269	0
PflaHELEm	OZ251424.1	10000001	10050000	0.001576882173897	27269	43	27269	0
PflaKGBHm	OZ251424.1	10000001	10050000	0.000183708711467	27217	5	27217	52
PflaHELEm	OZ251424.1	10050001	10100000	0.0024790502793296	28640	71	28640	0
PflaHELAf	OZ251424.1	10050001	10100000	0.0022695530726256	28640	65	28640	0
PflaKGBDf	OZ251424.1	10050001	10100000	0.0013625882188526	28622	39	28622	18
PflaKGBHm	OZ251424.1	10050001	10100000	0.000768156424581	28640	22	28640	0
PflaKGBDf	OZ251424.1	10100001	10150000	0.0039331821757438	21611	85	21611	0
PflaKGBHm	OZ251424.1	10100001	10150000	0.0007415647015202	21576	16	21576	35
PflaHELEm	OZ251424.1	10100001	10150000	0.0054139095830826	21611	117	21611	0
PflaHELAf	OZ251424.1	10100001	10150000	0.0051362731942066	21611	111	21611	0
PflaHELEm	OZ251424.1	10150001	10200000	0.0080385852090032	8708	70	8708	0
PflaKGBDf	OZ251424.1	10150001	10200000	0.0045934772622875	8708	40	8708	0
PflaHELAf	OZ251424.1	10150001	10200000	0.0059715204409738	8708	52	8708	0
PflaKGBHm	OZ251424.1	10150001	10200000	0.0014013780217213	8563	12	8563	145
PflaKGBHm	OZ251424.1	10200001	10250000	0.0002797398419469	28598	8	28598	0
PflaHELEm	OZ251424.1	10200001	10250000	0.0055250550757072	28597	158	28597	1
PflaHELAf	OZ251424.1	10200001	10250000	0.0051054306395775	28597	146	28597	1
PflaKGBDf	OZ251424.1	10200001	10250000	0.0059794391216168	28598	171	28598	0
PflaHELAf	OZ251424.1	10250001	10300000	0.0049211407365576	24791	122	24791	0
PflaKGBDf	OZ251424.1	10250001	10300000	0.0034286636279294	24791	85	24791	0
PflaHELEm	OZ251424.1	10250001	10300000	0.0065351567227399	24789	162	24789	2
PflaKGBHm	OZ251424.1	10250001	10300000	0.0020975353959098	24791	52	24791	0
PflaKGBHm	OZ251424.1	10300001	10350000	0.0045127068323964	25262	114	25262	0
PflaHELAf	OZ251424.1	10300001	10350000	0.0058981870002375	25262	149	25262	0
PflaKGBDf	OZ251424.1	10300001	10350000	0.0049085583089224	25262	124	25262	0
PflaHELEm	OZ251424.1	10300001	10350000	0.0065315493626791	25262	165	25262	0
PflaHELEm	OZ251424.1	10350001	10400000	0.0021304926764314	18775	40	18775	0
PflaKGBHm	OZ251424.1	10350001	10400000	0.0013848202396804	18775	26	18775	0
PflaHELAf	OZ251424.1	10350001	10400000	0.0013848202396804	18775	26	18775	0
PflaKGBDf	OZ251424.1	10350001	10400000	0.0010652463382157	18775	20	18775	0
PflaHELAf	OZ251424.1	10400001	10450000	0.0031187251676848	23407	73	23407	0
PflaKGBDf	OZ251424.1	10400001	10450000	0.0041440594693894	23407	97	23407	0
PflaHELEm	OZ251424.1	10400001	10450000	0.0030760029051138	23407	72	23407	0
PflaKGBHm	OZ251424.1	10400001	10450000	0.0008544452514205	23407	20	23407	0
PflaHELAf	OZ251424.1	10450001	10500000	0.0065390941549324	24927	163	24927	0
PflaKGBDf	OZ251424.1	10450001	10500000	0.0049745256147952	24927	124	24927	0
PflaHELEm	OZ251424.1	10450001	10500000	0.0046535884783568	24927	116	24927	0
PflaKGBHm	OZ251424.1	10450001	10500000	0.001604685682192	24927	40	24927	0
PflaHELEm	OZ251424.1	10500001	10550000	0.0112453016205557	32458	365	32458	0
PflaKGBHm	OZ251424.1	10500001	10550000	0.0041900301928646	32458	136	32458	0
PflaHELAf	OZ251424.1	10500001	10550000	0.0047754020580442	32458	155	32458	0
PflaKGBDf	OZ251424.1	10500001	10550000	0.0037587035553638	32458	122	32458	0
PflaKGBHm	OZ251424.1	10550001	10600000	0.0060582020121885	27731	168	27731	2
PflaHELEm	OZ251424.1	10550001	10600000	0.0106739749738559	27731	296	27731	2
PflaKGBDf	OZ251424.1	10550001	10600000	0.003209520375045	27730	89	27730	3
PflaHELAf	OZ251424.1	10550001	10600000	0.007503336820461	27721	208	27721	12
PflaKGBDf	OZ251424.1	10600001	10650000	0.0055649318067782	21923	122	21923	0
PflaHELAf	OZ251424.1	10600001	10650000	0.0044334750217103	21879	97	21879	44
PflaHELEm	OZ251424.1	10600001	10650000	0.0091228390275053	21923	200	21923	0
PflaKGBHm	OZ251424.1	10600001	10650000	0.0075263421976919	21923	165	21923	0
PflaKGBDf	OZ251424.1	10650001	10700000	0.0062208915502328	30060	187	30060	0
PflaHELAf	OZ251424.1	10650001	10700000	0.0048240069199547	30058	145	30058	2
PflaKGBHm	OZ251424.1	10650001	10700000	0.0014314724191883	30039	43	30039	21
PflaHELEm	OZ251424.1	10650001	10700000	0.0088492631158721	30059	266	30059	1
PflaHELAf	OZ251424.1	10700001	10750000	0.005835788987115	17307	101	17307	157
PflaKGBHm	OZ251424.1	10700001	10750000	0.0049922533998967	17427	87	17427	37
PflaHELEm	OZ251424.1	10700001	10750000	0.0092762253779202	17464	162	17464	0
PflaKGBDf	OZ251424.1	10700001	10750000	0.0025790921595598	17448	45	17448	16
PflaHELEm	OZ251424.1	10750001	10800000	0.0069621637384267	27434	191	27434	0
PflaKGBHm	OZ251424.1	10750001	10800000	0.0040908758857476	27378	112	27378	56
PflaKGBDf	OZ251424.1	10750001	10800000	0.0010955302366345	27384	30	27384	50
PflaHELAf	OZ251424.1	10750001	10800000	0.0069375981304998	27387	190	27387	47
PflaHELEm	OZ251424.1	10800001	10850000	0.0092241992882562	35125	324	35125	0
PflaHELAf	OZ251424.1	10800001	10850000	0.0057793594306049	35125	203	35125	0
PflaKGBDf	OZ251424.1	10800001	10850000	0.0058935740113316	35123	207	35123	2
PflaKGBHm	OZ251424.1	10800001	10850000	0.0021653655478944	35098	76	35098	27
PflaKGBHm	OZ251424.1	10850001	10900000	0.0051152847763017	26196	134	26196	25
PflaHELEm	OZ251424.1	10850001	10900000	0.0081613973532664	26221	214	26221	0
PflaKGBDf	OZ251424.1	10850001	10900000	0.0068647267457381	26221	180	26221	0
PflaHELAf	OZ251424.1	10850001	10900000	0.0058417013477912	26191	153	26191	30
PflaHELAf	OZ251424.1	10900001	10950000	0.0082380512747674	14081	116	14081	9
PflaKGBDf	OZ251424.1	10900001	10950000	0.0078784867627226	14089	111	14089	1
PflaHELEm	OZ251424.1	10900001	10950000	0.0090844570617459	14090	128	14090	0
PflaKGBHm	OZ251424.1	10900001	10950000	0.0069552874378992	14090	98	14090	0
PflaHELAf	OZ251424.1	10950001	11000000	0.005623587533505	19027	107	19027	0
PflaHELEm	OZ251424.1	10950001	11000000	0.0060440426761969	19027	115	19027	0
PflaKGBDf	OZ251424.1	10950001	11000000	0.0065170547117254	19027	124	19027	0
PflaKGBHm	OZ251424.1	10950001	11000000	0.0069375098544174	19027	132	19027	0
PflaKGBDf	OZ251424.1	11000001	11050000	0.0069954260675712	26017	182	26017	0
PflaHELEm	OZ251424.1	11000001	11050000	0.0057654610447015	26017	150	26017	0
PflaKGBHm	OZ251424.1	11000001	11050000	0.007495099358112	26017	195	26017	0
PflaHELAf	OZ251424.1	11000001	11050000	0.0068032440327478	26017	177	26017	0
PflaHELAf	OZ251424.1	11050001	11100000	0.0068154336594481	18194	124	18194	49
PflaKGBDf	OZ251424.1	11050001	11100000	0.0050978457490544	18243	93	18243	0
PflaHELEm	OZ251424.1	11050001	11100000	0.0078386230334922	18243	143	18243	0
PflaKGBHm	OZ251424.1	11050001	11100000	0.005161715446708	18211	94	18211	32
PflaKGBDf	OZ251424.1	11100001	11150000	0.0064379841062267	19882	128	19882	71
PflaHELAf	OZ251424.1	11100001	11150000	0.0064173267823122	19946	128	19946	7
PflaHELEm	OZ251424.1	11100001	11150000	0.0091250940085234	19945	182	19945	8
PflaKGBHm	OZ251424.1	11100001	11150000	0.0064739536284251	19926	129	19926	27
PflaKGBDf	OZ251424.1	11150001	11200000	0.0057683987886362	20803	120	20803	0
PflaHELAf	OZ251424.1	11150001	11200000	0.0066336586069316	20803	138	20803	0
PflaHELEm	OZ251424.1	11150001	11200000	0.0100946978801134	20803	210	20803	0
PflaKGBHm	OZ251424.1	11150001	11200000	0.0047589290006249	20803	99	20803	0
PflaHELAf	OZ251424.1	11200001	11250000	0.0082084865883197	22294	183	22294	0
PflaKGBDf	OZ251424.1	11200001	11250000	0.0072665291109715	22294	162	22294	0
PflaKGBHm	OZ251424.1	11200001	11250000	0.0051295896328293	22224	114	22224	70
PflaHELEm	OZ251424.1	11200001	11250000	0.0108549385484883	22294	242	22294	0
PflaHELEm	OZ251424.1	11250001	11300000	0.0110314964688901	19399	214	19399	0
PflaKGBDf	OZ251424.1	11250001	11300000	0.0068560235063663	19399	133	19399	0
PflaHELAf	OZ251424.1	11250001	11300000	0.0060827877725655	19399	118	19399	0
PflaKGBHm	OZ251424.1	11250001	11300000	0.006546729212846	19399	127	19399	0
PflaKGBHm	OZ251424.1	11300001	11350000	0.0069645479337109	23835	166	23835	8
PflaHELAf	OZ251424.1	11300001	11350000	0.0044876903074277	23843	107	23843	0
PflaKGBDf	OZ251424.1	11300001	11350000	0.0047039059218815	23810	112	23810	33
PflaHELEm	OZ251424.1	11300001	11350000	0.0075493855638971	23843	180	23843	0
PflaHELEm	OZ251424.1	11350001	11400000	0.0116474699107027	23181	270	23181	0
PflaKGBHm	OZ251424.1	11350001	11400000	0.0036236573055519	23181	84	23181	0
PflaHELAf	OZ251424.1	11350001	11400000	0.0075924248306802	23181	176	23181	0
PflaKGBDf	OZ251424.1	11350001	11400000	0.0053923471808808	23181	125	23181	0
PflaHELAf	OZ251424.1	11400001	11450000	0.0028585757271815	19940	57	19940	20
PflaKGBDf	OZ251424.1	11400001	11450000	0.0058623108527908	19958	117	19958	2
PflaHELEm	OZ251424.1	11400001	11450000	0.0076653306613226	19960	153	19960	0
PflaKGBHm	OZ251424.1	11400001	11450000	0.0058116232464929	19960	116	19960	0
PflaHELAf	OZ251424.1	11450001	11500000	0.0080801238629765	20668	167	20668	0
PflaKGBDf	OZ251424.1	11450001	11500000	0.004790013547513	20668	99	20668	0
PflaHELEm	OZ251424.1	11450001	11500000	0.0084671956647958	20668	175	20668	0
PflaKGBHm	OZ251424.1	11450001	11500000	0.0085164037549598	20666	176	20666	2
PflaKGBHm	OZ251424.1	11500001	11550000	0.0103947368421052	15200	158	15200	0
PflaHELEm	OZ251424.1	11500001	11550000	0.0106578947368421	15200	162	15200	0
PflaKGBDf	OZ251424.1	11500001	11550000	0.0082894736842105	15200	126	15200	0
PflaHELAf	OZ251424.1	11500001	11550000	0.0111022997620935	15132	168	15132	68
PflaHELAf	OZ251424.1	11550001	11600000	0.0059425022752824	18679	111	18679	0
PflaKGBDf	OZ251424.1	11550001	11600000	0.0034798436747149	18679	65	18679	0
PflaHELEm	OZ251424.1	11550001	11600000	0.0069596873494298	18679	130	18679	0
PflaKGBHm	OZ251424.1	11550001	11600000	0.0070667594624979	18679	132	18679	0
PflaHELAf	OZ251424.1	11600001	11650000	0.0082491821931446	21093	174	21093	0
PflaKGBDf	OZ251424.1	11600001	11650000	0.0069691366804153	21093	147	21093	0
PflaHELEm	OZ251424.1	11600001	11650000	0.0106895728942973	20955	224	20955	138
PflaKGBHm	OZ251424.1	11600001	11650000	0.0042670206713445	21092	90	21092	1
PflaKGBHm	OZ251424.1	11650001	11700000	0.005983928876731	23396	140	23396	0
PflaHELEm	OZ251424.1	11650001	11700000	0.0099589673448452	23396	233	23396	0
PflaHELAf	OZ251424.1	11650001	11700000	0.0079157930768901	23371	185	23371	25
PflaKGBDf	OZ251424.1	11650001	11700000	0.0055992477346554	23396	131	23396	0
PflaKGBHm	OZ251424.1	11700001	11750000	0.0049058997673926	23645	116	23645	0
PflaHELEm	OZ251424.1	11700001	11750000	0.0090082469866779	23645	213	23645	0
PflaKGBDf	OZ251424.1	11700001	11750000	0.0036794248255445	23645	87	23645	0
PflaHELAf	OZ251424.1	11700001	11750000	0.0052491216187613	23623	124	23623	22
PflaKGBHm	OZ251424.1	11750001	11800000	0.0069878930689851	24614	172	24614	55
PflaHELEm	OZ251424.1	11750001	11800000	0.0092268921225916	24602	227	24602	67
PflaKGBDf	OZ251424.1	11750001	11800000	0.0077425108435688	24669	191	24669	0
PflaHELAf	OZ251424.1	11750001	11800000	0.0066074830759252	24669	163	24669	0
PflaKGBDf	OZ251424.1	11800001	11850000	0.0061799323002391	32201	199	32201	0
PflaHELEm	OZ251424.1	11800001	11850000	0.0088506568119002	32201	285	32201	0
PflaKGBHm	OZ251424.1	11800001	11850000	0.0066457563429707	32201	214	32201	0
PflaHELAf	OZ251424.1	11800001	11850000	0.007049470513338	32201	227	32201	0
PflaHELAf	OZ251424.1	11850001	11900000	0.0072190724372292	28397	205	28397	176
PflaKGBDf	OZ251424.1	11850001	11900000	0.0052147131907745	28573	149	28573	0
PflaHELEm	OZ251424.1	11850001	11900000	0.01067441290729	28573	305	28573	0
PflaKGBHm	OZ251424.1	11850001	11900000	0.0061246631435271	28573	175	28573	0
PflaHELAf	OZ251424.1	11900001	11950000	0.0062717097645696	31092	195	31092	0
PflaKGBDf	OZ251424.1	11900001	11950000	0.0057571079377331	31092	179	31092	0
PflaHELEm	OZ251424.1	11900001	11950000	0.00804065354432	31092	250	31092	0
PflaKGBHm	OZ251424.1	11900001	11950000	0.0055319696384922	31092	172	31092	0
PflaHELAf	OZ251424.1	11950001	12000000	0.0059999205308538	25167	151	25167	107
PflaKGBDf	OZ251424.1	11950001	12000000	0.006647147265965	25274	168	25274	0
PflaKGBHm	OZ251424.1	11950001	12000000	0.0046292632745113	25274	117	25274	0
PflaHELEm	OZ251424.1	11950001	12000000	0.0093772256073435	25274	237	25274	0
PflaHELAf	OZ251424.1	12000001	12050000	0.005168986083499	35210	182	35210	0
PflaHELEm	OZ251424.1	12000001	12050000	0.0069582504970178	35210	245	35210	0
PflaKGBDf	OZ251424.1	12000001	12050000	0.0056234024424879	35210	198	35210	0
PflaKGBHm	OZ251424.1	12000001	12050000	0.005452996307867	35210	192	35210	0
PflaHELAf	OZ251424.1	12050001	12100000	0.0052666022624575	32089	169	32089	0
PflaKGBHm	OZ251424.1	12050001	12100000	0.0057652154944061	32089	185	32089	0
PflaHELEm	OZ251424.1	12050001	12100000	0.0069494219202842	32089	223	32089	0
PflaKGBDf	OZ251424.1	12050001	12100000	0.0067624419583034	32089	217	32089	0
PflaHELEm	OZ251424.1	12100001	12150000	0.0058329776639635	35145	205	35145	0
PflaKGBDf	OZ251424.1	12100001	12150000	0.0022193768672641	35145	78	35145	0
PflaHELAf	OZ251424.1	12100001	12150000	0.0044387537345283	35145	156	35145	0
PflaKGBHm	OZ251424.1	12100001	12150000	0.0039836102890962	35144	140	35144	1
PflaHELEm	OZ251424.1	12150001	12200000	0.0063698515924628	29985	191	29985	6
PflaKGBDf	OZ251424.1	12150001	12200000	0.002068390325271	29975	62	29975	16
PflaHELAf	OZ251424.1	12150001	12200000	0.0059684572038278	29991	179	29991	0
PflaKGBHm	OZ251424.1	12150001	12200000	0.0020699095249223	29953	62	29953	38
PflaHELAf	OZ251424.1	12200001	12250000	0.003656028638891	39387	144	39387	0
PflaKGBHm	OZ251424.1	12200001	12250000	5.077817554015284e-05	39387	2	39387	0
PflaHELEm	OZ251424.1	12200001	12250000	0.0022850178993068	39387	90	39387	0
PflaKGBDf	OZ251424.1	12200001	12250000	0.000355447228781	39387	14	39387	0
PflaHELEm	OZ251424.1	12250001	12300000	0.0048271270271555	42054	203	42054	0
PflaKGBDf	OZ251424.1	12250001	12300000	0.0014505160032339	42054	61	42054	0
PflaHELAf	OZ251424.1	12250001	12300000	0.0032577162695581	42054	137	42054	0
PflaKGBHm	OZ251424.1	12250001	12300000	0.0015224320852561	42038	64	42038	16
PflaHELEm	OZ251424.1	12300001	12350000	0.0060802108605145	33387	203	33387	0
PflaKGBHm	OZ251424.1	12300001	12350000	0.0026357564321442	33387	88	33387	0
PflaHELAf	OZ251424.1	12300001	12350000	0.0036840686494743	33387	123	33387	0
PflaKGBDf	OZ251424.1	12300001	12350000	0.0035043579836463	33387	117	33387	0
PflaHELAf	OZ251424.1	12350001	12400000	0.0048767667328583	34244	167	34244	0
PflaKGBDf	OZ251424.1	12350001	12400000	0.002306973484406	34244	79	34244	0
PflaHELEm	OZ251424.1	12350001	12400000	0.0055192150449713	34244	189	34244	0
PflaKGBHm	OZ251424.1	12350001	12400000	0.0025697932484522	34244	88	34244	0
PflaKGBDf	OZ251424.1	12400001	12450000	0.0068814513606506	35167	242	35167	0
PflaKGBHm	OZ251424.1	12400001	12450000	0.0016780909582183	35159	59	35159	8
PflaHELEm	OZ251424.1	12400001	12450000	0.0054880996388659	35167	193	35167	0
PflaHELAf	OZ251424.1	12400001	12450000	0.0058577643813802	35167	206	35167	0
PflaHELEm	OZ251424.1	12450001	12500000	0.0019456262322299	38548	75	38548	0
PflaKGBDf	OZ251424.1	12450001	12500000	0.0030351769222787	38548	117	38548	0
PflaKGBHm	OZ251424.1	12450001	12500000	0.0010636090069523	38548	41	38548	0
PflaHELAf	OZ251424.1	12450001	12500000	0.0025682266265435	38548	99	38548	0
PflaHELAf	OZ251424.1	12500001	12550000	0.004212809969476	39641	167	39641	0
PflaKGBDf	OZ251424.1	12500001	12550000	0.0036326026084104	39641	144	39641	0
PflaHELEm	OZ251424.1	12500001	12550000	0.0051209606215786	39641	203	39641	0
PflaKGBHm	OZ251424.1	12500001	12550000	0.004389394818496	39641	174	39641	0
PflaHELAf	OZ251424.1	12550001	12600000	0.00508396240949	32455	165	32455	0
PflaKGBHm	OZ251424.1	12550001	12600000	0.0042212293945462	32455	137	32455	0
PflaKGBDf	OZ251424.1	12550001	12600000	0.0049915267293175	32455	162	32455	0
PflaHELEm	OZ251424.1	12550001	12600000	0.0065013095054691	32455	211	32455	0
PflaHELAf	OZ251424.1	12600001	12650000	0.00645666210135	30666	198	30666	0
PflaKGBHm	OZ251424.1	12600001	12650000	0.0048914106828409	30666	150	30666	0
PflaHELEm	OZ251424.1	12600001	12650000	0.0067827561468727	30666	208	30666	0
PflaKGBDf	OZ251424.1	12600001	12650000	0.0034892062870931	30666	107	30666	0
PflaHELEm	OZ251424.1	12650001	12700000	0.0094641925627841	26838	254	26838	0
PflaKGBDf	OZ251424.1	12650001	12700000	0.0035770176615247	26838	96	26838	0
PflaHELAf	OZ251424.1	12650001	12700000	0.0071167747224085	26838	191	26838	0
PflaKGBHm	OZ251424.1	12650001	12700000	0.0061107385051047	26838	164	26838	0
PflaKGBHm	OZ251424.1	12700001	12750000	0.0054169550693671	33229	180	33229	0
PflaHELAf	OZ251424.1	12700001	12750000	0.0058683679918143	33229	195	33229	0
PflaKGBDf	OZ251424.1	12700001	12750000	0.0028051760021717	33153	93	33153	76
PflaHELEm	OZ251424.1	12700001	12750000	0.0091185410334346	33229	303	33229	0
PflaHELEm	OZ251424.1	12750001	12800000	0.0074367720721551	32541	242	32541	0
PflaKGBHm	OZ251424.1	12750001	12800000	0.005838787990535	32541	190	32541	0
PflaHELAf	OZ251424.1	12750001	12800000	0.0063612058633723	32541	207	32541	0
PflaKGBDf	OZ251424.1	12750001	12800000	0.0039949602040502	32541	130	32541	0
PflaKGBHm	OZ251424.1	12800001	12850000	0.0031753960325388	28028	89	28028	47
PflaHELEm	OZ251424.1	12800001	12850000	0.0061622853886158	28074	173	28074	1
PflaKGBDf	OZ251424.1	12800001	12850000	0.0048443399586806	28074	136	28074	1
PflaHELAf	OZ251424.1	12800001	12850000	0.003459837351976	28036	97	28036	39
PflaKGBDf	OZ251424.1	12850001	12900000	0.006260671599317	26355	165	26355	24
PflaHELAf	OZ251424.1	12850001	12900000	0.0059144676979071	26376	156	26376	3
PflaKGBHm	OZ251424.1	12850001	12900000	0.0059517040069752	26379	157	26379	0
PflaHELEm	OZ251424.1	12850001	12900000	0.0078850600856742	26379	208	26379	0
PflaHELAf	OZ251424.1	12900001	12950000	0.0067446604771222	24019	162	24019	0
PflaKGBDf	OZ251424.1	12900001	12950000	0.0080353053832382	24019	193	24019	0
PflaHELEm	OZ251424.1	12900001	12950000	0.0099088221824389	24019	238	24019	0
PflaKGBHm	OZ251424.1	12900001	12950000	0.0044964403180815	24019	108	24019	0
PflaKGBHm	OZ251424.1	12950001	13000000	0.0056172864816105	24389	137	24389	24
PflaKGBDf	OZ251424.1	12950001	13000000	0.007659853356818	24413	187	24413	0
PflaHELAf	OZ251424.1	12950001	13000000	0.0048380483804838	24390	118	24390	23
PflaHELEm	OZ251424.1	12950001	13000000	0.010281407446852	24413	251	24413	0
PflaHELAf	OZ251424.1	13000001	13050000	0.0040388876974765	27978	113	27978	337
PflaHELEm	OZ251424.1	13000001	13050000	0.0097474836659014	28315	276	28315	0
PflaKGBHm	OZ251424.1	13000001	13050000	0.0063066893424036	28224	178	28224	91
PflaKGBDf	OZ251424.1	13000001	13050000	0.0067605833215347	28252	191	28252	63
PflaHELAf	OZ251424.1	13050001	13100000	0.0062623476348454	26827	168	26827	2
PflaKGBHm	OZ251424.1	13050001	13100000	0.007380073800738	26829	198	26829	0
PflaHELEm	OZ251424.1	13050001	13100000	0.0097293670319838	26826	261	26826	3
PflaKGBDf	OZ251424.1	13050001	13100000	0.0046753441053261	26736	125	26736	93
PflaKGBDf	OZ251424.1	13100001	13150000	0.0057734894020879	25288	146	25288	0
PflaHELAf	OZ251424.1	13100001	13150000	0.0050666983335312	25263	128	25263	25
PflaHELEm	OZ251424.1	13100001	13150000	0.0073157228725087	25288	185	25288	0
PflaKGBHm	OZ251424.1	13100001	13150000	0.0041126225877886	25288	104	25288	0
PflaHELAf	OZ251424.1	13150001	13200000	0.0069700512636028	22238	155	22238	0
PflaKGBDf	OZ251424.1	13150001	13200000	0.006880115118266	22238	153	22238	0
PflaHELEm	OZ251424.1	13150001	13200000	0.0057559133015558	22238	128	22238	0
PflaKGBHm	OZ251424.1	13150001	13200000	0.0051263602841982	22238	114	22238	0
PflaHELAf	OZ251424.1	13200001	13250000	0.0079038660992096	27961	221	27961	226
PflaKGBDf	OZ251424.1	13200001	13250000	0.0076631071061127	28187	216	28187	0
PflaHELEm	OZ251424.1	13200001	13250000	0.0079114485401071	28187	223	28187	0
PflaKGBHm	OZ251424.1	13200001	13250000	0.0066697413701351	28187	188	28187	0
PflaKGBHm	OZ251424.1	13250001	13300000	0.0042858984274297	31032	133	31032	21
PflaHELAf	OZ251424.1	13250001	13300000	0.0049296001546541	31037	153	31037	16
PflaKGBDf	OZ251424.1	13250001	13300000	0.005636797010887	31046	175	31046	7
PflaHELEm	OZ251424.1	13250001	13300000	0.0058609474124883	31053	182	31053	0
PflaHELAf	OZ251424.1	13300001	13350000	0.0051916114488694	29278	152	29278	4
PflaKGBDf	OZ251424.1	13300001	13350000	0.0059763677344443	29282	175	29282	0
PflaKGBHm	OZ251424.1	13300001	13350000	0.005395806297384	29282	158	29282	0
PflaHELEm	OZ251424.1	13300001	13350000	0.0090157776108189	29282	264	29282	0
PflaKGBHm	OZ251424.1	13350001	13400000	0.0046982924862382	28521	134	28521	175
PflaHELEm	OZ251424.1	13350001	13400000	0.0106983551714524	28696	307	28696	0
PflaKGBDf	OZ251424.1	13350001	13400000	0.0060984109283523	28696	175	28696	0
PflaHELAf	OZ251424.1	13350001	13400000	0.004216615556175	28696	121	28696	0
PflaHELAf	OZ251424.1	13400001	13450000	0.0049882061791887	25861	129	25861	0
PflaKGBDf	OZ251424.1	13400001	13450000	0.0073856386063957	25861	191	25861	0
PflaHELEm	OZ251424.1	13400001	13450000	0.0093190518541433	25861	241	25861	0
PflaKGBHm	OZ251424.1	13400001	13450000	0.0051042109740535	25861	132	25861	0
PflaKGBHm	OZ251424.1	13450001	13500000	0.0042647241937492	32124	137	32124	0
PflaHELEm	OZ251424.1	13450001	13500000	0.0089341302452994	32124	287	32124	0
PflaHELAf	OZ251424.1	13450001	13500000	0.0032889584964761	31925	105	31925	199
PflaKGBDf	OZ251424.1	13450001	13500000	0.0044203710621342	32124	142	32124	0
PflaHELAf	OZ251424.1	13500001	13550000	0.0047365877235379	31035	147	31035	0
PflaKGBDf	OZ251424.1	13500001	13550000	0.0027710649266956	31035	86	31035	0
PflaHELEm	OZ251424.1	13500001	13550000	0.0069276623167391	31035	215	31035	0
PflaKGBHm	OZ251424.1	13500001	13550000	0.0028032866118898	31035	87	31035	0
PflaHELAf	OZ251424.1	13550001	13600000	0.0072555777253763	27565	200	27565	0
PflaKGBDf	OZ251424.1	13550001	13600000	0.0025757300925086	27565	71	27565	0
PflaHELEm	OZ251424.1	13550001	13600000	0.0065300199528387	27565	180	27565	0
PflaKGBHm	OZ251424.1	13550001	13600000	0.0006892798839107	27565	19	27565	0
PflaKGBHm	OZ251424.1	13600001	13650000	0.0049958667289652	27823	139	27823	37
PflaHELEm	OZ251424.1	13600001	13650000	0.0067489948305571	27856	188	27856	4
PflaHELAf	OZ251424.1	13600001	13650000	0.0035893754486719	27860	100	27860	0
PflaKGBDf	OZ251424.1	13600001	13650000	0.003445800430725	27860	96	27860	0
PflaHELAf	OZ251424.1	13650001	13700000	0.0053684890081886	29431	158	29431	0
PflaKGBDf	OZ251424.1	13650001	13700000	0.003907710081892	29429	115	29429	2
PflaHELEm	OZ251424.1	13650001	13700000	0.0072372668274948	29431	213	29431	0
PflaKGBHm	OZ251424.1	13650001	13700000	0.0036018892928743	29429	106	29429	2
PflaHELEm	OZ251424.1	13700001	13750000	0.0061931055066408	26804	166	26804	0
PflaKGBHm	OZ251424.1	13700001	13750000	0.0036579448322197	26791	98	26791	13
PflaKGBDf	OZ251424.1	13700001	13750000	0.0069019549320996	26804	185	26804	0
PflaHELAf	OZ251424.1	13700001	13750000	0.0052311026417068	26763	140	26763	41
PflaHELAf	OZ251424.1	13750001	13800000	0.002887288800171	28054	81	28054	0
PflaHELEm	OZ251424.1	13750001	13800000	0.0045269836743423	28054	127	28054	0
PflaKGBHm	OZ251424.1	13750001	13800000	0.0027803521779425	28054	78	28054	0
PflaKGBDf	OZ251424.1	13750001	13800000	0.0057032865188564	28054	160	28054	0
PflaHELAf	OZ251424.1	13800001	13850000	0.0072941451807933	25637	187	25637	9
PflaKGBHm	OZ251424.1	13800001	13850000	0.0025735007408562	25646	66	25646	0
PflaHELEm	OZ251424.1	13800001	13850000	0.0073320073320073	25641	188	25641	5
PflaKGBDf	OZ251424.1	13800001	13850000	0.0040561622464898	25640	104	25640	6
PflaHELAf	OZ251424.1	13850001	13900000	0.0051724137931034	29580	153	29580	0
PflaKGBHm	OZ251424.1	13850001	13900000	0.0010480054090601	29580	31	29580	0
PflaHELEm	OZ251424.1	13850001	13900000	0.0086544962812711	29580	256	29580	0
PflaKGBDf	OZ251424.1	13850001	13900000	0.0040567951318458	29580	120	29580	0
PflaHELAf	OZ251424.1	13900001	13950000	0.0061376589215256	29653	182	29653	45
PflaKGBDf	OZ251424.1	13900001	13950000	0.0067681325341773	29698	201	29698	0
PflaKGBHm	OZ251424.1	13900001	13950000	0.0010776950796484	29693	32	29693	5
PflaHELEm	OZ251424.1	13900001	13950000	0.0080813522796147	29698	240	29698	0
PflaHELEm	OZ251424.1	13950001	14000000	0.0072881355932203	35400	258	35400	0
PflaKGBDf	OZ251424.1	13950001	14000000	0.0030797050264176	35393	109	35393	7
PflaHELAf	OZ251424.1	13950001	14000000	0.0057627118644067	35400	204	35400	0
PflaKGBHm	OZ251424.1	13950001	14000000	0.0033615819209039	35400	119	35400	0
PflaHELAf	OZ251424.1	14000001	14050000	0.0058998465080583	41696	246	41696	0
PflaKGBDf	OZ251424.1	14000001	14050000	0.0036214504988488	41696	151	41696	0
PflaHELEm	OZ251424.1	14000001	14050000	0.0070270529547198	41696	293	41696	0
PflaKGBHm	OZ251424.1	14000001	14050000	0.0030938219493476	41696	129	41696	0
PflaKGBHm	OZ251424.1	14050001	14100000	0.0036474616644335	40302	147	40302	9
PflaHELEm	OZ251424.1	14050001	14100000	0.0065242737714271	40311	263	40311	0
PflaHELAf	OZ251424.1	14050001	14100000	0.0058048671578477	40311	234	40311	0
PflaKGBDf	OZ251424.1	14050001	14100000	0.0051102676688745	40311	206	40311	0
PflaKGBHm	OZ251424.1	14100001	14150000	0.0059995325039607	38503	231	38503	0
PflaHELEm	OZ251424.1	14100001	14150000	0.0053502324494195	38503	206	38503	0
PflaKGBDf	OZ251424.1	14100001	14150000	0.0059995325039607	38503	231	38503	0
PflaHELAf	OZ251424.1	14100001	14150000	0.0056878684777809	38503	219	38503	0
PflaKGBHm	OZ251424.1	14150001	14200000	0.003532748839608	38780	137	38780	0
PflaHELEm	OZ251424.1	14150001	14200000	0.0049510056730273	38780	192	38780	0
PflaKGBDf	OZ251424.1	14150001	14200000	0.0042547705002578	38780	165	38780	0
PflaHELAf	OZ251424.1	14150001	14200000	0.0032748839608045	38780	127	38780	0
PflaHELEm	OZ251424.1	14200001	14250000	0.0046367037251699	37958	176	37958	0
PflaKGBHm	OZ251424.1	14200001	14250000	0.0033984930712893	37958	129	37958	0
PflaKGBDf	OZ251424.1	14200001	14250000	0.0016070393592918	37958	61	37958	0
PflaHELAf	OZ251424.1	14200001	14250000	0.0031350439959955	37958	119	37958	0
PflaHELAf	OZ251424.1	14250001	14300000	0.0023975640748999	41709	100	41709	0
PflaHELEm	OZ251424.1	14250001	14300000	0.0044115178978158	41709	184	41709	0
PflaKGBHm	OZ251424.1	14250001	14300000	0.0039799563643338	41709	166	41709	0
PflaKGBDf	OZ251424.1	14250001	14300000	0.0030928576566208	41709	129	41709	0
PflaHELAf	OZ251424.1	14300001	14350000	0.0033745781777277	33782	114	33782	0
PflaKGBHm	OZ251424.1	14300001	14350000	0.0026948590381426	33768	91	33768	14
PflaHELEm	OZ251424.1	14300001	14350000	0.0071043751110058	33782	240	33782	0
PflaKGBDf	OZ251424.1	14300001	14350000	0.0039075219798111	33781	132	33781	1
PflaKGBHm	OZ251424.1	14350001	14400000	0.0043648355911927	30929	135	30929	0
PflaHELEm	OZ251424.1	14350001	14400000	0.0080506967570888	30929	249	30929	0
PflaKGBDf	OZ251424.1	14350001	14400000	0.0062724304051214	30929	194	30929	0
PflaHELAf	OZ251424.1	14350001	14400000	0.0047528209770765	30929	147	30929	0
PflaKGBHm	OZ251424.1	14400001	14450000	0.0020690303771278	31899	66	31899	121
PflaHELEm	OZ251424.1	14400001	14450000	0.0053091817613991	32020	170	32020	0
PflaKGBDf	OZ251424.1	14400001	14450000	0.0018113678950655	32020	58	32020	0
PflaHELAf	OZ251424.1	14400001	14450000	0.0021861336664584	32020	70	32020	0
PflaKGBHm	OZ251424.1	14450001	14500000	0.0051250402490071	37268	191	37268	0
PflaHELEm	OZ251424.1	14450001	14500000	0.0066813351937318	37268	249	37268	0
PflaKGBDf	OZ251424.1	14450001	14500000	0.0043737254481056	37268	163	37268	0
PflaHELAf	OZ251424.1	14450001	14500000	0.0023228803716608	37023	86	37023	245
PflaKGBDf	OZ251424.1	14500001	14550000	0.004848183485098	32177	156	32177	158
PflaHELAf	OZ251424.1	14500001	14550000	0.00519560847379	32335	168	32335	0
PflaHELEm	OZ251424.1	14500001	14550000	0.0092469460337096	32335	299	32335	0
PflaKGBHm	OZ251424.1	14500001	14550000	0.0031387904779663	32178	101	32178	157
PflaKGBHm	OZ251424.1	14550001	14600000	0.0022919027830248	39705	91	39705	0
PflaHELAf	OZ251424.1	14550001	14600000	0.0054676476516831	39688	217	39688	17
PflaKGBDf	OZ251424.1	14550001	14600000	0.0044587752223089	39697	177	39697	8
PflaHELEm	OZ251424.1	14550001	14600000	0.0067749653696008	39705	269	39705	0
PflaHELEm	OZ251424.1	14600001	14650000	0.0086700629687055	31603	274	31603	0
PflaKGBHm	OZ251424.1	14600001	14650000	0.0009499382540134	31581	30	31581	22
PflaHELAf	OZ251424.1	14600001	14650000	0.0061703002879473	31603	195	31603	0
PflaKGBDf	OZ251424.1	14600001	14650000	0.0031665611146295	31580	100	31580	23
PflaKGBHm	OZ251424.1	14650001	14700000	0.0025190225153868	38507	97	38507	6
PflaHELEm	OZ251424.1	14650001	14700000	0.0058162179004491	38513	224	38513	0
PflaKGBDf	OZ251424.1	14650001	14700000	0.0026744216238672	38513	103	38513	0
PflaHELAf	OZ251424.1	14650001	14700000	0.0045179549762417	38513	174	38513	0
PflaKGBHm	OZ251424.1	14700001	14750000	0.002113227237151	38330	81	38330	0
PflaKGBDf	OZ251424.1	14700001	14750000	0.0035220453952517	38330	135	38330	0
PflaHELEm	OZ251424.1	14700001	14750000	0.0051395773545525	38330	197	38330	0
PflaHELAf	OZ251424.1	14700001	14750000	0.0030785285677015	38330	118	38330	0
PflaHELAf	OZ251424.1	14750001	14800000	0.0030258981280963	33709	102	33709	14
PflaKGBDf	OZ251424.1	14750001	14800000	0.0026094950034101	33723	88	33723	0
PflaHELEm	OZ251424.1	14750001	14800000	0.0042404293805414	33723	143	33723	0
PflaKGBHm	OZ251424.1	14750001	14800000	0.0058417104053613	33723	197	33723	0
PflaHELEm	OZ251424.1	14800001	14850000	0.0037583692162182	40177	151	40177	0
PflaKGBDf	OZ251424.1	14800001	14850000	0.003683699629141	40177	148	40177	0
PflaHELAf	OZ251424.1	14800001	14850000	0.0030863429325235	40177	124	40177	0
PflaKGBHm	OZ251424.1	14800001	14850000	0.0030614530701645	40177	123	40177	0
PflaHELAf	OZ251424.1	14850001	14900000	0.006161859992377	31484	194	31484	0
PflaKGBDf	OZ251424.1	14850001	14900000	0.0051137085503747	31484	161	31484	0
PflaHELEm	OZ251424.1	14850001	14900000	0.0060030491678312	31484	189	31484	0
PflaKGBHm	OZ251424.1	14850001	14900000	0.0031776294884016	31470	100	31470	14
PflaHELEm	OZ251424.1	14900001	14950000	0.0051405823903708	31903	164	31903	0
PflaKGBHm	OZ251424.1	14900001	14950000	0.0008777154321181	31901	28	31901	2
PflaKGBDf	OZ251424.1	14900001	14950000	0.005736137667304	31903	183	31903	0
PflaHELAf	OZ251424.1	14900001	14950000	0.0056008306850004	31781	178	31781	122
PflaKGBHm	OZ251424.1	14950001	15000000	0.0027133695115934	32432	88	32432	0
PflaHELEm	OZ251424.1	14950001	15000000	0.0028374043918085	32424	92	32424	8
PflaKGBDf	OZ251424.1	14950001	15000000	0.0061088485746019	32412	198	32412	20
PflaHELAf	OZ251424.1	14950001	15000000	0.0023125308337444	32432	75	32432	0
PflaKGBHm	OZ251424.1	15000001	15050000	0.0029501059746806	34914	103	34914	0
PflaKGBDf	OZ251424.1	15000001	15050000	0.0021481354184567	34914	75	34914	0
PflaHELAf	OZ251424.1	15000001	15050000	0.0020908518072979	34914	73	34914	0
PflaHELEm	OZ251424.1	15000001	15050000	0.0049550323652403	34914	173	34914	0
PflaHELAf	OZ251424.1	15050001	15100000	0.0080844252733241	36861	298	36861	23
PflaKGBDf	OZ251424.1	15050001	15100000	0.0071304630734193	36884	263	36884	0
PflaHELEm	OZ251424.1	15050001	15100000	0.0091909771174493	36884	339	36884	0
PflaKGBHm	OZ251424.1	15050001	15100000	0.008730072660232	36884	322	36884	0
PflaKGBHm	OZ251424.1	15100001	15150000	0.0055903008280633	28621	160	28621	0
PflaHELEm	OZ251424.1	15100001	15150000	0.0078654827658533	28606	225	28606	15
PflaHELAf	OZ251424.1	15100001	15150000	0.0077914817791132	28621	223	28621	0
PflaKGBDf	OZ251424.1	15100001	15150000	0.003182040702147	28598	91	28598	23
PflaKGBHm	OZ251424.1	15150001	15200000	0.0031323012144085	38949	122	38949	0
PflaHELEm	OZ251424.1	15150001	15200000	0.005494364425274	38949	214	38949	0
PflaKGBDf	OZ251424.1	15150001	15200000	0.0046471026213766	38949	181	38949	0
PflaHELAf	OZ251424.1	15150001	15200000	0.0051862692238568	38949	202	38949	0
PflaKGBHm	OZ251424.1	15200001	15250000	0.0048752138959739	30973	151	30973	0
PflaHELEm	OZ251424.1	15200001	15250000	0.0086204113259936	30973	267	30973	0
PflaHELAf	OZ251424.1	15200001	15250000	0.007942401446421	30973	246	30973	0
PflaKGBDf	OZ251424.1	15200001	15250000	0.0055855099602879	30973	173	30973	0
PflaHELEm	OZ251424.1	15250001	15300000	0.0103885506245684	31862	331	31862	0
PflaKGBDf	OZ251424.1	15250001	15300000	0.0049588851923921	31862	158	31862	0
PflaHELAf	OZ251424.1	15250001	15300000	0.0078463373297344	31862	250	31862	0
PflaKGBHm	OZ251424.1	15250001	15300000	0.0046136463498838	31862	147	31862	0
PflaHELAf	OZ251424.1	15300001	15350000	0.0049924593062561	38458	192	38458	0
PflaKGBHm	OZ251424.1	15300001	15350000	0.0038223516563523	38458	147	38458	0
PflaHELEm	OZ251424.1	15300001	15350000	0.0060585573872796	38458	233	38458	0
PflaKGBDf	OZ251424.1	15300001	15350000	0.0024182224764678	38458	93	38458	0
PflaHELAf	OZ251424.1	15350001	15400000	0.0025944543538187	37002	96	37002	0
PflaHELEm	OZ251424.1	15350001	15400000	0.0049727041781525	37002	184	37002	0
PflaKGBHm	OZ251424.1	15350001	15400000	0.0020539430301064	37002	76	37002	0
PflaKGBDf	OZ251424.1	15350001	15400000	0.0022431219934057	37002	83	37002	0
PflaHELAf	OZ251424.1	15400001	15450000	0.0042295412994242	36647	155	36647	37
PflaKGBDf	OZ251424.1	15400001	15450000	0.0057518264093337	36684	211	36684	0
PflaKGBHm	OZ251424.1	15400001	15450000	0.0051009274413529	36660	187	36660	24
PflaHELEm	OZ251424.1	15400001	15450000	0.0049885508668629	36684	183	36684	0
PflaKGBHm	OZ251424.1	15450001	15500000	0.0033455472359407	43939	147	43939	0
PflaHELEm	OZ251424.1	15450001	15500000	0.0042559002253123	43939	187	43939	0
PflaKGBDf	OZ251424.1	15450001	15500000	0.0023441589476319	43939	103	43939	0
PflaHELAf	OZ251424.1	15450001	15500000	0.0030724413391292	43939	135	43939	0
PflaHELAf	OZ251424.1	15500001	15550000	0.0046169589947404	42019	194	42019	0
PflaKGBHm	OZ251424.1	15500001	15550000	0.0004045788809824	42019	17	42019	0
PflaKGBDf	OZ251424.1	15500001	15550000	0.0040695875675289	42019	171	42019	0
PflaHELEm	OZ251424.1	15500001	15550000	0.0050929341488374	42019	214	42019	0
PflaHELAf	OZ251424.1	15550001	15600000	0.0021002100210021	33330	70	33330	199
PflaHELEm	OZ251424.1	15550001	15600000	0.0075457067016612	33529	253	33529	0
PflaKGBDf	OZ251424.1	15550001	15600000	0.0022084937475751	33507	74	33507	22
PflaKGBHm	OZ251424.1	15550001	15600000	0.0024531801591575	33426	82	33426	103
PflaKGBHm	OZ251424.1	15600001	15650000	0.0037403678497103	35558	133	35558	0
PflaHELEm	OZ251424.1	15600001	15650000	0.0081838123629	35558	291	35558	0
PflaHELAf	OZ251424.1	15600001	15650000	0.0071432589009505	35558	254	35558	0
PflaKGBDf	OZ251424.1	15600001	15650000	0.0070026435682546	35558	249	35558	0
PflaHELAf	OZ251424.1	15650001	15700000	0.0046428354676215	32954	153	32954	0
PflaKGBDf	OZ251424.1	15650001	15700000	0.0045517994780603	32954	150	32954	0
PflaHELEm	OZ251424.1	15650001	15700000	0.0064332099289919	32954	212	32954	0
PflaKGBHm	OZ251424.1	15650001	15700000	0.0019724464404928	32954	65	32954	0
PflaHELAf	OZ251424.1	15700001	15750000	0.0053793633434812	33833	182	33833	0
PflaKGBDf	OZ251424.1	15700001	15750000	0.0046699967487364	33833	158	33833	0
PflaHELEm	OZ251424.1	15700001	15750000	0.005881831348092	33833	199	33833	0
PflaKGBHm	OZ251424.1	15700001	15750000	0.0045517689829456	33833	154	33833	0
PflaHELEm	OZ251424.1	15750001	15800000	0.0058942919898796	35967	212	35967	0
PflaHELAf	OZ251424.1	15750001	15800000	0.0057830789334667	35967	208	35967	0
PflaKGBDf	OZ251424.1	15750001	15800000	0.0055055055055055	35964	198	35964	3
PflaKGBHm	OZ251424.1	15750001	15800000	0.0042538994077904	35967	153	35967	0
PflaHELEm	OZ251424.1	15800001	15850000	0.0056839616709841	39761	226	39761	0
PflaKGBHm	OZ251424.1	15800001	15850000	0.0034707376575035	39761	138	39761	0
PflaKGBDf	OZ251424.1	15800001	15850000	0.0009557344064386	39760	38	39760	1
PflaHELAf	OZ251424.1	15800001	15850000	0.0049043032116898	39761	195	39761	0
PflaKGBHm	OZ251424.1	15850001	15900000	0.0039035414366059	38939	152	38939	17
PflaHELEm	OZ251424.1	15850001	15900000	0.0084454256083786	38956	329	38956	0
PflaKGBDf	OZ251424.1	15850001	15900000	0.0057757469966115	38956	225	38956	0
PflaHELAf	OZ251424.1	15850001	15900000	0.0058548610754455	38942	228	38942	14
PflaKGBHm	OZ251424.1	15900001	15950000	0.0036326020015396	41568	151	41568	0
PflaKGBDf	OZ251424.1	15900001	15950000	0.0038972286374133	41568	162	41568	0
PflaHELAf	OZ251424.1	15900001	15950000	0.004667051578137	41568	194	41568	0
PflaHELEm	OZ251424.1	15900001	15950000	0.0055090454195535	41568	229	41568	0
PflaHELAf	OZ251424.1	15950001	16000000	0.0056668793873643	39175	222	39175	0
PflaKGBHm	OZ251424.1	15950001	16000000	0.0035737077217613	39175	140	39175	0
PflaHELEm	OZ251424.1	15950001	16000000	0.0046202935545628	39175	181	39175	0
PflaKGBDf	OZ251424.1	15950001	16000000	0.0055155507890301	39162	216	39162	13
PflaHELAf	OZ251424.1	16000001	16050000	0.0068680566956712	36546	251	36546	0
PflaKGBDf	OZ251424.1	16000001	16050000	0.0035024352870355	36546	128	36546	0
PflaHELEm	OZ251424.1	16000001	16050000	0.0056640945657527	36546	207	36546	0
PflaKGBHm	OZ251424.1	16000001	16050000	0.0012860504569583	36546	47	36546	0
PflaKGBHm	OZ251424.1	16050001	16100000	0.0012698927345924	37011	47	37011	0
PflaHELAf	OZ251424.1	16050001	16100000	0.0052687038988408	37011	195	37011	0
PflaKGBDf	OZ251424.1	16050001	16100000	0.0048634189835454	37011	180	37011	0
PflaHELEm	OZ251424.1	16050001	16100000	0.0042149631190727	37011	156	37011	0
PflaKGBHm	OZ251424.1	16100001	16150000	0.0058646017195239	35126	206	35126	0
PflaHELAf	OZ251424.1	16100001	16150000	0.0074588623811421	35126	262	35126	0
PflaKGBDf	OZ251424.1	16100001	16150000	0.0056176571233032	35068	197	35068	58
PflaHELEm	OZ251424.1	16100001	16150000	0.0081990548311791	35126	288	35126	0
PflaHELAf	OZ251424.1	16150001	16200000	0.0049697493517718	32396	161	32396	0
PflaKGBHm	OZ251424.1	16150001	16200000	0.0010803802938634	32396	35	32396	0
PflaHELEm	OZ251424.1	16150001	16200000	0.0068835658723299	32396	223	32396	0
PflaKGBDf	OZ251424.1	16150001	16200000	0.0012038523274478	32396	39	32396	0
PflaKGBHm	OZ251424.1	16200001	16250000	0.0021710086840347	41916	91	41916	0
PflaHELEm	OZ251424.1	16200001	16250000	0.0063460253841015	41916	266	41916	0
PflaKGBDf	OZ251424.1	16200001	16250000	0.0032922988834812	41916	138	41916	0
PflaHELAf	OZ251424.1	16200001	16250000	0.0055587365206603	41916	233	41916	0
PflaKGBHm	OZ251424.1	16250001	16300000	0.0011107081331036	44116	49	44116	3
PflaHELEm	OZ251424.1	16250001	16300000	0.0017452798114191	44119	77	44119	0
PflaKGBDf	OZ251424.1	16250001	16300000	0.0035585575375688	44119	157	44119	0
PflaHELAf	OZ251424.1	16250001	16300000	0.0023345950724177	44119	103	44119	0
PflaKGBHm	OZ251424.1	16300001	16350000	0.0041948683634866	38857	163	38857	0
PflaHELEm	OZ251424.1	16300001	16350000	0.00718017345652	38857	279	38857	0
PflaKGBDf	OZ251424.1	16300001	16350000	0.0050956069691432	38857	198	38857	0
PflaHELAf	OZ251424.1	16300001	16350000	0.0053014900790076	38857	206	38857	0
PflaKGBDf	OZ251424.1	16350001	16400000	0.0025587238652866	43381	111	43381	0
PflaHELAf	OZ251424.1	16350001	16400000	0.0019593831400843	43381	85	43381	0
PflaKGBHm	OZ251424.1	16350001	16400000	0.0016597127774832	43381	72	43381	0
PflaHELEm	OZ251424.1	16350001	16400000	0.0050713445978654	43381	220	43381	0
PflaHELAf	OZ251424.1	16400001	16450000	0.0005756415081807	45167	26	45167	0
PflaKGBHm	OZ251424.1	16400001	16450000	0.002039097477725	45118	92	45118	49
PflaHELEm	OZ251424.1	16400001	16450000	0.0022361458587021	45167	101	45167	0
PflaKGBDf	OZ251424.1	16400001	16450000	0.0007306219142294	45167	33	45167	0
PflaKGBHm	OZ251424.1	16450001	16500000	0.0047538589306681	34919	166	34919	0
PflaKGBDf	OZ251424.1	16450001	16500000	0.0020332770125146	34919	71	34919	0
PflaHELAf	OZ251424.1	16450001	16500000	0.0046679458174632	34919	163	34919	0
PflaHELEm	OZ251424.1	16450001	16500000	0.0085626736160829	34919	299	34919	0
PflaHELAf	OZ251424.1	16500001	16550000	0.0043645756786247	44907	196	44907	0
PflaKGBDf	OZ251424.1	16500001	16550000	0.0041641614893001	44907	187	44907	0
PflaHELEm	OZ251424.1	16500001	16550000	0.0052330371656979	44907	235	44907	0
PflaKGBHm	OZ251424.1	16500001	16550000	0.0047208675707573	44907	212	44907	0
PflaKGBHm	OZ251424.1	16550001	16600000	0.0046822360532176	35026	164	35026	0
PflaHELEm	OZ251424.1	16550001	16600000	0.0081939130931308	35026	287	35026	0
PflaHELAf	OZ251424.1	16550001	16600000	0.0059955461657054	35026	210	35026	0
PflaKGBDf	OZ251424.1	16550001	16600000	0.0039970307771369	35026	140	35026	0
PflaHELAf	OZ251424.1	16600001	16650000	0.0041035755185138	31436	129	31436	0
PflaKGBHm	OZ251424.1	16600001	16650000	0.0033083089451584	31436	104	31436	0
PflaHELEm	OZ251424.1	16600001	16650000	0.0058213513169614	31436	183	31436	0
PflaKGBDf	OZ251424.1	16600001	16650000	0.0034355515968952	31436	108	31436	0
PflaKGBHm	OZ251424.1	16650001	16700000	0.004512745456763	24597	111	24597	0
PflaHELEm	OZ251424.1	16650001	16700000	0.0056104402975972	24597	138	24597	0
PflaKGBDf	OZ251424.1	16650001	16700000	0.003211773793552	24597	79	24597	0
PflaHELAf	OZ251424.1	16650001	16700000	0.0067487905029068	24597	166	24597	0
PflaKGBHm	OZ251424.1	16700001	16750000	0.0038629823800701	25369	98	25369	0
PflaHELEm	OZ251424.1	16700001	16750000	0.0075288738223816	25369	191	25369	0
PflaKGBDf	OZ251424.1	16700001	16750000	0.0018920730024833	25369	48	25369	0
PflaHELAf	OZ251424.1	16700001	16750000	0.0019709093775868	25369	50	25369	0
PflaHELEm	OZ251424.1	16750001	16800000	0.0058972418651984	38323	226	38323	0
PflaKGBDf	OZ251424.1	16750001	16800000	0.0036792526681105	38323	141	38323	0
PflaHELAf	OZ251424.1	16750001	16800000	0.0024267411215197	38323	93	38323	0
PflaKGBHm	OZ251424.1	16750001	16800000	0.0037053466586645	38323	142	38323	0
PflaHELAf	OZ251424.1	16800001	16850000	0.0028826355525051	43710	126	43710	0
PflaKGBDf	OZ251424.1	16800001	16850000	0.0023564401738732	43710	103	43710	0
PflaHELEm	OZ251424.1	16800001	16850000	0.0035460992907801	43710	155	43710	0
PflaKGBHm	OZ251424.1	16800001	16850000	0.0020366598778004	43699	89	43699	11
PflaKGBHm	OZ251424.1	16850001	16900000	0.0014514456859808	43405	63	43405	0
PflaHELEm	OZ251424.1	16850001	16900000	0.0041239488538186	43405	179	43405	0
PflaHELAf	OZ251424.1	16850001	16900000	0.0031332795760857	43405	136	43405	0
PflaKGBDf	OZ251424.1	16850001	16900000	0.0024651537841262	43405	107	43405	0
PflaKGBDf	OZ251424.1	16900001	16950000	0.002417721243275	45911	111	45911	0
PflaHELEm	OZ251424.1	16900001	16950000	0.0030493781446712	45911	140	45911	0
PflaKGBHm	OZ251424.1	16900001	16950000	0.0032018470519047	45911	147	45911	0
PflaHELAf	OZ251424.1	16900001	16950000	0.0026137526954324	45911	120	45911	0
PflaHELAf	OZ251424.1	16950001	17000000	0.0020247013565499	34573	70	34573	0
PflaKGBDf	OZ251424.1	16950001	17000000	0.0013305180343042	34573	46	34573	0
PflaHELEm	OZ251424.1	16950001	17000000	0.0043097214589419	34573	149	34573	0
PflaKGBHm	OZ251424.1	16950001	17000000	0.0007809562375263	34573	27	34573	0
PflaHELAf	OZ251424.1	17000001	17050000	0.0036447978793903	39234	143	39234	0
PflaKGBDf	OZ251424.1	17000001	17050000	0.0023449049293979	39234	92	39234	0
PflaHELEm	OZ251424.1	17000001	17050000	0.0055818932558495	39234	219	39234	0
PflaKGBHm	OZ251424.1	17000001	17050000	0.0036193097823316	39234	142	39234	0
PflaHELAf	OZ251424.1	17050001	17100000	0.0057385297397264	36769	211	36769	15
PflaKGBDf	OZ251424.1	17050001	17100000	0.0045128316659417	36784	166	36784	0
PflaHELEm	OZ251424.1	17050001	17100000	0.0066605045672031	36784	245	36784	0
PflaKGBHm	OZ251424.1	17050001	17100000	0.0057633753806002	36784	212	36784	0
PflaKGBHm	OZ251424.1	17100001	17150000	0.0048101574899279	40955	197	40955	0
PflaHELEm	OZ251424.1	17100001	17150000	0.0056415767107898	40946	231	40946	9
PflaKGBDf	OZ251424.1	17100001	17150000	0.0049078256623122	40955	201	40955	0
PflaHELAf	OZ251424.1	17100001	17150000	0.0047124893175436	40955	193	40955	0
PflaHELAf	OZ251424.1	17150001	17200000	0.0014407814407814	40950	59	40950	61
PflaKGBDf	OZ251424.1	17150001	17200000	0.0045597522615883	41011	187	41011	0
PflaHELEm	OZ251424.1	17150001	17200000	0.0058277047621369	41011	239	41011	0
PflaKGBHm	OZ251424.1	17150001	17200000	0.0046572870693228	41011	191	41011	0
PflaKGBHm	OZ251424.1	17200001	17250000	0.0031869868951098	39222	125	39222	0
PflaHELEm	OZ251424.1	17200001	17250000	0.0052266585079802	39222	205	39222	0
PflaKGBDf	OZ251424.1	17200001	17250000	0.0029830197338228	39222	117	39222	0
PflaHELAf	OZ251424.1	17200001	17250000	0.0045637652337973	39222	179	39222	0
PflaHELEm	OZ251424.1	17250001	17300000	0.0060809808671577	40454	246	40454	0
PflaKGBDf	OZ251424.1	17250001	17300000	0.0044494981954812	40454	180	40454	0
PflaHELAf	OZ251424.1	17250001	17300000	0.0043265427215189	40448	175	40448	6
PflaKGBHm	OZ251424.1	17250001	17300000	0.0038562317694171	40454	156	40454	0
PflaKGBDf	OZ251424.1	17300001	17350000	0.0023667195315359	40985	97	40985	0
PflaKGBHm	OZ251424.1	17300001	17350000	0.0042454556545077	40985	174	40985	0
PflaHELEm	OZ251424.1	17300001	17350000	0.0062461876296205	40985	256	40985	0
PflaHELAf	OZ251424.1	17300001	17350000	0.0034646822008051	40985	142	40985	0
PflaHELEm	OZ251424.1	17350001	17400000	0.0064199212100578	41122	264	41122	0
PflaKGBDf	OZ251424.1	17350001	17400000	0.0046690336073148	41122	192	41122	0
PflaHELAf	OZ251424.1	17350001	17400000	0.0044744905403433	41122	184	41122	0
PflaKGBHm	OZ251424.1	17350001	17400000	0.0027965565877146	41122	115	41122	0
PflaKGBDf	OZ251424.1	17400001	17450000	0.0048198198198198	44400	214	44400	0
PflaHELAf	OZ251424.1	17400001	17450000	0.001081081081081	44400	48	44400	0
PflaHELEm	OZ251424.1	17400001	17450000	0.0046171171171171	44400	205	44400	0
PflaKGBHm	OZ251424.1	17400001	17450000	0.002276620683437	44364	101	44364	36
PflaHELEm	OZ251424.1	17450001	17500000	0.0042357834931263	39426	167	39426	0
PflaKGBDf	OZ251424.1	17450001	17500000	0.0023334855171714	39426	92	39426	0
PflaHELAf	OZ251424.1	17450001	17500000	0.0040582356820372	39426	160	39426	0
PflaKGBHm	OZ251424.1	17450001	17500000	0.0015773271936296	39307	62	39307	119
PflaKGBHm	OZ251424.1	17500001	17550000	0.0038936111872772	36470	142	36470	0
PflaHELEm	OZ251424.1	17500001	17550000	0.0063339731285988	36470	231	36470	0
PflaKGBDf	OZ251424.1	17500001	17550000	0.0022210035645736	36470	81	36470	0
PflaHELAf	OZ251424.1	17500001	17550000	0.0045242665204277	36470	165	36470	0
PflaHELAf	OZ251424.1	17550001	17600000	0.0039704239081334	42061	167	42061	0
PflaKGBHm	OZ251424.1	17550001	17600000	0.0035424740258196	42061	149	42061	0
PflaHELEm	OZ251424.1	17550001	17600000	0.0037564489669765	42061	158	42061	0
PflaKGBDf	OZ251424.1	17550001	17600000	0.0043508238035234	42061	183	42061	0
PflaKGBHm	OZ251424.1	17600001	17650000	0.0040189590022497	45783	184	45783	0
PflaHELEm	OZ251424.1	17600001	17650000	0.0047179083939453	45783	216	45783	0
PflaKGBDf	OZ251424.1	17600001	17650000	0.0036913264748924	45783	169	45783	0
PflaHELAf	OZ251424.1	17600001	17650000	0.0039315903282877	45783	180	45783	0
PflaHELEm	OZ251424.1	17650001	17700000	0.0040243036376548	38019	153	38019	1
PflaKGBHm	OZ251424.1	17650001	17700000	0.0015781167806417	38020	60	38020	0
PflaHELAf	OZ251424.1	17650001	17700000	0.0032088374539715	38020	122	38020	0
PflaKGBDf	OZ251424.1	17650001	17700000	0.0024461453483784	38019	93	38019	1
PflaHELEm	OZ251424.1	17700001	17750000	0.0045060421929405	43941	198	43941	0
PflaHELAf	OZ251424.1	17700001	17750000	0.0028447236066543	43941	125	43941	0
PflaKGBDf	OZ251424.1	17700001	17750000	0.0022544576776808	43913	99	43913	28
PflaKGBHm	OZ251424.1	17700001	17750000	0.0023212944630299	43941	102	43941	0
PflaKGBHm	OZ251424.1	17750001	17800000	0.002902612351116	39964	116	39964	0
PflaHELAf	OZ251424.1	17750001	17800000	0.0040036032429186	39964	160	39964	0
PflaKGBDf	OZ251424.1	17750001	17800000	0.0042788509658692	39964	171	39964	0
PflaHELEm	OZ251424.1	17750001	17800000	0.0047292563306976	39964	189	39964	0
PflaHELAf	OZ251424.1	17800001	17850000	0.0013428934557924	41701	56	41701	0
PflaKGBDf	OZ251424.1	17800001	17850000	0.0019663797031246	41701	82	41701	0
PflaKGBHm	OZ251424.1	17800001	17850000	0.0006474664876142	41701	27	41701	0
PflaHELEm	OZ251424.1	17800001	17850000	0.0029975300352509	41701	125	41701	0
PflaKGBHm	OZ251424.1	17850001	17900000	0.0015087573524588	45733	69	45733	0
PflaHELEm	OZ251424.1	17850001	17900000	0.0018586141298405	45733	85	45733	0
PflaKGBDf	OZ251424.1	17850001	17900000	0.0012900968665952	45733	59	45733	0
PflaHELAf	OZ251424.1	17850001	17900000	0.0012244987208361	45733	56	45733	0
PflaHELAf	OZ251424.1	17900001	17950000	0.0030888553198205	44353	137	44353	0
PflaKGBHm	OZ251424.1	17900001	17950000	0.0027506594818839	44353	122	44353	0
PflaKGBDf	OZ251424.1	17900001	17950000	0.0027732058710797	44353	123	44353	0
PflaHELEm	OZ251424.1	17900001	17950000	0.0041259892228259	44353	183	44353	0
PflaHELEm	OZ251424.1	17950001	18000000	0.0039208046172953	41063	161	41063	0
PflaKGBDf	OZ251424.1	17950001	18000000	0.0021431006770249	41062	88	41062	1
PflaHELAf	OZ251424.1	17950001	18000000	0.002922338845189	41063	120	41063	0
PflaKGBHm	OZ251424.1	17950001	18000000	0.0022891654287314	41063	94	41063	0
PflaHELAf	OZ251424.1	18000001	18050000	0.0021359914560341	44944	96	44944	0
PflaKGBDf	OZ251424.1	18000001	18050000	0.0022027411890352	44944	99	44944	0
PflaHELEm	OZ251424.1	18000001	18050000	0.0022924039082148	44931	103	44931	13
PflaKGBHm	OZ251424.1	18000001	18050000	0.0029369882520469	44944	132	44944	0
PflaHELAf	OZ251424.1	18050001	18100000	0.0022022022022022	39960	88	39960	0
PflaKGBDf	OZ251424.1	18050001	18100000	0.0002252252252252	39960	9	39960	0
PflaHELEm	OZ251424.1	18050001	18100000	0.0034534534534534	39960	138	39960	0
PflaKGBHm	OZ251424.1	18050001	18100000	0.0013513513513513	39960	54	39960	0
PflaKGBDf	OZ251424.1	18100001	18150000	0.0002138854429567	46754	10	46754	0
PflaHELEm	OZ251424.1	18100001	18150000	0.0026094024040723	46754	122	46754	0
PflaKGBHm	OZ251424.1	18100001	18150000	8.555417718270094e-05	46754	4	46754	0
PflaHELAf	OZ251424.1	18100001	18150000	6.416563288702571e-05	46754	3	46754	0
PflaHELAf	OZ251424.1	18150001	18200000	0.0001478633742422	47341	7	47341	0
PflaKGBDf	OZ251424.1	18150001	18200000	0.0004435901227266	47341	21	47341	0
PflaHELEm	OZ251424.1	18150001	18200000	0.003189624215796	47341	151	47341	0
PflaKGBHm	OZ251424.1	18150001	18200000	0.0005492068186138	47341	26	47341	0
PflaHELEm	OZ251424.1	18200001	18250000	0.0044266055045871	43600	193	43600	0
PflaHELAf	OZ251424.1	18200001	18250000	0.0005045871559633	43600	22	43600	0
PflaKGBDf	OZ251424.1	18200001	18250000	0.0015596330275229	43600	68	43600	0
PflaKGBHm	OZ251424.1	18200001	18250000	0.000940366972477	43600	41	43600	0
PflaHELAf	OZ251424.1	18250001	18300000	0.0057392389270118	32060	184	32060	0
PflaKGBDf	OZ251424.1	18250001	18300000	0.0046163443543356	32060	148	32060	0
PflaHELEm	OZ251424.1	18250001	18300000	0.0065194335267327	32058	209	32058	2
PflaKGBHm	OZ251424.1	18250001	18300000	0.0065502183406113	32060	210	32060	0
PflaHELAf	OZ251424.1	18300001	18350000	0.0032112582937829	42351	136	42351	0
PflaKGBHm	OZ251424.1	18300001	18350000	0.0011333852801586	42351	48	42351	0
PflaHELEm	OZ251424.1	18300001	18350000	0.0047224386673278	42351	200	42351	0
PflaKGBDf	OZ251424.1	18300001	18350000	0.0020070364336143	42351	85	42351	0
PflaHELEm	OZ251424.1	18350001	18400000	0.0069549440580586	36377	253	36377	0
PflaKGBDf	OZ251424.1	18350001	18400000	0.0031063584132831	36377	113	36377	0
PflaHELAf	OZ251424.1	18350001	18400000	0.0047282623635813	36377	172	36377	0
PflaKGBHm	OZ251424.1	18350001	18400000	0.0030788685158204	36377	112	36377	0
PflaKGBDf	OZ251424.1	18400001	18450000	0.0020217959465456	40558	82	40558	0
PflaHELEm	OZ251424.1	18400001	18450000	0.0063119483209231	40558	256	40558	0
PflaKGBHm	OZ251424.1	18400001	18450000	0.0053257063957788	40558	216	40558	0
PflaHELAf	OZ251424.1	18400001	18450000	0.0035258148823906	40558	143	40558	0
PflaKGBHm	OZ251424.1	18450001	18500000	0.0052198671306548	37932	198	37932	0
PflaHELAf	OZ251424.1	18450001	18500000	0.0061162079510703	37932	232	37932	0
PflaKGBDf	OZ251424.1	18450001	18500000	0.0056944005061689	37932	216	37932	0
PflaHELEm	OZ251424.1	18450001	18500000	0.008357060002109	37932	317	37932	0
PflaHELAf	OZ251424.1	18500001	18550000	0.0065446066611907	37741	247	37741	0
PflaKGBDf	OZ251424.1	18500001	18550000	0.0044778887681831	37741	169	37741	0
PflaHELEm	OZ251424.1	18500001	18550000	0.0098566545666516	37741	372	37741	0
PflaKGBHm	OZ251424.1	18500001	18550000	0.003550515354654	37741	134	37741	0
PflaHELAf	OZ251424.1	18550001	18600000	0.0043908542827892	43955	193	43955	0
PflaKGBDf	OZ251424.1	18550001	18600000	0.0037538391536799	43955	165	43955	0
PflaHELEm	OZ251424.1	18550001	18600000	0.0066431577749971	43955	292	43955	0
PflaKGBHm	OZ251424.1	18550001	18600000	0.0037083380730292	43955	163	43955	0
PflaHELAf	OZ251424.1	18600001	18650000	0.0045479155387114	18470	84	18470	0
PflaKGBDf	OZ251424.1	18600001	18650000	0.0043313481321061	18470	80	18470	0
PflaHELEm	OZ251424.1	18600001	18650000	0.0060638873849485	18470	112	18470	0
PflaKGBHm	OZ251424.1	18600001	18650000	0.0005955603681645	18470	11	18470	0
PflaHELEm	OZ251424.1	18650001	18700000	0.0061308360843495	14843	91	14843	0
PflaKGBHm	OZ251424.1	18650001	18700000	0.0078825035370208	14843	117	14843	0
PflaHELAf	OZ251424.1	18650001	18700000	0.006199460916442	14840	92	14840	3
PflaKGBDf	OZ251424.1	18650001	18700000	0.0093646836892811	14843	139	14843	0
PflaKGBDf	OZ251424.1	18700001	18750000	0.0062224370204796	16553	103	16553	0
PflaKGBHm	OZ251424.1	18700001	18750000	0.0045913127529752	16553	76	16553	0
PflaHELEm	OZ251424.1	18700001	18750000	0.0036851326043617	16553	61	16553	0
PflaHELAf	OZ251424.1	18700001	18750000	0.0033830725548238	16553	56	16553	0
PflaKGBDf	OZ251424.1	18750001	18800000	0.0048541332945002	20601	100	20601	0
PflaKGBHm	OZ251424.1	18750001	18800000	0.0056307946216203	20601	116	20601	0
PflaHELEm	OZ251424.1	18750001	18800000	0.0066501626134653	20601	137	20601	0
PflaHELAf	OZ251424.1	18750001	18800000	0.0049997572933352	20601	103	20601	0
PflaHELAf	OZ251424.1	18800001	18850000	0.0057160556400292	35514	203	35514	0
PflaKGBDf	OZ251424.1	18800001	18850000	0.0034352649659289	35514	122	35514	0
PflaHELEm	OZ251424.1	18800001	18850000	0.0078842146759024	35514	280	35514	0
PflaKGBHm	OZ251424.1	18800001	18850000	0.0033789491468153	35514	120	35514	0
PflaHELAf	OZ251424.1	18850001	18900000	0.0050500327316936	32079	162	32079	1
PflaKGBDf	OZ251424.1	18850001	18900000	0.0028990024937655	32080	93	32080	0
PflaHELEm	OZ251424.1	18850001	18900000	0.0086346633416458	32080	277	32080	0
PflaKGBHm	OZ251424.1	18850001	18900000	0.0052992518703241	32080	170	32080	0
PflaHELAf	OZ251424.1	18900001	18950000	0.0021303314347221	44594	95	44594	0
PflaKGBDf	OZ251424.1	18900001	18950000	0.0045746064492981	44594	204	44594	0
PflaKGBHm	OZ251424.1	18900001	18950000	0.0001345472485087	44594	6	44594	0
PflaHELEm	OZ251424.1	18900001	18950000	0.0037673229582455	44594	168	44594	0
PflaHELEm	OZ251424.1	18950001	19000000	0.0052264808362369	34440	180	34440	0
PflaKGBDf	OZ251424.1	18950001	19000000	0.0040360046457607	34440	139	34440	0
PflaHELAf	OZ251424.1	18950001	19000000	0.0045586527293844	34440	157	34440	0
PflaKGBHm	OZ251424.1	18950001	19000000	0.0009872241579558	34440	34	34440	0
PflaKGBHm	OZ251424.1	19000001	19050000	0.0050623052959501	35952	182	35952	0
PflaKGBDf	OZ251424.1	19000001	19050000	0.0049232309746328	35952	177	35952	0
PflaHELAf	OZ251424.1	19000001	19050000	0.0053960836671117	35952	194	35952	0
PflaHELEm	OZ251424.1	19000001	19050000	0.0094570538495772	35952	340	35952	0
PflaKGBDf	OZ251424.1	19050001	19100000	0.0069253731343283	33500	232	33500	0
PflaHELEm	OZ251424.1	19050001	19100000	0.0045074626865671	33500	151	33500	0
PflaHELAf	OZ251424.1	19050001	19100000	0.0063880597014925	33500	214	33500	0
PflaKGBHm	OZ251424.1	19050001	19100000	0.0059701492537313	33500	200	33500	0
PflaKGBHm	OZ251424.1	19100001	19150000	0.0022936948876089	39238	90	39238	147
PflaHELEm	OZ251424.1	19100001	19150000	0.0076425034911768	39385	301	39385	0
PflaKGBDf	OZ251424.1	19100001	19150000	0.0021581820490034	39385	85	39385	0
PflaHELAf	OZ251424.1	19100001	19150000	0.0062460327535863	39385	246	39385	0
PflaKGBHm	OZ251424.1	19150001	19200000	0.006788223222038	38007	258	38007	0
PflaHELEm	OZ251424.1	19150001	19200000	0.0077091062172757	38007	293	38007	0
PflaHELAf	OZ251424.1	19150001	19200000	0.0072355092482963	38007	275	38007	0
PflaKGBDf	OZ251424.1	19150001	19200000	0.0044465493198621	38007	169	38007	0
PflaHELEm	OZ251424.1	19200001	19250000	0.0073802816901408	35500	262	35500	0
PflaHELAf	OZ251424.1	19200001	19250000	0.0056901408450704	35500	202	35500	0
PflaKGBDf	OZ251424.1	19200001	19250000	0.0067605633802816	35500	240	35500	0
PflaKGBHm	OZ251424.1	19200001	19250000	0.0078309859154929	35500	278	35500	0
PflaKGBHm	OZ251424.1	19250001	19300000	0.002826575892043	32902	93	32902	0
PflaHELEm	OZ251424.1	19250001	19300000	0.0093307397726581	32902	307	32902	0
PflaKGBDf	OZ251424.1	19250001	19300000	0.0069305124931606	32898	228	32898	4
PflaHELAf	OZ251424.1	19250001	19300000	0.0046501732417482	32902	153	32902	0
PflaKGBHm	OZ251424.1	19300001	19350000	0.0041305029802363	38252	158	38252	0
PflaHELEm	OZ251424.1	19300001	19350000	0.0075813029384084	38252	290	38252	0
PflaKGBDf	OZ251424.1	19300001	19350000	0.0028495242078845	38252	109	38252	0
PflaHELAf	OZ251424.1	19300001	19350000	0.006797030220642	38252	260	38252	0
PflaHELEm	OZ251424.1	19350001	19400000	0.0086515881844024	32364	280	32364	41
PflaHELAf	OZ251424.1	19350001	19400000	0.0051242475690693	32395	166	32395	10
PflaKGBDf	OZ251424.1	19350001	19400000	0.0053097345132743	32205	171	32205	200
PflaKGBHm	OZ251424.1	19350001	19400000	0.0070976701126369	32405	230	32405	0
PflaHELAf	OZ251424.1	19400001	19450000	0.0043875382874803	36239	159	36239	0
PflaKGBDf	OZ251424.1	19400001	19450000	0.0050222136372416	36239	182	36239	0
PflaHELEm	OZ251424.1	19400001	19450000	0.0059328347912469	36239	215	36239	0
PflaKGBHm	OZ251424.1	19400001	19450000	0.0025670043335449	36229	93	36229	10
PflaKGBHm	OZ251424.1	19450001	19500000	0.0051993610423779	31927	166	31927	0
PflaHELEm	OZ251424.1	19450001	19500000	0.0049801108779403	31927	159	31927	0
PflaHELAf	OZ251424.1	19450001	19500000	0.0053246468506279	31927	170	31927	0
PflaKGBDf	OZ251424.1	19450001	19500000	0.0068280765496288	31927	218	31927	0
PflaKGBHm	OZ251424.1	19500001	19550000	0.0050885905217337	32622	166	32622	0
PflaHELEm	OZ251424.1	19500001	19550000	0.0071730733860584	32622	234	32622	0
PflaKGBDf	OZ251424.1	19500001	19550000	0.0026370661106341	32612	86	32612	10
PflaHELAf	OZ251424.1	19500001	19550000	0.0084298939366071	32622	275	32622	0
PflaHELEm	OZ251424.1	19550001	19600000	0.0106359614720923	31873	339	31873	0
PflaKGBDf	OZ251424.1	19550001	19600000	0.0064945251466758	31873	207	31873	0
PflaHELAf	OZ251424.1	19550001	19600000	0.0045217609746906	31846	144	31846	27
PflaKGBHm	OZ251424.1	19550001	19600000	0.0055893989826037	31846	178	31846	27
PflaKGBHm	OZ251424.1	19600001	19650000	0.0043968969669812	35707	157	35707	0
PflaHELEm	OZ251424.1	19600001	19650000	0.0068333940123785	35707	244	35707	0
PflaKGBDf	OZ251424.1	19600001	19650000	0.00576917691209	35707	206	35707	0
PflaHELAf	OZ251424.1	19600001	19650000	0.003201347935973	35610	114	35610	97
PflaHELEm	OZ251424.1	19650001	19700000	0.0086036333113496	33358	287	33358	0
PflaKGBDf	OZ251424.1	19650001	19700000	0.0043168055638827	33358	144	33358	0
PflaHELAf	OZ251424.1	19650001	19700000	0.0058456742010911	33358	195	33358	0
PflaKGBHm	OZ251424.1	19650001	19700000	0.0049484165067178	33344	165	33344	14
PflaHELAf	OZ251424.1	19700001	19750000	0.0028467460454984	40397	115	40397	0
PflaKGBHm	OZ251424.1	19700001	19750000	0.0020842120933925	40303	84	40303	94
PflaHELEm	OZ251424.1	19700001	19750000	0.0046538109265539	40397	188	40397	0
PflaKGBDf	OZ251424.1	19700001	19750000	0.002772483105181	40397	112	40397	0
PflaKGBHm	OZ251424.1	19750001	19800000	0.0007306866240063	45163	33	45163	0
PflaHELEm	OZ251424.1	19750001	19800000	0.0046055399331311	45163	208	45163	0
PflaKGBDf	OZ251424.1	19750001	19800000	0.0024799061178398	45163	112	45163	0
PflaHELAf	OZ251424.1	19750001	19800000	0.0035427230254854	45163	160	45163	0
PflaKGBDf	OZ251424.1	19800001	19850000	0.0023922394873145	45564	109	45564	0
PflaHELEm	OZ251424.1	19800001	19850000	0.0045211131595118	45564	206	45564	0
PflaHELAf	OZ251424.1	19800001	19850000	0.0037001145273544	45404	168	45404	160
PflaKGBHm	OZ251424.1	19800001	19850000	0.000746203142832	45564	34	45564	0
PflaHELAf	OZ251424.1	19850001	19900000	0.0012724706753348	43223	55	43223	0
PflaKGBDf	OZ251424.1	19850001	19900000	0.0027300279943548	43223	118	43223	0
PflaHELEm	OZ251424.1	19850001	19900000	0.0028225713161973	43223	122	43223	0
PflaKGBHm	OZ251424.1	19850001	19900000	0.0004858524396733	43223	21	43223	0
PflaHELEm	OZ251424.1	19900001	19950000	0.0058497226424609	39660	232	39660	0
PflaKGBHm	OZ251424.1	19900001	19950000	0.0012102874432677	39660	48	39660	0
PflaHELAf	OZ251424.1	19900001	19950000	0.0042864346949067	39660	170	39660	0
PflaKGBDf	OZ251424.1	19900001	19950000	0.0015128593040847	39660	60	39660	0
PflaKGBDf	OZ251424.1	19950001	20000000	0.002053388090349	41882	86	41882	0
PflaKGBHm	OZ251424.1	19950001	20000000	0.0039635165464877	41882	166	41882	0
PflaHELEm	OZ251424.1	19950001	20000000	0.004655938111838	41882	195	41882	0
PflaHELAf	OZ251424.1	19950001	20000000	0.0041067761806981	41882	172	41882	0
PflaHELAf	OZ251424.1	20000001	20050000	0.0034835173279372	39041	136	39041	0
PflaKGBDf	OZ251424.1	20000001	20050000	0.0024333393099562	39041	95	39041	0
PflaHELEm	OZ251424.1	20000001	20050000	0.0063266822058861	39041	247	39041	0
PflaKGBHm	OZ251424.1	20000001	20050000	0.002663866191952	39041	104	39041	0
PflaHELAf	OZ251424.1	20050001	20100000	0.0032448452949743	39139	127	39139	0
PflaKGBDf	OZ251424.1	20050001	20100000	0.002861595850686	39139	112	39139	0
PflaHELEm	OZ251424.1	20050001	20100000	0.0094279363294923	39139	369	39139	0
PflaKGBHm	OZ251424.1	20050001	20100000	0.0047011931832698	39139	184	39139	0
PflaKGBHm	OZ251424.1	20100001	20150000	0.0038134439030295	33041	126	33041	12
PflaHELEm	OZ251424.1	20100001	20150000	0.007835899918313	33053	259	33053	0
PflaKGBDf	OZ251424.1	20100001	20150000	0.0027228995855141	33053	90	33053	0
PflaHELAf	OZ251424.1	20100001	20150000	0.0042053671376274	33053	139	33053	0
PflaKGBDf	OZ251424.1	20150001	20200000	0.0007171364430032	32072	23	32072	0
PflaHELAf	OZ251424.1	20150001	20200000	0.002775006235969	32072	89	32072	0
PflaKGBHm	OZ251424.1	20150001	20200000	0.0028997256173609	32072	93	32072	0
PflaHELEm	OZ251424.1	20150001	20200000	0.006547767523073	32072	210	32072	0
PflaHELEm	OZ251424.1	20200001	20250000	0.0059499100594991	36135	215	36135	0
PflaKGBDf	OZ251424.1	20200001	20250000	0.006171302061713	36135	223	36135	0
PflaHELAf	OZ251424.1	20200001	20250000	0.0052580600525806	36135	190	36135	0
PflaKGBHm	OZ251424.1	20200001	20250000	0.0032101840321018	36135	116	36135	0
PflaKGBHm	OZ251424.1	20250001	20300000	0.0047756692220686	31828	152	31828	0
PflaKGBDf	OZ251424.1	20250001	20300000	0.0052484364687765	31819	167	31819	9
PflaHELEm	OZ251424.1	20250001	20300000	0.0075098193244304	31825	239	31825	3
PflaHELAf	OZ251424.1	20250001	20300000	0.0042239314083974	31724	134	31724	104
PflaKGBHm	OZ251424.1	20300001	20350000	0.0045476861063021	38701	176	38701	0
PflaHELEm	OZ251424.1	20300001	20350000	0.007260794294721	38701	281	38701	0
PflaKGBDf	OZ251424.1	20300001	20350000	0.0050386294927779	38701	195	38701	0
PflaHELAf	OZ251424.1	20300001	20350000	0.004935272990362	38701	191	38701	0
PflaKGBDf	OZ251424.1	20350001	20400000	0.0047716247382233	37723	180	37723	0
PflaHELAf	OZ251424.1	20350001	20400000	0.0051162420804283	37723	193	37723	0
PflaHELEm	OZ251424.1	20350001	20400000	0.0058584948174853	37723	221	37723	0
PflaKGBHm	OZ251424.1	20350001	20400000	0.0035257005010205	37723	133	37723	0
PflaKGBHm	OZ251424.1	20400001	20450000	0.0038290703017307	39174	150	39174	0
PflaKGBDf	OZ251424.1	20400001	20450000	0.0060244039413896	39174	236	39174	0
PflaHELEm	OZ251424.1	20400001	20450000	0.0070965436258743	39174	278	39174	0
PflaHELAf	OZ251424.1	20400001	20450000	0.0056925511819063	39174	223	39174	0
PflaKGBDf	OZ251424.1	20450001	20500000	0.0052236549088609	36373	190	36373	0
PflaHELEm	OZ251424.1	20450001	20500000	0.0070656805872487	36373	257	36373	0
PflaKGBHm	OZ251424.1	20450001	20500000	0.004371494556252	36372	159	36372	1
PflaHELAf	OZ251424.1	20450001	20500000	0.0066257938580815	36373	241	36373	0
PflaHELAf	OZ251424.1	20500001	20550000	0.0047976011994002	33350	160	33350	0
PflaKGBDf	OZ251424.1	20500001	20550000	0.0025787106446776	33350	86	33350	0
PflaHELEm	OZ251424.1	20500001	20550000	0.0049475262368815	33350	165	33350	0
PflaKGBHm	OZ251424.1	20500001	20550000	0.0002998860433035	33346	10	33346	4
PflaHELEm	OZ251424.1	20550001	20600000	0.0086247934810002	35711	308	35711	0
PflaKGBHm	OZ251424.1	20550001	20600000	0.0031922936910195	35711	114	35711	0
PflaKGBDf	OZ251424.1	20550001	20600000	0.0035283246058637	35711	126	35711	0
PflaHELAf	OZ251424.1	20550001	20600000	0.0064685951107501	35711	231	35711	0
PflaHELAf	OZ251424.1	20600001	20650000	0.0048084672003438	37226	179	37226	17
PflaHELEm	OZ251424.1	20600001	20650000	0.0083237118384662	37243	310	37243	0
PflaKGBHm	OZ251424.1	20600001	20650000	0.0048868243696802	37243	182	37243	0
PflaKGBDf	OZ251424.1	20600001	20650000	0.0055069037769301	37226	205	37226	17
PflaHELAf	OZ251424.1	20650001	20700000	0.0016884977486696	39088	66	39088	0
PflaKGBDf	OZ251424.1	20650001	20700000	0.0060376586164551	39088	236	39088	0
PflaHELEm	OZ251424.1	20650001	20700000	0.00688190749079	39088	269	39088	0
PflaKGBHm	OZ251424.1	20650001	20700000	0.0049375767498976	39088	193	39088	0
PflaHELEm	OZ251424.1	20700001	20750000	0.0072677273620113	35637	259	35637	0
PflaKGBHm	OZ251424.1	20700001	20750000	0.0041529870640065	35637	148	35637	0
PflaHELAf	OZ251424.1	20700001	20750000	0.0053597485688629	35636	191	35636	1
PflaKGBDf	OZ251424.1	20700001	20750000	0.0058646911917389	35637	209	35637	0
PflaHELEm	OZ251424.1	20750001	20800000	0.0057413376309427	39712	228	39712	0
PflaKGBDf	OZ251424.1	20750001	20800000	0.0029210314262691	39712	116	39712	0
PflaHELAf	OZ251424.1	20750001	20800000	0.0026718423108915	39673	106	39673	39
PflaKGBHm	OZ251424.1	20750001	20800000	0.0007554391619661	39712	30	39712	0
PflaKGBHm	OZ251424.1	20800001	20850000	0.0036883723398609	37686	139	37686	33
PflaKGBDf	OZ251424.1	20800001	20850000	0.0026515352389033	37714	100	37714	5
PflaHELEm	OZ251424.1	20800001	20850000	0.009120072112198	37719	344	37719	0
PflaHELAf	OZ251424.1	20800001	20850000	0.0070521487844322	37719	266	37719	0
PflaHELAf	OZ251424.1	20850001	20900000	0.0075038935296616	28252	212	28252	0
PflaKGBDf	OZ251424.1	20850001	20900000	0.0066190004247486	28252	187	28252	0
PflaHELEm	OZ251424.1	20850001	20900000	0.0093444711878805	28252	264	28252	0
PflaKGBHm	OZ251424.1	20850001	20900000	0.0060172731134079	28252	170	28252	0
PflaKGBDf	OZ251424.1	20900001	20950000	0.0043466299862448	36350	158	36350	0
PflaKGBHm	OZ251424.1	20900001	20950000	0.0024759284731774	36350	90	36350	0
PflaHELEm	OZ251424.1	20900001	20950000	0.0068775790921595	36350	250	36350	0
PflaHELAf	OZ251424.1	20900001	20950000	0.0062173314993122	36350	226	36350	0
PflaHELEm	OZ251424.1	20950001	21000000	0.0081773521547167	32162	263	32162	0
PflaKGBDf	OZ251424.1	20950001	21000000	0.0033580001243703	32162	108	32162	0
PflaHELAf	OZ251424.1	20950001	21000000	0.0041042223742304	32162	132	32162	0
PflaKGBHm	OZ251424.1	20950001	21000000	0.0056899446551831	32162	183	32162	0
PflaKGBHm	OZ251424.1	21000001	21050000	0.0021841026773663	40749	89	40749	0
PflaHELEm	OZ251424.1	21000001	21050000	0.0037547855109453	40748	153	40748	1
PflaKGBDf	OZ251424.1	21000001	21050000	0.0034356671329357	40749	140	40749	0
PflaHELAf	OZ251424.1	21000001	21050000	0.0033129647353309	40749	135	40749	0
PflaHELAf	OZ251424.1	21050001	21100000	0.0021650171298058	42032	91	42032	0
PflaKGBDf	OZ251424.1	21050001	21100000	0.0006423677198325	42032	27	42032	0
PflaHELEm	OZ251424.1	21050001	21100000	0.0042110772744575	42032	177	42032	0
PflaKGBHm	OZ251424.1	21050001	21100000	0.0025218880852683	42032	106	42032	0
PflaHELEm	OZ251424.1	21100001	21150000	0.0066963748042876	41515	278	41515	0
PflaKGBHm	OZ251424.1	21100001	21150000	0.0030109598940142	41515	125	41515	0
PflaKGBDf	OZ251424.1	21100001	21150000	0.00467300975551	41515	194	41515	0
PflaHELAf	OZ251424.1	21100001	21150000	0.0033000120438395	41515	137	41515	0
PflaHELAf	OZ251424.1	21150001	21200000	0.0009164263841391	44739	41	44739	0
PflaKGBDf	OZ251424.1	21150001	21200000	0.0024363530700283	44739	109	44739	0
PflaHELEm	OZ251424.1	21150001	21200000	0.0045150763316122	44739	202	44739	0
PflaKGBHm	OZ251424.1	21150001	21200000	0.0026598717003062	44739	119	44739	0
PflaHELAf	OZ251424.1	21200001	21250000	0.0012724514266138	40866	52	40866	0
PflaKGBDf	OZ251424.1	21200001	21250000	0.0046248715313463	40866	189	40866	0
PflaHELEm	OZ251424.1	21200001	21250000	0.00504086526697	40866	206	40866	0
PflaKGBHm	OZ251424.1	21200001	21250000	0.0033524201047325	40866	137	40866	0
PflaHELAf	OZ251424.1	21250001	21300000	0.0016182011399864	41404	67	41404	0
PflaKGBDf	OZ251424.1	21250001	21300000	0.002753357163559	41404	114	41404	0
PflaHELEm	OZ251424.1	21250001	21300000	0.004806298908318	41404	199	41404	0
PflaKGBHm	OZ251424.1	21250001	21300000	0.001497439860883	41404	62	41404	0
PflaHELAf	OZ251424.1	21300001	21350000	0.0044858930468657	42355	190	42355	94
PflaHELEm	OZ251424.1	21300001	21350000	0.0065725929939456	42449	279	42449	0
PflaKGBDf	OZ251424.1	21300001	21350000	0.0006831727484746	42449	29	42449	0
PflaKGBHm	OZ251424.1	21300001	21350000	0.0041697095337934	42449	177	42449	0
PflaHELAf	OZ251424.1	21350001	21400000	0.0018936216112562	41719	79	41719	19
PflaKGBDf	OZ251424.1	21350001	21400000	0.003138626671139	41738	131	41738	0
PflaHELEm	OZ251424.1	21350001	21400000	0.005726196751162	41738	239	41738	0
PflaKGBHm	OZ251424.1	21350001	21400000	0.0034980114044755	41738	146	41738	0
PflaKGBHm	OZ251424.1	21400001	21450000	0.002259578377573	40273	91	40273	0
PflaHELEm	OZ251424.1	21400001	21450000	0.0057358528046085	40273	231	40273	0
PflaKGBDf	OZ251424.1	21400001	21450000	0.0044943262235244	40273	181	40273	0
PflaHELAf	OZ251424.1	21400001	21450000	0.0042211903756859	40273	170	40273	0
PflaHELAf	OZ251424.1	21450001	21500000	0.0028313454464385	44855	127	44855	0
PflaKGBDf	OZ251424.1	21450001	21500000	0.001493701928436	44855	67	44855	0
PflaHELEm	OZ251424.1	21450001	21500000	0.0044365176680414	44855	199	44855	0
PflaKGBHm	OZ251424.1	21450001	21500000	0.0028090513878051	44855	126	44855	0
PflaKGBHm	OZ251424.1	21500001	21550000	0.0028995394849053	35178	102	35178	0
PflaHELEm	OZ251424.1	21500001	21550000	0.0031553812041616	35178	111	35178	0
PflaKGBDf	OZ251424.1	21500001	21550000	0.0015066234578429	35178	53	35178	0
PflaHELAf	OZ251424.1	21500001	21550000	0.0020751606117459	35178	73	35178	0
PflaKGBHm	OZ251424.1	21550001	21600000	0.0020875750624983	38801	81	38801	0
PflaHELEm	OZ251424.1	21550001	21600000	0.0029122960748434	38801	113	38801	0
PflaHELAf	OZ251424.1	21550001	21600000	0.002834978479936	38801	110	38801	0
PflaKGBDf	OZ251424.1	21550001	21600000	0.0032215664544728	38801	125	38801	0
PflaKGBHm	OZ251424.1	21600001	21650000	0.0031167714546724	37218	116	37218	0
PflaHELEm	OZ251424.1	21600001	21650000	0.0048363694986296	37218	180	37218	0
PflaKGBDf	OZ251424.1	21600001	21650000	0.0040840453543984	37218	152	37218	0
PflaHELAf	OZ251424.1	21600001	21650000	0.0034660648073512	37218	129	37218	0
PflaHELEm	OZ251424.1	21650001	21700000	0.0040924736428435	36897	151	36897	0
PflaKGBDf	OZ251424.1	21650001	21700000	0.0026018375477681	36897	96	36897	0
PflaHELAf	OZ251424.1	21650001	21700000	0.0007870382934838	36847	29	36847	50
PflaKGBHm	OZ251424.1	21650001	21700000	0.001951378160826	36897	72	36897	0
PflaKGBDf	OZ251424.1	21700001	21750000	0.0027929539162603	40817	114	40817	0
PflaHELAf	OZ251424.1	21700001	21750000	0.0033319450229071	40817	136	40817	0
PflaHELEm	OZ251424.1	21700001	21750000	0.0039199353210672	40817	160	40817	0
PflaKGBHm	OZ251424.1	21700001	21750000	0.0021069652350736	40817	86	40817	0
PflaHELEm	OZ251424.1	21750001	21800000	0.0065880721220527	40376	266	40376	0
PflaKGBDf	OZ251424.1	21750001	21800000	0.0048543689320388	40376	196	40376	0
PflaHELAf	OZ251424.1	21750001	21800000	0.0048048345551812	40376	194	40376	0
PflaKGBHm	OZ251424.1	21750001	21800000	0.0050029720626114	40376	202	40376	0
PflaHELAf	OZ251424.1	21800001	21850000	0.0051072750791739	44838	229	44838	0
PflaKGBDf	OZ251424.1	21800001	21850000	0.0028324189303715	44838	127	44838	0
PflaHELEm	OZ251424.1	21800001	21850000	0.0058878629733708	44838	264	44838	0
PflaKGBHm	OZ251424.1	21800001	21850000	0.0048842499665462	44838	219	44838	0
PflaKGBDf	OZ251424.1	21850001	21900000	0.0015636197797902	46047	72	46047	0
PflaHELAf	OZ251424.1	21850001	21900000	0.0022368449627554	46047	103	46047	0
PflaHELEm	OZ251424.1	21850001	21900000	0.0035615783872999	46047	164	46047	0
PflaKGBHm	OZ251424.1	21850001	21900000	0.0016504875453341	46047	76	46047	0
PflaHELEm	OZ251424.1	21900001	21950000	0.0076989911666747	41434	319	41434	0
PflaKGBHm	OZ251424.1	21900001	21950000	0.0040787758845392	41434	169	41434	0
PflaHELAf	OZ251424.1	21900001	21950000	0.0045856060240382	41434	190	41434	0
PflaKGBDf	OZ251424.1	21900001	21950000	0.0051889752377274	41434	215	41434	0
PflaKGBHm	OZ251424.1	21950001	22000000	0.0017278043593833	37620	65	37620	0
PflaHELEm	OZ251424.1	21950001	22000000	0.0068846358320042	37620	259	37620	0
PflaKGBDf	OZ251424.1	21950001	22000000	0.0056618819776714	37620	213	37620	0
PflaHELAf	OZ251424.1	21950001	22000000	0.0046783625730994	37620	176	37620	0
PflaHELEm	OZ251424.1	22000001	22050000	0.0095351609058402	33560	320	33560	0
PflaHELAf	OZ251424.1	22000001	22050000	0.0046800011923569	33547	157	33547	13
PflaKGBDf	OZ251424.1	22000001	22050000	0.0038438617401668	33560	129	33560	0
PflaKGBHm	OZ251424.1	22000001	22050000	0.001549463647199	33560	52	33560	0
PflaKGBHm	OZ251424.1	22050001	22100000	0.0074552957359009	36350	271	36350	0
PflaHELAf	OZ251424.1	22050001	22100000	0.0063548830811554	36350	231	36350	0
PflaKGBDf	OZ251424.1	22050001	22100000	0.0049243466299862	36350	179	36350	0
PflaHELEm	OZ251424.1	22050001	22100000	0.0097111416781292	36350	353	36350	0
PflaHELAf	OZ251424.1	22100001	22150000	0.0069461020671217	41894	291	41894	0
PflaKGBDf	OZ251424.1	22100001	22150000	0.0057048742063302	41894	239	41894	0
PflaKGBHm	OZ251424.1	22100001	22150000	0.0041533393803408	41894	174	41894	0
PflaHELEm	OZ251424.1	22100001	22150000	0.0079725020289301	41894	334	41894	0
PflaKGBHm	OZ251424.1	22150001	22200000	0.0045291123873558	42834	194	42834	3
PflaHELEm	OZ251424.1	22150001	22200000	0.0083806055512757	42837	359	42837	0
PflaKGBDf	OZ251424.1	22150001	22200000	0.0069332586315568	42837	297	42837	0
PflaHELAf	OZ251424.1	22150001	22200000	0.0064663725284216	42837	277	42837	0
PflaHELAf	OZ251424.1	22200001	22250000	0.003337005118901	30866	103	30866	0
PflaKGBHm	OZ251424.1	22200001	22250000	0.00171838018351	30843	53	30843	23
PflaKGBDf	OZ251424.1	22200001	22250000	0.0019500780031201	30768	60	30768	98
PflaHELEm	OZ251424.1	22200001	22250000	0.0069007969934555	30866	213	30866	0
PflaHELAf	OZ251424.1	22250001	22300000	0.0027107936732432	42423	115	42423	0
PflaHELEm	OZ251424.1	22250001	22300000	0.0067416260047615	42423	286	42423	0
PflaKGBDf	OZ251424.1	22250001	22300000	0.0020743464630035	42423	88	42423	0
PflaKGBHm	OZ251424.1	22250001	22300000	0.0021686349385946	42423	92	42423	0
PflaHELEm	OZ251424.1	22300001	22350000	0.007260845888546	44072	320	44072	0
PflaKGBHm	OZ251424.1	22300001	22350000	0.004243056816119	44072	187	44072	0
PflaHELAf	OZ251424.1	22300001	22350000	0.0063986204392811	44072	282	44072	0
PflaKGBDf	OZ251424.1	22300001	22350000	0.0055232293844894	43996	243	43996	76
PflaKGBHm	OZ251424.1	22350001	22400000	0.00442199944725	39801	176	39801	0
PflaKGBDf	OZ251424.1	22350001	22400000	0.00281399964825	39801	112	39801	0
PflaHELAf	OZ251424.1	22350001	22400000	0.0034923745634531	39801	139	39801	0
PflaHELEm	OZ251424.1	22350001	22400000	0.00602999924625	39801	240	39801	0
PflaHELEm	OZ251424.1	22400001	22450000	0.0082216154860876	32597	268	32597	0
PflaKGBDf	OZ251424.1	22400001	22450000	0.0063195999631867	32597	206	32597	0
PflaHELAf	OZ251424.1	22400001	22450000	0.0066263766604288	32597	216	32597	0
PflaKGBHm	OZ251424.1	22400001	22450000	0.0050924931742184	32597	166	32597	0
PflaKGBHm	OZ251424.1	22450001	22500000	0.0048440554091952	35301	171	35301	0
PflaHELEm	OZ251424.1	22450001	22500000	0.0070252967338035	35301	248	35301	0
PflaKGBDf	OZ251424.1	22450001	22500000	0.0035409761763122	35301	125	35301	0
PflaHELAf	OZ251424.1	22450001	22500000	0.0048723832186057	35301	172	35301	0
PflaKGBDf	OZ251424.1	22500001	22550000	0.0052516200525162	41511	218	41511	0
PflaHELAf	OZ251424.1	22500001	22550000	0.0053720700537207	41511	223	41511	0
PflaHELEm	OZ251424.1	22500001	22550000	0.0066970200669702	41511	278	41511	0
PflaKGBHm	OZ251424.1	22500001	22550000	0.0021440100214401	41511	89	41511	0
PflaHELEm	OZ251424.1	22550001	22600000	0.0059126143532205	42959	254	42959	0
PflaKGBHm	OZ251424.1	22550001	22600000	0.0030261412044041	42959	130	42959	0
PflaKGBDf	OZ251424.1	22550001	22600000	0.0042133196769012	42959	181	42959	0
PflaHELAf	OZ251424.1	22550001	22600000	0.0041202076398426	42959	177	42959	0
PflaKGBHm	OZ251424.1	22600001	22650000	0.003644903251058	40879	149	40879	0
PflaHELEm	OZ251424.1	22600001	22650000	0.0084150786467379	40879	344	40879	0
PflaHELAf	OZ251424.1	22600001	22650000	0.0045989383301939	40879	188	40879	0
PflaKGBDf	OZ251424.1	22600001	22650000	0.0044521637026346	40879	182	40879	0
PflaKGBDf	OZ251424.1	22650001	22700000	0.0042517415325486	41630	177	41630	0
PflaHELEm	OZ251424.1	22650001	22700000	0.0057170309872687	41630	238	41630	0
PflaKGBHm	OZ251424.1	22650001	22700000	0.0050204179678116	41630	209	41630	0
PflaHELAf	OZ251424.1	22650001	22700000	0.0026903675234206	41630	112	41630	0
PflaHELEm	OZ251424.1	22700001	22750000	0.0056756999282124	44576	253	44576	0
PflaHELAf	OZ251424.1	22700001	22750000	6.730078966259871e-05	44576	3	44576	0
PflaKGBDf	OZ251424.1	22700001	22750000	0.0026247307968413	44576	117	44576	0
PflaKGBHm	OZ251424.1	22700001	22750000	0.0043072505384063	44576	192	44576	0
PflaHELEm	OZ251424.1	22750001	22800000	0.0065433854907539	42180	276	42180	0
PflaHELAf	OZ251424.1	22750001	22800000	0.0041725936462778	42180	176	42180	0
PflaKGBDf	OZ251424.1	22750001	22800000	0.003461356092935	42180	146	42180	0
PflaKGBHm	OZ251424.1	22750001	22800000	0.0034641484363877	42146	146	42146	34
PflaHELAf	OZ251424.1	22800001	22850000	0.0040851477277745	45286	185	45286	40
PflaKGBDf	OZ251424.1	22800001	22850000	0.0043021665269381	45326	195	45326	0
PflaKGBHm	OZ251424.1	22800001	22850000	0.003243171689538	45326	147	45326	0
PflaHELEm	OZ251424.1	22800001	22850000	0.0055852355512384	45298	253	45298	28
PflaHELEm	OZ251424.1	22850001	22900000	0.0078178541513313	39397	308	39397	0
PflaKGBDf	OZ251424.1	22850001	22900000	0.0046959082140318	39396	185	39396	1
PflaHELAf	OZ251424.1	22850001	22900000	0.00350280478209	39397	138	39397	0
PflaKGBHm	OZ251424.1	22850001	22900000	0.0029951519151204	39397	118	39397	0
PflaHELEm	OZ251424.1	22900001	22950000	0.0054110620485464	39179	212	39179	0
PflaKGBHm	OZ251424.1	22900001	22950000	0.0050537277623216	39179	198	39179	0
PflaKGBDf	OZ251424.1	22900001	22950000	0.0044666785778095	39179	175	39179	0
PflaHELAf	OZ251424.1	22900001	22950000	0.0044156308226345	39179	173	39179	0
PflaKGBHm	OZ251424.1	22950001	23000000	0.0041407867494824	44436	184	44436	0
PflaHELAf	OZ251424.1	22950001	23000000	0.0041632910252948	44436	185	44436	0
PflaKGBDf	OZ251424.1	22950001	23000000	0.0053785219191646	44436	239	44436	0
PflaHELEm	OZ251424.1	22950001	23000000	0.004230803852732	44436	188	44436	0
PflaHELEm	OZ251424.1	23000001	23050000	0.0091861598440545	41040	377	41040	0
PflaHELAf	OZ251424.1	23000001	23050000	0.0052875243664717	41040	217	41040	0
PflaKGBDf	OZ251424.1	23000001	23050000	0.0061647173489278	41040	253	41040	0
PflaKGBHm	OZ251424.1	23000001	23050000	0.006578947368421	41040	270	41040	0
PflaHELAf	OZ251424.1	23050001	23100000	0.0070606335338882	36399	257	36399	0
PflaHELEm	OZ251424.1	23050001	23100000	0.0072529465095194	36399	264	36399	0
PflaKGBHm	OZ251424.1	23050001	23100000	0.0064562213247616	36399	235	36399	0
PflaKGBDf	OZ251424.1	23050001	23100000	0.0073213695915446	36332	266	36332	67
PflaKGBHm	OZ251424.1	23100001	23150000	0.005303291806571	31867	169	31867	0
PflaHELEm	OZ251424.1	23100001	23150000	0.0080333887720839	31867	256	31867	0
PflaKGBDf	OZ251424.1	23100001	23150000	0.0028869990899676	31867	92	31867	0
PflaHELAf	OZ251424.1	23100001	23150000	0.0064329871026453	31867	205	31867	0
PflaHELEm	OZ251424.1	23150001	23200000	0.0060639855021955	28694	174	28694	0
PflaHELAf	OZ251424.1	23150001	23200000	0.0052275737087892	28694	150	28694	0
PflaKGBDf	OZ251424.1	23150001	23200000	0.0050533212518296	28694	145	28694	0
PflaKGBHm	OZ251424.1	23150001	23200000	0.0047117129694262	28652	135	28652	42
PflaHELAf	OZ251424.1	23200001	23250000	0.0073515371395837	31422	231	31422	88
PflaKGBDf	OZ251424.1	23200001	23250000	0.0026658203744842	31510	84	31510	0
PflaHELEm	OZ251424.1	23200001	23250000	0.0080926689939701	31510	255	31510	0
PflaKGBHm	OZ251424.1	23200001	23250000	0.003237067597588	31510	102	31510	0
PflaHELEm	OZ251424.1	23250001	23300000	0.0073554567225453	35076	258	35076	0
PflaKGBHm	OZ251424.1	23250001	23300000	0.0061295472687877	35076	215	35076	0
PflaHELAf	OZ251424.1	23250001	23300000	0.00558786634736	35076	196	35076	0
PflaKGBDf	OZ251424.1	23250001	23300000	0.0029649903067624	35076	104	35076	0
PflaHELAf	OZ251424.1	23300001	23350000	0.0035210283638395	35785	126	35785	27
PflaKGBDf	OZ251424.1	23300001	23350000	0.0043297298807229	35799	155	35799	13
PflaHELEm	OZ251424.1	23300001	23350000	0.0076510666815592	35812	274	35812	0
PflaKGBHm	OZ251424.1	23300001	23350000	0.0047856263293406	35732	171	35732	80
PflaHELAf	OZ251424.1	23350001	23400000	0.0066127616898583	31908	211	31908	8
PflaKGBDf	OZ251424.1	23350001	23400000	0.0055144754981827	31916	176	31916	0
PflaKGBHm	OZ251424.1	23350001	23400000	0.0024902282183835	31724	79	31724	192
PflaHELEm	OZ251424.1	23350001	23400000	0.0069244266198771	31916	221	31916	0
PflaKGBHm	OZ251424.1	23400001	23450000	0.0021703562723296	29949	65	29949	0
PflaHELEm	OZ251424.1	23400001	23450000	0.0065110688169888	29949	195	29949	0
PflaKGBDf	OZ251424.1	23400001	23450000	0.0058766569835386	29949	176	29949	0
PflaHELAf	OZ251424.1	23400001	23450000	0.0046412234131356	29949	139	29949	0
PflaHELEm	OZ251424.1	23450001	23500000	0.0075555285835659	32956	249	32956	0
PflaKGBHm	OZ251424.1	23450001	23500000	0.0030646923170287	32956	101	32956	0
PflaHELAf	OZ251424.1	23450001	23500000	0.0029433183638791	32956	97	32956	0
PflaKGBDf	OZ251424.1	23450001	23500000	0.0057652627746085	32956	190	32956	0
PflaHELAf	OZ251424.1	23500001	23550000	0.0045714285714285	41125	188	41125	0
PflaKGBDf	OZ251424.1	23500001	23550000	0.003112462006079	41125	128	41125	0
PflaKGBHm	OZ251424.1	23500001	23550000	0.0026018237082066	41125	107	41125	0
PflaHELEm	OZ251424.1	23500001	23550000	0.004498480243161	41125	185	41125	0
PflaKGBHm	OZ251424.1	23550001	23600000	0.0019481114778144	43632	85	43632	0
PflaKGBDf	OZ251424.1	23550001	23600000	0.0023606527319398	43632	103	43632	0
PflaHELEm	OZ251424.1	23550001	23600000	0.0063714704803813	43632	278	43632	0
PflaHELAf	OZ251424.1	23550001	23600000	0.0049734140080674	43632	217	43632	0
PflaKGBHm	OZ251424.1	23600001	23650000	0.0048194921683252	44818	216	44818	0
PflaHELAf	OZ251424.1	23600001	23650000	0.004529430139676	44818	203	44818	0
PflaKGBDf	OZ251424.1	23600001	23650000	0.0052880539069124	44818	237	44818	0
PflaHELEm	OZ251424.1	23600001	23650000	0.0071623008612611	44818	321	44818	0
PflaHELEm	OZ251424.1	23650001	23700000	0.0028853251023283	44709	129	44709	0
PflaKGBHm	OZ251424.1	23650001	23700000	0.0025721890447113	44709	115	44709	0
PflaHELAf	OZ251424.1	23650001	23700000	0.0028405913798116	44709	127	44709	0
PflaKGBDf	OZ251424.1	23650001	23700000	0.0033550291887539	44709	150	44709	0
PflaKGBHm	OZ251424.1	23700001	23750000	0.0003690490835281	32516	12	32516	43
PflaHELEm	OZ251424.1	23700001	23750000	0.0026106452900887	32559	85	32559	0
PflaKGBDf	OZ251424.1	23700001	23750000	0.0039620381461347	32559	129	32559	0
PflaHELAf	OZ251424.1	23700001	23750000	0.0036561386260292	32548	119	32548	11
PflaHELAf	OZ251424.1	23750001	23800000	0.0025992890180038	26161	68	26161	0
PflaHELEm	OZ251424.1	23750001	23800000	0.0039753832040059	26161	104	26161	0
PflaKGBDf	OZ251424.1	23750001	23800000	0.0046634302970069	26161	122	26161	0
PflaKGBHm	OZ251424.1	23750001	23800000	0.0002293490310003	26161	6	26161	0
PflaHELAf	OZ251424.1	23800001	23850000	0.0026004847505554	39608	103	39608	0
PflaKGBHm	OZ251424.1	23800001	23850000	0.0016158351848111	39608	64	39608	0
PflaHELEm	OZ251424.1	23800001	23850000	0.0025501186688885	39606	101	39606	2
PflaKGBDf	OZ251424.1	23800001	23850000	0.003559886891537	39608	141	39608	0
PflaHELEm	OZ251424.1	23850001	23900000	0.0033505800834226	43873	147	43873	0
PflaKGBDf	OZ251424.1	23850001	23900000	0.002302099240991	43873	101	43873	0
PflaHELAf	OZ251424.1	23850001	23900000	0.002370478426367	43873	104	43873	0
PflaKGBHm	OZ251424.1	23850001	23900000	0.0015955143254393	43873	70	43873	0
PflaKGBDf	OZ251424.1	23900001	23950000	0.0008801073730995	45449	40	45449	0
PflaHELAf	OZ251424.1	23900001	23950000	0.0040264912319302	45449	183	45449	0
PflaKGBHm	OZ251424.1	23900001	23950000	0.0015841932715791	45449	72	45449	0
PflaHELEm	OZ251424.1	23900001	23950000	0.0047525798147373	45449	216	45449	0
PflaKGBHm	OZ251424.1	23950001	24000000	0.0046959695164493	37266	175	37266	0
PflaHELEm	OZ251424.1	23950001	24000000	0.0072183759995706	37266	269	37266	0
PflaKGBDf	OZ251424.1	23950001	24000000	0.0061450115386679	37266	229	37266	0
PflaHELAf	OZ251424.1	23950001	24000000	0.0073257124456609	37266	273	37266	0
PflaKGBHm	OZ251424.1	24000001	24050000	0.0098159160099012	35147	345	35147	24
PflaHELAf	OZ251424.1	24000001	24050000	0.0146041506533435	35127	513	35127	44
PflaKGBDf	OZ251424.1	24000001	24050000	0.0109180859230616	35171	384	35171	0
PflaHELEm	OZ251424.1	24000001	24050000	0.0116887549058642	35162	411	35162	9
PflaKGBHm	OZ251424.1	24050001	24100000	0.0046667343004971	39428	184	39428	0
PflaHELEm	OZ251424.1	24050001	24100000	0.0054276148929694	39428	214	39428	0
PflaKGBDf	OZ251424.1	24050001	24100000	0.0046924540266328	39425	185	39425	3
PflaHELAf	OZ251424.1	24050001	24100000	0.0045406118411039	39422	179	39422	6
PflaHELEm	OZ251424.1	24100001	24150000	0.0046856696602889	38415	180	38415	0
PflaKGBHm	OZ251424.1	24100001	24150000	0.0026817329722974	38408	103	38408	7
PflaKGBDf	OZ251424.1	24100001	24150000	0.0024990238188207	38415	96	38415	0
PflaHELAf	OZ251424.1	24100001	24150000	0.0041129767018091	38415	158	38415	0
PflaKGBHm	OZ251424.1	24150001	24200000	0.0006165666721999	42169	26	42169	0
PflaHELEm	OZ251424.1	24150001	24200000	0.0039365410609689	42169	166	42169	0
PflaKGBDf	OZ251424.1	24150001	24200000	0.0012094192416229	42169	51	42169	0
PflaHELAf	OZ251424.1	24150001	24200000	0.0027271218193459	42169	115	42169	0
PflaKGBHm	OZ251424.1	24200001	24250000	0.0	4507	0	4507	0
PflaHELEm	OZ251424.1	24200001	24250000	0.0006656312402928	4507	3	4507	0
PflaHELAf	OZ251424.1	24200001	24250000	0.0	4507	0	4507	0
PflaKGBDf	OZ251424.1	24200001	24250000	0.0002218770800976	4507	1	4507	0
PflaKGBDf	OZ251424.1	24250001	24300000	0.003644734318051	31278	114	31278	0
PflaHELEm	OZ251424.1	24250001	24300000	0.0064262420870899	31278	201	31278	0
PflaKGBHm	OZ251424.1	24250001	24300000	0.0062663853187543	31278	196	31278	0
PflaHELAf	OZ251424.1	24250001	24300000	0.0061065285504188	31278	191	31278	0
PflaHELAf	OZ251424.1	24300001	24350000	0.0058713511210019	42239	248	42239	0
PflaKGBHm	OZ251424.1	24300001	24350000	0.0061080991500745	42239	258	42239	0
PflaHELEm	OZ251424.1	24300001	24350000	0.006865692843107	42239	290	42239	0
PflaKGBDf	OZ251424.1	24300001	24350000	0.0031487487866663	42239	133	42239	0
PflaKGBHm	OZ251424.1	24350001	24400000	0.0060735548300364	41656	253	41656	0
PflaKGBDf	OZ251424.1	24350001	24400000	0.0025686575763395	41656	107	41656	0
PflaHELAf	OZ251424.1	24350001	24400000	0.0061695794123295	41656	257	41656	0
PflaHELEm	OZ251424.1	24350001	24400000	0.0078019973113116	41656	325	41656	0
PflaHELAf	OZ251424.1	24400001	24450000	0.0043703093538348	43704	191	43704	0
PflaKGBDf	OZ251424.1	24400001	24450000	0.000823723228995	43704	36	43704	0
PflaKGBHm	OZ251424.1	24400001	24450000	0.004599121361889	43704	201	43704	0
PflaHELEm	OZ251424.1	24400001	24450000	0.0051940325828299	43704	227	43704	0
PflaKGBHm	OZ251424.1	24450001	24500000	0.0031224702208858	43235	135	43235	0
PflaHELEm	OZ251424.1	24450001	24500000	0.0074707991210824	43235	323	43235	0
PflaKGBDf	OZ251424.1	24450001	24500000	0.0052508616502047	43231	227	43231	4
PflaHELAf	OZ251424.1	24450001	24500000	0.0052041170348097	43235	225	43235	0
PflaHELEm	OZ251424.1	24500001	24550000	0.0062624179472347	39761	249	39761	0
PflaKGBHm	OZ251424.1	24500001	24550000	0.0052061064862553	39761	207	39761	0
PflaHELAf	OZ251424.1	24500001	24550000	0.0062875682201151	39761	250	39761	0
PflaKGBDf	OZ251424.1	24500001	24550000	0.0061366665828324	39761	244	39761	0
PflaKGBDf	OZ251424.1	24550001	24600000	0.0041321315516033	41383	171	41383	0
PflaHELEm	OZ251424.1	24550001	24600000	0.0065485827513713	41383	271	41383	0
PflaKGBHm	OZ251424.1	24550001	24600000	0.0040354735036125	41383	167	41383	0
PflaHELAf	OZ251424.1	24550001	24600000	0.0036730058236473	41383	152	41383	0
PflaHELAf	OZ251424.1	24600001	24650000	0.0061343623231423	40428	248	40428	36
PflaKGBHm	OZ251424.1	24600001	24650000	0.0051403716884143	40464	208	40464	0
PflaHELEm	OZ251424.1	24600001	24650000	0.0073151443258204	40464	296	40464	0
PflaKGBDf	OZ251424.1	24600001	24650000	0.0051156583629893	40464	207	40464	0
PflaHELEm	OZ251424.1	24650001	24700000	0.0071295808250339	36047	257	36047	71
PflaKGBDf	OZ251424.1	24650001	24700000	0.0046791073702862	36118	169	36118	0
PflaHELAf	OZ251424.1	24650001	24700000	0.0052501458373843	35999	189	35999	119
PflaKGBHm	OZ251424.1	24650001	24700000	0.0071986267235173	36118	260	36118	0
PflaKGBHm	OZ251424.1	24700001	24750000	0.0043849139790099	41734	183	41734	0
PflaHELEm	OZ251424.1	24700001	24750000	0.0037619207360904	41734	157	41734	0
PflaHELAf	OZ251424.1	24700001	24750000	0.0039775722432549	41734	166	41734	0
PflaKGBDf	OZ251424.1	24700001	24750000	0.0012699477644127	41734	53	41734	0
PflaHELAf	OZ251424.1	24750001	24800000	0.0062361797808641	40249	251	40249	0
PflaKGBDf	OZ251424.1	24750001	24800000	0.0067579318740838	40249	272	40249	0
PflaHELEm	OZ251424.1	24750001	24800000	0.006161643767547	40249	248	40249	0
PflaKGBHm	OZ251424.1	24750001	24800000	0.0057144276876444	40249	230	40249	0
PflaKGBHm	OZ251424.1	24800001	24850000	0.0050270889768701	38392	193	38392	0
PflaHELEm	OZ251424.1	24800001	24850000	0.0071629506147113	38392	275	38392	0
PflaHELAf	OZ251424.1	24800001	24850000	0.0055219837466138	38392	212	38392	0
PflaKGBDf	OZ251424.1	24800001	24850000	0.0051573244425922	38392	198	38392	0
PflaHELEm	OZ251424.1	24850001	24900000	0.0074774341718741	37446	280	37446	0
PflaKGBHm	OZ251424.1	24850001	24900000	0.0058217166052448	37446	218	37446	0
PflaHELAf	OZ251424.1	24850001	24900000	0.0051273834321422	37446	192	37446	0
PflaKGBDf	OZ251424.1	24850001	24900000	0.0043529348929124	37446	163	37446	0
PflaKGBDf	OZ251424.1	24900001	24950000	0.0054212899630136	39474	214	39474	0
PflaHELAf	OZ251424.1	24900001	24950000	0.0056239550083599	39474	222	39474	0
PflaKGBHm	OZ251424.1	24900001	24950000	0.0054972893550184	39474	217	39474	0
PflaHELEm	OZ251424.1	24900001	24950000	0.0082839337285301	39474	327	39474	0
PflaKGBHm	OZ251424.1	24950001	25000000	0.0048319203177802	33734	163	33734	0
PflaHELEm	OZ251424.1	24950001	25000000	0.0081816564890021	33734	276	33734	0
PflaKGBDf	OZ251424.1	24950001	25000000	0.0038536787810517	33734	130	33734	0
PflaHELAf	OZ251424.1	24950001	25000000	0.0053951502934724	33734	182	33734	0
PflaHELAf	OZ251424.1	25000001	25050000	0.0058305737171322	35331	206	35331	0
PflaKGBDf	OZ251424.1	25000001	25050000	0.0055758399139565	35331	197	35331	0
PflaHELEm	OZ251424.1	25000001	25050000	0.0085194305284311	35331	301	35331	0
PflaKGBHm	OZ251424.1	25000001	25050000	0.0054626248903229	35331	193	35331	0
PflaKGBHm	OZ251424.1	25050001	25100000	0.0056758004508052	36823	209	36823	0
PflaHELEm	OZ251424.1	25050001	25100000	0.0080384542269777	36823	296	36823	0
PflaHELAf	OZ251424.1	25050001	25100000	0.0054042310512451	36823	199	36823	0
PflaKGBDf	OZ251424.1	25050001	25100000	0.0037748146538848	36823	139	36823	0
PflaKGBDf	OZ251424.1	25100001	25150000	0.007190838339301	33793	243	33793	0
PflaKGBHm	OZ251424.1	25100001	25150000	0.0068357352114343	33793	231	33793	0
PflaHELEm	OZ251424.1	25100001	25150000	0.0082857396502234	33793	280	33793	0
PflaHELAf	OZ251424.1	25100001	25150000	0.0059183854644452	33793	200	33793	0
PflaKGBHm	OZ251424.1	25150001	25200000	0.003525782282944	31766	112	31766	7
PflaHELEm	OZ251424.1	25150001	25200000	0.0033361659270449	31773	106	31773	0
PflaKGBDf	OZ251424.1	25150001	25200000	0.0047839360463286	31773	152	31773	0
PflaHELAf	OZ251424.1	25150001	25200000	0.0007264228412608	31662	23	31662	111
PflaHELAf	OZ251424.1	25200001	25250000	0.0055399500624219	38448	213	38448	0
PflaHELEm	OZ251424.1	25200001	25250000	0.0090251768622555	38448	347	38448	0
PflaKGBDf	OZ251424.1	25200001	25250000	0.004811693716188	38448	185	38448	0
PflaKGBHm	OZ251424.1	25200001	25250000	0.0047596754057428	38448	183	38448	0
PflaKGBHm	OZ251424.1	25250001	25300000	0.0065483852913191	35734	234	35734	1
PflaHELEm	OZ251424.1	25250001	25300000	0.0092626276759479	35735	331	35735	0
PflaHELAf	OZ251424.1	25250001	25300000	0.0060724779627815	35735	217	35735	0
PflaKGBDf	OZ251424.1	25250001	25300000	0.0066881208898838	35735	239	35735	0
PflaKGBDf	OZ251424.1	25300001	25350000	0.0072839942380344	36793	268	36793	0
PflaKGBHm	OZ251424.1	25300001	25350000	0.0076916804827005	36793	283	36793	0
PflaHELEm	OZ251424.1	25300001	25350000	0.0091334130694791	36788	336	36788	5
PflaHELAf	OZ251424.1	25300001	25350000	0.0063138905592303	36586	231	36586	207
PflaKGBDf	OZ251424.1	25350001	25400000	0.0047525128911912	42083	200	42083	0
PflaHELEm	OZ251424.1	25350001	25400000	0.0077941211415535	42083	328	42083	0
PflaHELAf	OZ251424.1	25350001	25400000	0.0052990518736782	42083	223	42083	0
PflaKGBHm	OZ251424.1	25350001	25400000	0.0019247677209324	42083	81	42083	0
PflaKGBHm	OZ251424.1	25400001	25450000	0.0044372730939895	42143	187	42143	0
PflaHELEm	OZ251424.1	25400001	25450000	0.0070711624706356	42143	298	42143	0
PflaKGBDf	OZ251424.1	25400001	25450000	0.0008779631255487	42143	37	42143	0
PflaHELAf	OZ251424.1	25400001	25450000	0.0029186341741214	42143	123	42143	0
PflaHELAf	OZ251424.1	25450001	25500000	0.0052709359605911	40600	214	40600	0
PflaKGBDf	OZ251424.1	25450001	25500000	0.0045073891625615	40600	183	40600	0
PflaHELEm	OZ251424.1	25450001	25500000	0.0073154511194857	40599	297	40599	1
PflaKGBHm	OZ251424.1	25450001	25500000	0.0023891625615763	40600	97	40600	0
PflaHELEm	OZ251424.1	25500001	25550000	0.0083873733854976	37318	313	37318	0
PflaHELAf	OZ251424.1	25500001	25550000	0.0057880915375957	37318	216	37318	0
PflaKGBDf	OZ251424.1	25500001	25550000	0.0059488718580845	37318	222	37318	0
PflaKGBHm	OZ251424.1	25500001	25550000	0.0045018489736856	37318	168	37318	0
PflaHELAf	OZ251424.1	25550001	25600000	0.0066397641738931	34941	232	34941	0
PflaKGBDf	OZ251424.1	25550001	25600000	0.0040067542428665	34941	140	34941	0
PflaHELEm	OZ251424.1	25550001	25600000	0.009301393778083	34941	325	34941	0
PflaKGBHm	OZ251424.1	25550001	25600000	0.0043501903208265	34941	152	34941	0
PflaKGBHm	OZ251424.1	25600001	25650000	0.0040099557522123	36160	145	36160	0
PflaHELEm	OZ251424.1	25600001	25650000	0.0066095132743362	36160	239	36160	0
PflaKGBDf	OZ251424.1	25600001	25650000	0.0033738938053097	36160	122	36160	0
PflaHELAf	OZ251424.1	25600001	25650000	0.00625	36160	226	36160	0
PflaKGBDf	OZ251424.1	25650001	25700000	0.0063560280479529	44210	281	44210	0
PflaHELEm	OZ251424.1	25650001	25700000	0.0074417552589911	44210	329	44210	0
PflaKGBHm	OZ251424.1	25650001	25700000	0.0060167382945035	44210	266	44210	0
PflaHELAf	OZ251424.1	25650001	25700000	0.0037095679710472	44210	164	44210	0
PflaKGBDf	OZ251424.1	25700001	25750000	0.006672528836704	38666	258	38666	0
PflaKGBHm	OZ251424.1	25700001	25750000	0.0044483525578027	38666	172	38666	0
PflaHELEm	OZ251424.1	25700001	25750000	0.0103967309781203	38666	402	38666	0
PflaHELAf	OZ251424.1	25700001	25750000	0.0073708167382196	38666	285	38666	0
PflaKGBHm	OZ251424.1	25750001	25800000	0.0040857759167618	39405	161	39405	0
PflaKGBDf	OZ251424.1	25750001	25800000	0.0043142828139275	39404	170	39404	1
PflaHELAf	OZ251424.1	25750001	25800000	0.0061159751300596	39405	241	39405	0
PflaHELEm	OZ251424.1	25750001	25800000	0.0076640020301992	39405	302	39405	0
PflaKGBHm	OZ251424.1	25800001	25850000	0.0052575135361355	38231	201	38231	0
PflaHELEm	OZ251424.1	25800001	25850000	0.0063037848866103	38231	241	38231	0
PflaKGBDf	OZ251424.1	25800001	25850000	0.0046820642933744	38231	179	38231	0
PflaHELAf	OZ251424.1	25800001	25850000	0.0057021788600873	38231	218	38231	0
PflaHELEm	OZ251424.1	25850001	25900000	0.019335034284803	25084	485	25084	0
PflaKGBDf	OZ251424.1	25850001	25900000	0.0190161058842289	25084	477	25084	0
PflaHELAf	OZ251424.1	25850001	25900000	0.0190559719343007	25084	478	25084	0
PflaKGBHm	OZ251424.1	25850001	25900000	0.0208898102376016	25084	524	25084	0
PflaHELAf	OZ251424.1	25900001	25950000	0.0044781597944451	40865	183	40865	28
PflaKGBDf	OZ251424.1	25900001	25950000	0.0040593744650673	40893	166	40893	0
PflaHELEm	OZ251424.1	25900001	25950000	0.0072873107866872	40893	298	40893	0
PflaKGBHm	OZ251424.1	25900001	25950000	0.0049641747976426	40893	203	40893	0
PflaKGBHm	OZ251424.1	25950001	26000000	0.0063738805368044	37183	237	37183	0
PflaHELEm	OZ251424.1	25950001	26000000	0.0052443320872441	37183	195	37183	0
PflaHELAf	OZ251424.1	25950001	26000000	0.0049216039587983	37183	183	37183	0
PflaKGBDf	OZ251424.1	25950001	26000000	0.0048409219266869	37183	180	37183	0
PflaHELAf	OZ251424.1	26000001	26050000	0.0043037017650993	34389	148	34389	26
PflaKGBDf	OZ251424.1	26000001	26050000	0.0058985907307859	34415	203	34415	0
PflaHELEm	OZ251424.1	26000001	26050000	0.0068574749382536	34415	236	34415	0
PflaKGBHm	OZ251424.1	26000001	26050000	0.0065087897719017	34415	224	34415	0
PflaKGBHm	OZ251424.1	26050001	26100000	0.0031153484624681	37235	116	37235	11
PflaHELAf	OZ251424.1	26050001	26100000	0.0064973419964559	37246	242	37246	0
PflaKGBDf	OZ251424.1	26050001	26100000	0.0059340010203259	37243	221	37243	3
PflaHELEm	OZ251424.1	26050001	26100000	0.0078934650700746	37246	294	37246	0
PflaHELEm	OZ251424.1	26100001	26150000	0.0085241696283034	37423	319	37423	0
PflaKGBHm	OZ251424.1	26100001	26150000	0.004355610186249	37423	163	37423	0
PflaHELAf	OZ251424.1	26100001	26150000	0.0075621943724447	37423	283	37423	0
PflaKGBDf	OZ251424.1	26100001	26150000	0.0053443069769927	37423	200	37423	0
PflaHELAf	OZ251424.1	26150001	26200000	0.0056853894063196	35002	199	35002	0
PflaKGBDf	OZ251424.1	26150001	26200000	0.006085540413131	35001	213	35001	1
PflaHELEm	OZ251424.1	26150001	26200000	0.0085423690074852	35002	299	35002	0
PflaKGBHm	OZ251424.1	26150001	26200000	0.0057139592023312	35002	200	35002	0
PflaHELAf	OZ251424.1	26200001	26250000	0.0048343825537227	37647	182	37647	0
PflaKGBDf	OZ251424.1	26200001	26250000	0.0048078200122187	37647	181	37647	0
PflaHELEm	OZ251424.1	26200001	26250000	0.0047015698462028	37647	177	37647	0
PflaKGBHm	OZ251424.1	26200001	26250000	0.0032406300634844	37647	122	37647	0
PflaHELAf	OZ251424.1	26250001	26300000	0.0044782447400498	37738	169	37738	0
PflaKGBDf	OZ251424.1	26250001	26300000	0.0057236737505962	37738	216	37738	0
PflaHELEm	OZ251424.1	26250001	26300000	0.0039482749483279	37738	149	37738	0
PflaKGBHm	OZ251424.1	26250001	26300000	0.0018813927606126	37738	71	37738	0
PflaKGBHm	OZ251424.1	26300001	26350000	0.0075936108929039	30552	232	30552	0
PflaHELEm	OZ251424.1	26300001	26350000	0.0092956271275202	30552	284	30552	0
PflaHELAf	OZ251424.1	26300001	26350000	0.008019114951558	30552	245	30552	0
PflaKGBDf	OZ251424.1	26300001	26350000	0.0087719298245614	30552	268	30552	0
PflaHELAf	OZ251424.1	26350001	26400000	0.0059776144438683	32789	196	32789	0
PflaKGBDf	OZ251424.1	26350001	26400000	0.0065763313247484	32693	215	32693	96
PflaHELEm	OZ251424.1	26350001	26400000	0.0071365396931897	32789	234	32789	0
PflaKGBHm	OZ251424.1	26350001	26400000	0.0062825947726371	32789	206	32789	0
PflaKGBDf	OZ251424.1	26400001	26450000	0.0067871887901914	31972	217	31972	0
PflaKGBHm	OZ251424.1	26400001	26450000	0.007537845614913	31972	241	31972	0
PflaHELEm	OZ251424.1	26400001	26450000	0.009664706618291	31972	309	31972	0
PflaHELAf	OZ251424.1	26400001	26450000	0.006943575628675	31972	222	31972	0
PflaKGBHm	OZ251424.1	26450001	26500000	0.0050789697883216	30518	155	30518	0
PflaHELEm	OZ251424.1	26450001	26500000	0.0107279944883698	30481	327	30481	37
PflaKGBDf	OZ251424.1	26450001	26500000	0.0068156497804574	30518	208	30518	0
PflaHELAf	OZ251424.1	26450001	26500000	0.0078969788321646	30518	241	30518	0
PflaKGBHm	OZ251424.1	26500001	26550000	0.0053530092592592	34560	185	34560	0
PflaHELEm	OZ251424.1	26500001	26550000	0.0089409722222222	34560	309	34560	0
PflaKGBDf	OZ251424.1	26500001	26550000	0.004630701551285	34552	160	34552	8
PflaHELAf	OZ251424.1	26500001	26550000	0.0047164351851851	34560	163	34560	0
PflaHELEm	OZ251424.1	26550001	26600000	0.0105436283003906	34049	359	34049	0
PflaKGBDf	OZ251424.1	26550001	26600000	0.0035243325795177	34049	120	34049	0
PflaHELAf	OZ251424.1	26550001	26600000	0.0065787541484331	34049	224	34049	0
PflaKGBHm	OZ251424.1	26550001	26600000	0.0058512202293443	34010	199	34010	39
PflaHELEm	OZ251424.1	26600001	26650000	0.0093440420013125	31999	299	31999	0
PflaKGBHm	OZ251424.1	26600001	26650000	0.0073127285227663	31999	234	31999	0
PflaHELAf	OZ251424.1	26600001	26650000	0.0077577577577577	31968	248	31968	31
PflaKGBDf	OZ251424.1	26600001	26650000	0.0057196436943272	31995	183	31995	4
PflaKGBHm	OZ251424.1	26650001	26700000	0.0067774500907441	35264	239	35264	0
PflaHELEm	OZ251424.1	26650001	26700000	0.0093012704174228	35264	328	35264	0
PflaKGBDf	OZ251424.1	26650001	26700000	0.0064657005926892	35263	228	35263	1
PflaHELAf	OZ251424.1	26650001	26700000	0.0037999092558983	35264	134	35264	0
PflaHELEm	OZ251424.1	26700001	26750000	0.0095129190793635	41102	391	41102	1
PflaHELAf	OZ251424.1	26700001	26750000	0.0042332676446974	41103	174	41103	0
PflaKGBDf	OZ251424.1	26700001	26750000	0.0072500790696542	41103	298	41103	0
PflaKGBHm	OZ251424.1	26700001	26750000	0.0060092937255188	41103	247	41103	0
PflaHELEm	OZ251424.1	26750001	26800000	0.0087388124719486	37877	331	37877	0
PflaHELAf	OZ251424.1	26750001	26800000	0.0058346753966787	37877	221	37877	0
PflaKGBHm	OZ251424.1	26750001	26800000	0.0081315838107558	37877	308	37877	0
PflaKGBDf	OZ251424.1	26750001	26800000	0.0011880560762467	37877	45	37877	0
PflaKGBHm	OZ251424.1	26800001	26850000	0.0072851729617406	40905	298	40905	0
PflaHELEm	OZ251424.1	26800001	26850000	0.0083852829727417	40905	343	40905	0
PflaKGBDf	OZ251424.1	26800001	26850000	0.0048404840484048	40905	198	40905	0
PflaHELAf	OZ251424.1	26800001	26850000	0.003691480259137	40905	151	40905	0
PflaKGBDf	OZ251424.1	26850001	26900000	0.0058202646834653	43297	252	43297	0
PflaHELAf	OZ251424.1	26850001	26900000	0.0024020694752402	43296	104	43296	1
PflaKGBHm	OZ251424.1	26850001	26900000	0.0072753308543317	43297	315	43297	0
PflaHELEm	OZ251424.1	26850001	26900000	0.0082222786798161	43297	356	43297	0
PflaHELAf	OZ251424.1	26900001	26950000	0.0062791904514789	38540	242	38540	0
PflaKGBDf	OZ251424.1	26900001	26950000	0.0057861961598339	38540	223	38540	0
PflaHELEm	OZ251424.1	26900001	26950000	0.0083549558899844	38540	322	38540	0
PflaKGBHm	OZ251424.1	26900001	26950000	0.0034769071094966	38540	134	38540	0
PflaKGBHm	OZ251424.1	26950001	27000000	0.0051324693198761	34876	179	34876	133
PflaHELEm	OZ251424.1	26950001	27000000	0.0085406609728926	35009	299	35009	0
PflaKGBDf	OZ251424.1	26950001	27000000	0.0049997143020398	35002	175	35002	7
PflaHELAf	OZ251424.1	26950001	27000000	0.0067411237110457	35009	236	35009	0
PflaHELAf	OZ251424.1	27000001	27050000	0.0047416532238353	40914	194	40914	0
PflaKGBHm	OZ251424.1	27000001	27050000	0.0054260155448012	40914	222	40914	0
PflaHELEm	OZ251424.1	27000001	27050000	0.0082856723859803	40914	339	40914	0
PflaKGBDf	OZ251424.1	27000001	27050000	0.0048883022926137	40914	200	40914	0
PflaHELEm	OZ251424.1	27050001	27100000	0.0098618198497792	34882	344	34882	0
PflaHELAf	OZ251424.1	27050001	27100000	0.0059629608394014	34882	208	34882	0
PflaKGBHm	OZ251424.1	27050001	27100000	0.0070810159967891	34882	247	34882	0
PflaKGBDf	OZ251424.1	27050001	27100000	0.0063356458918639	34882	221	34882	0
PflaKGBDf	OZ251424.1	27100001	27150000	0.0050951306030312	31010	158	31010	0
PflaKGBHm	OZ251424.1	27100001	27150000	0.0052563689132537	31010	163	31010	0
PflaHELAf	OZ251424.1	27100001	27150000	0.0062884968880002	31009	195	31009	1
PflaHELEm	OZ251424.1	27100001	27150000	0.0073524669461464	31010	228	31010	0
PflaKGBHm	OZ251424.1	27150001	27200000	0.0043264068717236	31666	137	31666	32
PflaHELEm	OZ251424.1	27150001	27200000	0.0081708625149851	31698	259	31698	0
PflaKGBDf	OZ251424.1	27150001	27200000	0.0082339579784213	31698	261	31698	0
PflaHELAf	OZ251424.1	27150001	27200000	0.0066348614577738	31651	210	31651	47
PflaKGBHm	OZ251424.1	27200001	27250000	0.0040879890986957	30822	126	30822	0
PflaHELEm	OZ251424.1	27200001	27250000	0.00953864123029	30822	294	30822	0
PflaKGBDf	OZ251424.1	27200001	27250000	0.0059720869847452	30810	184	30810	12
PflaHELAf	OZ251424.1	27200001	27250000	0.008500421776653	30822	262	30822	0
PflaKGBHm	OZ251424.1	27250001	27300000	0.0050298648223828	25448	128	25448	56
PflaHELEm	OZ251424.1	27250001	27300000	0.0067832496863237	25504	173	25504	0
PflaHELAf	OZ251424.1	27250001	27300000	0.0029408304905305	25503	75	25503	1
PflaKGBDf	OZ251424.1	27250001	27300000	0.0055285445420326	25504	141	25504	0
PflaKGBHm	OZ251424.1	27300001	27350000	0.0057642398579429	36605	211	36605	4
PflaHELEm	OZ251424.1	27300001	27350000	0.0115272200824933	36609	422	36609	0
PflaKGBDf	OZ251424.1	27300001	27350000	0.0087692938123207	36605	321	36605	4
PflaHELAf	OZ251424.1	27300001	27350000	0.0074844983474009	36609	274	36609	0
PflaKGBHm	OZ251424.1	27350001	27400000	0.0052352086568809	39922	209	39922	0
PflaHELEm	OZ251424.1	27350001	27400000	0.0074395070387255	39922	297	39922	0
PflaKGBDf	OZ251424.1	27350001	27400000	0.0058363809428385	39922	233	39922	0
PflaHELAf	OZ251424.1	27350001	27400000	0.0062622113120585	39922	250	39922	0
PflaHELEm	OZ251424.1	27400001	27450000	0.0071544091444861	36481	261	36481	1
PflaHELAf	OZ251424.1	27400001	27450000	0.0048791184693821	36482	178	36482	0
PflaKGBDf	OZ251424.1	27400001	27450000	0.0042486705772709	36482	155	36482	0
PflaKGBHm	OZ251424.1	27400001	27450000	0.0025766131242804	36482	94	36482	0
PflaHELAf	OZ251424.1	27450001	27500000	0.0073749187784275	30780	227	30780	0
PflaKGBHm	OZ251424.1	27450001	27500000	0.0065951916829109	30780	203	30780	0
PflaHELEm	OZ251424.1	27450001	27500000	0.0099415204678362	30780	306	30780	0
PflaKGBDf	OZ251424.1	27450001	27500000	0.0065951916829109	30780	203	30780	0
PflaHELAf	OZ251424.1	27500001	27550000	0.005318392537186	35161	187	35161	2
PflaKGBDf	OZ251424.1	27500001	27550000	0.0084179393112078	35163	296	35163	0
PflaKGBHm	OZ251424.1	27500001	27550000	0.0080925514332934	35094	284	35094	69
PflaHELEm	OZ251424.1	27500001	27550000	0.0114893496004322	35163	404	35163	0
PflaHELEm	OZ251424.1	27550001	27600000	0.0075187969924812	33516	252	33516	0
PflaKGBDf	OZ251424.1	27550001	27600000	0.0075187969924812	33516	252	33516	0
PflaHELAf	OZ251424.1	27550001	27600000	0.0054004057763456	33516	181	33516	0
PflaKGBHm	OZ251424.1	27550001	27600000	0.0074591240004773	33516	250	33516	0
PflaHELAf	OZ251424.1	27600001	27650000	0.0056428101194394	31899	180	31899	0
PflaHELEm	OZ251424.1	27600001	27650000	0.0084990277864893	31886	271	31886	13
PflaKGBHm	OZ251424.1	27600001	27650000	0.0055487632841154	31899	177	31899	0
PflaKGBDf	OZ251424.1	27600001	27650000	0.0056746927514421	31896	181	31896	3
PflaHELAf	OZ251424.1	27650001	27700000	0.0044046172539489	32920	145	32920	0
PflaKGBHm	OZ251424.1	27650001	27700000	0.0055589307411907	32920	183	32920	0
PflaHELEm	OZ251424.1	27650001	27700000	0.0069562575941676	32920	229	32920	0
PflaKGBDf	OZ251424.1	27650001	27700000	0.00273390036452	32920	90	32920	0
PflaKGBHm	OZ251424.1	27700001	27750000	0.0052381893654872	30354	159	30354	0
PflaHELEm	OZ251424.1	27700001	27750000	0.0070501416617249	30354	214	30354	0
PflaKGBDf	OZ251424.1	27700001	27750000	0.0038545167029057	30354	117	30354	0
PflaHELAf	OZ251424.1	27700001	27750000	0.0050720768820074	29968	152	29968	386
PflaKGBHm	OZ251424.1	27750001	27800000	0.0048730170022053	28114	137	28114	9
PflaHELEm	OZ251424.1	27750001	27800000	0.0094584503786935	28123	266	28123	0
PflaKGBDf	OZ251424.1	27750001	27800000	0.0063648970593464	28123	179	28123	0
PflaHELAf	OZ251424.1	27750001	27800000	0.0059382000497813	28123	167	28123	0
PflaHELEm	OZ251424.1	27800001	27850000	0.0095114273983851	29228	278	29228	0
PflaKGBDf	OZ251424.1	27800001	27850000	0.0043109347201313	29228	126	29228	0
PflaHELAf	OZ251424.1	27800001	27850000	0.0042074768933646	28996	122	28996	232
PflaKGBHm	OZ251424.1	27800001	27850000	0.0037293006705898	29228	109	29228	0
PflaHELAf	OZ251424.1	27850001	27900000	0.0047101970372501	27812	131	27812	0
PflaKGBHm	OZ251424.1	27850001	27900000	0.0046745774901114	27810	130	27810	2
PflaHELEm	OZ251424.1	27850001	27900000	0.0081259887818207	27812	226	27812	0
PflaKGBDf	OZ251424.1	27850001	27900000	0.0047463233972169	27811	132	27811	1
PflaHELAf	OZ251424.1	27900001	27950000	0.0073976656255137	30415	225	30415	0
PflaKGBDf	OZ251424.1	27900001	27950000	0.0048660200558934	30415	148	30415	0
PflaHELEm	OZ251424.1	27900001	27950000	0.0080552359033371	30415	245	30415	0
PflaKGBHm	OZ251424.1	27900001	27950000	0.006115403583758	30415	186	30415	0
PflaKGBHm	OZ251424.1	27950001	28000000	0.0059195983664905	26691	158	26691	0
PflaHELEm	OZ251424.1	27950001	28000000	0.0087295342999512	26691	233	26691	0
PflaKGBDf	OZ251424.1	27950001	28000000	0.0050953504926754	26691	136	26691	0
PflaHELAf	OZ251424.1	27950001	28000000	0.0071559701772132	26691	191	26691	0
PflaHELAf	OZ251424.1	28000001	28050000	0.0052154123336599	31637	165	31637	0
PflaKGBDf	OZ251424.1	28000001	28050000	0.000790238968264	31636	25	31636	1
PflaHELEm	OZ251424.1	28000001	28050000	0.0078073142206909	31637	247	31637	0
PflaKGBHm	OZ251424.1	28000001	28050000	0.0030028131618042	31637	95	31637	0
PflaKGBHm	OZ251424.1	28050001	28100000	0.0028176645895421	36910	104	36910	0
PflaHELEm	OZ251424.1	28050001	28100000	0.0076943917637496	36910	284	36910	0
PflaKGBDf	OZ251424.1	28050001	28100000	0.0043890544567867	36910	162	36910	0
PflaHELAf	OZ251424.1	28050001	28100000	0.0027403206989174	36857	101	36857	53
PflaKGBHm	OZ251424.1	28100001	28150000	0.0043991260014566	34325	151	34325	0
PflaHELEm	OZ251424.1	28100001	28150000	0.0062636562272396	34325	215	34325	0
PflaKGBDf	OZ251424.1	28100001	28150000	0.0009031318281136	34325	31	34325	0
PflaHELAf	OZ251424.1	28100001	28150000	0.0015440640932265	34325	53	34325	0
PflaHELEm	OZ251424.1	28150001	28200000	0.0080234643913317	41254	331	41254	0
PflaKGBDf	OZ251424.1	28150001	28200000	0.0055509768749697	41254	229	41254	0
PflaHELAf	OZ251424.1	28150001	28200000	0.006326659233044	41254	261	41254	0
PflaKGBHm	OZ251424.1	28150001	28200000	0.0059872982013865	41254	247	41254	0
PflaKGBHm	OZ251424.1	28200001	28250000	0.0067251380054361	35687	240	35687	0
PflaHELEm	OZ251424.1	28200001	28250000	0.0077058872978955	35687	275	35687	0
PflaKGBDf	OZ251424.1	28200001	28250000	0.0049878106873651	35687	178	35687	0
PflaHELAf	OZ251424.1	28200001	28250000	0.0061927312466724	35687	221	35687	0
PflaHELEm	OZ251424.1	28250001	28300000	0.0046372356775663	37738	175	37738	0
PflaKGBDf	OZ251424.1	28250001	28300000	0.0010864380730298	37738	41	37738	0
PflaHELAf	OZ251424.1	28250001	28300000	0.0047167311463246	37738	178	37738	0
PflaKGBHm	OZ251424.1	28250001	28300000	0.0036037945837087	37738	136	37738	0
PflaKGBHm	OZ251424.1	28300001	28350000	0.0067184547554062	28578	192	28578	0
PflaHELEm	OZ251424.1	28300001	28350000	0.0094131644329355	28577	269	28577	1
PflaKGBDf	OZ251424.1	28300001	28350000	0.0073483098887255	28578	210	28578	0
PflaHELAf	OZ251424.1	28300001	28350000	0.0069996150211738	28573	200	28573	5
PflaKGBDf	OZ251424.1	28350001	28400000	0.0068669804629569	31018	213	31018	0
PflaHELAf	OZ251424.1	28350001	28400000	0.0055774066670965	31018	173	31018	0
PflaKGBHm	OZ251424.1	28350001	28400000	0.0085756657424721	31018	266	31018	0
PflaHELEm	OZ251424.1	28350001	28400000	0.0070926558772325	31018	220	31018	0
PflaHELAf	OZ251424.1	28400001	28450000	0.0071505184125849	30767	220	30767	25
PflaHELEm	OZ251424.1	28400001	28450000	0.0101000259807742	30792	311	30792	0
PflaKGBHm	OZ251424.1	28400001	28450000	0.0031537536170627	30757	97	30757	35
PflaKGBDf	OZ251424.1	28400001	28450000	0.0057157703299558	30792	176	30792	0
PflaKGBDf	OZ251424.1	28450001	28500000	0.0055453413202063	33722	187	33722	0
PflaHELEm	OZ251424.1	28450001	28500000	0.0080362967795504	33722	271	33722	0
PflaKGBHm	OZ251424.1	28450001	28500000	0.0036178162623806	33722	122	33722	0
PflaHELAf	OZ251424.1	28450001	28500000	0.0048212850808011	33601	162	33601	121
PflaKGBDf	OZ251424.1	28500001	28550000	0.0054632434115549	35327	193	35327	0
PflaKGBHm	OZ251424.1	28500001	28550000	0.0046423415517875	35327	164	35327	0
PflaHELEm	OZ251424.1	28500001	28550000	0.0065672148781385	35327	232	35327	0
PflaHELAf	OZ251424.1	28500001	28550000	0.0034578538631596	35282	122	35282	45
PflaHELEm	OZ251424.1	28550001	28600000	0.0067973442933923	37956	258	37956	0
PflaKGBDf	OZ251424.1	28550001	28600000	0.0042417536094425	37956	161	37956	0
PflaHELAf	OZ251424.1	28550001	28600000	0.0056117609864053	37956	213	37956	0
PflaKGBHm	OZ251424.1	28550001	28600000	0.0036621351038044	37956	139	37956	0
PflaHELEm	OZ251424.1	28600001	28650000	0.0064663181626737	40363	261	40363	0
PflaKGBHm	OZ251424.1	28600001	28650000	0.0048821590542985	40351	197	40351	12
PflaHELAf	OZ251424.1	28600001	28650000	0.0035676238138889	40363	144	40363	0
PflaKGBDf	OZ251424.1	28600001	28650000	0.0045586304288581	40363	184	40363	0
PflaHELAf	OZ251424.1	28650001	28700000	0.00469913487722	41497	195	41497	0
PflaKGBDf	OZ251424.1	28650001	28700000	0.0048437236426729	41497	201	41497	0
PflaHELEm	OZ251424.1	28650001	28700000	0.0068197701038629	41497	283	41497	0
PflaKGBHm	OZ251424.1	28650001	28700000	0.0044340554738896	41497	184	41497	0
PflaKGBHm	OZ251424.1	28700001	28750000	0.0042432446503878	38414	163	38414	0
PflaHELEm	OZ251424.1	28700001	28750000	0.0063778830634664	38414	245	38414	0
PflaKGBDf	OZ251424.1	28700001	28750000	0.0042953090019263	38414	165	38414	0
PflaHELAf	OZ251424.1	28700001	28750000	0.0036705367834643	38414	141	38414	0
PflaHELEm	OZ251424.1	28750001	28800000	0.0052738907249841	42663	225	42663	0
PflaKGBDf	OZ251424.1	28750001	28800000	0.0045003867519864	42663	192	42663	0
PflaHELAf	OZ251424.1	28750001	28800000	0.0036331247216557	42663	155	42663	0
PflaKGBHm	OZ251424.1	28750001	28800000	0.0022970724046597	42663	98	42663	0
PflaKGBHm	OZ251424.1	28800001	28850000	0.002180423475017	38066	83	38066	0
PflaHELEm	OZ251424.1	28800001	28850000	0.0028109073714075	38066	107	38066	0
PflaKGBDf	OZ251424.1	28800001	28850000	0.003441391267798	38066	131	38066	0
PflaHELAf	OZ251424.1	28800001	28850000	0.0022592339620658	38066	86	38066	0
PflaHELAf	OZ251424.1	28850001	28900000	0.0053258548382946	38867	207	38867	0
PflaKGBDf	OZ251424.1	28850001	28900000	0.0053001260709599	38867	206	38867	0
PflaHELEm	OZ251424.1	28850001	28900000	0.0067209146624092	38834	261	38834	33
PflaKGBHm	OZ251424.1	28850001	28900000	0.0046866148220631	38834	182	38834	33
PflaKGBDf	OZ251424.1	28900001	28950000	0.0026512412629549	33192	88	33192	6
PflaHELAf	OZ251424.1	28900001	28950000	0.0046689559612024	33198	155	33198	0
PflaHELEm	OZ251424.1	28900001	28950000	0.0062353153804446	33198	207	33198	0
PflaKGBHm	OZ251424.1	28900001	28950000	0.0043074884029158	33198	143	33198	0
PflaKGBHm	OZ251424.1	28950001	29000000	0.0080268274410474	28031	225	28031	0
PflaHELEm	OZ251424.1	28950001	29000000	0.0109164853198244	28031	306	28031	0
PflaKGBDf	OZ251424.1	28950001	29000000	0.0075	28000	210	28000	31
PflaHELAf	OZ251424.1	28950001	29000000	0.0090970710998537	28031	255	28031	0
PflaKGBHm	OZ251424.1	29000001	29050000	0.0075862341459559	25309	192	25309	0
PflaHELAf	OZ251424.1	29000001	29050000	0.0076360039564787	25275	193	25275	34
PflaKGBDf	OZ251424.1	29000001	29050000	0.0065984432415346	25309	167	25309	0
PflaHELEm	OZ251424.1	29000001	29050000	0.0097225515769504	25302	246	25302	7
PflaHELAf	OZ251424.1	29050001	29100000	0.0068617696503928	29147	200	29147	0
PflaKGBDf	OZ251424.1	29050001	29100000	0.0053864891755583	29147	157	29147	0
PflaHELEm	OZ251424.1	29050001	29100000	0.009503550965794	29147	277	29147	0
PflaKGBHm	OZ251424.1	29050001	29100000	0.005695268809826	29147	166	29147	0
PflaHELEm	OZ251424.1	29100001	29150000	0.0098368069950627	26533	261	26533	0
PflaKGBHm	OZ251424.1	29100001	29150000	0.005050314702446	26533	134	26533	0
PflaKGBDf	OZ251424.1	29100001	29150000	0.0083669392831568	26533	222	26533	0
PflaHELAf	OZ251424.1	29100001	29150000	0.0059925375946934	26533	159	26533	0
PflaKGBHm	OZ251424.1	29150001	29200000	0.004668643744311	34057	159	34057	0
PflaHELEm	OZ251424.1	29150001	29200000	0.0076636227500954	34057	261	34057	0
PflaKGBDf	OZ251424.1	29150001	29200000	0.0049622691370349	34057	169	34057	0
PflaHELAf	OZ251424.1	29150001	29200000	0.0053733446868485	34057	183	34057	0
PflaKGBDf	OZ251424.1	29200001	29250000	0.0036148744224059	31813	115	31813	0
PflaKGBHm	OZ251424.1	29200001	29250000	0.005569540591567	31780	177	31780	33
PflaHELEm	OZ251424.1	29200001	29250000	0.0092729387357369	31813	295	31813	0
PflaHELAf	OZ251424.1	29200001	29250000	0.006444514303678	31810	205	31810	3
PflaKGBHm	OZ251424.1	29250001	29300000	0.0078397212543554	34440	270	34440	2
PflaHELEm	OZ251424.1	29250001	29300000	0.0086231926136693	34442	297	34442	0
PflaKGBDf	OZ251424.1	29250001	29300000	0.0065327216770222	34442	225	34442	0
PflaHELAf	OZ251424.1	29250001	29300000	0.0013957951670592	34389	48	34389	53
PflaKGBHm	OZ251424.1	29300001	29350000	0.0052917787393287	34204	181	34204	81
PflaHELEm	OZ251424.1	29300001	29350000	0.0093635143807245	34282	321	34282	3
PflaHELAf	OZ251424.1	29300001	29350000	0.0060084585095522	34285	206	34285	0
PflaKGBDf	OZ251424.1	29300001	29350000	0.0076126585970541	34285	261	34285	0
PflaHELAf	OZ251424.1	29350001	29400000	0.0050707796323684	37864	192	37864	0
PflaKGBHm	OZ251424.1	29350001	29400000	0.005546165222903	37864	210	37864	0
PflaHELEm	OZ251424.1	29350001	29400000	0.0085041200084512	37864	322	37864	0
PflaKGBDf	OZ251424.1	29350001	29400000	0.0048594971476864	37864	184	37864	0
PflaHELEm	OZ251424.1	29400001	29450000	0.0070857832051861	33165	235	33165	0
PflaKGBDf	OZ251424.1	29400001	29450000	0.0045529926126941	33165	151	33165	0
PflaHELAf	OZ251424.1	29400001	29450000	0.0069953263983114	33165	232	33165	0
PflaKGBHm	OZ251424.1	29400001	29450000	0.0056823333837086	33085	188	33085	80
PflaHELAf	OZ251424.1	29450001	29500000	0.0069082672706681	26490	183	26490	0
PflaKGBHm	OZ251424.1	29450001	29500000	0.0049075122687806	26490	130	26490	0
PflaHELEm	OZ251424.1	29450001	29500000	0.0101547753869384	26490	269	26490	0
PflaKGBDf	OZ251424.1	29450001	29500000	0.0072491127388054	26486	192	26486	4
PflaHELAf	OZ251424.1	29500001	29550000	0.0051577068042055	35287	182	35287	7
PflaKGBDf	OZ251424.1	29500001	29550000	0.0064033546778489	35294	226	35294	0
PflaHELEm	OZ251424.1	29500001	29550000	0.0091233637445458	35294	322	35294	0
PflaKGBHm	OZ251424.1	29500001	29550000	0.0059223576083876	35290	209	35290	4
PflaHELEm	OZ251424.1	29550001	29600000	0.0082957179455898	32788	272	32788	62
PflaKGBHm	OZ251424.1	29550001	29600000	0.0062760868902903	32823	206	32823	27
PflaHELAf	OZ251424.1	29550001	29600000	0.0054185692541856	32850	178	32850	0
PflaKGBDf	OZ251424.1	29550001	29600000	0.0040791476407914	32850	134	32850	0
PflaKGBHm	OZ251424.1	29600001	29650000	0.0038088983746511	30455	116	30455	0
PflaHELEm	OZ251424.1	29600001	29650000	0.0099491052372352	30455	303	30455	0
PflaKGBDf	OZ251424.1	29600001	29650000	0.0065342308323756	30455	199	30455	0
PflaHELAf	OZ251424.1	29600001	29650000	0.0055491709078968	30455	169	30455	0
PflaHELAf	OZ251424.1	29650001	29700000	0.0048929472995294	32087	157	32087	0
PflaKGBDf	OZ251424.1	29650001	29700000	0.0054237710794551	32081	174	32081	6
PflaHELEm	OZ251424.1	29650001	29700000	0.0080718047807523	32087	259	32087	0
PflaKGBHm	OZ251424.1	29650001	29700000	0.0060779852258205	32083	195	32083	4
PflaKGBHm	OZ251424.1	29700001	29750000	0.0074827460951689	27530	206	27530	0
PflaKGBDf	OZ251424.1	29700001	29750000	0.0070831819832909	27530	195	27530	0
PflaHELAf	OZ251424.1	29700001	29750000	0.0081716788751058	27167	222	27167	363
PflaHELEm	OZ251424.1	29700001	29750000	0.0126044315292408	27530	347	27530	0
PflaHELEm	OZ251424.1	29750001	29800000	0.0095628902765388	28025	268	28025	0
PflaKGBDf	OZ251424.1	29750001	29800000	0.0064585191793041	28025	181	28025	0
PflaHELAf	OZ251424.1	29750001	29800000	0.007600356824264	28025	213	28025	0
PflaKGBHm	OZ251424.1	29750001	29800000	0.0070294380017841	28025	197	28025	0
PflaHELAf	OZ251424.1	29800001	29850000	0.0076296028590932	24903	190	24903	0
PflaKGBHm	OZ251424.1	29800001	29850000	0.0070272657912701	24903	175	24903	0
PflaHELEm	OZ251424.1	29800001	29850000	0.0099987953258643	24903	249	24903	0
PflaKGBDf	OZ251424.1	29800001	29850000	0.0065078536134656	24893	162	24893	10
PflaHELEm	OZ251424.1	29850001	29900000	0.0150633065993567	24563	370	24563	1
PflaHELAf	OZ251424.1	29850001	29900000	0.0094883644840701	24451	232	24451	113
PflaKGBDf	OZ251424.1	29850001	29900000	0.0097296857189382	24564	239	24564	0
PflaKGBHm	OZ251424.1	29850001	29900000	0.0082237511704596	24563	202	24563	1
PflaKGBHm	OZ251424.1	29900001	29950000	0.0073937908496732	24480	181	24480	0
PflaHELEm	OZ251424.1	29900001	29950000	0.0112745098039215	24480	276	24480	0
PflaKGBDf	OZ251424.1	29900001	29950000	0.0077205882352941	24480	189	24480	0
PflaHELAf	OZ251424.1	29900001	29950000	0.0092728758169934	24480	227	24480	0
PflaKGBHm	OZ251424.1	29950001	30000000	0.0046533019505992	36963	172	36963	12
PflaHELAf	OZ251424.1	29950001	30000000	0.0053279242731575	36975	197	36975	0
PflaKGBDf	OZ251424.1	29950001	30000000	0.0068717366014663	36963	254	36963	12
PflaHELEm	OZ251424.1	29950001	30000000	0.0102772143340094	36975	380	36975	0
PflaHELAf	OZ251424.1	30000001	30050000	0.0056379821958456	23590	133	23590	0
PflaKGBDf	OZ251424.1	30000001	30050000	0.0060618906316235	23590	143	23590	0
PflaHELEm	OZ251424.1	30000001	30050000	0.0098346757100466	23590	232	23590	0
PflaKGBHm	OZ251424.1	30000001	30050000	0.0058925770486243	23589	139	23589	1
PflaKGBHm	OZ251424.1	30050001	30100000	0.0018761726078799	533	1	533	0
PflaHELEm	OZ251424.1	30050001	30100000	0.0	533	0	533	0
PflaKGBDf	OZ251424.1	30050001	30100000	0.0018761726078799	533	1	533	0
PflaHELAf	OZ251424.1	30050001	30100000	0.0	1	0	1	532
PflaKGBHm	OZ251424.1	30100001	30150000	0.0104323402547898	9969	104	9969	0
PflaHELAf	OZ251424.1	30100001	30150000	0.0094292306149062	9969	94	9969	0
PflaKGBDf	OZ251424.1	30100001	30150000	0.0102317183268131	9969	102	9969	0
PflaHELEm	OZ251424.1	30100001	30150000	0.0109338950747316	9969	109	9969	0
PflaHELAf	OZ251424.1	30150001	30200000	0.0137280137280137	2331	32	2331	0
PflaKGBHm	OZ251424.1	30150001	30200000	0.0119870908252651	2169	26	2169	162
PflaHELEm	OZ251424.1	30150001	30200000	0.0137280137280137	2331	32	2331	0
PflaKGBDf	OZ251424.1	30150001	30200000	0.0100640439158279	2186	22	2186	145
PflaHELAf	OZ251424.1	30200001	30250000	NA	0	NA	NA	NA
PflaKGBDf	OZ251424.1	30200001	30250000	NA	0	NA	NA	NA
PflaHELEm	OZ251424.1	30200001	30250000	NA	0	NA	NA	NA
PflaKGBHm	OZ251424.1	30200001	30250000	NA	0	NA	NA	NA
PflaKGBHm	OZ251424.1	30250001	30300000	NA	0	NA	NA	NA
PflaHELAf	OZ251424.1	30250001	30300000	NA	0	NA	NA	NA
PflaKGBDf	OZ251424.1	30250001	30300000	NA	0	NA	NA	NA
PflaHELEm	OZ251424.1	30250001	30300000	NA	0	NA	NA	NA
PflaKGBDf	OZ251424.1	30300001	30350000	0.003123605533244	22410	70	22410	0
PflaKGBHm	OZ251424.1	30300001	30350000	0.0090138331102186	22410	202	22410	0
PflaHELAf	OZ251424.1	30300001	30350000	0.0065595716198125	22410	147	22410	0
PflaHELEm	OZ251424.1	30300001	30350000	0.009326609844259	22409	209	22409	1
PflaHELAf	OZ251424.1	30350001	30400000	0.0047591784155156	27946	133	27946	0
PflaKGBDf	OZ251424.1	30350001	30400000	0.0043384725708139	27890	121	27890	56
PflaHELEm	OZ251424.1	30350001	30400000	0.0088742574966005	27946	248	27946	0
PflaKGBHm	OZ251424.1	30350001	30400000	0.0067272597151649	27946	188	27946	0
PflaHELAf	OZ251424.1	30400001	30450000	0.0063291139240506	26228	166	26228	0
PflaKGBDf	OZ251424.1	30400001	30450000	0.0084645594234948	26227	222	26227	1
PflaKGBHm	OZ251424.1	30400001	30450000	0.0086929998474912	26228	228	26228	0
PflaHELEm	OZ251424.1	30400001	30450000	0.0095317980783895	26228	250	26228	0
PflaHELEm	OZ251424.1	30450001	30500000	0.0105555321922704	23779	251	23779	0
PflaKGBDf	OZ251424.1	30450001	30500000	0.0076117582741074	23779	181	23779	0
PflaHELAf	OZ251424.1	30450001	30500000	0.0058454939232095	23779	139	23779	0
PflaKGBHm	OZ251424.1	30450001	30500000	0.006013709575676	23779	143	23779	0
PflaHELAf	OZ251424.1	30500001	30550000	0.0088318613564405	30005	265	30005	0
PflaKGBDf	OZ251424.1	30500001	30550000	0.0039660056657223	30005	119	30005	0
PflaHELEm	OZ251424.1	30500001	30550000	0.011265164644714	30004	338	30004	1
PflaKGBHm	OZ251424.1	30500001	30550000	0.0056323946008998	30005	169	30005	0
PflaHELEm	OZ251424.1	30550001	30600000	0.0097745156850982	28339	277	28339	0
PflaHELAf	OZ251424.1	30550001	30600000	0.0076220050107625	28339	216	28339	0
PflaKGBDf	OZ251424.1	30550001	30600000	0.0073044214686474	28339	207	28339	0
PflaKGBHm	OZ251424.1	30550001	30600000	0.0041109969167523	28217	116	28217	122
PflaHELAf	OZ251424.1	30600001	30650000	0.0064431498128785	25919	167	25919	0
PflaKGBDf	OZ251424.1	30600001	30650000	0.0052085342798719	25919	135	25919	0
PflaHELEm	OZ251424.1	30600001	30650000	0.0095682703808017	25919	248	25919	0
PflaKGBHm	OZ251424.1	30600001	30650000	0.0044628997205836	25768	115	25768	151
PflaHELAf	OZ251424.1	30650001	30700000	0.0051614452046573	24993	129	24993	0
PflaKGBDf	OZ251424.1	30650001	30700000	0.0061624649859943	24990	154	24990	3
PflaHELEm	OZ251424.1	30650001	30700000	0.0078421958148281	24993	196	24993	0
PflaKGBHm	OZ251424.1	30650001	30700000	0.0042811987356459	24993	107	24993	0
PflaHELAf	OZ251424.1	30700001	30750000	0.0071669477234401	26092	187	26092	32
PflaKGBDf	OZ251424.1	30700001	30750000	0.0052991321711082	26042	138	26042	82
PflaKGBHm	OZ251424.1	30700001	30750000	0.0069675739826193	26121	182	26121	3
PflaHELEm	OZ251424.1	30700001	30750000	0.0076175164599601	26124	199	26124	0
PflaHELEm	OZ251424.1	30750001	30800000	0.0110137416033007	29327	323	29327	0
PflaKGBDf	OZ251424.1	30750001	30800000	0.0081835850922358	29327	240	29327	0
PflaHELAf	OZ251424.1	30750001	30800000	0.0073311283117945	29327	215	29327	0
PflaKGBHm	OZ251424.1	30750001	30800000	0.0047055614280355	29327	138	29327	0
PflaHELAf	OZ251424.1	30800001	30850000	0.005077937498421	39583	201	39583	0
PflaKGBDf	OZ251424.1	30800001	30850000	0.0035116085188085	39583	139	39583	0
PflaHELEm	OZ251424.1	30800001	30850000	0.0069474269257004	39583	275	39583	0
PflaKGBHm	OZ251424.1	30800001	30850000	0.0027284440290023	39583	108	39583	0
PflaHELAf	OZ251424.1	30850001	30900000	0.0025350036845983	33925	86	33925	0
PflaHELEm	OZ251424.1	30850001	30900000	0.004834193072955	33925	164	33925	0
PflaKGBHm	OZ251424.1	30850001	30900000	0.0044509948415622	33925	151	33925	0
PflaKGBDf	OZ251424.1	30850001	30900000	0.0044509948415622	33925	151	33925	0
PflaKGBHm	OZ251424.1	30900001	30950000	0.0063092513893429	30590	193	30590	0
PflaHELAf	OZ251424.1	30900001	30950000	0.0062119924148303	30586	190	30586	4
PflaKGBDf	OZ251424.1	30900001	30950000	0.0053636839351125	30576	164	30576	14
PflaHELEm	OZ251424.1	30900001	30950000	0.0095007207443323	30524	290	30524	66
PflaKGBHm	OZ251424.1	30950001	31000000	0.0061836055176787	37842	234	37842	0
PflaHELEm	OZ251424.1	30950001	31000000	0.0085619153321706	37842	324	37842	0
PflaKGBDf	OZ251424.1	30950001	31000000	0.0064478621637334	37842	244	37842	0
PflaHELAf	OZ251424.1	30950001	31000000	0.0059193488716241	37842	224	37842	0
PflaHELAf	OZ251424.1	31000001	31050000	0.005376892972605	29385	158	29385	0
PflaKGBDf	OZ251424.1	31000001	31050000	0.0054789858771482	29385	161	29385	0
PflaHELEm	OZ251424.1	31000001	31050000	0.0090522375361579	29385	266	29385	0
PflaKGBHm	OZ251424.1	31000001	31050000	0.0066360387953037	29385	195	29385	0
PflaKGBHm	OZ251424.1	31050001	31100000	0.0071870347039285	34924	251	34924	0
PflaHELEm	OZ251424.1	31050001	31100000	0.0088764173634177	34924	310	34924	0
PflaHELAf	OZ251424.1	31050001	31100000	0.007961281823649	34919	278	34919	5
PflaKGBDf	OZ251424.1	31050001	31100000	0.0060771105059481	34885	212	34885	39
PflaKGBDf	OZ251424.1	31100001	31150000	0.0060672414579626	43842	266	43842	0
PflaKGBHm	OZ251424.1	31100001	31150000	0.0038547511518635	43842	169	43842	0
PflaHELEm	OZ251424.1	31100001	31150000	0.0073544526414361	43783	322	43783	59
PflaHELAf	OZ251424.1	31100001	31150000	0.0051776834998403	43842	227	43842	0
PflaHELEm	OZ251424.1	31150001	31200000	0.0072920860734577	44706	326	44706	0
PflaKGBDf	OZ251424.1	31150001	31200000	0.0045631458864581	44706	204	44706	0
PflaHELAf	OZ251424.1	31150001	31200000	0.0057263007202612	44706	256	44706	0
PflaKGBHm	OZ251424.1	31150001	31200000	0.0052118283899252	44706	233	44706	0
PflaHELAf	OZ251424.1	31200001	31250000	0.0048359691543589	38255	185	38255	0
PflaKGBDf	OZ251424.1	31200001	31250000	0.0058031629852306	38255	222	38255	0
PflaHELEm	OZ251424.1	31200001	31250000	0.0079205332636256	38255	303	38255	0
PflaKGBHm	OZ251424.1	31200001	31250000	0.0048621095281662	38255	186	38255	0
PflaKGBHm	OZ251424.1	31250001	31300000	0.0056495486339451	33454	189	33454	0
PflaHELEm	OZ251424.1	31250001	31300000	0.0114485562264602	33454	383	33454	0
PflaKGBDf	OZ251424.1	31250001	31300000	0.0099240748490464	33454	332	33454	0
PflaHELAf	OZ251424.1	31250001	31300000	0.0078031571394403	33448	261	33448	6
PflaKGBHm	OZ251424.1	31300001	31350000	0.0064529497084332	33783	218	33783	0
PflaHELEm	OZ251424.1	31300001	31350000	0.0097682266228576	33783	330	33783	0
PflaKGBDf	OZ251424.1	31300001	31350000	0.0087322025871	33783	295	33783	0
PflaHELAf	OZ251424.1	31300001	31350000	0.0066305538288488	33783	224	33783	0
PflaHELEm	OZ251424.1	31350001	31400000	0.0090151247725853	36827	332	36827	52
PflaHELAf	OZ251424.1	31350001	31400000	0.005594177710189	36824	206	36824	55
PflaKGBDf	OZ251424.1	31350001	31400000	0.0064264215407142	36879	237	36879	0
PflaKGBHm	OZ251424.1	31350001	31400000	0.0046910165676943	36879	173	36879	0
PflaHELEm	OZ251424.1	31400001	31450000	0.0090186305921442	25281	228	25281	0
PflaKGBHm	OZ251424.1	31400001	31450000	0.005775088010759	25281	146	25281	0
PflaHELAf	OZ251424.1	31400001	31450000	0.004627981488074	25281	117	25281	0
PflaKGBDf	OZ251424.1	31400001	31450000	0.0050235354614137	25281	127	25281	0
PflaKGBHm	OZ251424.1	31450001	31500000	0.0056328593612033	32843	185	32843	0
PflaHELEm	OZ251424.1	31450001	31500000	0.0090125749779252	32843	296	32843	0
PflaKGBDf	OZ251424.1	31450001	31500000	0.005754650914959	32843	189	32843	0
PflaHELAf	OZ251424.1	31450001	31500000	0.0065158481259324	32843	214	32843	0
PflaKGBHm	OZ251424.1	31500001	31550000	0.0076282518842693	32904	251	32904	47
PflaKGBDf	OZ251424.1	31500001	31550000	0.0070323916220165	32848	231	32848	103
PflaHELAf	OZ251424.1	31500001	31550000	0.0072531941367485	32951	239	32951	0
PflaHELEm	OZ251424.1	31500001	31550000	0.0091651239719583	32951	302	32951	0
PflaHELAf	OZ251424.1	31550001	31600000	0.0077093797453568	34244	264	34244	0
PflaKGBDf	OZ251424.1	31550001	31600000	0.006278472141105	34244	215	34244	0
PflaHELEm	OZ251424.1	31550001	31600000	0.0087022544095315	34244	298	34244	0
PflaKGBHm	OZ251424.1	31550001	31600000	0.0070961336292489	34244	243	34244	0
PflaKGBHm	OZ251424.1	31600001	31650000	0.0058106735868216	35452	206	35452	0
PflaKGBDf	OZ251424.1	31600001	31650000	0.0055568092068148	35452	197	35452	0
PflaHELEm	OZ251424.1	31600001	31650000	0.0100417465869344	35452	356	35452	0
PflaHELAf	OZ251424.1	31600001	31650000	0.0076723457068712	35452	272	35452	0
PflaKGBHm	OZ251424.1	31650001	31700000	0.0042315248602085	33085	140	33085	0
PflaHELEm	OZ251424.1	31650001	31700000	0.0074958440380837	33085	248	33085	0
PflaKGBDf	OZ251424.1	31650001	31700000	0.0035967961311772	33085	119	33085	0
PflaHELAf	OZ251424.1	31650001	31700000	0.0044448476052249	33072	147	33072	13
PflaKGBHm	OZ251424.1	31700001	31750000	0.0059477785047284	33626	200	33626	0
PflaHELEm	OZ251424.1	31700001	31750000	0.0103788734907512	33626	349	33626	0
PflaKGBDf	OZ251424.1	31700001	31750000	0.0048191337458353	33616	162	33616	10
PflaHELAf	OZ251424.1	31700001	31750000	0.0068696841729613	33626	231	33626	0
PflaKGBHm	OZ251424.1	31750001	31800000	0.0051145927748284	30892	158	30892	0
PflaHELEm	OZ251424.1	31750001	31800000	0.0082221934481419	30892	254	30892	0
PflaKGBDf	OZ251424.1	31750001	31800000	0.0056972679010747	30892	176	30892	0
PflaHELAf	OZ251424.1	31750001	31800000	0.0048879968923993	30892	151	30892	0
PflaKGBDf	OZ251424.1	31800001	31850000	0.005075716263266	23839	121	23839	204
PflaHELEm	OZ251424.1	31800001	31850000	0.0102732604084348	24043	247	24043	0
PflaHELAf	OZ251424.1	31800001	31850000	0.0069874807636318	24043	168	24043	0
PflaKGBHm	OZ251424.1	31800001	31850000	0.0065715592896061	24043	158	24043	0
PflaKGBHm	OZ251424.1	31850001	31900000	0.00752531557775	28836	217	28836	0
PflaHELEm	OZ251424.1	31850001	31900000	0.0121722846441947	28836	351	28836	0
PflaKGBDf	OZ251424.1	31850001	31900000	0.0056214865708931	28818	162	28818	18
PflaHELAf	OZ251424.1	31850001	31900000	0.0080801775558329	28836	233	28836	0
PflaHELEm	OZ251424.1	31900001	31950000	0.0099703484062268	26980	269	26980	0
PflaKGBHm	OZ251424.1	31900001	31950000	0.0028621343344608	26903	77	26903	77
PflaHELAf	OZ251424.1	31900001	31950000	0.0058561897702001	26980	158	26980	0
PflaKGBDf	OZ251424.1	31900001	31950000	0.0075982209043736	26980	205	26980	0
PflaHELAf	OZ251424.1	31950001	32000000	0.005213113550424	27239	142	27239	0
PflaKGBDf	OZ251424.1	31950001	32000000	0.0039310775561188	27219	107	27219	20
PflaHELEm	OZ251424.1	31950001	32000000	0.0085539116707661	27239	233	27239	0
PflaKGBHm	OZ251424.1	31950001	32000000	0.0042218877344983	27239	115	27239	0
PflaKGBHm	OZ251424.1	32000001	32050000	0.004496726383193	27798	125	27798	66
PflaHELAf	OZ251424.1	32000001	32050000	0.0044860752225093	27864	125	27864	0
PflaKGBDf	OZ251424.1	32000001	32050000	0.0060292850990525	27864	168	27864	0
PflaHELEm	OZ251424.1	32000001	32050000	0.0070700545506747	27864	197	27864	0
PflaHELEm	OZ251424.1	32050001	32100000	0.0098394800158006	27847	274	27847	0
PflaKGBHm	OZ251424.1	32050001	32100000	0.0059252343160843	27847	165	27847	0
PflaHELAf	OZ251424.1	32050001	32100000	0.0059252343160843	27847	165	27847	0
PflaKGBDf	OZ251424.1	32050001	32100000	0.0068948181132617	27847	192	27847	0
PflaHELEm	OZ251424.1	32100001	32150000	0.0085613506386767	29201	250	29201	3
PflaKGBHm	OZ251424.1	32100001	32150000	0.0060950554718531	29204	178	29204	0
PflaHELAf	OZ251424.1	32100001	32150000	0.0061635392411998	29204	180	29204	0
PflaKGBDf	OZ251424.1	32100001	32150000	0.0056499109710998	29204	165	29204	0
PflaHELAf	OZ251424.1	32150001	32200000	0.003357544196245	29188	98	29188	61
PflaKGBDf	OZ251424.1	32150001	32200000	0.0047532742878637	29243	139	29243	6
PflaHELEm	OZ251424.1	32150001	32200000	0.0093678416356114	29249	274	29249	0
PflaKGBHm	OZ251424.1	32150001	32200000	0.0060856781428424	29249	178	29249	0
PflaHELAf	OZ251424.1	32200001	32250000	0.0062133241284086	28970	180	28970	0
PflaKGBDf	OZ251424.1	32200001	32250000	0.0065239903348291	28970	189	28970	0
PflaHELEm	OZ251424.1	32200001	32250000	0.0085605799102519	28970	248	28970	0
PflaKGBHm	OZ251424.1	32200001	32250000	0.0046945115636865	28970	136	28970	0
PflaHELAf	OZ251424.1	32250001	32300000	0.0064127653168749	33215	213	33215	82
PflaKGBDf	OZ251424.1	32250001	32300000	0.0066488161497036	33239	221	33239	58
PflaHELEm	OZ251424.1	32250001	32300000	0.0100909991891161	33297	336	33297	0
PflaKGBHm	OZ251424.1	32250001	32300000	0.0069075292068354	33297	230	33297	0
PflaKGBHm	OZ251424.1	32300001	32350000	0.0072885870678804	34163	249	34163	0
PflaHELEm	OZ251424.1	32300001	32350000	0.0087814302022656	34163	300	34163	0
PflaKGBDf	OZ251424.1	32300001	32350000	0.0076161462300076	34138	260	34138	25
PflaHELAf	OZ251424.1	32300001	32350000	0.0076105728419635	34163	260	34163	0
PflaHELAf	OZ251424.1	32350001	32400000	0.0071516142214957	29364	210	29364	0
PflaKGBDf	OZ251424.1	32350001	32400000	0.0089565454297779	29364	263	29364	0
PflaHELEm	OZ251424.1	32350001	32400000	0.0100463152159106	29364	295	29364	0
PflaKGBHm	OZ251424.1	32350001	32400000	0.0068791717749625	29364	202	29364	0
PflaHELAf	OZ251424.1	32400001	32450000	0.0071144937127729	36264	258	36264	0
PflaKGBDf	OZ251424.1	32400001	32450000	0.0065629825722479	36264	238	36264	0
PflaHELEm	OZ251424.1	32400001	32450000	0.0078590337524818	36264	285	36264	0
PflaKGBHm	OZ251424.1	32400001	32450000	0.006624527312374	36229	240	36229	35
PflaHELAf	OZ251424.1	32450001	32500000	0.0067400714679991	34421	232	34421	0
PflaKGBDf	OZ251424.1	32450001	32500000	0.0057061340941512	34349	196	34349	72
PflaHELEm	OZ251424.1	32450001	32500000	0.0086284535603265	34421	297	34421	0
PflaKGBHm	OZ251424.1	32450001	32500000	0.0071758519508439	34421	247	34421	0
PflaKGBHm	OZ251424.1	32500001	32550000	0.0044622667108873	33167	148	33167	0
PflaHELEm	OZ251424.1	32500001	32550000	0.0075979135888081	33167	252	33167	0
PflaKGBDf	OZ251424.1	32500001	32550000	0.005789061086655	33166	192	33166	1
PflaHELAf	OZ251424.1	32500001	32550000	0.005306479331866	33167	176	33167	0
PflaHELEm	OZ251424.1	32550001	32600000	0.0085314209761676	32351	276	32351	0
PflaKGBDf	OZ251424.1	32550001	32600000	0.0070167846434422	32351	227	32351	0
PflaHELAf	OZ251424.1	32550001	32600000	0.0059678416821273	32340	193	32340	11
PflaKGBHm	OZ251424.1	32550001	32600000	0.0072022503168371	32351	233	32351	0
PflaHELEm	OZ251424.1	32600001	32650000	0.010906266882766	29616	323	29616	8
PflaKGBHm	OZ251424.1	32600001	32650000	0.0080037823781702	29611	237	29611	13
PflaHELAf	OZ251424.1	32600001	32650000	0.0091479881177423	29624	271	29624	0
PflaKGBDf	OZ251424.1	32600001	32650000	0.0073266257005874	29618	217	29618	6
PflaKGBHm	OZ251424.1	32650001	32700000	0.0053645868926399	29266	157	29266	28
PflaHELEm	OZ251424.1	32650001	32700000	0.0090462210691609	29294	265	29294	0
PflaKGBDf	OZ251424.1	32650001	32700000	0.006686554881185	29163	195	29163	131
PflaHELAf	OZ251424.1	32650001	32700000	0.0063494230900525	29294	186	29294	0
PflaKGBHm	OZ251424.1	32700001	32750000	0.0069896801580911	27326	191	27326	0
PflaHELAf	OZ251424.1	32700001	32750000	0.0070994657103125	27326	194	27326	0
PflaKGBDf	OZ251424.1	32700001	32750000	0.0060748005562467	27326	166	27326	0
PflaHELEm	OZ251424.1	32700001	32750000	0.0097709141476981	27326	267	27326	0
PflaKGBHm	OZ251424.1	32750001	32800000	0.0047622264252904	29608	141	29608	0
PflaHELAf	OZ251424.1	32750001	32800000	0.0058767900567414	29608	174	29608	0
PflaKGBDf	OZ251424.1	32750001	32800000	0.0056426544127584	29596	167	29596	12
PflaHELEm	OZ251424.1	32750001	32800000	0.0078043177134362	29599	231	29599	9
PflaHELAf	OZ251424.1	32800001	32850000	0.006629350511273	31979	212	31979	0
PflaKGBDf	OZ251424.1	32800001	32850000	0.005222503674516	31977	167	31977	2
PflaHELEm	OZ251424.1	32800001	32850000	0.0073485725007035	31979	235	31979	0
PflaKGBHm	OZ251424.1	32800001	32850000	0.0046961585423123	31941	150	31941	38
PflaHELAf	OZ251424.1	32850001	32900000	0.0055870139675349	26490	148	26490	0
PflaKGBDf	OZ251424.1	32850001	32900000	0.0060022650056625	26490	159	26490	0
PflaHELEm	OZ251424.1	32850001	32900000	0.0087580218950547	26490	232	26490	0
PflaKGBHm	OZ251424.1	32850001	32900000	0.0064930162325405	26490	172	26490	0
PflaKGBHm	OZ251424.1	32900001	32950000	0.0069008372579801	30576	211	30576	0
PflaKGBDf	OZ251424.1	32900001	32950000	0.0077549818395994	30561	237	30561	15
PflaHELEm	OZ251424.1	32900001	32950000	0.0111198325484039	30576	340	30576	0
PflaHELAf	OZ251424.1	32900001	32950000	0.0064102564102564	30576	196	30576	0
PflaKGBDf	OZ251424.1	32950001	33000000	0.0045970670712085	21753	100	21753	9
PflaHELAf	OZ251424.1	32950001	33000000	0.0050087308151824	21762	109	21762	0
PflaHELEm	OZ251424.1	32950001	33000000	0.010752688172043	21762	234	21762	0
PflaKGBHm	OZ251424.1	32950001	33000000	0.0064332322396838	21762	140	21762	0
PflaHELAf	OZ251424.1	33000001	33050000	0.0083650190114068	22355	187	22355	0
PflaKGBDf	OZ251424.1	33000001	33050000	0.0032654887049876	22355	73	22355	0
PflaHELEm	OZ251424.1	33000001	33050000	0.0095122171129744	22182	211	22182	173
PflaKGBHm	OZ251424.1	33000001	33050000	0.0063095717545979	22347	141	22347	8
PflaHELAf	OZ251424.1	33050001	33100000	0.0068310814204631	19909	136	19909	0
PflaKGBDf	OZ251424.1	33050001	33100000	0.0042409249255313	19807	84	19807	102
PflaHELEm	OZ251424.1	33050001	33100000	0.0087917608641044	19905	175	19905	4
PflaKGBHm	OZ251424.1	33050001	33100000	0.0072831382791702	19909	145	19909	0
PflaKGBHm	OZ251424.1	33100001	33150000	0.0047777463193657	28256	135	28256	0
PflaKGBDf	OZ251424.1	33100001	33150000	0.0025481313703284	28256	72	28256	0
PflaHELEm	OZ251424.1	33100001	33150000	0.0082106455266138	28256	232	28256	0
PflaHELAf	OZ251424.1	33100001	33150000	0.0084229898074745	28256	238	28256	0
PflaKGBHm	OZ251424.1	33150001	33200000	0.0057306590257879	16054	92	16054	0
PflaHELEm	OZ251424.1	33150001	33200000	0.0074747726423321	16054	120	16054	0
PflaKGBDf	OZ251424.1	33150001	33200000	0.0046094431294381	16054	74	16054	0
PflaHELAf	OZ251424.1	33150001	33200000	0.0071633237822349	16054	115	16054	0
PflaKGBHm	OZ251424.1	33200001	33250000	0.0028371363032717	16566	47	16566	0
PflaHELAf	OZ251424.1	33200001	33250000	0.0067608354460944	16566	112	16566	0
PflaKGBDf	OZ251424.1	33200001	33250000	0.0030785947120608	16566	51	16566	0
PflaHELEm	OZ251424.1	33200001	33250000	0.0062175540263189	16566	103	16566	0
PflaKGBHm	OZ251424.1	33250001	33300000	0.0069734209774221	17495	122	17495	0
PflaHELEm	OZ251424.1	33250001	33300000	0.0064018290940268	17495	112	17495	0
PflaHELAf	OZ251424.1	33250001	33300000	0.0064589882823663	17495	113	17495	0
PflaKGBDf	OZ251424.1	33250001	33300000	0.0028008002286367	17495	49	17495	0
PflaHELAf	OZ251424.1	33300001	33350000	0.0060546324978879	14204	86	14204	24
PflaKGBDf	OZ251424.1	33300001	33350000	0.0032677417063294	14077	46	14077	151
PflaHELEm	OZ251424.1	33300001	33350000	0.0041467528816418	14228	59	14228	0
PflaKGBHm	OZ251424.1	33300001	33350000	0.0046547711404189	14179	66	14179	49
PflaHELAf	OZ251424.1	33350001	33400000	0.0031971388316896	18454	59	18454	12
PflaKGBDf	OZ251424.1	33350001	33400000	0.0023844361350457	18453	44	18453	13
PflaHELEm	OZ251424.1	33350001	33400000	0.0044981573813136	18452	83	18452	14
PflaKGBHm	OZ251424.1	33350001	33400000	0.00303260045489	18466	56	18466	0
PflaKGBHm	OZ251424.1	33400001	33450000	0.0036657905657767	14458	53	14458	0
PflaHELEm	OZ251424.1	33400001	33450000	0.0058386042955445	14387	84	14387	71
PflaHELAf	OZ251424.1	33400001	33450000	0.0053949370590676	14458	78	14458	0
PflaKGBDf	OZ251424.1	33400001	33450000	0.0031328320802005	14364	45	14364	94
PflaHELAf	OZ251424.1	33450001	33500000	0.0063283285767464	16118	102	16118	0
PflaKGBDf	OZ251424.1	33450001	33500000	0.001755706044645	15948	28	15948	170
PflaHELEm	OZ251424.1	33450001	33500000	0.0074450924432311	16118	120	16118	0
PflaKGBHm	OZ251424.1	33450001	33500000	0.0049013525251271	16118	79	16118	0
PflaHELEm	OZ251424.1	33500001	33550000	0.0016906170752324	15379	26	15379	0
PflaKGBHm	OZ251424.1	33500001	33550000	0.0038476587974435	15334	59	15334	45
PflaKGBDf	OZ251424.1	33500001	33550000	0.0037063528187788	15379	57	15379	0
PflaHELAf	OZ251424.1	33500001	33550000	0.0014987618923497	15346	23	15346	33
PflaHELAf	OZ251424.1	33550001	33600000	0.0032296597796752	22603	73	22603	0
PflaKGBDf	OZ251424.1	33550001	33600000	0.003417210313762	22533	77	22533	70
PflaHELEm	OZ251424.1	33550001	33600000	0.0062381099854001	22603	141	22603	0
PflaKGBHm	OZ251424.1	33550001	33600000	0.00253920171062	22448	57	22448	155
PflaKGBHm	OZ251424.1	33600001	33650000	0.003809671901726	12862	49	12862	2
PflaHELEm	OZ251424.1	33600001	33650000	0.0010105721393034	12864	13	12864	0
PflaKGBDf	OZ251424.1	33600001	33650000	0.0045864427860696	12864	59	12864	0
PflaHELAf	OZ251424.1	33600001	33650000	0.0009328358208955	12864	12	12864	0
PflaHELAf	OZ251424.1	33650001	33700000	0.0023592424918701	15683	37	15683	0
PflaKGBDf	OZ251424.1	33650001	33700000	0.0037627551020408	15680	59	15680	3
PflaHELEm	OZ251424.1	33650001	33700000	0.0035707453931008	15683	56	15683	0
PflaKGBHm	OZ251424.1	33650001	33700000	0.0028744809964867	15655	45	15655	28
PflaHELEm	OZ251424.1	33700001	33750000	0.0067992520822709	11766	80	11766	0
PflaKGBHm	OZ251424.1	33700001	33750000	0.0041645419003909	11766	49	11766	0
PflaHELAf	OZ251424.1	33700001	33750000	0.0051046452271567	11754	60	11754	12
PflaKGBDf	OZ251424.1	33700001	33750000	0.0023797382287948	11766	28	11766	0
PflaHELAf	OZ251424.1	33750001	33800000	0.0034626038781163	11552	40	11552	0
PflaKGBDf	OZ251424.1	33750001	33800000	0.0017356591165495	11523	20	11523	29
PflaHELEm	OZ251424.1	33750001	33800000	0.005626731301939	11552	65	11552	0
PflaKGBHm	OZ251424.1	33750001	33800000	0.0031163434903047	11552	36	11552	0
PflaHELEm	OZ251424.1	33800001	33850000	0.0065981279729937	13034	86	13034	0
PflaKGBHm	OZ251424.1	33800001	33850000	0.0025355359200922	13015	33	13015	19
PflaHELAf	OZ251424.1	33800001	33850000	0.0049869571888905	13034	65	13034	0
PflaKGBDf	OZ251424.1	33800001	33850000	0.0013896394657608	12953	18	12953	81
PflaKGBHm	OZ251424.1	33850001	33900000	0.0008963250672243	16735	15	16735	34
PflaHELEm	OZ251424.1	33850001	33900000	0.0035183970421611	16769	59	16769	0
PflaKGBDf	OZ251424.1	33850001	33900000	0.0021501523024547	16743	36	16743	26
PflaHELAf	OZ251424.1	33850001	33900000	0.0027431570159222	16769	46	16769	0
PflaKGBHm	OZ251424.1	33900001	33950000	0.0015338991716944	9779	15	9779	1
PflaHELAf	OZ251424.1	33900001	33950000	0.0038120750051514	9706	37	9706	74
PflaKGBDf	OZ251424.1	33900001	33950000	0.0025570215812621	9777	25	9777	3
PflaHELEm	OZ251424.1	33900001	33950000	0.0042944785276073	9780	42	9780	0
PflaHELAf	OZ251424.1	33950001	34000000	0.0030219419261595	7611	23	7611	9
PflaKGBHm	OZ251424.1	33950001	34000000	0.000920568122041	7604	7	7604	16
PflaHELEm	OZ251424.1	33950001	34000000	0.003018372703412	7620	23	7620	0
PflaKGBDf	OZ251424.1	33950001	34000000	0.0018372703412073	7620	14	7620	0
PflaKGBHm	OZ251424.1	34000001	34050000	0.0010735896935389	10246	11	10246	0
PflaKGBDf	OZ251424.1	34000001	34050000	0.0034159672067148	10246	35	10246	0
PflaHELAf	OZ251424.1	34000001	34050000	0.0042943587741557	10246	44	10246	0
PflaHELEm	OZ251424.1	34000001	34050000	0.0058559437829396	10246	60	10246	0
PflaHELAf	OZ251424.1	34050001	34100000	0.0031536035689562	13001	41	13001	1373
PflaKGBDf	OZ251424.1	34050001	34100000	0.0020175316543759	14374	29	14374	0
PflaHELEm	OZ251424.1	34050001	34100000	0.0029235266964148	12998	38	12998	1376
PflaKGBHm	OZ251424.1	34050001	34100000	0.0007652706275219	14374	11	14374	0
PflaHELEm	OZ251424.1	34100001	34150000	0.0052256196596285	14161	74	14161	0
PflaHELAf	OZ251424.1	34100001	34150000	0.0048950056753688	14096	69	14096	65
PflaKGBDf	OZ251424.1	34100001	34150000	0.0034329852667715	13982	48	13982	179
PflaKGBHm	OZ251424.1	34100001	34150000	0.0026196544888133	14124	37	14124	37
PflaKGBHm	OZ251424.1	34150001	34200000	0.0035868530854256	13661	49	13661	92
PflaHELEm	OZ251424.1	34150001	34200000	0.0065440267577982	13753	90	13753	0
PflaHELAf	OZ251424.1	34150001	34200000	0.0062860901980849	13681	86	13681	72
PflaKGBDf	OZ251424.1	34150001	34200000	0.0045773348098929	13545	62	13545	208
PflaKGBHm	OZ251424.1	34200001	34250000	0.004847225828789	11553	56	11553	0
PflaHELEm	OZ251424.1	34200001	34250000	0.0060590322859863	11553	70	11553	0
PflaKGBDf	OZ251424.1	34200001	34250000	0.0043278802042759	11553	50	11553	0
PflaHELAf	OZ251424.1	34200001	34250000	0.00251017051848	11553	29	11553	0
PflaKGBDf	OZ251424.1	34250001	34300000	0.0029553322637845	11843	35	11843	0
PflaHELAf	OZ251424.1	34250001	34300000	0.0016887612935911	11843	20	11843	0
PflaKGBHm	OZ251424.1	34250001	34300000	0.0020265135523093	11843	24	11843	0
PflaHELEm	OZ251424.1	34250001	34300000	0.0032086464578231	11843	38	11843	0
PflaHELAf	OZ251424.1	34300001	34350000	0.0021594859370062	18986	41	18986	0
PflaKGBHm	OZ251424.1	34300001	34350000	0.0031075529337406	18986	59	18986	0
PflaHELEm	OZ251424.1	34300001	34350000	0.004372333140178	18983	83	18983	3
PflaKGBDf	OZ251424.1	34300001	34350000	0.001580111661224	18986	30	18986	0
PflaHELEm	OZ251424.1	34350001	34400000	0.0035087719298245	16245	57	16245	0
PflaKGBDf	OZ251424.1	34350001	34400000	0.0011695906432748	16245	19	16245	0
PflaHELAf	OZ251424.1	34350001	34400000	0.0014158202523853	16245	23	16245	0
PflaKGBHm	OZ251424.1	34350001	34400000	0.0022160664819944	16245	36	16245	0
PflaHELEm	OZ251424.1	34400001	34450000	0.0045504471991212	12746	58	12746	3
PflaHELAf	OZ251424.1	34400001	34450000	0.00227468821084	12749	29	12749	0
PflaKGBDf	OZ251424.1	34400001	34450000	0.0033728135540042	12749	43	12749	0
PflaKGBHm	OZ251424.1	34400001	34450000	0.0010208889586932	12734	13	12734	15
