pop	chromosome	window_pos_1	window_pos_2	avg_pi	no_sites	count_diffs	count_comparisons	count_missing
PflaHELAf	OZ251426.1	1	50000	0.0	88	0	88	0
PflaHELEm	OZ251426.1	1	50000	0.0113636363636363	88	1	88	0
PflaKGBHm	OZ251426.1	1	50000	0.0	88	0	88	0
PflaKGBDf	OZ251426.1	1	50000	0.0	88	0	88	0
PflaHELAf	OZ251426.1	50001	100000	NA	0	NA	NA	NA
PflaKGBDf	OZ251426.1	50001	100000	NA	0	NA	NA	NA
PflaHELEm	OZ251426.1	50001	100000	NA	0	NA	NA	NA
PflaKGBHm	OZ251426.1	50001	100000	NA	0	NA	NA	NA
PflaHELAf	OZ251426.1	100001	150000	NA	0	NA	NA	NA
PflaKGBDf	OZ251426.1	100001	150000	NA	0	NA	NA	NA
PflaHELEm	OZ251426.1	100001	150000	NA	0	NA	NA	NA
PflaKGBHm	OZ251426.1	100001	150000	NA	0	NA	NA	NA
PflaHELEm	OZ251426.1	150001	200000	NA	0	NA	NA	NA
PflaKGBHm	OZ251426.1	150001	200000	NA	0	NA	NA	NA
PflaHELAf	OZ251426.1	150001	200000	NA	0	NA	NA	NA
PflaKGBDf	OZ251426.1	150001	200000	NA	0	NA	NA	NA
PflaKGBDf	OZ251426.1	200001	250000	NA	0	NA	NA	NA
PflaHELEm	OZ251426.1	200001	250000	NA	0	NA	NA	NA
PflaKGBHm	OZ251426.1	200001	250000	NA	0	NA	NA	NA
PflaHELAf	OZ251426.1	200001	250000	NA	0	NA	NA	NA
PflaHELEm	OZ251426.1	250001	300000	NA	0	NA	NA	NA
PflaKGBDf	OZ251426.1	250001	300000	NA	0	NA	NA	NA
PflaHELAf	OZ251426.1	250001	300000	NA	0	NA	NA	NA
PflaKGBHm	OZ251426.1	250001	300000	NA	0	NA	NA	NA
PflaHELEm	OZ251426.1	300001	350000	0.048780487804878	41	2	41	0
PflaKGBDf	OZ251426.1	300001	350000	0.048780487804878	41	2	41	0
PflaKGBHm	OZ251426.1	300001	350000	0.024390243902439	41	1	41	0
PflaHELAf	OZ251426.1	300001	350000	0.073170731707317	41	3	41	0
PflaHELAf	OZ251426.1	350001	400000	NA	0	NA	NA	NA
PflaKGBDf	OZ251426.1	350001	400000	NA	0	NA	NA	NA
PflaKGBHm	OZ251426.1	350001	400000	NA	0	NA	NA	NA
PflaHELEm	OZ251426.1	350001	400000	NA	0	NA	NA	NA
PflaKGBHm	OZ251426.1	400001	450000	0.0049916805324459	601	3	601	0
PflaHELEm	OZ251426.1	400001	450000	0.0149750415973377	601	9	601	0
PflaKGBDf	OZ251426.1	400001	450000	0.0049916805324459	601	3	601	0
PflaHELAf	OZ251426.1	400001	450000	0.0016638935108153	601	1	601	0
PflaKGBHm	OZ251426.1	450001	500000	NA	0	NA	NA	NA
PflaHELEm	OZ251426.1	450001	500000	NA	0	NA	NA	NA
PflaKGBDf	OZ251426.1	450001	500000	NA	0	NA	NA	NA
PflaHELAf	OZ251426.1	450001	500000	NA	0	NA	NA	NA
PflaHELEm	OZ251426.1	500001	550000	NA	0	NA	NA	NA
PflaKGBDf	OZ251426.1	500001	550000	NA	0	NA	NA	NA
PflaHELAf	OZ251426.1	500001	550000	NA	0	NA	NA	NA
PflaKGBHm	OZ251426.1	500001	550000	NA	0	NA	NA	NA
PflaHELEm	OZ251426.1	550001	600000	0.0047258979206049	2116	10	2116	0
PflaKGBDf	OZ251426.1	550001	600000	0.0037807183364839	2116	8	2116	0
PflaKGBHm	OZ251426.1	550001	600000	0.0066162570888468	2116	14	2116	0
PflaHELAf	OZ251426.1	550001	600000	0.0066162570888468	2116	14	2116	0
PflaHELEm	OZ251426.1	600001	650000	NA	0	NA	NA	NA
PflaHELAf	OZ251426.1	600001	650000	NA	0	NA	NA	NA
PflaKGBHm	OZ251426.1	600001	650000	NA	0	NA	NA	NA
PflaKGBDf	OZ251426.1	600001	650000	NA	0	NA	NA	NA
PflaHELAf	OZ251426.1	650001	700000	NA	0	NA	NA	NA
PflaKGBDf	OZ251426.1	650001	700000	NA	0	NA	NA	NA
PflaHELEm	OZ251426.1	650001	700000	NA	0	NA	NA	NA
PflaKGBHm	OZ251426.1	650001	700000	NA	0	NA	NA	NA
PflaHELAf	OZ251426.1	700001	750000	NA	0	NA	NA	NA
PflaKGBDf	OZ251426.1	700001	750000	NA	0	NA	NA	NA
PflaHELEm	OZ251426.1	700001	750000	NA	0	NA	NA	NA
PflaKGBHm	OZ251426.1	700001	750000	NA	0	NA	NA	NA
PflaKGBHm	OZ251426.1	750001	800000	NA	0	NA	NA	NA
PflaHELEm	OZ251426.1	750001	800000	NA	0	NA	NA	NA
PflaHELAf	OZ251426.1	750001	800000	NA	0	NA	NA	NA
PflaKGBDf	OZ251426.1	750001	800000	NA	0	NA	NA	NA
PflaHELAf	OZ251426.1	800001	850000	NA	0	NA	NA	NA
PflaKGBDf	OZ251426.1	800001	850000	NA	0	NA	NA	NA
PflaHELEm	OZ251426.1	800001	850000	NA	0	NA	NA	NA
PflaKGBHm	OZ251426.1	800001	850000	NA	0	NA	NA	NA
PflaHELAf	OZ251426.1	850001	900000	0.0015043023045911	16619	25	16619	0
PflaKGBDf	OZ251426.1	850001	900000	0.0024672042363702	16618	41	16618	1
PflaHELEm	OZ251426.1	850001	900000	0.0015043023045911	16619	25	16619	0
PflaKGBHm	OZ251426.1	850001	900000	0.0014441302124074	16619	24	16619	0
PflaHELAf	OZ251426.1	900001	950000	0.0032278459951415	30051	97	30051	0
PflaKGBDf	OZ251426.1	900001	950000	0.0040597650660543	30051	122	30051	0
PflaHELEm	OZ251426.1	900001	950000	0.0029283551296129	30051	88	30051	0
PflaKGBHm	OZ251426.1	900001	950000	0.0025623107384113	30051	77	30051	0
PflaKGBHm	OZ251426.1	950001	1000000	0.0027627778475448	23889	66	23889	0
PflaHELEm	OZ251426.1	950001	1000000	0.0020092929800326	23889	48	23889	0
PflaKGBDf	OZ251426.1	950001	1000000	0.002176734061702	23889	52	23889	0
PflaHELAf	OZ251426.1	950001	1000000	0.002176734061702	23889	52	23889	0
PflaKGBHm	OZ251426.1	1000001	1050000	0.0010586118070503	28339	30	28339	511
PflaHELEm	OZ251426.1	1000001	1050000	0.0014558058925476	28850	42	28850	0
PflaKGBDf	OZ251426.1	1000001	1050000	0.0020797227036395	28850	60	28850	0
PflaHELAf	OZ251426.1	1000001	1050000	0.0017677642980935	28850	51	28850	0
PflaKGBHm	OZ251426.1	1050001	1100000	0.0026869219242494	19353	52	19353	923
PflaHELEm	OZ251426.1	1050001	1100000	0.0021700532649437	20276	44	20276	0
PflaKGBDf	OZ251426.1	1050001	1100000	0.002318011442099	20276	47	20276	0
PflaHELAf	OZ251426.1	1050001	1100000	0.0023214462115973	20246	47	20246	30
PflaHELAf	OZ251426.1	1100001	1150000	0.0024514742427295	29778	73	29778	0
PflaKGBDf	OZ251426.1	1100001	1150000	0.003223856538384	29778	96	29778	0
PflaHELEm	OZ251426.1	1100001	1150000	0.002753710793203	29778	82	29778	0
PflaKGBHm	OZ251426.1	1100001	1150000	0.0021156558533145	29778	63	29778	0
PflaHELEm	OZ251426.1	1150001	1200000	0.0016211917288633	32692	53	32692	0
PflaKGBHm	OZ251426.1	1150001	1200000	0.0011035159243478	32623	36	32623	69
PflaHELAf	OZ251426.1	1150001	1200000	0.0018964884375382	32692	62	32692	0
PflaKGBDf	OZ251426.1	1150001	1200000	0.0026005813064096	32685	85	32685	7
PflaKGBHm	OZ251426.1	1200001	1250000	0.0013757203941253	26895	37	26895	0
PflaHELEm	OZ251426.1	1200001	1250000	0.0012269938650306	26895	33	26895	0
PflaKGBDf	OZ251426.1	1200001	1250000	0.0020078081427774	26895	54	26895	0
PflaHELAf	OZ251426.1	1200001	1250000	0.0016359918200408	26895	44	26895	0
PflaKGBHm	OZ251426.1	1250001	1300000	0.0016157392006843	21043	34	21043	95
PflaHELEm	OZ251426.1	1250001	1300000	0.0010880878039549	21138	23	21138	0
PflaKGBDf	OZ251426.1	1250001	1300000	0.0019396347809631	21138	41	21138	0
PflaHELAf	OZ251426.1	1250001	1300000	0.0024127164348566	21138	51	21138	0
PflaHELEm	OZ251426.1	1300001	1350000	0.0013373021008584	23181	31	23181	0
PflaKGBHm	OZ251426.1	1300001	1350000	0.0018197573656845	23080	42	23080	101
PflaHELAf	OZ251426.1	1300001	1350000	0.0017255510978818	23181	40	23181	0
PflaKGBDf	OZ251426.1	1300001	1350000	0.0020706613174582	23181	48	23181	0
PflaHELAf	OZ251426.1	1350001	1400000	0.0019721356320376	31438	62	31438	0
PflaKGBDf	OZ251426.1	1350001	1400000	0.0019403269928112	31438	61	31438	0
PflaHELEm	OZ251426.1	1350001	1400000	0.0013995801259622	31438	44	31438	0
PflaKGBHm	OZ251426.1	1350001	1400000	0.0013995801259622	31438	44	31438	0
PflaHELAf	OZ251426.1	1400001	1450000	0.0015960712093308	24435	39	24435	0
PflaKGBDf	OZ251426.1	1400001	1450000	0.001391446695314	24435	34	24435	0
PflaHELEm	OZ251426.1	1400001	1450000	0.0009821976672805	24435	24	24435	0
PflaKGBHm	OZ251426.1	1400001	1450000	0.0002864743196234	24435	7	24435	0
PflaHELAf	OZ251426.1	1450001	1500000	0.0016719118804091	30504	51	30504	0
PflaKGBDf	OZ251426.1	1450001	1500000	0.0017702596380802	30504	54	30504	0
PflaHELEm	OZ251426.1	1450001	1500000	0.0011801730920535	30504	36	30504	0
PflaKGBHm	OZ251426.1	1450001	1500000	0.0009519432773109	30464	29	30464	40
PflaKGBHm	OZ251426.1	1500001	1550000	0.0021077507744387	31313	66	31313	0
PflaHELEm	OZ251426.1	1500001	1550000	0.0014377456148758	31299	45	31299	14
PflaHELAf	OZ251426.1	1500001	1550000	0.0022035576278223	31313	69	31313	0
PflaKGBDf	OZ251426.1	1500001	1550000	0.0026825918947402	31313	84	31313	0
PflaHELAf	OZ251426.1	1550001	1600000	0.0016648784638721	27029	45	27029	0
PflaKGBDf	OZ251426.1	1550001	1600000	0.0019238595582522	27029	52	27029	0
PflaHELEm	OZ251426.1	1550001	1600000	0.0011469162751119	27029	31	27029	0
PflaKGBHm	OZ251426.1	1550001	1600000	0.0025528136446039	27029	69	27029	0
PflaHELAf	OZ251426.1	1600001	1650000	0.0036311889690367	20379	74	20379	0
PflaKGBDf	OZ251426.1	1600001	1650000	0.0027969969085823	20379	57	20379	0
PflaHELEm	OZ251426.1	1600001	1650000	0.0033858383630207	20379	69	20379	0
PflaKGBHm	OZ251426.1	1600001	1650000	0.0028460670297855	20379	58	20379	0
PflaKGBHm	OZ251426.1	1650001	1700000	0.0020475969711018	25884	53	25884	0
PflaHELAf	OZ251426.1	1650001	1700000	0.0037861227012826	25884	98	25884	0
PflaKGBDf	OZ251426.1	1650001	1700000	0.0022021325915623	25884	57	25884	0
PflaHELEm	OZ251426.1	1650001	1700000	0.0019404664881437	25767	50	25767	117
PflaKGBDf	OZ251426.1	1700001	1750000	0.0016487479820011	29113	48	29113	284
PflaHELAf	OZ251426.1	1700001	1750000	0.0019049562880566	29397	56	29397	0
PflaHELEm	OZ251426.1	1700001	1750000	0.0034697418103888	29397	102	29397	0
PflaKGBHm	OZ251426.1	1700001	1750000	0.0026873490492227	29397	79	29397	0
PflaHELEm	OZ251426.1	1750001	1800000	0.0044586286197024	21307	95	21307	0
PflaKGBDf	OZ251426.1	1750001	1800000	0.000422515374865	21301	9	21301	6
PflaKGBHm	OZ251426.1	1750001	1800000	0.0012672486623486	21306	27	21306	1
PflaHELAf	OZ251426.1	1750001	1800000	0.0007978598582625	21307	17	21307	0
PflaKGBHm	OZ251426.1	1800001	1850000	0.0029757549148738	20499	61	20499	0
PflaKGBDf	OZ251426.1	1800001	1850000	0.002780623445046	20499	57	20499	0
PflaHELAf	OZ251426.1	1800001	1850000	0.0015122688911654	20499	31	20499	0
PflaHELEm	OZ251426.1	1800001	1850000	0.0037074979267281	20499	76	20499	0
PflaHELEm	OZ251426.1	1850001	1900000	0.0041752200688911	28741	120	28741	0
PflaKGBDf	OZ251426.1	1850001	1900000	0.0038272850631502	28741	110	28741	0
PflaHELAf	OZ251426.1	1850001	1900000	0.0030345308685036	28670	87	28670	71
PflaKGBHm	OZ251426.1	1850001	1900000	0.0034793500574092	28741	100	28741	0
PflaKGBHm	OZ251426.1	1900001	1950000	0.0044505172750341	25615	114	25615	0
PflaHELEm	OZ251426.1	1900001	1950000	0.0039039625219597	25615	100	25615	0
PflaKGBDf	OZ251426.1	1900001	1950000	0.0047628342767909	25615	122	25615	0
PflaHELAf	OZ251426.1	1900001	1950000	0.0017177435096623	25615	44	25615	0
PflaKGBHm	OZ251426.1	1950001	2000000	0.0041119318802081	27481	113	27481	0
PflaHELEm	OZ251426.1	1950001	2000000	0.004221098213311	27481	116	27481	0
PflaHELAf	OZ251426.1	1950001	2000000	0.0022924929951602	27481	63	27481	0
PflaKGBDf	OZ251426.1	1950001	2000000	0.0035661002146937	27481	98	27481	0
PflaKGBHm	OZ251426.1	2000001	2050000	0.0035554238731898	27001	96	27001	0
PflaHELEm	OZ251426.1	2000001	2050000	0.0042961371801044	27001	116	27001	0
PflaKGBDf	OZ251426.1	2000001	2050000	0.0008893170785933	26987	24	26987	14
PflaHELAf	OZ251426.1	2000001	2050000	0.0033332098811155	27001	90	27001	0
PflaHELEm	OZ251426.1	2050001	2100000	0.0048221034797341	30692	148	30692	0
PflaKGBDf	OZ251426.1	2050001	2100000	0.0049850123810765	30692	153	30692	0
PflaHELAf	OZ251426.1	2050001	2100000	0.0057669751075198	30692	177	30692	0
PflaKGBHm	OZ251426.1	2050001	2100000	0.005506320865372	30692	169	30692	0
PflaKGBHm	OZ251426.1	2100001	2150000	0.0050196953323805	28687	144	28687	0
PflaHELEm	OZ251426.1	2100001	2150000	0.0044968104019242	28687	129	28687	0
PflaKGBDf	OZ251426.1	2100001	2150000	0.0066929271098406	28687	192	28687	0
PflaHELAf	OZ251426.1	2100001	2150000	0.0067626451005682	28687	194	28687	0
PflaHELEm	OZ251426.1	2150001	2200000	0.0037737504936592	22789	86	22789	0
PflaKGBHm	OZ251426.1	2150001	2200000	0.0032910614770283	22789	75	22789	0
PflaKGBDf	OZ251426.1	2150001	2200000	0.0010092588529553	22789	23	22789	0
PflaHELAf	OZ251426.1	2150001	2200000	0.0038615121330466	22789	88	22789	0
PflaKGBDf	OZ251426.1	2200001	2250000	0.0016539440203562	23580	39	23580	2
PflaHELEm	OZ251426.1	2200001	2250000	0.0052723330073557	23519	124	23519	63
PflaKGBHm	OZ251426.1	2200001	2250000	0.0042405224323636	23582	100	23582	0
PflaHELAf	OZ251426.1	2200001	2250000	0.0048341955728945	23582	114	23582	0
PflaHELAf	OZ251426.1	2250001	2300000	0.0056155662064525	27958	157	27958	0
PflaKGBDf	OZ251426.1	2250001	2300000	0.0047364455129355	27869	132	27869	89
PflaKGBHm	OZ251426.1	2250001	2300000	0.0047571357035553	27958	133	27958	0
PflaHELEm	OZ251426.1	2250001	2300000	0.0071178195865226	27958	199	27958	0
PflaKGBDf	OZ251426.1	2300001	2350000	0.0041587399902667	22603	94	22603	0
PflaHELEm	OZ251426.1	2300001	2350000	0.0034510220334483	22602	78	22602	1
PflaKGBHm	OZ251426.1	2300001	2350000	0.0027429987169844	22603	62	22603	0
PflaHELAf	OZ251426.1	2300001	2350000	0.0042029819050568	22603	95	22603	0
PflaHELAf	OZ251426.1	2350001	2400000	0.0037265524692324	31933	119	31933	0
PflaHELEm	OZ251426.1	2350001	2400000	0.0052296996837127	31933	167	31933	0
PflaKGBHm	OZ251426.1	2350001	2400000	0.0042276015407258	31933	135	31933	0
PflaKGBDf	OZ251426.1	2350001	2400000	0.0039770770049791	31933	127	31933	0
PflaHELEm	OZ251426.1	2400001	2450000	0.0041460643100641	32561	135	32561	0
PflaKGBHm	OZ251426.1	2400001	2450000	0.0017198488989895	32561	56	32561	0
PflaKGBDf	OZ251426.1	2400001	2450000	0.0033782746230152	32561	110	32561	0
PflaHELAf	OZ251426.1	2400001	2450000	0.0032554282730874	32561	106	32561	0
PflaKGBHm	OZ251426.1	2450001	2500000	0.001546431609062	25866	40	25866	0
PflaHELEm	OZ251426.1	2450001	2500000	0.0056444753730766	25866	146	25866	0
PflaKGBDf	OZ251426.1	2450001	2500000	0.0030543205103421	25865	79	25865	1
PflaHELAf	OZ251426.1	2450001	2500000	0.0042159820530672	25854	109	25854	12
PflaKGBDf	OZ251426.1	2500001	2550000	0.0045948894251429	30251	139	30251	49
PflaHELEm	OZ251426.1	2500001	2550000	0.006006600660066	30300	182	30300	0
PflaKGBHm	OZ251426.1	2500001	2550000	0.0045214521452145	30300	137	30300	0
PflaHELAf	OZ251426.1	2500001	2550000	0.0046864686468646	30300	142	30300	0
PflaHELAf	OZ251426.1	2550001	2600000	0.0036420233463035	32125	117	32125	0
PflaKGBDf	OZ251426.1	2550001	2600000	0.0017749268231923	32114	57	32114	11
PflaHELEm	OZ251426.1	2550001	2600000	0.0043579766536964	32125	140	32125	0
PflaKGBHm	OZ251426.1	2550001	2600000	0.0026459143968871	32125	85	32125	0
PflaKGBHm	OZ251426.1	2600001	2650000	0.0037315941639211	29746	111	29746	0
PflaHELEm	OZ251426.1	2600001	2650000	0.0049754588852282	29746	148	29746	0
PflaHELAf	OZ251426.1	2600001	2650000	0.0039669199220063	29746	118	29746	0
PflaKGBDf	OZ251426.1	2600001	2650000	0.0018826060646809	29746	56	29746	0
PflaHELAf	OZ251426.1	2650001	2700000	0.0042024894135762	31172	131	31172	0
PflaKGBDf	OZ251426.1	2650001	2700000	0.000994514131725	31171	31	31171	1
PflaHELEm	OZ251426.1	2650001	2700000	0.0046516104196073	31172	145	31172	0
PflaKGBHm	OZ251426.1	2650001	2700000	0.002758886179905	31172	86	31172	0
PflaKGBDf	OZ251426.1	2700001	2750000	0.001023102310231	30300	31	30300	13
PflaHELEm	OZ251426.1	2700001	2750000	0.0054432091841784	30313	165	30313	0
PflaKGBHm	OZ251426.1	2700001	2750000	0.0039916867350641	30313	121	30313	0
PflaHELAf	OZ251426.1	2700001	2750000	0.0046207670473298	30298	140	30298	15
PflaKGBHm	OZ251426.1	2750001	2800000	0.0044098573281452	26985	119	26985	0
PflaHELEm	OZ251426.1	2750001	2800000	0.0045580878265703	26985	123	26985	0
PflaKGBDf	OZ251426.1	2750001	2800000	0.003557927507227	26982	96	26982	3
PflaHELAf	OZ251426.1	2750001	2800000	0.0034834167129886	26985	94	26985	0
PflaKGBDf	OZ251426.1	2800001	2850000	0.0030168187646127	26518	80	26518	0
PflaHELAf	OZ251426.1	2800001	2850000	0.0027905573572667	26518	74	26518	0
PflaKGBHm	OZ251426.1	2800001	2850000	0.0016969605550946	26518	45	26518	0
PflaHELEm	OZ251426.1	2800001	2850000	0.0059582170601101	26518	158	26518	0
PflaKGBDf	OZ251426.1	2850001	2900000	0.0056201425910463	31138	175	31138	0
PflaHELAf	OZ251426.1	2850001	2900000	0.0054916821889652	31138	171	31138	0
PflaHELEm	OZ251426.1	2850001	2900000	0.0081572355321472	31138	254	31138	0
PflaKGBHm	OZ251426.1	2850001	2900000	0.004977840580641	31138	155	31138	0
PflaKGBHm	OZ251426.1	2900001	2950000	0.0050733198971436	28778	146	28778	0
PflaHELEm	OZ251426.1	2900001	2950000	0.007853221210647	28778	226	28778	0
PflaKGBDf	OZ251426.1	2900001	2950000	0.0051428174299812	28778	148	28778	0
PflaHELAf	OZ251426.1	2900001	2950000	0.0037451872593629	28570	107	28570	208
PflaKGBDf	OZ251426.1	2950001	3000000	0.0025215989417551	24191	61	24191	0
PflaHELEm	OZ251426.1	2950001	3000000	0.0037617295688479	24191	91	24191	0
PflaKGBHm	OZ251426.1	2950001	3000000	0.0048778471332313	24191	118	24191	0
PflaHELAf	OZ251426.1	2950001	3000000	0.0053325616964986	24191	129	24191	0
PflaHELAf	OZ251426.1	3000001	3050000	0.0069791941006057	22782	159	22782	0
PflaKGBDf	OZ251426.1	3000001	3050000	0.0036560655448859	22702	83	22702	80
PflaHELEm	OZ251426.1	3000001	3050000	0.0068475111930471	22782	156	22782	0
PflaKGBHm	OZ251426.1	3000001	3050000	0.0054870286642377	22781	125	22781	1
PflaKGBHm	OZ251426.1	3050001	3100000	0.0048481860388676	24339	118	24339	0
PflaKGBDf	OZ251426.1	3050001	3100000	0.0036155963679691	24339	88	24339	0
PflaHELAf	OZ251426.1	3050001	3100000	0.0019310571510744	24339	47	24339	0
PflaHELEm	OZ251426.1	3050001	3100000	0.00562882616377	24339	137	24339	0
PflaKGBDf	OZ251426.1	3100001	3150000	0.0054234587572006	32636	177	32636	0
PflaHELEm	OZ251426.1	3100001	3150000	0.0083649957102586	32636	273	32636	0
PflaHELAf	OZ251426.1	3100001	3150000	0.0057381324986958	32589	187	32589	47
PflaKGBHm	OZ251426.1	3100001	3150000	0.0043214417065097	32628	141	32628	8
PflaKGBHm	OZ251426.1	3150001	3200000	0.0053494076509576	38322	205	38322	0
PflaHELEm	OZ251426.1	3150001	3200000	0.0073586973540003	38322	282	38322	0
PflaKGBDf	OZ251426.1	3150001	3200000	0.0038135039832832	38285	146	38285	37
PflaHELAf	OZ251426.1	3150001	3200000	0.004540472835447	38322	174	38322	0
PflaHELAf	OZ251426.1	3200001	3250000	0.0014086310667178	39045	55	39045	0
PflaKGBDf	OZ251426.1	3200001	3250000	0.0014854654885388	39045	58	39045	0
PflaHELEm	OZ251426.1	3200001	3250000	0.004097835830452	39045	160	39045	0
PflaKGBHm	OZ251426.1	3200001	3250000	0.0065821488026635	39045	257	39045	0
PflaHELAf	OZ251426.1	3250001	3300000	0.0038473220613546	39508	152	39508	0
PflaKGBHm	OZ251426.1	3250001	3300000	0.0023033309709425	39508	91	39508	0
PflaHELEm	OZ251426.1	3250001	3300000	0.0053914496165236	39507	213	39507	1
PflaKGBDf	OZ251426.1	3250001	3300000	0.0026597092051269	39478	105	39478	30
PflaKGBHm	OZ251426.1	3300001	3350000	0.001531393568147	39833	61	39833	0
PflaHELEm	OZ251426.1	3300001	3350000	0.0045690758918484	39833	182	39833	0
PflaKGBDf	OZ251426.1	3300001	3350000	0.0018075465066653	39833	72	39833	0
PflaHELAf	OZ251426.1	3300001	3350000	0.0042929229533301	39833	171	39833	0
PflaKGBHm	OZ251426.1	3350001	3400000	0.0049632977194953	38281	190	38281	0
PflaHELEm	OZ251426.1	3350001	3400000	0.0072620882422089	38281	278	38281	0
PflaKGBDf	OZ251426.1	3350001	3400000	0.0040751286539014	38281	156	38281	0
PflaHELAf	OZ251426.1	3350001	3400000	0.0047020715237324	38281	180	38281	0
PflaHELEm	OZ251426.1	3400001	3450000	0.0058972441171394	34762	205	34762	0
PflaKGBDf	OZ251426.1	3400001	3450000	0.0047198319279362	34747	164	34747	15
PflaHELAf	OZ251426.1	3400001	3450000	0.0050632911392405	34760	176	34760	2
PflaKGBHm	OZ251426.1	3400001	3450000	0.0024451987802773	34762	85	34762	0
PflaHELAf	OZ251426.1	3450001	3500000	0.0052065144925235	31499	164	31499	151
PflaKGBHm	OZ251426.1	3450001	3500000	0.0045813586097946	31650	145	31650	0
PflaHELEm	OZ251426.1	3450001	3500000	0.0057503949447077	31650	182	31650	0
PflaKGBDf	OZ251426.1	3450001	3500000	0.0034439178515007	31650	109	31650	0
PflaHELEm	OZ251426.1	3500001	3550000	0.0071109218650202	23485	167	23485	0
PflaKGBDf	OZ251426.1	3500001	3550000	0.0068554396423248	23485	161	23485	0
PflaHELAf	OZ251426.1	3500001	3550000	0.0037896529699808	23485	89	23485	0
PflaKGBHm	OZ251426.1	3500001	3550000	0.0062593144560357	23485	147	23485	0
PflaKGBDf	OZ251426.1	3550001	3600000	0.0051078614395353	38568	197	38568	0
PflaHELEm	OZ251426.1	3550001	3600000	0.0065339141257	38568	252	38568	0
PflaKGBHm	OZ251426.1	3550001	3600000	0.0033706699854801	38568	130	38568	0
PflaHELAf	OZ251426.1	3550001	3600000	0.0027743206803567	38568	107	38568	0
PflaKGBDf	OZ251426.1	3600001	3650000	0.0060911101849773	31193	190	31193	0
PflaKGBHm	OZ251426.1	3600001	3650000	0.0050972974705863	31193	159	31193	0
PflaHELEm	OZ251426.1	3600001	3650000	0.0074375661206039	31193	232	31193	0
PflaHELAf	OZ251426.1	3600001	3650000	0.0059308178116885	31193	185	31193	0
PflaHELAf	OZ251426.1	3650001	3700000	0.0034220969689998	34774	119	34774	0
PflaKGBDf	OZ251426.1	3650001	3700000	0.0025593834474032	34774	89	34774	0
PflaHELEm	OZ251426.1	3650001	3700000	0.0053200667165123	34774	185	34774	0
PflaKGBHm	OZ251426.1	3650001	3700000	0.0048024386035543	34774	167	34774	0
PflaKGBHm	OZ251426.1	3700001	3750000	0.0067278287461773	32700	220	32700	0
PflaHELEm	OZ251426.1	3700001	3750000	0.0068807339449541	32700	225	32700	0
PflaKGBDf	OZ251426.1	3700001	3750000	0.0060244648318042	32700	197	32700	0
PflaHELAf	OZ251426.1	3700001	3750000	0.0069159679294938	32678	226	32678	22
PflaHELAf	OZ251426.1	3750001	3800000	0.0032835820895522	30150	99	30150	0
PflaKGBHm	OZ251426.1	3750001	3800000	0.0027529021558872	30150	83	30150	0
PflaHELEm	OZ251426.1	3750001	3800000	0.0035489220563847	30150	107	30150	0
PflaKGBDf	OZ251426.1	3750001	3800000	0.0024875621890547	30150	75	30150	0
PflaKGBDf	OZ251426.1	3800001	3850000	0.0065764023210831	28435	187	28435	0
PflaHELAf	OZ251426.1	3800001	3850000	0.0049938456128011	28435	142	28435	0
PflaHELEm	OZ251426.1	3800001	3850000	0.008242919543469	28388	234	28388	47
PflaKGBHm	OZ251426.1	3800001	3850000	0.0065814943863724	28413	187	28413	22
PflaKGBDf	OZ251426.1	3850001	3900000	0.0040038436899423	24976	100	24976	0
PflaKGBHm	OZ251426.1	3850001	3900000	0.0038464620562545	24958	96	24958	18
PflaHELEm	OZ251426.1	3850001	3900000	0.0050848814862267	24976	127	24976	0
PflaHELAf	OZ251426.1	3850001	3900000	0.0048046124279308	24976	120	24976	0
PflaHELEm	OZ251426.1	3900001	3950000	0.0081824380634896	26398	216	26398	0
PflaKGBDf	OZ251426.1	3900001	3950000	0.008602395028043	26388	227	26388	10
PflaHELAf	OZ251426.1	3900001	3950000	0.0073111599363588	26398	193	26398	0
PflaKGBHm	OZ251426.1	3900001	3950000	0.0021971361466777	26398	58	26398	0
PflaHELAf	OZ251426.1	3950001	4000000	0.0055076520247392	22151	122	22151	0
PflaHELEm	OZ251426.1	3950001	4000000	0.0094352399440205	22151	209	22151	0
PflaKGBDf	OZ251426.1	3950001	4000000	0.0073585842625615	22151	163	22151	0
PflaKGBHm	OZ251426.1	3950001	4000000	0.0026635366349149	22151	59	22151	0
PflaHELAf	OZ251426.1	4000001	4050000	0.0066469233300427	30390	202	30390	0
PflaKGBDf	OZ251426.1	4000001	4050000	0.0087528792365909	30390	266	30390	0
PflaHELEm	OZ251426.1	4000001	4050000	0.0094109904573873	30390	286	30390	0
PflaKGBHm	OZ251426.1	4000001	4050000	0.0092464626521882	30390	281	30390	0
PflaHELAf	OZ251426.1	4050001	4100000	0.0021372328458942	26670	57	26670	113
PflaKGBDf	OZ251426.1	4050001	4100000	0.0022467702677401	26705	60	26705	78
PflaHELEm	OZ251426.1	4050001	4100000	0.006235298510249	26783	167	26783	0
PflaKGBHm	OZ251426.1	4050001	4100000	0.0057499159914871	26783	154	26783	0
PflaKGBDf	OZ251426.1	4100001	4150000	0.0050356177843281	8142	41	8142	0
PflaHELEm	OZ251426.1	4100001	4150000	0.0058953574060427	8142	48	8142	0
PflaHELAf	OZ251426.1	4100001	4150000	0.0051584377302873	8142	42	8142	0
PflaKGBHm	OZ251426.1	4100001	4150000	0.0087202161631048	8142	71	8142	0
PflaHELAf	OZ251426.1	4150001	4200000	0.0029743407617863	22526	67	22526	0
PflaKGBHm	OZ251426.1	4150001	4200000	0.0039065968214507	22526	88	22526	0
PflaHELEm	OZ251426.1	4150001	4200000	0.0050608186096066	22526	114	22526	0
PflaKGBDf	OZ251426.1	4150001	4200000	0.0032850927816745	22526	74	22526	0
PflaHELAf	OZ251426.1	4200001	4250000	0.003884634732547	35782	139	35782	0
PflaKGBDf	OZ251426.1	4200001	4250000	0.0030182773461516	35782	108	35782	0
PflaHELEm	OZ251426.1	4200001	4250000	0.0055055614554804	35782	197	35782	0
PflaKGBHm	OZ251426.1	4200001	4250000	0.0029623833212229	35782	106	35782	0
PflaKGBHm	OZ251426.1	4250001	4300000	0.0015958617653532	36344	58	36344	0
PflaHELEm	OZ251426.1	4250001	4300000	0.0030541492405899	36344	111	36344	0
PflaHELAf	OZ251426.1	4250001	4300000	0.0023387629319832	36344	85	36344	0
PflaKGBDf	OZ251426.1	4250001	4300000	0.0007979308826766	36344	29	36344	0
PflaKGBHm	OZ251426.1	4300001	4350000	0.0016380210806191	42124	69	42124	0
PflaHELAf	OZ251426.1	4300001	4350000	0.0022315069793941	42124	94	42124	0
PflaKGBDf	OZ251426.1	4300001	4350000	0.000308612667363	42124	13	42124	0
PflaHELEm	OZ251426.1	4300001	4350000	0.0024926407748551	42124	105	42124	0
PflaKGBHm	OZ251426.1	4350001	4400000	0.0047141663683017	33516	158	33516	0
PflaHELEm	OZ251426.1	4350001	4400000	0.0056987707363647	33516	191	33516	0
PflaKGBDf	OZ251426.1	4350001	4400000	0.0011040821198376	33512	37	33512	4
PflaHELAf	OZ251426.1	4350001	4400000	0.0059971356963838	33516	201	33516	0
PflaHELAf	OZ251426.1	4400001	4450000	0.0037134259555669	31238	116	31238	85
PflaHELEm	OZ251426.1	4400001	4450000	0.0073747725313667	31323	231	31323	0
PflaKGBDf	OZ251426.1	4400001	4450000	0.0047888133320563	31323	150	31323	0
PflaKGBHm	OZ251426.1	4400001	4450000	0.0051399929764071	31323	161	31323	0
PflaHELAf	OZ251426.1	4450001	4500000	0.0027241639135222	34506	94	34506	0
PflaKGBDf	OZ251426.1	4450001	4500000	0.0053613864255491	34506	185	34506	0
PflaHELEm	OZ251426.1	4450001	4500000	0.0039123630672926	34506	135	34506	0
PflaKGBHm	OZ251426.1	4450001	4500000	0.0064046832434938	34506	221	34506	0
PflaKGBHm	OZ251426.1	4500001	4550000	0.0078790545134583	25003	197	25003	5
PflaHELEm	OZ251426.1	4500001	4550000	0.0036388355726167	25008	91	25008	0
PflaKGBDf	OZ251426.1	4500001	4550000	0.0065179142674344	25008	163	25008	0
PflaHELAf	OZ251426.1	4500001	4550000	0.0022412551028576	24986	56	24986	22
PflaHELEm	OZ251426.1	4550001	4600000	0.0068574836016696	33540	230	33540	0
PflaKGBDf	OZ251426.1	4550001	4600000	0.0037865235539654	33540	127	33540	0
PflaHELAf	OZ251426.1	4550001	4600000	0.0050089445438282	33540	168	33540	0
PflaKGBHm	OZ251426.1	4550001	4600000	0.0034287418008348	33540	115	33540	0
PflaKGBDf	OZ251426.1	4600001	4650000	0.0008255252404342	24227	20	24227	0
PflaKGBHm	OZ251426.1	4600001	4650000	0.0066867544475172	24227	162	24227	0
PflaHELEm	OZ251426.1	4600001	4650000	0.0079250423081685	24227	192	24227	0
PflaHELAf	OZ251426.1	4600001	4650000	0.0063565443513435	24227	154	24227	0
PflaKGBHm	OZ251426.1	4650001	4700000	0.0077140373750543	27612	213	27612	0
PflaHELEm	OZ251426.1	4650001	4700000	0.0071345791684774	27612	197	27612	0
PflaKGBDf	OZ251426.1	4650001	4700000	0.0042735042735042	27612	118	27612	0
PflaHELAf	OZ251426.1	4650001	4700000	0.0065777519351673	27517	181	27517	95
PflaKGBDf	OZ251426.1	4700001	4750000	0.0067869130611191	27111	184	27111	0
PflaHELEm	OZ251426.1	4700001	4750000	0.0074139648113311	27111	201	27111	0
PflaHELAf	OZ251426.1	4700001	4750000	0.0045863076524762	27037	124	27037	74
PflaKGBHm	OZ251426.1	4700001	4750000	0.0077150239940937	27090	209	27090	21
PflaHELAf	OZ251426.1	4750001	4800000	0.0060134145401279	25942	156	25942	0
PflaHELEm	OZ251426.1	4750001	4800000	0.0082106236990208	25942	213	25942	0
PflaKGBDf	OZ251426.1	4750001	4800000	0.0059748670110245	25942	155	25942	0
PflaKGBHm	OZ251426.1	4750001	4800000	0.0045876864952388	25939	119	25939	3
PflaHELAf	OZ251426.1	4800001	4850000	0.0067760603618782	27302	185	27302	0
PflaKGBDf	OZ251426.1	4800001	4850000	0.0035198357409987	27274	96	27274	28
PflaHELEm	OZ251426.1	4800001	4850000	0.0075086074280272	27302	205	27302	0
PflaKGBHm	OZ251426.1	4800001	4850000	0.0033332112376836	27301	91	27301	1
PflaKGBHm	OZ251426.1	4850001	4900000	0.0073181788744252	15441	113	15441	1
PflaHELEm	OZ251426.1	4850001	4900000	0.0094547338427664	15442	146	15442	0
PflaHELAf	OZ251426.1	4850001	4900000	0.0051159176272503	15442	79	15442	0
PflaKGBDf	OZ251426.1	4850001	4900000	0.0055692267840953	15442	86	15442	0
PflaHELAf	OZ251426.1	4900001	4950000	0.0039085025949894	31214	122	31214	0
PflaKGBDf	OZ251426.1	4900001	4950000	0.0047414621644134	31214	148	31214	0
PflaHELEm	OZ251426.1	4900001	4950000	0.0058627538924841	31214	183	31214	0
PflaKGBHm	OZ251426.1	4900001	4950000	0.0049016466969949	31214	153	31214	0
PflaHELEm	OZ251426.1	4950001	5000000	0.0082528705636743	30656	253	30656	0
PflaHELAf	OZ251426.1	4950001	5000000	0.004044885177453	30656	124	30656	0
PflaKGBDf	OZ251426.1	4950001	5000000	0.0030662839248434	30656	94	30656	0
PflaKGBHm	OZ251426.1	4950001	5000000	0.007210205213533	30651	221	30651	5
PflaHELEm	OZ251426.1	5000001	5050000	0.0072563373078029	31283	227	31283	0
PflaKGBHm	OZ251426.1	5000001	5050000	0.0033245956140911	31282	104	31282	1
PflaHELAf	OZ251426.1	5000001	5050000	0.0057539238564076	31283	180	31283	0
PflaKGBDf	OZ251426.1	5000001	5050000	0.0013745484768084	31283	43	31283	0
PflaKGBHm	OZ251426.1	5050001	5100000	0.00628520401154	29116	183	29116	11
PflaHELEm	OZ251426.1	5050001	5100000	0.0087207306186912	29126	254	29126	1
PflaKGBDf	OZ251426.1	5050001	5100000	0.0052185257664709	29127	152	29127	0
PflaHELAf	OZ251426.1	5050001	5100000	0.0060081711127132	29127	175	29127	0
PflaKGBHm	OZ251426.1	5100001	5150000	0.0059723889555822	33320	199	33320	0
PflaHELAf	OZ251426.1	5100001	5150000	0.0055822328931572	33320	186	33320	0
PflaKGBDf	OZ251426.1	5100001	5150000	0.0061824729891956	33320	206	33320	0
PflaHELEm	OZ251426.1	5100001	5150000	0.0066626650660264	33320	222	33320	0
PflaKGBHm	OZ251426.1	5150001	5200000	0.0076344047661517	28031	214	28031	0
PflaHELEm	OZ251426.1	5150001	5200000	0.011629981092362	28031	326	28031	0
PflaKGBDf	OZ251426.1	5150001	5200000	0.0058506653348078	28031	164	28031	0
PflaHELAf	OZ251426.1	5150001	5200000	0.0085619492704505	28031	240	28031	0
PflaHELAf	OZ251426.1	5200001	5250000	0.0041776209169157	27767	116	27767	39
PflaKGBDf	OZ251426.1	5200001	5250000	0.0084873768251456	27806	236	27806	0
PflaHELEm	OZ251426.1	5200001	5250000	0.0080917787527871	27806	225	27806	0
PflaKGBHm	OZ251426.1	5200001	5250000	0.0054304826296482	27806	151	27806	0
PflaKGBHm	OZ251426.1	5250001	5300000	0.0051023767199947	30378	155	30378	0
PflaHELEm	OZ251426.1	5250001	5300000	0.0081670289139168	30366	248	30366	12
PflaKGBDf	OZ251426.1	5250001	5300000	0.0056312981624184	30366	171	30366	12
PflaHELAf	OZ251426.1	5250001	5300000	0.0059911778260583	30378	182	30378	0
PflaHELEm	OZ251426.1	5300001	5350000	0.0075826786040562	32838	249	32838	0
PflaKGBHm	OZ251426.1	5300001	5350000	0.0068518180157135	32838	225	32838	0
PflaKGBDf	OZ251426.1	5300001	5350000	0.0033556023306183	32781	110	32781	57
PflaHELAf	OZ251426.1	5300001	5350000	0.0036543029417138	32838	120	32838	0
PflaHELAf	OZ251426.1	5350001	5400000	0.0009004952723998	11105	10	11105	0
PflaKGBHm	OZ251426.1	5350001	5400000	0.0043223773075191	11105	48	11105	0
PflaHELEm	OZ251426.1	5350001	5400000	0.004772624943719	11105	53	11105	0
PflaKGBDf	OZ251426.1	5350001	5400000	0.0021611886537595	11105	24	11105	0
PflaHELAf	OZ251426.1	5400001	5450000	0.0012677192578079	34708	44	34708	0
PflaKGBDf	OZ251426.1	5400001	5450000	0.0022185087011639	34708	77	34708	0
PflaHELEm	OZ251426.1	5400001	5450000	0.0019880142906534	34708	69	34708	0
PflaKGBHm	OZ251426.1	5400001	5450000	0.0025930621182436	34708	90	34708	0
PflaKGBHm	OZ251426.1	5450001	5500000	0.003320587643389	39752	132	39752	0
PflaKGBDf	OZ251426.1	5450001	5500000	0.0019370094586435	39752	77	39752	0
PflaHELEm	OZ251426.1	5450001	5500000	0.0052072851680418	39752	207	39752	0
PflaHELAf	OZ251426.1	5450001	5500000	0.0028426242704769	39752	113	39752	0
PflaKGBDf	OZ251426.1	5500001	5550000	0.0044837578160744	32785	147	32785	0
PflaKGBHm	OZ251426.1	5500001	5550000	0.0031111788927863	32785	102	32785	0
PflaHELEm	OZ251426.1	5500001	5550000	0.00714111328125	32768	234	32768	17
PflaHELAf	OZ251426.1	5500001	5550000	0.0057038279701082	32785	187	32785	0
PflaHELEm	OZ251426.1	5550001	5600000	0.0079405162738496	35640	283	35640	0
PflaKGBDf	OZ251426.1	5550001	5600000	0.0050224466891133	35640	179	35640	0
PflaHELAf	OZ251426.1	5550001	5600000	0.0036760579189583	35636	131	35636	4
PflaKGBHm	OZ251426.1	5550001	5600000	0.0051346801346801	35640	183	35640	0
PflaKGBHm	OZ251426.1	5600001	5650000	0.0057887634064919	28158	163	28158	0
PflaHELEm	OZ251426.1	5600001	5650000	0.0064990411250799	28158	183	28158	0
PflaKGBDf	OZ251426.1	5600001	5650000	0.0065345550110093	28158	184	28158	0
PflaHELAf	OZ251426.1	5600001	5650000	0.0043326940833866	28158	122	28158	0
PflaHELEm	OZ251426.1	5650001	5700000	0.0078652972395097	26191	206	26191	0
PflaKGBDf	OZ251426.1	5650001	5700000	0.0060326066205948	26191	158	26191	0
PflaHELAf	OZ251426.1	5650001	5700000	0.0042541775256783	26092	111	26092	99
PflaKGBHm	OZ251426.1	5650001	5700000	0.0075598488030239	26191	198	26191	0
PflaHELAf	OZ251426.1	5700001	5750000	0.0073765840741441	26435	195	26435	1
PflaHELEm	OZ251426.1	5700001	5750000	0.0083286011735756	26415	220	26415	21
PflaKGBHm	OZ251426.1	5700001	5750000	0.0073384778332576	26436	194	26436	0
PflaKGBDf	OZ251426.1	5700001	5750000	0.0095702829474958	26436	253	26436	0
PflaKGBDf	OZ251426.1	5750001	5800000	0.0031870139803679	23533	75	23533	164
PflaKGBHm	OZ251426.1	5750001	5800000	0.0063299151791366	23697	150	23697	0
PflaHELEm	OZ251426.1	5750001	5800000	0.0096636705068152	23697	229	23697	0
PflaHELAf	OZ251426.1	5750001	5800000	0.0075958982149639	23697	180	23697	0
PflaHELAf	OZ251426.1	5800001	5850000	0.0043498706795203	25518	111	25518	0
PflaKGBDf	OZ251426.1	5800001	5850000	0.0054863233795752	25518	140	25518	0
PflaHELEm	OZ251426.1	5800001	5850000	0.0076808527314052	25518	196	25518	0
PflaKGBHm	OZ251426.1	5800001	5850000	0.0037228622932831	25518	95	25518	0
PflaHELAf	OZ251426.1	5850001	5900000	0.0071862348178137	19760	142	19760	0
PflaKGBDf	OZ251426.1	5850001	5900000	0.0079007343631299	19745	156	19745	15
PflaHELEm	OZ251426.1	5850001	5900000	0.0117408906882591	19760	232	19760	0
PflaKGBHm	OZ251426.1	5850001	5900000	0.0044055094186753	19748	87	19748	12
PflaKGBHm	OZ251426.1	5900001	5950000	0.0076310272536687	23850	182	23850	0
PflaHELAf	OZ251426.1	5900001	5950000	0.0053668763102725	23850	128	23850	0
PflaKGBDf	OZ251426.1	5900001	5950000	0.0035642401878564	23848	85	23848	2
PflaHELEm	OZ251426.1	5900001	5950000	0.0110691823899371	23850	264	23850	0
PflaHELAf	OZ251426.1	5950001	6000000	0.0013846663255169	33221	46	33221	0
PflaKGBHm	OZ251426.1	5950001	6000000	0.0031305499533427	33221	104	33221	0
PflaHELEm	OZ251426.1	5950001	6000000	0.0063514042322627	33221	211	33221	0
PflaKGBDf	OZ251426.1	5950001	6000000	0.0041539989765509	33221	138	33221	0
PflaHELAf	OZ251426.1	6000001	6050000	0.0055374234478712	27269	151	27269	0
PflaKGBDf	OZ251426.1	6000001	6050000	0.0030804209908687	27269	84	27269	0
PflaHELEm	OZ251426.1	6000001	6050000	0.0081411126187245	27269	222	27269	0
PflaKGBHm	OZ251426.1	6000001	6050000	0.0006967618907917	27269	19	27269	0
PflaHELAf	OZ251426.1	6050001	6100000	0.0043060314764836	32977	142	32977	0
PflaKGBDf	OZ251426.1	6050001	6100000	0.0030627406980622	32977	101	32977	0
PflaHELEm	OZ251426.1	6050001	6100000	0.0049125147830305	32977	162	32977	0
PflaKGBHm	OZ251426.1	6050001	6100000	0.0008187524638384	32977	27	32977	0
PflaKGBHm	OZ251426.1	6100001	6150000	0.0009903791737408	28272	28	28272	0
PflaHELAf	OZ251426.1	6100001	6150000	0.0075339558573853	28272	213	28272	0
PflaKGBDf	OZ251426.1	6100001	6150000	0.0075693265421618	28272	214	28272	0
PflaHELEm	OZ251426.1	6100001	6150000	0.0051287492925863	28272	145	28272	0
PflaKGBDf	OZ251426.1	6150001	6200000	0.0029249509422785	27009	79	27009	36
PflaHELAf	OZ251426.1	6150001	6200000	0.006803475688667	27045	184	27045	0
PflaHELEm	OZ251426.1	6150001	6200000	0.0057311887594749	27045	155	27045	0
PflaKGBHm	OZ251426.1	6150001	6200000	0.0008874426859931	27044	24	27044	1
PflaHELAf	OZ251426.1	6200001	6250000	0.0029165561910533	26401	77	26401	255
PflaKGBDf	OZ251426.1	6200001	6250000	0.0010504201680672	26656	28	26656	0
PflaKGBHm	OZ251426.1	6200001	6250000	0.0006377790283248	26655	17	26655	1
PflaHELEm	OZ251426.1	6200001	6250000	0.0045018007202881	26656	120	26656	0
PflaHELEm	OZ251426.1	6250001	6300000	0.0048418334409296	27882	135	27882	0
PflaKGBDf	OZ251426.1	6250001	6300000	0.0011835592855605	27882	33	27882	0
PflaHELAf	OZ251426.1	6250001	6300000	0.0008966358223943	27882	25	27882	0
PflaKGBHm	OZ251426.1	6250001	6300000	0.000789039523707	27882	22	27882	0
PflaHELEm	OZ251426.1	6300001	6350000	0.0058198184216652	25774	150	25774	0
PflaHELAf	OZ251426.1	6300001	6350000	0.0009699697369442	25774	25	25774	0
PflaKGBDf	OZ251426.1	6300001	6350000	0.0017072129748186	25773	44	25773	1
PflaKGBHm	OZ251426.1	6300001	6350000	0.0020951346317994	25774	54	25774	0
PflaKGBHm	OZ251426.1	6350001	6400000	0.0043408796310252	33173	144	33173	0
PflaHELEm	OZ251426.1	6350001	6400000	0.0071142193952913	33173	236	33173	0
PflaKGBDf	OZ251426.1	6350001	6400000	0.0058179845054713	33173	193	33173	0
PflaHELAf	OZ251426.1	6350001	6400000	0.0046126017485679	33170	153	33170	3
PflaKGBHm	OZ251426.1	6400001	6450000	0.0015506958250497	25150	39	25150	0
PflaHELEm	OZ251426.1	6400001	6450000	0.0073558648111332	25150	185	25150	0
PflaKGBDf	OZ251426.1	6400001	6450000	0.0036182902584493	25150	91	25150	0
PflaHELAf	OZ251426.1	6400001	6450000	0.0042942345924453	25150	108	25150	0
PflaKGBHm	OZ251426.1	6450001	6500000	0.0051237824675324	19712	101	19712	0
PflaHELEm	OZ251426.1	6450001	6500000	0.0040584415584415	19712	80	19712	0
PflaKGBDf	OZ251426.1	6450001	6500000	0.002739448051948	19712	54	19712	0
PflaHELAf	OZ251426.1	6450001	6500000	0.0051745129870129	19712	102	19712	0
PflaHELEm	OZ251426.1	6500001	6550000	0.0056345429597407	34253	193	34253	0
PflaKGBHm	OZ251426.1	6500001	6550000	0.0013137535398359	34253	45	34253	0
PflaHELAf	OZ251426.1	6500001	6550000	0.0055803897507815	34227	191	34227	26
PflaKGBDf	OZ251426.1	6500001	6550000	0.0005255014159343	34253	18	34253	0
PflaHELAf	OZ251426.1	6550001	6600000	0.0050313328512894	33192	167	33192	33
PflaKGBDf	OZ251426.1	6550001	6600000	0.0018961625282167	33225	63	33225	0
PflaHELEm	OZ251426.1	6550001	6600000	0.0055399993978261	33213	184	33213	12
PflaKGBHm	OZ251426.1	6550001	6600000	0.0022649030621489	33114	75	33114	111
PflaHELAf	OZ251426.1	6600001	6650000	0.0067285655520949	34034	229	34034	0
PflaKGBDf	OZ251426.1	6600001	6650000	0.0077275665510959	34034	263	34034	0
PflaHELEm	OZ251426.1	6600001	6650000	0.006787330316742	34034	231	34034	0
PflaKGBHm	OZ251426.1	6600001	6650000	0.0025856496444731	34034	88	34034	0
PflaHELEm	OZ251426.1	6650001	6700000	0.007818014007275	18419	144	18419	0
PflaHELAf	OZ251426.1	6650001	6700000	0.0053748846300016	18419	99	18419	0
PflaKGBDf	OZ251426.1	6650001	6700000	0.0092295998696997	18419	170	18419	0
PflaKGBHm	OZ251426.1	6650001	6700000	0.0060178346736692	18279	110	18279	140
PflaHELAf	OZ251426.1	6700001	6750000	0.0083909635776855	10845	91	10845	0
PflaKGBHm	OZ251426.1	6700001	6750000	0.0075610880590133	10845	82	10845	0
PflaHELEm	OZ251426.1	6700001	6750000	0.0091286307053941	10845	99	10845	0
PflaKGBDf	OZ251426.1	6700001	6750000	0.0075610880590133	10845	82	10845	0
PflaHELEm	OZ251426.1	6750001	6800000	0.0129178963665392	20669	267	20669	0
PflaKGBDf	OZ251426.1	6750001	6800000	0.0096763268663215	20669	200	20669	0
PflaHELAf	OZ251426.1	6750001	6800000	0.0086119309110261	20669	178	20669	0
PflaKGBHm	OZ251426.1	6750001	6800000	0.0115148289709226	20669	238	20669	0
PflaHELEm	OZ251426.1	6800001	6850000	0.004899292324442	18370	90	18370	0
PflaKGBHm	OZ251426.1	6800001	6850000	0.0037016875340228	18370	68	18370	0
PflaKGBDf	OZ251426.1	6800001	6850000	0.0044093630919978	18370	81	18370	0
PflaHELAf	OZ251426.1	6800001	6850000	0.0053892215568862	18370	99	18370	0
PflaHELAf	OZ251426.1	6850001	6900000	0.0095805041391498	10751	103	10751	0
PflaKGBDf	OZ251426.1	6850001	6900000	0.0071621244535392	10751	77	10751	0
PflaHELEm	OZ251426.1	6850001	6900000	0.0092084457259789	10751	99	10751	0
PflaKGBHm	OZ251426.1	6850001	6900000	0.0085573435029299	10751	92	10751	0
PflaHELAf	OZ251426.1	6900001	6950000	0.0062334846534318	14759	92	14759	0
PflaKGBDf	OZ251426.1	6900001	6950000	0.008062876888678	14759	119	14759	0
PflaHELEm	OZ251426.1	6900001	6950000	0.0071820584050409	14759	106	14759	0
PflaKGBHm	OZ251426.1	6900001	6950000	0.0070465478690968	14759	104	14759	0
PflaKGBDf	OZ251426.1	6950001	7000000	0.0093354430379746	12640	118	12640	0
PflaHELAf	OZ251426.1	6950001	7000000	0.006882911392405	12640	87	12640	0
PflaHELEm	OZ251426.1	6950001	7000000	0.0102848101265822	12640	130	12640	0
PflaKGBHm	OZ251426.1	6950001	7000000	0.0102056962025316	12640	129	12640	0
PflaHELEm	OZ251426.1	7000001	7050000	0.0122457041279873	15189	186	15189	0
PflaKGBDf	OZ251426.1	7000001	7050000	0.0105997761537955	15189	161	15189	0
PflaHELAf	OZ251426.1	7000001	7050000	0.009085522417539	15189	138	15189	0
PflaKGBHm	OZ251426.1	7000001	7050000	0.0103364276779248	15189	157	15189	0
PflaHELAf	OZ251426.1	7050001	7100000	0.0051599587203302	23256	120	23256	3
PflaKGBHm	OZ251426.1	7050001	7100000	0.0070510340083408	23259	164	23259	0
PflaHELEm	OZ251426.1	7050001	7100000	0.0080828926437078	23259	188	23259	0
PflaKGBDf	OZ251426.1	7050001	7100000	0.0059336973814335	23257	138	23257	2
PflaKGBHm	OZ251426.1	7100001	7150000	0.0068314452454514	29130	199	29130	0
PflaHELEm	OZ251426.1	7100001	7150000	0.0081702711980775	29130	238	29130	0
PflaKGBDf	OZ251426.1	7100001	7150000	0.0064194987984895	29130	187	29130	0
PflaHELAf	OZ251426.1	7100001	7150000	0.0056993751287509	29126	166	29126	4
PflaKGBDf	OZ251426.1	7150001	7200000	0.0079585514368123	18722	149	18722	0
PflaHELEm	OZ251426.1	7150001	7200000	0.0091870526653135	18722	172	18722	0
PflaKGBHm	OZ251426.1	7150001	7200000	0.0070505287896592	18722	132	18722	0
PflaHELAf	OZ251426.1	7150001	7200000	0.004095048224581	18559	76	18559	163
PflaHELEm	OZ251426.1	7200001	7250000	0.011971306130054	21468	257	21468	0
PflaKGBHm	OZ251426.1	7200001	7250000	0.0059736594543744	21260	127	21260	208
PflaHELAf	OZ251426.1	7200001	7250000	0.0035401527855412	21468	76	21468	0
PflaKGBDf	OZ251426.1	7200001	7250000	0.0070803055710825	21468	152	21468	0
PflaHELAf	OZ251426.1	7250001	7300000	0.004301638363133	26734	115	26734	0
PflaKGBDf	OZ251426.1	7250001	7300000	0.0051993715867434	26734	139	26734	0
PflaHELEm	OZ251426.1	7250001	7300000	0.0073699962588851	26730	197	26730	4
PflaKGBHm	OZ251426.1	7250001	7300000	0.0030672551806688	26734	82	26734	0
PflaHELAf	OZ251426.1	7300001	7350000	0.0056854074542008	22162	126	22162	0
PflaKGBDf	OZ251426.1	7300001	7350000	0.0078061546791805	22162	173	22162	0
PflaHELEm	OZ251426.1	7300001	7350000	0.0095444881711675	22107	211	22107	55
PflaKGBHm	OZ251426.1	7300001	7350000	0.002894748744855	22109	64	22109	53
PflaHELAf	OZ251426.1	7350001	7400000	0.0059399582597527	24916	148	24916	0
PflaKGBDf	OZ251426.1	7350001	7400000	0.0069668170103092	24832	173	24832	84
PflaHELEm	OZ251426.1	7350001	7400000	0.0088296676834162	24916	220	24916	0
PflaKGBHm	OZ251426.1	7350001	7400000	0.0051022457916516	24891	127	24891	25
PflaKGBHm	OZ251426.1	7400001	7450000	0.0080128805182161	26707	214	26707	0
PflaHELEm	OZ251426.1	7400001	7450000	0.0093233983599805	26707	249	26707	0
PflaKGBDf	OZ251426.1	7400001	7450000	0.006440259108099	26707	172	26707	0
PflaHELAf	OZ251426.1	7400001	7450000	0.0072648292390653	26704	194	26704	3
PflaHELAf	OZ251426.1	7450001	7500000	0.0077546430925516	25791	200	25791	0
PflaKGBDf	OZ251426.1	7450001	7500000	0.007366910937924	25791	190	25791	0
PflaHELEm	OZ251426.1	7450001	7500000	0.0119421503625295	25791	308	25791	0
PflaKGBHm	OZ251426.1	7450001	7500000	0.0058547555348765	25791	151	25791	0
PflaHELAf	OZ251426.1	7500001	7550000	0.0074584796843155	23061	172	23061	0
PflaKGBDf	OZ251426.1	7500001	7550000	0.0056805862711937	23061	131	23061	0
PflaHELEm	OZ251426.1	7500001	7550000	0.0114912623043233	23061	265	23061	0
PflaKGBHm	OZ251426.1	7500001	7550000	0.0033586321207362	22926	77	22926	135
PflaKGBHm	OZ251426.1	7550001	7600000	0.0031928480204342	26622	85	26622	0
PflaHELEm	OZ251426.1	7550001	7600000	0.0097663586507399	26622	260	26622	0
PflaHELAf	OZ251426.1	7550001	7600000	0.0038348748026167	26598	102	26598	24
PflaKGBDf	OZ251426.1	7550001	7600000	0.0027052414052226	26615	72	26615	7
PflaHELAf	OZ251426.1	7600001	7650000	0.0064779371555966	23773	154	23773	11
PflaKGBDf	OZ251426.1	7600001	7650000	0.0012199739177989	23771	29	23771	13
PflaHELEm	OZ251426.1	7600001	7650000	0.0087874201143625	23784	209	23784	0
PflaKGBHm	OZ251426.1	7600001	7650000	0.0012214126268795	23743	29	23743	41
PflaKGBHm	OZ251426.1	7650001	7700000	0.0056742202464852	27669	157	27669	0
PflaHELEm	OZ251426.1	7650001	7700000	0.0063609093209006	27669	176	27669	0
PflaHELAf	OZ251426.1	7650001	7700000	0.0060896041757285	27588	168	27588	81
PflaKGBDf	OZ251426.1	7650001	7700000	0.003433445372077	27669	95	27669	0
PflaHELAf	OZ251426.1	7700001	7750000	0.0054905250314561	26227	144	26227	0
PflaKGBDf	OZ251426.1	7700001	7750000	0.007053799519579	26227	185	26227	0
PflaHELEm	OZ251426.1	7700001	7750000	0.008083272962977	26227	212	26227	0
PflaKGBHm	OZ251426.1	7700001	7750000	0.0072104379673432	26212	189	26212	15
PflaHELEm	OZ251426.1	7750001	7800000	0.0075536401130728	21579	163	21579	0
PflaHELAf	OZ251426.1	7750001	7800000	0.005560962046434	21579	120	21579	0
PflaKGBDf	OZ251426.1	7750001	7800000	0.0060243755503035	21579	130	21579	0
PflaKGBHm	OZ251426.1	7750001	7800000	0.0054257095158597	21564	117	21564	15
PflaKGBHm	OZ251426.1	7800001	7850000	0.0051869910265055	19279	100	19279	0
PflaHELEm	OZ251426.1	7800001	7850000	0.0093365838477099	19279	180	19279	0
PflaKGBDf	OZ251426.1	7800001	7850000	0.0064837387831319	19279	125	19279	0
PflaHELAf	OZ251426.1	7800001	7850000	0.0072114137483787	19275	139	19275	4
PflaKGBDf	OZ251426.1	7850001	7900000	0.0085127465994054	22202	189	22202	199
PflaHELAf	OZ251426.1	7850001	7900000	0.0050967480041495	22171	113	22171	230
PflaKGBHm	OZ251426.1	7850001	7900000	0.0067407705013169	22401	151	22401	0
PflaHELEm	OZ251426.1	7850001	7900000	0.0062497209945984	22401	140	22401	0
PflaHELAf	OZ251426.1	7900001	7950000	0.0061585517070348	24194	149	24194	0
PflaKGBDf	OZ251426.1	7900001	7950000	0.0059961955173269	24182	145	24182	12
PflaHELEm	OZ251426.1	7900001	7950000	0.0066132098867487	24194	160	24194	0
PflaKGBHm	OZ251426.1	7900001	7950000	0.0039679259320492	24194	96	24194	0
PflaHELEm	OZ251426.1	7950001	8000000	0.0118220528910802	17848	211	17848	0
PflaHELAf	OZ251426.1	7950001	8000000	0.0065553563424473	17848	117	17848	0
PflaKGBDf	OZ251426.1	7950001	8000000	0.0044262662483191	17848	79	17848	0
PflaKGBHm	OZ251426.1	7950001	8000000	0.0054347826086956	17848	97	17848	0
PflaHELAf	OZ251426.1	8000001	8050000	0.0059022302320342	22195	131	22195	0
PflaKGBDf	OZ251426.1	8000001	8050000	0.0044164037854889	22190	98	22190	5
PflaHELEm	OZ251426.1	8000001	8050000	0.0079747690921378	22195	177	22195	0
PflaKGBHm	OZ251426.1	8000001	8050000	0.0030193780982424	22190	67	22190	5
PflaHELEm	OZ251426.1	8050001	8100000	0.0071276784133168	22588	161	22588	3
PflaHELAf	OZ251426.1	8050001	8100000	0.0014210222478795	22519	32	22519	72
PflaKGBDf	OZ251426.1	8050001	8100000	0.0035095513105286	22510	79	22510	81
PflaKGBHm	OZ251426.1	8050001	8100000	0.0049134611128325	22591	111	22591	0
PflaKGBHm	OZ251426.1	8100001	8150000	0.0074341361620728	23002	171	23002	0
PflaKGBDf	OZ251426.1	8100001	8150000	0.0079993044083123	23002	184	23002	0
PflaHELAf	OZ251426.1	8100001	8150000	0.0076515085644726	23002	176	23002	0
PflaHELEm	OZ251426.1	8100001	8150000	0.0060429527867141	23002	139	23002	0
PflaHELAf	OZ251426.1	8150001	8200000	0.0040479444853327	19022	77	19022	0
PflaKGBDf	OZ251426.1	8150001	8200000	0.004941646514562	19022	94	19022	0
PflaHELEm	OZ251426.1	8150001	8200000	0.0069919041110293	19022	133	19022	0
PflaKGBHm	OZ251426.1	8150001	8200000	0.0059404899589948	19022	113	19022	0
PflaHELAf	OZ251426.1	8200001	8250000	0.0064344276472826	28907	186	28907	0
PflaKGBDf	OZ251426.1	8200001	8250000	0.0065766701280719	28890	190	28890	17
PflaKGBHm	OZ251426.1	8200001	8250000	0.0070588235294117	28900	204	28900	7
PflaHELEm	OZ251426.1	8200001	8250000	0.0063306465561974	28907	183	28907	0
PflaHELEm	OZ251426.1	8250001	8300000	0.0064008394543546	28590	183	28590	0
PflaKGBDf	OZ251426.1	8250001	8300000	0.0050782754876895	28553	145	28553	37
PflaKGBHm	OZ251426.1	8250001	8300000	0.0056692913385826	28575	162	28575	15
PflaHELAf	OZ251426.1	8250001	8300000	0.0041846889615641	28437	119	28437	153
PflaHELEm	OZ251426.1	8300001	8350000	0.0091624409861863	28595	262	28595	0
PflaKGBHm	OZ251426.1	8300001	8350000	0.0076237104388879	28595	218	28595	0
PflaHELAf	OZ251426.1	8300001	8350000	0.0063297779332051	28595	181	28595	0
PflaKGBDf	OZ251426.1	8300001	8350000	0.0072739989508655	28595	208	28595	0
PflaHELAf	OZ251426.1	8350001	8400000	0.0077528532073986	25410	197	25410	0
PflaKGBDf	OZ251426.1	8350001	8400000	0.0068086111220433	25409	173	25409	1
PflaHELEm	OZ251426.1	8350001	8400000	0.0081463990554899	25410	207	25410	0
PflaKGBHm	OZ251426.1	8350001	8400000	0.0065328610783156	25410	166	25410	0
PflaKGBHm	OZ251426.1	8400001	8450000	0.0065091986280012	25656	167	25656	0
PflaHELAf	OZ251426.1	8400001	8450000	0.0072412713323939	25548	185	25548	108
PflaKGBDf	OZ251426.1	8400001	8450000	0.006119426255067	25656	157	25656	0
PflaHELEm	OZ251426.1	8400001	8450000	0.0088481777431299	25655	227	25655	1
PflaHELEm	OZ251426.1	8450001	8500000	0.0067791138729723	24782	168	24782	0
PflaKGBHm	OZ251426.1	8450001	8500000	0.0035106125413606	24782	87	24782	0
PflaHELAf	OZ251426.1	8450001	8500000	0.0051246872730207	24782	127	24782	0
PflaKGBDf	OZ251426.1	8450001	8500000	0.0061738358485997	24782	153	24782	0
PflaHELEm	OZ251426.1	8500001	8550000	0.0057695368454559	25132	145	25132	0
PflaKGBHm	OZ251426.1	8500001	8550000	0.0045360496578067	25132	114	25132	0
PflaHELAf	OZ251426.1	8500001	8550000	0.0044564698392487	25132	112	25132	0
PflaKGBDf	OZ251426.1	8500001	8550000	0.0041817674937273	25109	105	25109	23
PflaHELAf	OZ251426.1	8550001	8600000	0.0068105737042594	25989	177	25989	4
PflaKGBDf	OZ251426.1	8550001	8600000	0.0043996758133611	25911	114	25911	82
PflaHELEm	OZ251426.1	8550001	8600000	0.0059246720270842	25993	154	25993	0
PflaKGBHm	OZ251426.1	8550001	8600000	0.0041164929019351	25993	107	25993	0
PflaHELAf	OZ251426.1	8600001	8650000	0.0049060542797494	19160	94	19160	2
PflaKGBDf	OZ251426.1	8600001	8650000	0.0009931524750405	19131	19	19131	31
PflaHELEm	OZ251426.1	8600001	8650000	0.005688341509237	19162	109	19162	0
PflaKGBHm	OZ251426.1	8600001	8650000	0.0019334273919632	19137	37	19137	25
PflaHELAf	OZ251426.1	8650001	8700000	0.0049147804130219	22178	109	22178	0
PflaKGBDf	OZ251426.1	8650001	8700000	0.0036615134255492	22122	81	22122	56
PflaHELEm	OZ251426.1	8650001	8700000	0.0045540625845432	22178	101	22178	0
PflaKGBHm	OZ251426.1	8650001	8700000	0.0044638831274235	22178	99	22178	0
PflaKGBHm	OZ251426.1	8700001	8750000	0.0032786885245901	21655	71	21655	1
PflaHELEm	OZ251426.1	8700001	8750000	0.0060029553010712	21656	130	21656	0
PflaHELAf	OZ251426.1	8700001	8750000	0.004387180197654	21654	95	21654	2
PflaKGBDf	OZ251426.1	8700001	8750000	0.002309575500023	21649	50	21649	7
PflaHELAf	OZ251426.1	8750001	8800000	0.0045977011494252	25665	118	25665	0
PflaKGBDf	OZ251426.1	8750001	8800000	0.0030781219559711	25665	79	25665	0
PflaHELEm	OZ251426.1	8750001	8800000	0.0050263004091174	25665	129	25665	0
PflaKGBHm	OZ251426.1	8750001	8800000	0.003156049094097	25665	81	25665	0
PflaKGBDf	OZ251426.1	8800001	8850000	0.0021408100549014	28961	62	28961	0
PflaKGBHm	OZ251426.1	8800001	8850000	0.0015883429439591	28961	46	28961	0
PflaHELEm	OZ251426.1	8800001	8850000	0.0043852076931045	28961	127	28961	0
PflaHELAf	OZ251426.1	8800001	8850000	0.0018991056938641	28961	55	28961	0
PflaKGBHm	OZ251426.1	8850001	8900000	0.0020352054843432	28007	57	28007	0
PflaKGBDf	OZ251426.1	8850001	8900000	0.0033207169892165	28006	93	28006	1
PflaHELAf	OZ251426.1	8850001	8900000	0.0028921341093298	28007	81	28007	0
PflaHELEm	OZ251426.1	8850001	8900000	0.0038576939562794	27996	108	27996	11
PflaHELEm	OZ251426.1	8900001	8950000	0.0026113346037123	28338	74	28338	1
PflaHELAf	OZ251426.1	8900001	8950000	0.0019055012526906	28339	54	28339	0
PflaKGBDf	OZ251426.1	8900001	8950000	0.0019055012526906	28339	54	28339	0
PflaKGBHm	OZ251426.1	8900001	8950000	0.0012357011721508	28324	35	28324	15
PflaKGBHm	OZ251426.1	8950001	9000000	0.0003431120260765	29145	10	29145	0
PflaHELEm	OZ251426.1	8950001	9000000	0.0033624978555498	29145	98	29145	0
PflaKGBDf	OZ251426.1	8950001	9000000	0.0013060214462469	29096	38	29096	49
PflaHELAf	OZ251426.1	8950001	9000000	0.0034997426659804	29145	102	29145	0
PflaKGBHm	OZ251426.1	9000001	9050000	0.00037250253979	29530	11	29530	0
PflaHELEm	OZ251426.1	9000001	9050000	0.0022352423205879	29527	66	29527	3
PflaKGBDf	OZ251426.1	9000001	9050000	0.0004740941415509	29530	14	29530	0
PflaHELAf	OZ251426.1	9000001	9050000	0.0018286488316965	29530	54	29530	0
PflaHELEm	OZ251426.1	9050001	9100000	0.0040465971796443	24465	99	24465	0
PflaHELAf	OZ251426.1	9050001	9100000	0.0032339937776322	24428	79	24428	37
PflaKGBDf	OZ251426.1	9050001	9100000	0.0033108522378908	24465	81	24465	0
PflaKGBHm	OZ251426.1	9050001	9100000	0.0002454590083456	24444	6	24444	21
PflaHELAf	OZ251426.1	9100001	9150000	0.0044620267721606	21739	97	21739	0
PflaKGBDf	OZ251426.1	9100001	9150000	0.0033671586715867	21680	73	21680	59
PflaHELEm	OZ251426.1	9100001	9150000	0.0058420350522103	21739	127	21739	0
PflaKGBHm	OZ251426.1	9100001	9150000	0.0016638166104358	21637	36	21637	102
PflaKGBHm	OZ251426.1	9150001	9200000	0.0008896437381212	24729	22	24729	12
PflaHELEm	OZ251426.1	9150001	9200000	0.0068307667434622	24741	169	24741	0
PflaKGBDf	OZ251426.1	9150001	9200000	0.0017381462468167	24739	43	24739	2
PflaHELAf	OZ251426.1	9150001	9200000	0.0027262369791666	24576	67	24576	165
PflaHELAf	OZ251426.1	9200001	9250000	0.0027558753731914	26126	72	26126	0
PflaKGBDf	OZ251426.1	9200001	9250000	0.0011103453556933	26118	29	26118	8
PflaHELEm	OZ251426.1	9200001	9250000	0.0055117507463829	26126	144	26126	0
PflaKGBHm	OZ251426.1	9200001	9250000	0.0006893382352941	26112	18	26112	14
PflaKGBHm	OZ251426.1	9250001	9300000	0.0004859873643285	12346	6	12346	2
PflaHELAf	OZ251426.1	9250001	9300000	0.0039682539682539	12348	49	12348	0
PflaKGBDf	OZ251426.1	9250001	9300000	0.0020247833481817	12347	25	12347	1
PflaHELEm	OZ251426.1	9250001	9300000	0.0054259799157758	12348	67	12348	0
PflaKGBHm	OZ251426.1	9300001	9350000	0.0006094375761796	22972	14	22972	0
PflaHELEm	OZ251426.1	9300001	9350000	0.0048319693539961	22972	111	22972	0
PflaHELAf	OZ251426.1	9300001	9350000	0.0022636252829531	22972	52	22972	0
PflaKGBDf	OZ251426.1	9300001	9350000	0.0043095942886992	22972	99	22972	0
PflaHELEm	OZ251426.1	9350001	9400000	0.0044626976684021	30923	138	30923	91
PflaHELAf	OZ251426.1	9350001	9400000	0.0038379668451267	31006	119	31006	8
PflaKGBDf	OZ251426.1	9350001	9400000	0.0039803248980648	30902	123	30902	112
PflaKGBHm	OZ251426.1	9350001	9400000	0.0005207146808995	30727	16	30727	287
PflaHELEm	OZ251426.1	9400001	9450000	0.0063198387983147	21836	138	21836	0
PflaKGBHm	OZ251426.1	9400001	9450000	0.002656164132625	21836	58	21836	0
PflaHELAf	OZ251426.1	9400001	9450000	0.0021067094114953	21835	46	21835	1
PflaKGBDf	OZ251426.1	9400001	9450000	0.0033431031324418	21836	73	21836	0
PflaKGBHm	OZ251426.1	9450001	9500000	0.005806792187225	22732	132	22732	0
PflaHELEm	OZ251426.1	9450001	9500000	0.0066426183353862	22732	151	22732	0
PflaKGBDf	OZ251426.1	9450001	9500000	0.0047950026394509	22732	109	22732	0
PflaHELAf	OZ251426.1	9450001	9500000	0.0038272039415801	22732	87	22732	0
PflaKGBHm	OZ251426.1	9500001	9550000	0.0181952298991885	12201	222	12201	0
PflaHELEm	OZ251426.1	9500001	9550000	0.0187689533644783	12201	229	12201	0
PflaKGBDf	OZ251426.1	9500001	9550000	0.0110646668305876	12201	135	12201	0
PflaHELAf	OZ251426.1	9500001	9550000	0.0190967953446438	12201	233	12201	0
PflaHELAf	OZ251426.1	9550001	9600000	0.002898359791845	30362	88	30362	0
PflaKGBHm	OZ251426.1	9550001	9600000	0.0037546933667083	30362	114	30362	0
PflaHELEm	OZ251426.1	9550001	9600000	0.0075752585468677	30362	230	30362	0
PflaKGBDf	OZ251426.1	9550001	9600000	0.0026019366313154	30362	79	30362	0
PflaKGBHm	OZ251426.1	9600001	9650000	0.0054144248450589	29366	159	29366	0
PflaHELEm	OZ251426.1	9600001	9650000	0.0085472995981747	29366	251	29366	0
PflaKGBDf	OZ251426.1	9600001	9650000	0.0012940134849826	29366	38	29366	0
PflaHELAf	OZ251426.1	9600001	9650000	0.0062491462914902	29284	183	29284	82
PflaHELAf	OZ251426.1	9650001	9700000	0.0060992952627753	31643	193	31643	0
PflaKGBHm	OZ251426.1	9650001	9700000	0.0033814745757355	31643	107	31643	0
PflaHELEm	OZ251426.1	9650001	9700000	0.0069209619821129	31643	219	31643	0
PflaKGBDf	OZ251426.1	9650001	9700000	0.0055936542047214	31643	177	31643	0
PflaKGBHm	OZ251426.1	9700001	9750000	0.0026044379622877	28797	75	28797	0
PflaHELEm	OZ251426.1	9700001	9750000	0.0088553965828587	28796	255	28796	1
PflaKGBDf	OZ251426.1	9700001	9750000	0.0082647498003264	28797	238	28797	0
PflaHELAf	OZ251426.1	9700001	9750000	0.0075007813313886	28797	216	28797	0
PflaHELAf	OZ251426.1	9750001	9800000	0.0036645103391541	26743	98	26743	87
PflaKGBHm	OZ251426.1	9750001	9800000	0.0089079388743943	26830	239	26830	0
PflaHELEm	OZ251426.1	9750001	9800000	0.0058143868803578	26830	156	26830	0
PflaKGBDf	OZ251426.1	9750001	9800000	0.0049947815714924	26828	134	26828	2
PflaKGBDf	OZ251426.1	9800001	9850000	0.0026376824776024	21989	58	21989	0
PflaHELEm	OZ251426.1	9800001	9850000	0.0038200918641138	21989	84	21989	0
PflaKGBHm	OZ251426.1	9800001	9850000	0.0062303879212333	21989	137	21989	0
PflaHELAf	OZ251426.1	9800001	9850000	0.0030924553185683	21989	68	21989	0
PflaHELAf	OZ251426.1	9850001	9900000	0.0041357049191352	29741	123	29741	0
PflaKGBDf	OZ251426.1	9850001	9900000	0.0023542864830323	29733	70	29733	8
PflaHELEm	OZ251426.1	9850001	9900000	0.0072290777041794	29741	215	29741	0
PflaKGBHm	OZ251426.1	9850001	9900000	0.0053461551393698	29741	159	29741	0
PflaKGBHm	OZ251426.1	9900001	9950000	0.0060469937802349	28940	175	28940	36
PflaHELAf	OZ251426.1	9900001	9950000	0.0023812810601877	28976	69	28976	0
PflaKGBDf	OZ251426.1	9900001	9950000	0.0022122364327687	28930	64	28930	46
PflaHELEm	OZ251426.1	9900001	9950000	0.0040033130866924	28976	116	28976	0
PflaKGBHm	OZ251426.1	9950001	10000000	0.0048907639803294	37213	182	37213	0
PflaHELEm	OZ251426.1	9950001	10000000	0.0064224867653776	37213	239	37213	0
PflaHELAf	OZ251426.1	9950001	10000000	0.0051594872759519	37213	192	37213	0
PflaKGBDf	OZ251426.1	9950001	10000000	0.0045414236960202	37213	169	37213	0
PflaHELEm	OZ251426.1	10000001	10050000	0.0105683641053062	31793	336	31793	0
PflaKGBDf	OZ251426.1	10000001	10050000	0.0071399364640015	31793	227	31793	0
PflaHELAf	OZ251426.1	10000001	10050000	0.0063850533136224	31793	203	31793	0
PflaKGBHm	OZ251426.1	10000001	10050000	0.0061334255968294	31793	195	31793	0
PflaHELEm	OZ251426.1	10050001	10100000	0.0120974852749268	28353	343	28353	0
PflaKGBHm	OZ251426.1	10050001	10100000	0.0058900292737981	28353	167	28353	0
PflaKGBDf	OZ251426.1	10050001	10100000	0.003597502909745	28353	102	28353	0
PflaHELAf	OZ251426.1	10050001	10100000	0.0029979190914541	28353	85	28353	0
PflaKGBHm	OZ251426.1	10100001	10150000	0.005813953488372	32852	191	32852	0
PflaHELAf	OZ251426.1	10100001	10150000	0.006544502617801	32852	215	32852	0
PflaKGBDf	OZ251426.1	10100001	10150000	0.0059965907707293	32852	197	32852	0
PflaHELEm	OZ251426.1	10100001	10150000	0.0097430276458409	32844	320	32844	8
PflaHELAf	OZ251426.1	10150001	10200000	0.0066807738814993	33080	221	33080	0
PflaKGBHm	OZ251426.1	10150001	10200000	0.0068016928657799	33080	225	33080	0
PflaHELEm	OZ251426.1	10150001	10200000	0.0075160625530367	32996	248	32996	84
PflaKGBDf	OZ251426.1	10150001	10200000	0.0067412333736396	33080	223	33080	0
PflaKGBHm	OZ251426.1	10200001	10250000	0.0046747175691468	25670	120	25670	15
PflaHELEm	OZ251426.1	10200001	10250000	0.0105419916134341	25517	269	25517	168
PflaKGBDf	OZ251426.1	10200001	10250000	0.0058399844267081	25685	150	25685	0
PflaHELAf	OZ251426.1	10200001	10250000	0.0084772247831861	25598	217	25598	87
PflaKGBDf	OZ251426.1	10250001	10300000	0.0071720549981419	26910	193	26910	0
PflaHELEm	OZ251426.1	10250001	10300000	0.0096618357487922	26910	260	26910	0
PflaKGBHm	OZ251426.1	10250001	10300000	0.006911928651059	26910	186	26910	0
PflaHELAf	OZ251426.1	10250001	10300000	0.0082497212931995	26910	222	26910	0
PflaKGBHm	OZ251426.1	10300001	10350000	0.0038172141677371	27245	104	27245	0
PflaHELEm	OZ251426.1	10300001	10350000	0.0067902367406863	27245	185	27245	0
PflaHELAf	OZ251426.1	10300001	10350000	0.0039640300972655	27245	108	27245	0
PflaKGBDf	OZ251426.1	10300001	10350000	0.0060212211330175	27237	164	27237	8
PflaHELAf	OZ251426.1	10350001	10400000	0.0069319947412453	33468	232	33468	0
PflaKGBDf	OZ251426.1	10350001	10400000	0.0049599617545117	33468	166	33468	0
PflaHELEm	OZ251426.1	10350001	10400000	0.0081271662483566	33468	272	33468	0
PflaKGBHm	OZ251426.1	10350001	10400000	0.0066630811521453	33468	223	33468	0
PflaHELAf	OZ251426.1	10400001	10450000	0.0060716627234115	35081	213	35081	0
PflaKGBHm	OZ251426.1	10400001	10450000	0.0033672916131609	35043	118	35043	38
PflaHELEm	OZ251426.1	10400001	10450000	0.0082665830506542	35081	290	35081	0
PflaKGBDf	OZ251426.1	10400001	10450000	0.0050454662067785	35081	177	35081	0
PflaKGBHm	OZ251426.1	10450001	10500000	0.0049909925873423	33861	169	33861	0
PflaHELEm	OZ251426.1	10450001	10500000	0.0067038776173178	33861	227	33861	0
PflaKGBDf	OZ251426.1	10450001	10500000	0.005050057588376	33861	171	33861	0
PflaHELAf	OZ251426.1	10450001	10500000	0.0071173326245533	33861	241	33861	0
PflaKGBHm	OZ251426.1	10500001	10550000	0.0047790844773462	21343	102	21343	0
PflaHELEm	OZ251426.1	10500001	10550000	0.0060932739629716	21335	130	21335	8
PflaKGBDf	OZ251426.1	10500001	10550000	0.0061378437895328	21343	131	21343	0
PflaHELAf	OZ251426.1	10500001	10550000	0.0035608864733167	21343	76	21343	0
PflaHELAf	OZ251426.1	10550001	10600000	0.0003408897221748	29335	10	29335	0
PflaKGBDf	OZ251426.1	10550001	10600000	0.005454235554798	29335	160	29335	0
PflaHELEm	OZ251426.1	10550001	10600000	0.0057610363047554	29335	169	29335	0
PflaKGBHm	OZ251426.1	10550001	10600000	0.0059996591102778	29335	176	29335	0
PflaKGBHm	OZ251426.1	10600001	10650000	0.0026025459688826	35350	92	35350	0
PflaHELEm	OZ251426.1	10600001	10650000	0.0061103253182461	35350	216	35350	0
PflaKGBDf	OZ251426.1	10600001	10650000	0.0034512022630834	35350	122	35350	0
PflaHELAf	OZ251426.1	10600001	10650000	0.0059688826025459	35350	211	35350	0
PflaHELEm	OZ251426.1	10650001	10700000	0.0065965523679133	32138	212	32138	0
PflaKGBHm	OZ251426.1	10650001	10700000	0.002395917605327	32138	77	32138	0
PflaHELAf	OZ251426.1	10650001	10700000	0.0057564254153961	32138	185	32138	0
PflaKGBDf	OZ251426.1	10650001	10700000	0.0044806770800921	32138	144	32138	0
PflaKGBHm	OZ251426.1	10700001	10750000	0.0070313138745809	36693	258	36693	2
PflaHELEm	OZ251426.1	10700001	10750000	0.006404142253713	36695	235	36695	0
PflaKGBDf	OZ251426.1	10700001	10750000	0.0048235454421583	36695	177	36695	0
PflaHELAf	OZ251426.1	10700001	10750000	0.0033792069764273	36695	124	36695	0
PflaKGBHm	OZ251426.1	10750001	10800000	0.0022225514891094	33745	75	33745	879
PflaKGBDf	OZ251426.1	10750001	10800000	0.0025415896487985	34624	88	34624	0
PflaHELAf	OZ251426.1	10750001	10800000	0.0033213955637707	34624	115	34624	0
PflaHELEm	OZ251426.1	10750001	10800000	0.0043900184842883	34624	152	34624	0
PflaHELAf	OZ251426.1	10800001	10850000	0.0042396061269146	36560	155	36560	0
PflaKGBDf	OZ251426.1	10800001	10850000	0.0038019693654266	36560	139	36560	0
PflaHELEm	OZ251426.1	10800001	10850000	0.0089168490153172	36560	326	36560	0
PflaKGBHm	OZ251426.1	10800001	10850000	0.0030087527352297	36560	110	36560	0
PflaKGBHm	OZ251426.1	10850001	10900000	0.0048348612332035	31852	154	31852	0
PflaHELEm	OZ251426.1	10850001	10900000	0.0075662438779354	31852	241	31852	0
PflaKGBDf	OZ251426.1	10850001	10900000	0.0053371844782117	31852	170	31852	0
PflaHELAf	OZ251426.1	10850001	10900000	0.0048662564360165	31852	155	31852	0
PflaKGBHm	OZ251426.1	10900001	10950000	0.0027345014931817	27793	76	27793	0
PflaHELEm	OZ251426.1	10900001	10950000	0.0067283128845392	27793	187	27793	0
PflaHELAf	OZ251426.1	10900001	10950000	0.0039578311085525	27793	110	27793	0
PflaKGBDf	OZ251426.1	10900001	10950000	0.0037059691289173	27793	103	27793	0
PflaHELAf	OZ251426.1	10950001	11000000	0.0025973203256152	31571	82	31571	0
PflaHELEm	OZ251426.1	10950001	11000000	0.0040860283171264	31571	129	31571	0
PflaKGBHm	OZ251426.1	10950001	11000000	0.003485535029627	31559	110	31559	12
PflaKGBDf	OZ251426.1	10950001	11000000	0.0015837319058629	31571	50	31571	0
PflaHELAf	OZ251426.1	11000001	11050000	0.0024386660790362	34035	83	34035	0
PflaKGBHm	OZ251426.1	11000001	11050000	0.0033201116497722	34035	113	34035	0
PflaHELEm	OZ251426.1	11000001	11050000	0.003966505068312	34035	135	34035	0
PflaKGBDf	OZ251426.1	11000001	11050000	0.0018510356985456	34035	63	34035	0
PflaKGBDf	OZ251426.1	11050001	11100000	0.0035349679024914	35361	125	35361	0
PflaHELAf	OZ251426.1	11050001	11100000	0.0072961737507423	35361	258	35361	0
PflaKGBHm	OZ251426.1	11050001	11100000	0.0033087299567319	35361	117	35361	0
PflaHELEm	OZ251426.1	11050001	11100000	0.0079183281015808	35361	280	35361	0
PflaHELAf	OZ251426.1	11100001	11150000	0.0065779467680608	26300	173	26300	0
PflaKGBDf	OZ251426.1	11100001	11150000	0.0024334600760456	26300	64	26300	0
PflaHELEm	OZ251426.1	11100001	11150000	0.0069201520912547	26300	182	26300	0
PflaKGBHm	OZ251426.1	11100001	11150000	0.0022053231939163	26300	58	26300	0
PflaKGBHm	OZ251426.1	11150001	11200000	0.0051149408584963	34409	176	34409	0
PflaHELAf	OZ251426.1	11150001	11200000	0.0069749193524949	34409	240	34409	0
PflaHELEm	OZ251426.1	11150001	11200000	0.007178354500276	34409	247	34409	0
PflaKGBDf	OZ251426.1	11150001	11200000	0.0044755732511842	34409	154	34409	0
PflaKGBDf	OZ251426.1	11200001	11250000	0.0065325534357404	36586	239	36586	0
PflaHELEm	OZ251426.1	11200001	11250000	0.0078445306948012	36586	287	36586	0
PflaKGBHm	OZ251426.1	11200001	11250000	0.0058492319466462	36586	214	36586	0
PflaHELAf	OZ251426.1	11200001	11250000	0.0055485704914448	36586	203	36586	0
PflaHELAf	OZ251426.1	11250001	11300000	0.0003499825008749	40002	14	40002	0
PflaKGBDf	OZ251426.1	11250001	11300000	0.0003499825008749	40002	14	40002	0
PflaHELEm	OZ251426.1	11250001	11300000	0.0005249737513124	40002	21	40002	0
PflaKGBHm	OZ251426.1	11250001	11300000	0.0003499825008749	40002	14	40002	0
PflaHELAf	OZ251426.1	11300001	11350000	0.0009011889880519	34399	31	34399	0
PflaKGBHm	OZ251426.1	11300001	11350000	0.0029070612517805	34399	100	34399	0
PflaHELEm	OZ251426.1	11300001	11350000	0.0012500363382656	34399	43	34399	0
PflaKGBDf	OZ251426.1	11300001	11350000	0.0063083229163638	34399	217	34399	0
PflaHELEm	OZ251426.1	11350001	11400000	0.006420720426597	36756	236	36756	0
PflaKGBDf	OZ251426.1	11350001	11400000	0.005250843399717	36756	193	36756	0
PflaHELAf	OZ251426.1	11350001	11400000	0.0064479268690825	36756	237	36756	0
PflaKGBHm	OZ251426.1	11350001	11400000	0.0052780498422026	36756	194	36756	0
PflaHELAf	OZ251426.1	11400001	11450000	0.0034422955644313	38056	131	38056	0
PflaKGBDf	OZ251426.1	11400001	11450000	0.0040466680681101	38056	154	38056	0
PflaKGBHm	OZ251426.1	11400001	11450000	0.0026802606684885	38056	102	38056	0
PflaHELEm	OZ251426.1	11400001	11450000	0.0057021231868824	38056	217	38056	0
PflaKGBHm	OZ251426.1	11450001	11500000	0.0035949670461354	38387	138	38387	0
PflaHELEm	OZ251426.1	11450001	11500000	0.006226066116133	38387	239	38387	0
PflaKGBDf	OZ251426.1	11450001	11500000	0.0031000078151457	38387	119	38387	0
PflaHELAf	OZ251426.1	11450001	11500000	0.0037538124657855	38361	144	38361	26
PflaHELAf	OZ251426.1	11500001	11550000	0.0045491561596136	35611	162	35611	0
PflaKGBHm	OZ251426.1	11500001	11550000	0.0048580494790935	35611	173	35611	0
PflaKGBDf	OZ251426.1	11500001	11550000	0.0058970542809805	35611	210	35611	0
PflaHELEm	OZ251426.1	11500001	11550000	0.006430597287355	35611	229	35611	0
PflaKGBDf	OZ251426.1	11550001	11600000	0.0054558905122988	32442	177	32442	0
PflaKGBHm	OZ251426.1	11550001	11600000	0.004377042105912	32442	142	32442	0
PflaHELEm	OZ251426.1	11550001	11600000	0.0047777572282843	32442	155	32442	0
PflaHELAf	OZ251426.1	11550001	11600000	0.0033290179397077	32442	108	32442	0
PflaHELEm	OZ251426.1	11600001	11650000	0.0050552081947585	30068	152	30068	1
PflaKGBDf	OZ251426.1	11600001	11650000	0.0037912800558714	30069	114	30069	0
PflaHELAf	OZ251426.1	11600001	11650000	0.0035584821577039	30069	107	30069	0
PflaKGBHm	OZ251426.1	11600001	11650000	0.0006983936945026	30069	21	30069	0
PflaHELAf	OZ251426.1	11650001	11700000	0.0060993070270889	34922	213	34922	0
PflaKGBDf	OZ251426.1	11650001	11700000	0.0064429299581925	34922	225	34922	0
PflaKGBHm	OZ251426.1	11650001	11700000	0.0036939465093637	34922	129	34922	0
PflaHELEm	OZ251426.1	11650001	11700000	0.0078174216826069	34922	273	34922	0
PflaHELEm	OZ251426.1	11700001	11750000	0.0052758402029169	39425	208	39425	0
PflaKGBHm	OZ251426.1	11700001	11750000	0.0053519340519974	39425	211	39425	0
PflaKGBDf	OZ251426.1	11700001	11750000	0.0027647431832593	39425	109	39425	0
PflaHELAf	OZ251426.1	11700001	11750000	0.0049714648065948	39425	196	39425	0
PflaHELEm	OZ251426.1	11750001	11800000	0.0045080749033983	40372	182	40372	0
PflaKGBDf	OZ251426.1	11750001	11800000	0.0024521945903101	40372	99	40372	0
PflaHELAf	OZ251426.1	11750001	11800000	0.0032943624294065	40372	133	40372	0
PflaKGBHm	OZ251426.1	11750001	11800000	0.0038889301726486	40371	157	40371	1
PflaHELAf	OZ251426.1	11800001	11850000	0.0043628296771013	40570	177	40570	0
PflaKGBDf	OZ251426.1	11800001	11850000	0.0027113630761646	40570	110	40570	0
PflaHELEm	OZ251426.1	11800001	11850000	0.0066798126694601	40570	271	40570	0
PflaKGBHm	OZ251426.1	11800001	11850000	0.0049543998028099	40570	201	40570	0
PflaHELAf	OZ251426.1	11850001	11900000	0.0064639693559971	37593	243	37593	0
PflaKGBDf	OZ251426.1	11850001	11900000	0.0035378926927885	37593	133	37593	0
PflaHELEm	OZ251426.1	11850001	11900000	0.0079536083845396	37593	299	37593	0
PflaKGBHm	OZ251426.1	11850001	11900000	0.0064373686590588	37593	242	37593	0
PflaKGBHm	OZ251426.1	11900001	11950000	0.0050771478812195	40377	205	40377	0
PflaHELEm	OZ251426.1	11900001	11950000	0.0065160299291412	40362	263	40362	15
PflaHELAf	OZ251426.1	11900001	11950000	0.0054486465066745	40377	220	40377	0
PflaKGBDf	OZ251426.1	11900001	11950000	0.0040369517299452	40377	163	40377	0
PflaHELAf	OZ251426.1	11950001	12000000	0.0062055356493742	38514	239	38514	0
PflaKGBDf	OZ251426.1	11950001	12000000	0.0057901023004621	38514	223	38514	0
PflaHELEm	OZ251426.1	11950001	12000000	0.0075297294490315	38514	290	38514	0
PflaKGBHm	OZ251426.1	11950001	12000000	0.0067767565041283	38514	261	38514	0
PflaHELEm	OZ251426.1	12000001	12050000	0.0070209874679148	39738	279	39738	0
PflaKGBDf	OZ251426.1	12000001	12050000	0.0071216467864512	39738	283	39738	0
PflaHELAf	OZ251426.1	12000001	12050000	0.005863405304746	39738	233	39738	0
PflaKGBHm	OZ251426.1	12000001	12050000	0.0052342845638935	39738	208	39738	0
PflaHELEm	OZ251426.1	12050001	12100000	0.0044090255346238	42413	187	42413	0
PflaKGBHm	OZ251426.1	12050001	12100000	0.0044561808879353	42413	189	42413	0
PflaKGBDf	OZ251426.1	12050001	12100000	0.0047391130078042	42413	201	42413	0
PflaHELAf	OZ251426.1	12050001	12100000	0.0034187631150826	42413	145	42413	0
PflaKGBDf	OZ251426.1	12100001	12150000	0.0063995460420541	31721	203	31721	161
PflaHELAf	OZ251426.1	12100001	12150000	0.0076845869142462	31882	245	31882	0
PflaKGBHm	OZ251426.1	12100001	12150000	0.0063672291575183	31882	203	31882	0
PflaHELEm	OZ251426.1	12100001	12150000	0.0100056458189574	31882	319	31882	0
PflaKGBDf	OZ251426.1	12150001	12200000	0.0067372848352675	25678	173	25678	0
PflaHELEm	OZ251426.1	12150001	12200000	0.0073603863229223	25678	189	25678	0
PflaHELAf	OZ251426.1	12150001	12200000	0.004400654256562	25678	113	25678	0
PflaKGBHm	OZ251426.1	12150001	12200000	0.0029708388710812	25582	76	25582	96
PflaHELAf	OZ251426.1	12200001	12250000	0.0025165280443591	23445	59	23445	0
PflaKGBDf	OZ251426.1	12200001	12250000	0.0077201962038814	23445	181	23445	0
PflaHELEm	OZ251426.1	12200001	12250000	0.0098955001066325	23445	232	23445	0
PflaKGBHm	OZ251426.1	12200001	12250000	0.0064832586905523	23445	152	23445	0
PflaHELEm	OZ251426.1	12250001	12300000	0.0082914979757085	30875	256	30875	0
PflaKGBHm	OZ251426.1	12250001	12300000	0.0036275303643724	30875	112	30875	0
PflaHELAf	OZ251426.1	12250001	12300000	0.0043724696356275	30875	135	30875	0
PflaKGBDf	OZ251426.1	12250001	12300000	0.0058623481781376	30875	181	30875	0
PflaHELAf	OZ251426.1	12300001	12350000	0.0043232856971298	33308	144	33308	0
PflaKGBDf	OZ251426.1	12300001	12350000	0.0049975915221579	33216	166	33216	92
PflaHELEm	OZ251426.1	12300001	12350000	0.0092770505584244	33308	309	33308	0
PflaKGBHm	OZ251426.1	12300001	12350000	0.00388519109719	33203	129	33203	105
PflaHELAf	OZ251426.1	12350001	12400000	0.0064561450458285	29894	193	29894	0
PflaKGBDf	OZ251426.1	12350001	12400000	0.0033451528734863	29894	100	29894	0
PflaHELEm	OZ251426.1	12350001	12400000	0.0081287214825717	29894	243	29894	0
PflaKGBHm	OZ251426.1	12350001	12400000	0.0049508262527597	29894	148	29894	0
PflaHELAf	OZ251426.1	12400001	12450000	0.0055496402413448	30993	172	30993	0
PflaKGBHm	OZ251426.1	12400001	12450000	0.0023553705675475	30993	73	30993	0
PflaKGBDf	OZ251426.1	12400001	12450000	0.0028716161713935	30993	89	30993	0
PflaHELEm	OZ251426.1	12400001	12450000	0.0092601555189881	30993	287	30993	0
PflaKGBHm	OZ251426.1	12450001	12500000	0.0042609341067157	36377	155	36377	0
PflaHELEm	OZ251426.1	12450001	12500000	0.0068724743656706	36377	250	36377	0
PflaKGBDf	OZ251426.1	12450001	12500000	0.0040959947219396	36377	149	36377	0
PflaHELAf	OZ251426.1	12450001	12500000	0.0028061294671105	36349	102	36349	28
PflaKGBDf	OZ251426.1	12500001	12550000	0.0020721854999475	38124	79	38124	0
PflaHELEm	OZ251426.1	12500001	12550000	0.0077641380757528	38124	296	38124	0
PflaKGBHm	OZ251426.1	12500001	12550000	0.0048788164935473	38124	186	38124	0
PflaHELAf	OZ251426.1	12500001	12550000	0.0058755639492183	38124	224	38124	0
PflaKGBHm	OZ251426.1	12550001	12600000	0.0048888371551623	34364	168	34364	0
PflaHELEm	OZ251426.1	12550001	12600000	0.0060528460016296	34364	208	34364	0
PflaKGBDf	OZ251426.1	12550001	12600000	0.0058200442323361	34364	200	34364	0
PflaHELAf	OZ251426.1	12550001	12600000	0.0048015364916773	34364	165	34364	0
PflaHELEm	OZ251426.1	12600001	12650000	0.0060433898682708	35907	217	35907	0
PflaKGBDf	OZ251426.1	12600001	12650000	0.0043724064945553	35907	157	35907	0
PflaKGBHm	OZ251426.1	12600001	12650000	0.0051800484585178	35907	186	35907	0
PflaHELAf	OZ251426.1	12600001	12650000	0.0053192970729941	35907	191	35907	0
PflaHELEm	OZ251426.1	12650001	12700000	0.0036144578313253	34860	126	34860	0
PflaKGBHm	OZ251426.1	12650001	12700000	0.0037865748709122	34860	132	34860	0
PflaHELAf	OZ251426.1	12650001	12700000	0.005249569707401	34860	183	34860	0
PflaKGBDf	OZ251426.1	12650001	12700000	0.0056224899598393	34860	196	34860	0
PflaHELAf	OZ251426.1	12700001	12750000	0.0065203940792917	42022	274	42022	0
PflaKGBDf	OZ251426.1	12700001	12750000	0.0070690722140238	42014	297	42014	8
PflaHELEm	OZ251426.1	12700001	12750000	0.0077578411308362	42022	326	42022	0
PflaKGBHm	OZ251426.1	12700001	12750000	0.0047413690405279	41971	199	41971	51
PflaKGBHm	OZ251426.1	12750001	12800000	0.0035019159032659	39407	138	39407	0
PflaHELEm	OZ251426.1	12750001	12800000	0.0031974014768949	39407	126	39407	0
PflaKGBDf	OZ251426.1	12750001	12800000	0.0020300961758063	39407	80	39407	0
PflaHELAf	OZ251426.1	12750001	12800000	0.0042124495647981	39407	166	39407	0
PflaKGBHm	OZ251426.1	12800001	12850000	0.0020231363801421	38554	78	38554	0
PflaHELEm	OZ251426.1	12800001	12850000	0.0042029887920298	38544	162	38544	10
PflaKGBDf	OZ251426.1	12800001	12850000	0.0047206515536649	38554	182	38554	0
PflaHELAf	OZ251426.1	12800001	12850000	0.0043834621569746	38554	169	38554	0
PflaKGBHm	OZ251426.1	12850001	12900000	0.0051393749541127	40861	210	40861	0
PflaHELEm	OZ251426.1	12850001	12900000	0.0062161963730696	40861	254	40861	0
PflaKGBDf	OZ251426.1	12850001	12900000	0.004454124960231	40861	182	40861	0
PflaHELAf	OZ251426.1	12850001	12900000	0.0033283571131396	40861	136	40861	0
PflaKGBHm	OZ251426.1	12900001	12950000	0.0012927176903443	30169	39	30169	0
PflaHELEm	OZ251426.1	12900001	12950000	0.0034141005668069	30169	103	30169	0
PflaKGBDf	OZ251426.1	12900001	12950000	0.0024235583147969	30121	73	30121	48
PflaHELAf	OZ251426.1	12900001	12950000	0.0044416453975935	30169	134	30169	0
PflaHELEm	OZ251426.1	12950001	13000000	0.0068149105542989	34043	232	34043	0
PflaKGBDf	OZ251426.1	12950001	13000000	0.005551802132597	34043	189	34043	0
PflaHELAf	OZ251426.1	12950001	13000000	0.0058455482771788	34043	199	34043	0
PflaKGBHm	OZ251426.1	12950001	13000000	0.0054636782892224	34043	186	34043	0
PflaKGBHm	OZ251426.1	13000001	13050000	0.0030942796900243	36519	113	36519	0
PflaHELAf	OZ251426.1	13000001	13050000	0.0047646430625154	36519	174	36519	0
PflaKGBDf	OZ251426.1	13000001	13050000	0.0019715764396615	36519	72	36519	0
PflaHELEm	OZ251426.1	13000001	13050000	0.0036145568060461	36519	132	36519	0
PflaKGBDf	OZ251426.1	13050001	13100000	0.0019432096966163	41169	80	41169	0
PflaHELEm	OZ251426.1	13050001	13100000	0.002793363938886	41169	115	41169	0
PflaKGBHm	OZ251426.1	13050001	13100000	0.0003886419393232	41169	16	41169	0
PflaHELAf	OZ251426.1	13050001	13100000	0.0032305861206247	41169	133	41169	0
PflaKGBHm	OZ251426.1	13100001	13150000	0.0023929367109497	36357	87	36357	5
PflaHELEm	OZ251426.1	13100001	13150000	0.0085703262786596	36288	311	36288	74
PflaKGBDf	OZ251426.1	13100001	13150000	0.0027776249931246	36362	101	36362	0
PflaHELAf	OZ251426.1	13100001	13150000	0.003547659644684	36362	129	36362	0
PflaKGBDf	OZ251426.1	13150001	13200000	0.0070016633785927	25851	181	25851	0
PflaHELEm	OZ251426.1	13150001	13200000	0.00943870643302	25851	244	25851	0
PflaKGBHm	OZ251426.1	13150001	13200000	0.0025530927236857	25851	66	25851	0
PflaHELAf	OZ251426.1	13150001	13200000	0.0066921975939035	25851	173	25851	0
PflaHELAf	OZ251426.1	13200001	13250000	0.004866683924411	19315	94	19315	0
PflaKGBDf	OZ251426.1	13200001	13250000	0.0068340667874708	19315	132	19315	0
PflaHELEm	OZ251426.1	13200001	13250000	0.0063681076883251	19315	123	19315	0
PflaKGBHm	OZ251426.1	13200001	13250000	0.0041936318923116	19315	81	19315	0
PflaHELEm	OZ251426.1	13250001	13300000	0.0086505190311418	31212	270	31212	0
PflaHELAf	OZ251426.1	13250001	13300000	0.0048699218249391	31212	152	31212	0
PflaKGBDf	OZ251426.1	13250001	13300000	0.0043572984749455	31212	136	31212	0
PflaKGBHm	OZ251426.1	13250001	13300000	0.0052223503780597	31212	163	31212	0
PflaKGBHm	OZ251426.1	13300001	13350000	0.0059464816650148	33297	198	33297	10
PflaHELEm	OZ251426.1	13300001	13350000	0.0082865463716335	33307	276	33307	0
PflaKGBDf	OZ251426.1	13300001	13350000	0.0048037949980484	33307	160	33307	0
PflaHELAf	OZ251426.1	13300001	13350000	0.0055243642477557	33307	184	33307	0
PflaHELAf	OZ251426.1	13350001	13400000	0.0048560905742736	36655	178	36655	0
PflaKGBDf	OZ251426.1	13350001	13400000	0.0055381257672895	36655	203	36655	0
PflaHELEm	OZ251426.1	13350001	13400000	0.0078024826081025	36655	286	36655	0
PflaKGBHm	OZ251426.1	13350001	13400000	0.0054017187286864	36655	198	36655	0
PflaHELEm	OZ251426.1	13400001	13450000	0.0056144335099671	31704	178	31704	0
PflaHELAf	OZ251426.1	13400001	13450000	0.0023656320968962	31704	75	31704	0
PflaKGBDf	OZ251426.1	13400001	13450000	0.0039142649704851	31679	124	31679	25
PflaKGBHm	OZ251426.1	13400001	13450000	0.0045420136260408	31704	144	31704	0
PflaKGBDf	OZ251426.1	13450001	13500000	0.0010276025461707	35033	36	35033	10
PflaHELAf	OZ251426.1	13450001	13500000	0.0025682732642753	35043	90	35043	0
PflaKGBHm	OZ251426.1	13450001	13500000	0.0035099734611762	35043	123	35043	0
PflaHELEm	OZ251426.1	13450001	13500000	0.0068201923351311	35043	239	35043	0
PflaKGBHm	OZ251426.1	13500001	13550000	0.0050518694618543	37016	187	37016	0
PflaHELEm	OZ251426.1	13500001	13550000	0.0044575318781067	37016	165	37016	0
PflaKGBDf	OZ251426.1	13500001	13550000	0.0045425048669695	36984	168	36984	32
PflaHELAf	OZ251426.1	13500001	13550000	0.0001894964807796	36940	7	36940	76
PflaHELEm	OZ251426.1	13550001	13600000	0.0029186124082721	35976	105	35976	0
PflaKGBDf	OZ251426.1	13550001	13600000	0.0027240382477207	35976	98	35976	0
PflaHELAf	OZ251426.1	13550001	13600000	0.0035326842837273	35950	127	35950	26
PflaKGBHm	OZ251426.1	13550001	13600000	0.0035023348899266	35976	126	35976	0
PflaHELAf	OZ251426.1	13600001	13650000	0.0044800090163703	35491	159	35491	0
PflaHELEm	OZ251426.1	13600001	13650000	0.0033529627229438	35491	119	35491	0
PflaKGBHm	OZ251426.1	13600001	13650000	0.0013242793947761	35491	47	35491	0
PflaKGBDf	OZ251426.1	13600001	13650000	0.0051280606350905	35491	182	35491	0
PflaKGBHm	OZ251426.1	13650001	13700000	0.0047116165718927	36930	174	36930	0
PflaHELEm	OZ251426.1	13650001	13700000	0.0049823991334958	36930	184	36930	0
PflaKGBDf	OZ251426.1	13650001	13700000	0.0027890603845112	36930	103	36930	0
PflaHELAf	OZ251426.1	13650001	13700000	0.0040075819117248	36930	148	36930	0
PflaKGBHm	OZ251426.1	13700001	13750000	0.0039181400168382	30882	121	30882	83
PflaHELAf	OZ251426.1	13700001	13750000	0.0055869530114645	30965	173	30965	0
PflaKGBDf	OZ251426.1	13700001	13750000	0.0043274664944291	30965	134	30965	0
PflaHELEm	OZ251426.1	13700001	13750000	0.0047150008073631	30965	146	30965	0
PflaHELEm	OZ251426.1	13750001	13800000	0.0022416955369879	29442	66	29442	0
PflaKGBHm	OZ251426.1	13750001	13800000	0.0045513212417634	29442	134	29442	0
PflaHELAf	OZ251426.1	13750001	13800000	0.0028530670470756	29442	84	29442	0
PflaKGBDf	OZ251426.1	13750001	13800000	0.0011548128523877	29442	34	29442	0
PflaKGBHm	OZ251426.1	13800001	13850000	0.0045684404091483	34804	159	34804	0
PflaHELEm	OZ251426.1	13800001	13850000	0.0029883340037928	34802	104	34802	2
PflaKGBDf	OZ251426.1	13800001	13850000	0.0038213998390989	34804	133	34804	0
PflaHELAf	OZ251426.1	13800001	13850000	0.0009481668773704	34804	33	34804	0
PflaHELEm	OZ251426.1	13850001	13900000	0.0062345115429763	38335	239	38335	0
PflaKGBHm	OZ251426.1	13850001	13900000	0.0050084778922655	38335	192	38335	0
PflaHELAf	OZ251426.1	13850001	13900000	0.0046572475143903	38220	178	38220	115
PflaKGBDf	OZ251426.1	13850001	13900000	0.0013825485848441	38335	53	38335	0
PflaHELAf	OZ251426.1	13900001	13950000	0.0048291428271481	38102	184	38102	12
PflaKGBDf	OZ251426.1	13900001	13950000	0.0037519021881723	38114	143	38114	0
PflaHELEm	OZ251426.1	13900001	13950000	0.0056409718213779	38114	215	38114	0
PflaKGBHm	OZ251426.1	13900001	13950000	0.0042504066747127	38114	162	38114	0
PflaKGBHm	OZ251426.1	13950001	14000000	0.0039143140566771	37299	146	37299	0
PflaHELEm	OZ251426.1	13950001	14000000	0.0054425051609962	37299	203	37299	0
PflaHELAf	OZ251426.1	13950001	14000000	0.0031904340598943	37299	119	37299	0
PflaKGBDf	OZ251426.1	13950001	14000000	0.0044505214617013	37299	166	37299	0
PflaHELAf	OZ251426.1	14000001	14050000	0.0041617403641522	42290	176	42290	47
PflaKGBDf	OZ251426.1	14000001	14050000	0.0064246403854784	42337	272	42337	0
PflaHELEm	OZ251426.1	14000001	14050000	0.0085976805158608	42337	364	42337	0
PflaKGBHm	OZ251426.1	14000001	14050000	0.0057396603443796	42337	243	42337	0
PflaKGBDf	OZ251426.1	14050001	14100000	0.0032715376226826	44933	147	44933	0
PflaHELAf	OZ251426.1	14050001	14100000	0.0055638394943582	44933	250	44933	0
PflaKGBHm	OZ251426.1	14050001	14100000	0.0037611554981861	44933	169	44933	0
PflaHELEm	OZ251426.1	14050001	14100000	0.0062537555916586	44933	281	44933	0
PflaHELAf	OZ251426.1	14100001	14150000	0.0037190545536014	44635	166	44635	0
PflaKGBDf	OZ251426.1	14100001	14150000	0.0020387588215525	44635	91	44635	0
PflaHELEm	OZ251426.1	14100001	14150000	0.0049288674806765	44635	220	44635	0
PflaKGBHm	OZ251426.1	14100001	14150000	0.0008513498375714	44635	38	44635	0
PflaKGBDf	OZ251426.1	14150001	14200000	0.0013525583769299	39185	53	39185	0
PflaHELEm	OZ251426.1	14150001	14200000	0.0051039938752073	39185	200	39185	0
PflaHELAf	OZ251426.1	14150001	14200000	0.0041597550082939	39185	163	39185	0
PflaKGBHm	OZ251426.1	14150001	14200000	0.0004593594487686	39185	18	39185	0
PflaHELAf	OZ251426.1	14200001	14250000	0.0038905715200315	40611	158	40611	0
PflaKGBHm	OZ251426.1	14200001	14250000	0.0029904601848648	40462	121	40462	149
PflaHELEm	OZ251426.1	14200001	14250000	0.0062790869468863	40611	255	40611	0
PflaKGBDf	OZ251426.1	14200001	14250000	0.004087562483071	40611	166	40611	0
PflaHELEm	OZ251426.1	14250001	14300000	0.0058521098396	42207	247	42207	0
PflaHELAf	OZ251426.1	14250001	14300000	0.0043120809344421	42207	182	42207	0
PflaKGBHm	OZ251426.1	14250001	14300000	0.0021086549624469	42207	89	42207	0
PflaKGBDf	OZ251426.1	14250001	14300000	0.0034354490961214	42207	145	42207	0
PflaHELAf	OZ251426.1	14300001	14350000	0.0022238853843686	46765	104	46765	0
PflaKGBDf	OZ251426.1	14300001	14350000	0.0011547097188068	46765	54	46765	0
PflaHELEm	OZ251426.1	14300001	14350000	0.0040842510424462	46765	191	46765	0
PflaKGBHm	OZ251426.1	14300001	14350000	0.0001710681064898	46765	8	46765	0
PflaHELEm	OZ251426.1	14350001	14400000	0.0064627002952994	41314	267	41314	0
PflaKGBHm	OZ251426.1	14350001	14400000	0.003969598683255	41314	164	41314	0
PflaKGBDf	OZ251426.1	14350001	14400000	0.0046957447838505	41314	194	41314	0
PflaHELAf	OZ251426.1	14350001	14400000	0.0046715399138306	41314	193	41314	0
PflaKGBHm	OZ251426.1	14400001	14450000	0.0029547334830398	42305	125	42305	0
PflaKGBDf	OZ251426.1	14400001	14450000	0.0021983217113816	42305	93	42305	0
PflaHELAf	OZ251426.1	14400001	14450000	0.0032856636331402	42305	139	42305	0
PflaHELEm	OZ251426.1	14400001	14450000	0.003711145254698	42305	157	42305	0
PflaKGBHm	OZ251426.1	14450001	14500000	0.0027401090451558	35765	98	35765	0
PflaHELEm	OZ251426.1	14450001	14500000	0.0044736474206626	35765	160	35765	0
PflaHELAf	OZ251426.1	14450001	14500000	0.0040822032713546	35765	146	35765	0
PflaKGBDf	OZ251426.1	14450001	14500000	0.0026562281560184	35765	95	35765	0
PflaKGBHm	OZ251426.1	14500001	14550000	0.0034012657169143	35869	122	35869	0
PflaHELEm	OZ251426.1	14500001	14550000	0.0063285845716356	35869	227	35869	0
PflaKGBDf	OZ251426.1	14500001	14550000	0.0049625024394323	35869	178	35869	0
PflaHELAf	OZ251426.1	14500001	14550000	0.0026210127146999	35864	94	35864	5
PflaHELAf	OZ251426.1	14550001	14600000	0.0052559093847494	35579	187	35579	0
PflaKGBDf	OZ251426.1	14550001	14600000	0.0039067989544394	35579	139	35579	0
PflaKGBHm	OZ251426.1	14550001	14600000	0.0039630118890356	35579	141	35579	0
PflaHELEm	OZ251426.1	14550001	14600000	0.0071390426937238	35579	254	35579	0
PflaHELAf	OZ251426.1	14600001	14650000	0.0058085808580858	37875	220	37875	0
PflaKGBDf	OZ251426.1	14600001	14650000	0.0046468646864686	37875	176	37875	0
PflaHELEm	OZ251426.1	14600001	14650000	0.0072871287128712	37875	276	37875	0
PflaKGBHm	OZ251426.1	14600001	14650000	0.0041716171617161	37875	158	37875	0
PflaKGBHm	OZ251426.1	14650001	14700000	0.0045690366702039	33924	155	33924	0
PflaHELAf	OZ251426.1	14650001	14700000	0.0047459026058247	33924	161	33924	0
PflaKGBDf	OZ251426.1	14650001	14700000	0.0030951538733639	33924	105	33924	0
PflaHELEm	OZ251426.1	14650001	14700000	0.0049817238533191	33924	169	33924	0
PflaKGBHm	OZ251426.1	14700001	14750000	0.0042876970357886	40348	173	40348	0
PflaHELEm	OZ251426.1	14700001	14750000	0.0055021314563299	40348	222	40348	0
PflaKGBDf	OZ251426.1	14700001	14750000	0.0037424407653415	40348	151	40348	0
PflaHELAf	OZ251426.1	14700001	14750000	0.0030732626152473	40348	124	40348	0
PflaKGBDf	OZ251426.1	14750001	14800000	0.0047616780153326	42002	200	42002	0
PflaHELAf	OZ251426.1	14750001	14800000	0.0046664444550259	42002	196	42002	0
PflaKGBHm	OZ251426.1	14750001	14800000	0.0034760249511928	42002	146	42002	0
PflaHELEm	OZ251426.1	14750001	14800000	0.0063330317603923	42002	266	42002	0
PflaKGBHm	OZ251426.1	14800001	14850000	0.002828921002381	42419	120	42419	0
PflaHELAf	OZ251426.1	14800001	14850000	0.0028053466606945	42419	119	42419	0
PflaKGBDf	OZ251426.1	14800001	14850000	0.0026639006105754	42419	113	42419	0
PflaHELEm	OZ251426.1	14800001	14850000	0.0037718946698413	42419	160	42419	0
PflaHELAf	OZ251426.1	14850001	14900000	0.0032761658931274	40291	132	40291	0
PflaKGBDf	OZ251426.1	14850001	14900000	0.0043930406294209	40291	177	40291	0
PflaHELEm	OZ251426.1	14850001	14900000	0.0062793179618277	40291	253	40291	0
PflaKGBHm	OZ251426.1	14850001	14900000	0.0041944851207465	40291	169	40291	0
PflaHELAf	OZ251426.1	14900001	14950000	0.0028848878242279	38823	112	38823	0
PflaKGBDf	OZ251426.1	14900001	14950000	0.0048424902763825	38823	188	38823	0
PflaHELEm	OZ251426.1	14900001	14950000	0.0023954872111892	38823	93	38823	0
PflaKGBHm	OZ251426.1	14900001	14950000	0.0008500115910671	38823	33	38823	0
PflaHELAf	OZ251426.1	14950001	15000000	0.0032858028518288	32260	106	32260	9
PflaKGBDf	OZ251426.1	14950001	15000000	0.0036877498527999	32269	119	32269	0
PflaHELEm	OZ251426.1	14950001	15000000	0.0015804642226285	32269	51	32269	0
PflaKGBHm	OZ251426.1	14950001	15000000	0.0036567603582385	32269	118	32269	0
PflaKGBDf	OZ251426.1	15000001	15050000	0.0020740576864577	36161	75	36161	0
PflaHELEm	OZ251426.1	15000001	15050000	0.0002488869223749	36161	9	36161	0
PflaKGBHm	OZ251426.1	15000001	15050000	0.0038162661430823	36161	138	36161	0
PflaHELAf	OZ251426.1	15000001	15050000	0.0003595033323193	36161	13	36161	0
PflaHELAf	OZ251426.1	15050001	15100000	0.0025647288715192	40940	105	40940	0
PflaKGBDf	OZ251426.1	15050001	15100000	0.0017098192476795	40940	70	40940	0
PflaKGBHm	OZ251426.1	15050001	15100000	0.0014899853444064	40940	61	40940	0
PflaHELEm	OZ251426.1	15050001	15100000	0.0020273571079628	40940	83	40940	0
PflaKGBDf	OZ251426.1	15100001	15150000	0.002664033254484	43543	116	43543	0
PflaHELAf	OZ251426.1	15100001	15150000	0.0035596996072847	43543	155	43543	0
PflaHELEm	OZ251426.1	15100001	15150000	0.0022276829800427	43543	97	43543	0
PflaKGBHm	OZ251426.1	15100001	15150000	0.0031463151367613	43543	137	43543	0
PflaHELAf	OZ251426.1	15150001	15200000	0.0035686137139854	45676	163	45676	0
PflaKGBDf	OZ251426.1	15150001	15200000	0.0012260267974428	45676	56	45676	0
PflaHELEm	OZ251426.1	15150001	15200000	0.003765653735003	45676	172	45676	0
PflaKGBHm	OZ251426.1	15150001	15200000	0.0025396269375602	45676	116	45676	0
PflaKGBDf	OZ251426.1	15200001	15250000	0.0007506347278949	45295	34	45295	0
PflaHELAf	OZ251426.1	15200001	15250000	0.0018324318357434	45295	83	45295	0
PflaKGBHm	OZ251426.1	15200001	15250000	0.0006402472679103	45295	29	45295	0
PflaHELEm	OZ251426.1	15200001	15250000	0.0020532067557125	45295	93	45295	0
PflaHELEm	OZ251426.1	15250001	15300000	0.0039878630255743	46140	184	46140	0
PflaKGBDf	OZ251426.1	15250001	15300000	0.0027958387516254	46140	129	46140	0
PflaHELAf	OZ251426.1	15250001	15300000	0.0019505851755526	46140	90	46140	0
PflaKGBHm	OZ251426.1	15250001	15300000	0.003359341135674	46140	155	46140	0
PflaHELAf	OZ251426.1	15300001	15350000	0.0021508392948987	42774	92	42774	0
PflaKGBDf	OZ251426.1	15300001	15350000	0.0028054425585636	42774	120	42774	0
PflaHELEm	OZ251426.1	15300001	15350000	0.003927619581989	42774	168	42774	0
PflaKGBHm	OZ251426.1	15300001	15350000	0.0015196147192219	42774	65	42774	0
PflaKGBHm	OZ251426.1	15350001	15400000	0.0032975395281981	35481	117	35481	0
PflaHELEm	OZ251426.1	15350001	15400000	0.004678560356247	35481	166	35481	0
PflaHELAf	OZ251426.1	15350001	15400000	0.0048476649474366	35481	172	35481	0
PflaKGBDf	OZ251426.1	15350001	15400000	0.0024238324737183	35481	86	35481	0
PflaKGBDf	OZ251426.1	15400001	15450000	0.0016667063501511	41999	70	41999	0
PflaKGBHm	OZ251426.1	15400001	15450000	0.0024762494345103	41999	104	41999	0
PflaHELEm	OZ251426.1	15400001	15450000	0.0033334127003023	41999	140	41999	0
PflaHELAf	OZ251426.1	15400001	15450000	0.0017619467130169	41999	74	41999	0
PflaKGBHm	OZ251426.1	15450001	15500000	0.0023597609459563	38987	92	38987	0
PflaKGBDf	OZ251426.1	15450001	15500000	0.0016159232564701	38987	63	38987	0
PflaHELAf	OZ251426.1	15450001	15500000	0.0035909405699335	38987	140	38987	0
PflaHELEm	OZ251426.1	15450001	15500000	0.0042321799574217	38987	165	38987	0
PflaHELAf	OZ251426.1	15500001	15550000	0.0022262199235439	44470	99	44470	5
PflaKGBDf	OZ251426.1	15500001	15550000	0.0010342889263631	44475	46	44475	0
PflaHELEm	OZ251426.1	15500001	15550000	0.002990444069702	44475	133	44475	0
PflaKGBHm	OZ251426.1	15500001	15550000	0.0028330522765598	44475	126	44475	0
PflaHELAf	OZ251426.1	15550001	15600000	0.0033869602032176	40154	136	40154	0
PflaKGBDf	OZ251426.1	15550001	15600000	0.0010459730039348	40154	42	40154	0
PflaHELEm	OZ251426.1	15550001	15600000	0.0024406036758479	40154	98	40154	0
PflaKGBHm	OZ251426.1	15550001	15600000	0.0012701100762066	40154	51	40154	0
PflaHELAf	OZ251426.1	15600001	15650000	0.0023955517461154	45501	109	45501	0
PflaKGBDf	OZ251426.1	15600001	15650000	0.0011867871035801	45501	54	45501	0
PflaHELEm	OZ251426.1	15600001	15650000	0.0023296191292499	45501	106	45501	0
PflaKGBHm	OZ251426.1	15600001	15650000	0.0011648095646249	45501	53	45501	0
PflaKGBHm	OZ251426.1	15650001	15700000	0.0024399299846178	37706	92	37706	0
PflaKGBDf	OZ251426.1	15650001	15700000	0.0021481992255874	37706	81	37706	0
PflaHELEm	OZ251426.1	15650001	15700000	0.0020686362913064	37706	78	37706	0
PflaHELAf	OZ251426.1	15650001	15700000	0.001856468466557	37706	70	37706	0
PflaHELAf	OZ251426.1	15700001	15750000	0.0034034868375355	43191	147	43191	0
PflaKGBDf	OZ251426.1	15700001	15750000	0.0029172744321733	43191	126	43191	0
PflaHELEm	OZ251426.1	15700001	15750000	0.0025931328285985	43191	112	43191	0
PflaKGBHm	OZ251426.1	15700001	15750000	0.0028246625454377	43191	122	43191	0
PflaKGBHm	OZ251426.1	15750001	15800000	0.0026240221804139	40396	106	40396	0
PflaHELEm	OZ251426.1	15750001	15800000	0.0015349574173103	40392	62	40392	4
PflaKGBDf	OZ251426.1	15750001	15800000	0.0023772379466607	40383	96	40383	13
PflaHELAf	OZ251426.1	15750001	15800000	0.0002475492623031	40396	10	40396	0
PflaHELAf	OZ251426.1	15800001	15850000	0.0008742666513286	43465	38	43465	0
PflaKGBDf	OZ251426.1	15800001	15850000	0.0017715403197975	43465	77	43465	0
PflaHELEm	OZ251426.1	15800001	15850000	0.0028758771425284	43465	125	43465	0
PflaKGBHm	OZ251426.1	15800001	15850000	0.0013574140112734	43465	59	43465	0
PflaHELEm	OZ251426.1	15850001	15900000	0.0024715558017641	46934	116	46934	0
PflaKGBHm	OZ251426.1	15850001	15900000	0.0019388929134529	46934	91	46934	0
PflaKGBDf	OZ251426.1	15850001	15900000	0.0014275365406741	46934	67	46934	0
PflaHELAf	OZ251426.1	15850001	15900000	0.0018110538202582	46934	85	46934	0
PflaKGBHm	OZ251426.1	15900001	15950000	0.0029835438907277	42902	128	42902	0
PflaHELEm	OZ251426.1	15900001	15950000	0.003006852827374	42902	129	42902	0
PflaKGBDf	OZ251426.1	15900001	15950000	0.0017714791851195	42902	76	42902	0
PflaHELAf	OZ251426.1	15900001	15950000	0.0025872919677404	42902	111	42902	0
PflaKGBHm	OZ251426.1	15950001	16000000	0.0001515742064007	46182	7	46182	0
PflaHELEm	OZ251426.1	15950001	16000000	0.0037460482439045	46182	173	46182	0
PflaKGBDf	OZ251426.1	15950001	16000000	0.0027499891732709	46182	127	46182	0
PflaHELAf	OZ251426.1	15950001	16000000	0.0025767615088129	46182	119	46182	0
PflaKGBDf	OZ251426.1	16000001	16050000	0.0033149666263495	44646	148	44646	0
PflaHELEm	OZ251426.1	16000001	16050000	0.0043676925144469	44646	195	44646	0
PflaKGBHm	OZ251426.1	16000001	16050000	0.0030013887022353	44646	134	44646	0
PflaHELAf	OZ251426.1	16000001	16050000	0.0034493571652555	44646	154	44646	0
PflaHELEm	OZ251426.1	16050001	16100000	0.0030505455355154	44910	137	44910	0
PflaHELAf	OZ251426.1	16050001	16100000	0.002649743932309	44910	119	44910	0
PflaKGBHm	OZ251426.1	16050001	16100000	0.0001781340458695	44910	8	44910	0
PflaKGBDf	OZ251426.1	16050001	16100000	0.0028056112224448	44910	126	44910	0
PflaKGBHm	OZ251426.1	16100001	16150000	0.0001483805324741	47176	7	47176	0
PflaHELEm	OZ251426.1	16100001	16150000	0.0008054943191453	47176	38	47176	0
PflaKGBDf	OZ251426.1	16100001	16150000	0.0001059860946243	47176	5	47176	0
PflaHELAf	OZ251426.1	16100001	16150000	0.0010598609462438	47176	50	47176	0
PflaKGBHm	OZ251426.1	16150001	16200000	0.0019780007719027	41456	82	41456	0
PflaHELEm	OZ251426.1	16150001	16200000	0.0049691238903898	41456	206	41456	0
PflaKGBDf	OZ251426.1	16150001	16200000	0.0024363180239289	41456	101	41456	0
PflaHELAf	OZ251426.1	16150001	16200000	0.004221343110768	41456	175	41456	0
PflaHELEm	OZ251426.1	16200001	16250000	0.0023683213338385	42224	100	42224	0
PflaKGBDf	OZ251426.1	16200001	16250000	0.0031261841606669	42224	132	42224	0
PflaHELAf	OZ251426.1	16200001	16250000	0.0038603637741568	42224	163	42224	0
PflaKGBHm	OZ251426.1	16200001	16250000	0.003931413414172	42224	166	42224	0
PflaKGBHm	OZ251426.1	16250001	16300000	0.0025079644818003	44259	111	44259	0
PflaHELEm	OZ251426.1	16250001	16300000	0.0011071194559298	44259	49	44259	0
PflaKGBDf	OZ251426.1	16250001	16300000	0.0024401816579678	44259	108	44259	0
PflaHELAf	OZ251426.1	16250001	16300000	0.0019205133419191	44259	85	44259	0
PflaHELAf	OZ251426.1	16300001	16350000	0.0032623296872001	41688	136	41688	0
PflaKGBDf	OZ251426.1	16300001	16350000	0.0025187104202648	41688	105	41688	0
PflaHELEm	OZ251426.1	16300001	16350000	0.0047255805027825	41688	197	41688	0
PflaKGBHm	OZ251426.1	16300001	16350000	0.0023028209556706	41688	96	41688	0
PflaKGBHm	OZ251426.1	16350001	16400000	0.0049222184201521	37991	187	37991	0
PflaHELEm	OZ251426.1	16350001	16400000	0.0064225737674712	37991	244	37991	0
PflaKGBDf	OZ251426.1	16350001	16400000	0.0040535916401252	37991	154	37991	0
PflaHELAf	OZ251426.1	16350001	16400000	0.006396251743834	37991	243	37991	0
PflaKGBHm	OZ251426.1	16400001	16450000	0.0036129437637448	38196	138	38196	0
PflaHELEm	OZ251426.1	16400001	16450000	0.0045554508325479	38196	174	38196	0
PflaKGBDf	OZ251426.1	16400001	16450000	0.0050807951182463	38183	194	38183	13
PflaHELAf	OZ251426.1	16400001	16450000	0.0063095612105979	38196	241	38196	0
PflaKGBDf	OZ251426.1	16450001	16500000	0.0059787125660205	37299	223	37299	0
PflaHELAf	OZ251426.1	16450001	16500000	0.0043432799806965	37299	162	37299	0
PflaKGBHm	OZ251426.1	16450001	16500000	0.0056301777527547	37299	210	37299	0
PflaHELEm	OZ251426.1	16450001	16500000	0.0038338829459234	37299	143	37299	0
PflaHELAf	OZ251426.1	16500001	16550000	0.0019205869659041	46340	89	46340	0
PflaKGBDf	OZ251426.1	16500001	16550000	0.001575312904618	46340	73	46340	0
PflaKGBHm	OZ251426.1	16500001	16550000	0.0025679758308157	46340	119	46340	0
PflaHELEm	OZ251426.1	16500001	16550000	0.0034095813552006	46340	158	46340	0
PflaKGBHm	OZ251426.1	16550001	16600000	0.0046273305945555	44302	205	44302	0
PflaHELAf	OZ251426.1	16550001	16600000	0.0037470091643718	44302	166	44302	0
PflaKGBDf	OZ251426.1	16550001	16600000	0.0022346620920048	44302	99	44302	0
PflaHELEm	OZ251426.1	16550001	16600000	0.0056205137465577	44302	249	44302	0
PflaKGBHm	OZ251426.1	16600001	16650000	0.0058275058275058	39468	230	39468	0
PflaKGBDf	OZ251426.1	16600001	16650000	0.0028377419681767	39468	112	39468	0
PflaHELEm	OZ251426.1	16600001	16650000	0.0053461031721901	39468	211	39468	0
PflaHELAf	OZ251426.1	16600001	16650000	0.0029137529137529	39468	115	39468	0
PflaKGBHm	OZ251426.1	16650001	16700000	0.0039032006245121	43554	170	43554	0
PflaHELEm	OZ251426.1	16650001	16700000	0.0046379207420673	43554	202	43554	0
PflaKGBDf	OZ251426.1	16650001	16700000	0.0026633604261376	43554	116	43554	0
PflaHELAf	OZ251426.1	16650001	16700000	0.0020204803232768	43554	88	43554	0
PflaKGBDf	OZ251426.1	16700001	16750000	0.0058219260471046	41567	242	41567	0
PflaHELAf	OZ251426.1	16700001	16750000	0.0059662713209998	41567	248	41567	0
PflaHELEm	OZ251426.1	16700001	16750000	0.0080592777924796	41567	335	41567	0
PflaKGBHm	OZ251426.1	16700001	16750000	0.006495537325282	41567	270	41567	0
PflaKGBDf	OZ251426.1	16750001	16800000	0.0044604080099537	42597	190	42597	0
PflaHELEm	OZ251426.1	16750001	16800000	0.0052351104537878	42597	223	42597	0
PflaHELAf	OZ251426.1	16750001	16800000	0.0036152780712256	42597	154	42597	0
PflaKGBHm	OZ251426.1	16750001	16800000	0.003850036387539	42597	164	42597	0
PflaHELAf	OZ251426.1	16800001	16850000	0.0042967305010955	35143	151	35143	0
PflaKGBDf	OZ251426.1	16800001	16850000	0.0048373787098426	35143	170	35143	0
PflaHELEm	OZ251426.1	16800001	16850000	0.0036991719545855	35143	130	35143	0
PflaKGBHm	OZ251426.1	16800001	16850000	0.004865833878724	35143	171	35143	0
PflaKGBHm	OZ251426.1	16850001	16900000	0.0023303233323623	41196	96	41196	0
PflaHELEm	OZ251426.1	16850001	16900000	0.004733469268861	41196	195	41196	0
PflaKGBDf	OZ251426.1	16850001	16900000	0.0048062918729973	41196	198	41196	0
PflaHELAf	OZ251426.1	16850001	16900000	0.0044421788523157	41196	183	41196	0
PflaKGBHm	OZ251426.1	16900001	16950000	0.0037676227515799	24684	93	24684	0
PflaHELEm	OZ251426.1	16900001	16950000	0.0054691298006806	24684	135	24684	0
PflaKGBDf	OZ251426.1	16900001	16950000	0.0049829849295089	24684	123	24684	0
PflaHELAf	OZ251426.1	16900001	16950000	0.0041322314049586	24684	102	24684	0
PflaHELAf	OZ251426.1	16950001	17000000	0.0042627251172879	39646	169	39646	0
PflaKGBHm	OZ251426.1	16950001	17000000	0.0027745548100691	39646	110	39646	0
PflaHELEm	OZ251426.1	16950001	17000000	0.0077183070171013	39646	306	39646	0
PflaKGBDf	OZ251426.1	16950001	17000000	0.0031024567421681	39646	123	39646	0
PflaKGBDf	OZ251426.1	17000001	17050000	0.0028423487936542	45385	129	45385	0
PflaHELEm	OZ251426.1	17000001	17050000	0.0022042939646431	45366	100	45366	19
PflaKGBHm	OZ251426.1	17000001	17050000	0.0020491351768205	45385	93	45385	0
PflaHELAf	OZ251426.1	17000001	17050000	0.0026220116778671	45385	119	45385	0
PflaHELAf	OZ251426.1	17050001	17100000	0.0017488934470473	46315	81	46315	0
PflaHELEm	OZ251426.1	17050001	17100000	0.0023102666522724	46315	107	46315	0
PflaKGBDf	OZ251426.1	17050001	17100000	0.0017057108927993	46315	79	46315	0
PflaKGBHm	OZ251426.1	17050001	17100000	0.0021807189895282	46315	101	46315	0
PflaKGBHm	OZ251426.1	17100001	17150000	0.003461549938826	33511	116	33511	0
PflaHELEm	OZ251426.1	17100001	17150000	0.003222822356838	33511	108	33511	0
PflaKGBDf	OZ251426.1	17100001	17150000	0.0012235153685467	33510	41	33510	1
PflaHELAf	OZ251426.1	17100001	17150000	0.0034317089910775	33511	115	33511	0
PflaHELEm	OZ251426.1	17150001	17200000	0.0041915243777	38888	163	38888	0
PflaKGBDf	OZ251426.1	17150001	17200000	0.0052201193170129	38888	203	38888	0
PflaHELAf	OZ251426.1	17150001	17200000	0.0041658095042172	38888	162	38888	0
PflaKGBHm	OZ251426.1	17150001	17200000	0.0036515120345607	38888	142	38888	0
PflaHELAf	OZ251426.1	17200001	17250000	0.0051989602079584	40008	208	40008	0
PflaKGBDf	OZ251426.1	17200001	17250000	0.0037992401519696	40008	152	40008	0
PflaHELEm	OZ251426.1	17200001	17250000	0.0050741120303946	40007	203	40007	1
PflaKGBHm	OZ251426.1	17200001	17250000	0.0006748650269946	40008	27	40008	0
PflaHELEm	OZ251426.1	17250001	17300000	0.0084213871454675	37761	318	37761	42
PflaKGBHm	OZ251426.1	17250001	17300000	0.0035711451472105	37803	135	37803	0
PflaHELAf	OZ251426.1	17250001	17300000	0.0035182392931777	37803	133	37803	0
PflaKGBDf	OZ251426.1	17250001	17300000	0.0039680440188349	37802	150	37802	1
PflaKGBHm	OZ251426.1	17300001	17350000	0.0023089936445521	43742	101	43742	0
PflaHELEm	OZ251426.1	17300001	17350000	0.0040464542087696	43742	177	43742	0
PflaKGBDf	OZ251426.1	17300001	17350000	0.0042750674409034	43742	187	43742	0
PflaHELAf	OZ251426.1	17300001	17350000	0.0033834758355813	43742	148	43742	0
PflaHELAf	OZ251426.1	17350001	17400000	0.0015225967194961	43347	66	43347	25
PflaKGBHm	OZ251426.1	17350001	17400000	0.0032278889606197	43372	140	43372	0
PflaHELEm	OZ251426.1	17350001	17400000	0.0040579175504934	43372	176	43372	0
PflaKGBDf	OZ251426.1	17350001	17400000	0.0014525500322788	43372	63	43372	0
PflaHELEm	OZ251426.1	17400001	17450000	0.0060854267008911	34673	211	34673	0
PflaKGBHm	OZ251426.1	17400001	17450000	0.0050183139618723	34673	174	34673	0
PflaKGBDf	OZ251426.1	17400001	17450000	0.0030571337928647	34673	106	34673	0
PflaHELAf	OZ251426.1	17400001	17450000	0.0040088829925302	34673	139	34673	0
PflaHELAf	OZ251426.1	17450001	17500000	0.0032603632976245	40793	133	40793	0
PflaHELEm	OZ251426.1	17450001	17500000	0.0047312038830191	40793	193	40793	0
PflaKGBHm	OZ251426.1	17450001	17500000	0.002770083102493	40793	113	40793	0
PflaKGBDf	OZ251426.1	17450001	17500000	0.0024759149854141	40793	101	40793	0
PflaKGBHm	OZ251426.1	17500001	17550000	0.0024604814187228	43081	106	43081	0
PflaKGBDf	OZ251426.1	17500001	17550000	0.0038322185061315	43056	165	43056	25
PflaHELAf	OZ251426.1	17500001	17550000	0.0040389034609224	43081	174	43081	0
PflaHELEm	OZ251426.1	17500001	17550000	0.0049905991040133	43081	215	43081	0
PflaHELAf	OZ251426.1	17550001	17600000	0.0019299696719051	39897	77	39897	0
PflaKGBDf	OZ251426.1	17550001	17600000	0.003935132967391	39897	157	39897	0
PflaKGBHm	OZ251426.1	17550001	17600000	0.0025064541193573	39897	100	39897	0
PflaHELEm	OZ251426.1	17550001	17600000	0.0040353911321653	39897	161	39897	0
PflaHELAf	OZ251426.1	17600001	17650000	0.0015351251248812	41039	63	41039	0
PflaKGBDf	OZ251426.1	17600001	17650000	0.0035575915592485	41039	146	41039	0
PflaHELEm	OZ251426.1	17600001	17650000	0.003362655035454	41039	138	41039	0
PflaKGBHm	OZ251426.1	17600001	17650000	0.0034357562318769	41039	141	41039	0
PflaKGBHm	OZ251426.1	17650001	17700000	0.0027722162328661	45451	126	45451	0
PflaHELEm	OZ251426.1	17650001	17700000	0.0033222591362126	45451	151	45451	0
PflaKGBDf	OZ251426.1	17650001	17700000	0.0034982728652834	45451	159	45451	0
PflaHELAf	OZ251426.1	17650001	17700000	0.000154012012937	45451	7	45451	0
PflaHELAf	OZ251426.1	17700001	17750000	0.0013157894736842	40280	53	40280	0
PflaKGBDf	OZ251426.1	17700001	17750000	0.0035749751737835	40280	144	40280	0
PflaHELEm	OZ251426.1	17700001	17750000	0.002805919745729	40272	113	40272	8
PflaKGBHm	OZ251426.1	17700001	17750000	0.0054121151936444	40280	218	40280	0
PflaKGBHm	OZ251426.1	17750001	17800000	0.0059743954480796	38665	231	38665	0
PflaHELAf	OZ251426.1	17750001	17800000	0.0035173929910772	38665	136	38665	0
PflaKGBDf	OZ251426.1	17750001	17800000	0.0059743954480796	38665	231	38665	0
PflaHELEm	OZ251426.1	17750001	17800000	0.0040087934824776	38665	155	38665	0
PflaHELAf	OZ251426.1	17800001	17850000	0.0037459687422475	40310	151	40310	79
PflaKGBDf	OZ251426.1	17800001	17850000	0.0035405679764292	40389	143	40389	0
PflaHELEm	OZ251426.1	17800001	17850000	0.0056203421723736	40389	227	40389	0
PflaKGBHm	OZ251426.1	17800001	17850000	0.0029463467775879	40389	119	40389	0
PflaKGBDf	OZ251426.1	17850001	17900000	0.0052752708748157	38671	204	38671	1
PflaHELEm	OZ251426.1	17850001	17900000	0.0080161357054199	38672	310	38672	0
PflaHELAf	OZ251426.1	17850001	17900000	0.0046286719073231	38672	179	38672	0
PflaKGBHm	OZ251426.1	17850001	17900000	0.0041890773686388	38672	162	38672	0
PflaHELAf	OZ251426.1	17900001	17950000	0.0055704764746841	30159	168	30159	0
PflaKGBDf	OZ251426.1	17900001	17950000	0.0024205046586425	30159	73	30159	0
PflaHELEm	OZ251426.1	17900001	17950000	0.0066646772107828	30159	201	30159	0
PflaKGBHm	OZ251426.1	17900001	17950000	0.0064988892204648	30159	196	30159	0
PflaHELAf	OZ251426.1	17950001	18000000	0.0042251537486502	42602	180	42602	0
PflaKGBDf	OZ251426.1	17950001	18000000	0.0016900614994601	42602	72	42602	0
PflaHELEm	OZ251426.1	17950001	18000000	0.0068776113797474	42602	293	42602	0
PflaKGBHm	OZ251426.1	17950001	18000000	0.0017135345758415	42602	73	42602	0
PflaHELEm	OZ251426.1	18000001	18050000	0.0067470103764366	42982	290	42982	0
PflaKGBHm	OZ251426.1	18000001	18050000	0.0046996417104834	42982	202	42982	0
PflaHELAf	OZ251426.1	18000001	18050000	0.0063282304220371	42982	272	42982	0
PflaKGBDf	OZ251426.1	18000001	18050000	0.0045833139453724	42982	197	42982	0
PflaKGBHm	OZ251426.1	18050001	18100000	0.0028422303756911	38702	110	38702	0
PflaHELEm	OZ251426.1	18050001	18100000	0.005736137667304	38702	222	38702	0
PflaKGBDf	OZ251426.1	18050001	18100000	0.0036690610304377	38702	142	38702	0
PflaHELAf	OZ251426.1	18050001	18100000	0.0028939072916128	38702	112	38702	0
PflaHELEm	OZ251426.1	18100001	18150000	0.0040111568601407	37645	151	37645	0
PflaHELAf	OZ251426.1	18100001	18150000	0.0035861336166821	37645	135	37645	0
PflaKGBDf	OZ251426.1	18100001	18150000	0.0044401903698386	37611	167	37611	34
PflaKGBHm	OZ251426.1	18100001	18150000	0.0005580505434349	37631	21	37631	14
PflaHELAf	OZ251426.1	18150001	18200000	0.0041256662566625	39024	161	39024	0
PflaKGBHm	OZ251426.1	18150001	18200000	0.002690651906519	39024	105	39024	0
PflaKGBDf	OZ251426.1	18150001	18200000	0.0031262812628126	39024	122	39024	0
PflaHELEm	OZ251426.1	18150001	18200000	0.0057144321443214	39024	223	39024	0
PflaKGBHm	OZ251426.1	18200001	18250000	0.0019909806179236	41688	83	41688	0
PflaHELEm	OZ251426.1	18200001	18250000	0.0053972366148531	41688	225	41688	0
PflaHELAf	OZ251426.1	18200001	18250000	0.0043177892918825	41688	180	41688	0
PflaKGBDf	OZ251426.1	18200001	18250000	0.0044857033199002	41688	187	41688	0
PflaKGBDf	OZ251426.1	18250001	18300000	0.0027507930214115	40352	111	40352	0
PflaHELEm	OZ251426.1	18250001	18300000	0.0063689532117367	40352	257	40352	0
PflaKGBHm	OZ251426.1	18250001	18300000	0.0034446867565424	40352	139	40352	0
PflaHELAf	OZ251426.1	18250001	18300000	0.0048820380650277	40352	197	40352	0
PflaHELAf	OZ251426.1	18300001	18350000	0.0013290121010049	42889	57	42889	0
PflaKGBDf	OZ251426.1	18300001	18350000	0.000139896010632	42889	6	42889	0
PflaHELEm	OZ251426.1	18300001	18350000	0.0038471402923826	42889	165	42889	0
PflaKGBHm	OZ251426.1	18300001	18350000	0.0002564760194921	42889	11	42889	0
PflaKGBHm	OZ251426.1	18350001	18400000	0.0001004016064257	39840	4	39840	0
PflaHELEm	OZ251426.1	18350001	18400000	0.0024096385542168	39840	96	39840	0
PflaHELAf	OZ251426.1	18350001	18400000	0.0003765060240963	39840	15	39840	0
PflaKGBDf	OZ251426.1	18350001	18400000	7.530120481927712e-05	39840	3	39840	0
PflaHELAf	OZ251426.1	18400001	18450000	0.00539108756622	32090	173	32090	0
PflaKGBHm	OZ251426.1	18400001	18450000	0.0026176378934247	32090	84	32090	0
PflaHELEm	OZ251426.1	18400001	18450000	0.0058896852602056	32090	189	32090	0
PflaKGBDf	OZ251426.1	18400001	18450000	0.004206918043004	32090	135	32090	0
PflaKGBHm	OZ251426.1	18450001	18500000	0.0016025220018389	38065	61	38065	0
PflaHELEm	OZ251426.1	18450001	18500000	0.0056489753021544	38060	215	38060	5
PflaKGBDf	OZ251426.1	18450001	18500000	0.003861815315907	38065	147	38065	0
PflaHELAf	OZ251426.1	18450001	18500000	0.0049126494154735	38065	187	38065	0
PflaKGBHm	OZ251426.1	18500001	18550000	0.002234715720637	42511	95	42511	0
PflaHELEm	OZ251426.1	18500001	18550000	0.0019994824868857	42511	85	42511	0
PflaKGBDf	OZ251426.1	18500001	18550000	0.0023993789842628	42511	102	42511	0
PflaHELAf	OZ251426.1	18500001	18550000	0.0038578250335207	42511	164	42511	0
PflaKGBHm	OZ251426.1	18550001	18600000	0.0018012543674992	46079	83	46079	0
PflaHELAf	OZ251426.1	18550001	18600000	0.0025608194622279	46079	118	46079	0
PflaKGBDf	OZ251426.1	18550001	18600000	0.001953167386445	46079	90	46079	0
PflaHELEm	OZ251426.1	18550001	18600000	0.0028646455001193	46079	132	46079	0
PflaHELEm	OZ251426.1	18600001	18650000	0.0045635411280713	44483	203	44483	0
PflaKGBHm	OZ251426.1	18600001	18650000	0.0034844772160151	44483	155	44483	0
PflaHELAf	OZ251426.1	18600001	18650000	0.0034844772160151	44483	155	44483	0
PflaKGBDf	OZ251426.1	18600001	18650000	0.0036418407031899	44483	162	44483	0
PflaHELEm	OZ251426.1	18650001	18700000	0.0038830983036991	44037	171	44037	0
PflaKGBHm	OZ251426.1	18650001	18700000	0.0012035333923745	44037	53	44037	0
PflaHELAf	OZ251426.1	18650001	18700000	0.0024978994936076	44037	110	44037	0
PflaKGBDf	OZ251426.1	18650001	18700000	0.0026568567341099	44037	117	44037	0
PflaKGBHm	OZ251426.1	18700001	18750000	0.0013244040181918	40018	53	40018	0
PflaHELEm	OZ251426.1	18700001	18750000	0.0037733020140936	40018	151	40018	0
PflaKGBDf	OZ251426.1	18700001	18750000	0.001349392773252	40018	54	40018	0
PflaHELAf	OZ251426.1	18700001	18750000	0.0029486730971063	40018	118	40018	0
PflaKGBHm	OZ251426.1	18750001	18800000	0.0039602674803609	30806	122	30806	0
PflaHELEm	OZ251426.1	18750001	18800000	0.0038628838537947	30806	119	30806	0
PflaKGBDf	OZ251426.1	18750001	18800000	0.0017881526757266	30758	55	30758	48
PflaHELAf	OZ251426.1	18750001	18800000	0.0054859442965656	30806	169	30806	0
PflaHELAf	OZ251426.1	18800001	18850000	0.0006592601635941	40955	27	40955	1
PflaKGBDf	OZ251426.1	18800001	18850000	0.0004883289383728	40956	20	40956	0
PflaHELEm	OZ251426.1	18800001	18850000	0.0034183025686102	40956	140	40956	0
PflaKGBHm	OZ251426.1	18800001	18850000	0.000341830256861	40956	14	40956	0
PflaHELAf	OZ251426.1	18850001	18900000	0.0042421814239588	42431	180	42431	0
PflaKGBDf	OZ251426.1	18850001	18900000	0.0021682260611345	42431	92	42431	0
PflaHELEm	OZ251426.1	18850001	18900000	0.0058212156206547	42431	247	42431	0
PflaKGBHm	OZ251426.1	18850001	18900000	0.0025453088543753	42431	108	42431	0
PflaHELEm	OZ251426.1	18900001	18950000	0.0055569824184547	42829	238	42829	0
PflaKGBDf	OZ251426.1	18900001	18950000	0.0039225758247916	42829	168	42829	0
PflaHELAf	OZ251426.1	18900001	18950000	0.0049025357134479	42631	209	42631	198
PflaKGBHm	OZ251426.1	18900001	18950000	0.0035489971748114	42829	152	42829	0
PflaKGBHm	OZ251426.1	18950001	19000000	0.0040276179516685	43450	175	43450	0
PflaKGBDf	OZ251426.1	18950001	19000000	0.0049482163406214	43450	215	43450	0
PflaHELAf	OZ251426.1	18950001	19000000	0.0048791714614499	43450	212	43450	0
PflaHELEm	OZ251426.1	18950001	19000000	0.0056156501726121	43450	244	43450	0
PflaKGBHm	OZ251426.1	19000001	19050000	0.0062817048309865	42186	265	42186	0
PflaHELAf	OZ251426.1	19000001	19050000	0.005783909353814	42186	244	42186	0
PflaKGBDf	OZ251426.1	19000001	19050000	0.0057134728906379	42181	241	42181	5
PflaHELEm	OZ251426.1	19000001	19050000	0.0068032048546911	42186	287	42186	0
PflaKGBHm	OZ251426.1	19050001	19100000	0.0048805668966164	42618	208	42618	0
PflaHELEm	OZ251426.1	19050001	19100000	0.0068515650664038	42618	292	42618	0
PflaKGBDf	OZ251426.1	19050001	19100000	0.0045051386737998	42618	192	42618	0
PflaHELAf	OZ251426.1	19050001	19100000	0.0034257825332019	42618	146	42618	0
PflaHELAf	OZ251426.1	19100001	19150000	0.0080679070745295	38052	307	38052	12
PflaKGBDf	OZ251426.1	19100001	19150000	0.0031525851197982	38064	120	38064	0
PflaHELEm	OZ251426.1	19100001	19150000	0.0073823034888608	38064	281	38064	0
PflaKGBHm	OZ251426.1	19100001	19150000	0.0061738125262715	38064	235	38064	0
PflaKGBDf	OZ251426.1	19150001	19200000	0.0040040994351359	41957	168	41957	0
PflaHELEm	OZ251426.1	19150001	19200000	0.0057678099006125	41957	242	41957	0
PflaHELAf	OZ251426.1	19150001	19200000	0.0052434635460113	41957	220	41957	0
PflaKGBHm	OZ251426.1	19150001	19200000	0.0053387992468479	41957	224	41957	0
PflaHELEm	OZ251426.1	19200001	19250000	0.0088174273858921	42416	374	42416	0
PflaKGBDf	OZ251426.1	19200001	19250000	0.0047387778196906	42416	201	42416	0
PflaHELAf	OZ251426.1	19200001	19250000	0.0067898906073179	42416	288	42416	0
PflaKGBHm	OZ251426.1	19200001	19250000	0.0071435307431158	42416	303	42416	0
PflaKGBHm	OZ251426.1	19250001	19300000	0.0003662237103693	38228	14	38228	0
PflaKGBDf	OZ251426.1	19250001	19300000	0.0047870670712566	38228	183	38228	0
PflaHELAf	OZ251426.1	19250001	19300000	0.0027728366642251	38228	106	38228	0
PflaHELEm	OZ251426.1	19250001	19300000	0.0029821073558648	38228	114	38228	0
PflaHELAf	OZ251426.1	19300001	19350000	0.0052334943639291	39744	208	39744	0
PflaKGBDf	OZ251426.1	19300001	19350000	0.0025183207837014	39709	100	39709	35
PflaHELEm	OZ251426.1	19300001	19350000	0.0044283413848631	39744	176	39744	0
PflaKGBHm	OZ251426.1	19300001	19350000	0.0021444609834245	39637	85	39637	107
PflaKGBDf	OZ251426.1	19350001	19400000	0.0070528967254408	39700	280	39700	0
PflaHELEm	OZ251426.1	19350001	19400000	0.0068765743073047	39700	273	39700	0
PflaKGBHm	OZ251426.1	19350001	19400000	0.0042821158690176	39700	170	39700	0
PflaHELAf	OZ251426.1	19350001	19400000	0.0069521410579345	39700	276	39700	0
PflaHELAf	OZ251426.1	19400001	19450000	0.0028844020412691	31549	91	31549	0
PflaKGBDf	OZ251426.1	19400001	19450000	0.0060223778883641	31549	190	31549	0
PflaHELEm	OZ251426.1	19400001	19450000	0.0056737139053535	31549	179	31549	0
PflaKGBHm	OZ251426.1	19400001	19450000	0.0057054106310818	31549	180	31549	0
PflaKGBHm	OZ251426.1	19450001	19500000	0.0075549851233883	34282	259	34282	0
PflaHELEm	OZ251426.1	19450001	19500000	0.0105011376232425	34282	360	34282	0
PflaKGBDf	OZ251426.1	19450001	19500000	0.0084300799253252	34282	289	34282	0
PflaHELAf	OZ251426.1	19450001	19500000	0.0026544542325418	34282	91	34282	0
PflaHELAf	OZ251426.1	19500001	19550000	0.0046912097027947	34959	164	34959	0
PflaKGBDf	OZ251426.1	19500001	19550000	0.006150061500615	34959	215	34959	0
PflaHELEm	OZ251426.1	19500001	19550000	0.0062072713750393	34959	217	34959	0
PflaKGBHm	OZ251426.1	19500001	19550000	0.0039188763980663	34959	137	34959	0
PflaKGBHm	OZ251426.1	19550001	19600000	0.0031234451876831	36178	113	36178	60
PflaHELEm	OZ251426.1	19550001	19600000	0.0072575749213532	36238	263	36238	0
PflaKGBDf	OZ251426.1	19550001	19600000	0.0039185385506926	36238	142	36238	0
PflaHELAf	OZ251426.1	19550001	19600000	0.0051603289364755	36238	187	36238	0
PflaHELAf	OZ251426.1	19600001	19650000	0.0038799005933965	39434	153	39434	0
PflaKGBDf	OZ251426.1	19600001	19650000	0.0039813359030278	39434	157	39434	0
PflaHELEm	OZ251426.1	19600001	19650000	0.0087995131105137	39434	347	39434	0
PflaKGBHm	OZ251426.1	19600001	19650000	0.0060861185778769	39434	240	39434	0
PflaHELAf	OZ251426.1	19650001	19700000	0.0039268717655319	38453	151	38453	0
PflaKGBDf	OZ251426.1	19650001	19700000	0.0059293163082204	38453	228	38453	0
PflaHELEm	OZ251426.1	19650001	19700000	0.0080097781707539	38453	308	38453	0
PflaKGBHm	OZ251426.1	19650001	19700000	0.0064494317738537	38453	248	38453	0
PflaKGBHm	OZ251426.1	19700001	19750000	0.0046509097832295	36767	171	36767	0
PflaHELEm	OZ251426.1	19700001	19750000	0.0072075502488644	36767	265	36767	0
PflaKGBDf	OZ251426.1	19700001	19750000	0.0050316860227921	36767	185	36767	0
PflaHELAf	OZ251426.1	19700001	19750000	0.0058748334103951	36767	216	36767	0
PflaKGBHm	OZ251426.1	19750001	19800000	0.0027440633245382	37900	104	37900	0
PflaKGBDf	OZ251426.1	19750001	19800000	0.0032717678100263	37900	124	37900	0
PflaHELAf	OZ251426.1	19750001	19800000	0.0049076517150395	37900	186	37900	0
PflaHELEm	OZ251426.1	19750001	19800000	0.0045118733509234	37900	171	37900	0
PflaHELAf	OZ251426.1	19800001	19850000	0.0049169255707145	37015	182	37015	112
PflaKGBDf	OZ251426.1	19800001	19850000	0.0045279357464355	37103	168	37103	24
PflaHELEm	OZ251426.1	19800001	19850000	0.0082689148059363	37127	307	37127	0
PflaKGBHm	OZ251426.1	19800001	19850000	0.0043209376434686	37029	160	37029	98
PflaKGBDf	OZ251426.1	19850001	19900000	0.0061338578601376	38638	237	38638	0
PflaKGBHm	OZ251426.1	19850001	19900000	0.0053315388995289	38638	206	38638	0
PflaHELAf	OZ251426.1	19850001	19900000	0.0068585330503649	38638	265	38638	0
PflaHELEm	OZ251426.1	19850001	19900000	0.0091619649050157	38638	354	38638	0
PflaHELAf	OZ251426.1	19900001	19950000	0.0055434364172975	38965	216	38965	0
PflaKGBHm	OZ251426.1	19900001	19950000	0.004414217887848	38965	172	38965	0
PflaHELEm	OZ251426.1	19900001	19950000	0.0062876940844347	38965	245	38965	0
PflaKGBDf	OZ251426.1	19900001	19950000	0.0039266007955857	38965	153	38965	0
PflaHELEm	OZ251426.1	19950001	20000000	0.0067670876040545	35318	239	35318	0
PflaKGBDf	OZ251426.1	19950001	20000000	0.0061158616003171	35318	216	35318	0
PflaHELAf	OZ251426.1	19950001	20000000	0.004756781244691	35318	168	35318	0
PflaKGBHm	OZ251426.1	19950001	20000000	0.0052381222039753	35318	185	35318	0
PflaHELEm	OZ251426.1	20000001	20050000	0.0066633140558209	39770	265	39770	0
PflaHELAf	OZ251426.1	20000001	20050000	0.0053816169998742	39765	214	39765	5
PflaKGBDf	OZ251426.1	20000001	20050000	0.0040252584970691	39749	160	39749	21
PflaKGBHm	OZ251426.1	20000001	20050000	0.0039225546894644	39770	156	39770	0
PflaKGBHm	OZ251426.1	20050001	20100000	0.0030271474584069	41293	125	41293	0
PflaKGBDf	OZ251426.1	20050001	20100000	0.0047465672147821	41293	196	41293	0
PflaHELEm	OZ251426.1	20050001	20100000	0.0088877049378829	41293	367	41293	0
PflaHELAf	OZ251426.1	20050001	20100000	0.0038989659264282	41293	161	41293	0
PflaKGBHm	OZ251426.1	20100001	20150000	0.0054169749497938	37844	205	37844	0
PflaHELAf	OZ251426.1	20100001	20150000	0.0045478582760444	37820	172	37820	24
PflaKGBDf	OZ251426.1	20100001	20150000	0.0072138251770425	37844	273	37844	0
PflaHELEm	OZ251426.1	20100001	20150000	0.0080065532184758	37844	303	37844	0
PflaHELEm	OZ251426.1	20150001	20200000	0.003697170335645	41383	153	41383	0
PflaKGBHm	OZ251426.1	20150001	20200000	0.0025856027837517	41383	107	41383	0
PflaHELAf	OZ251426.1	20150001	20200000	0.0014498707198608	41383	60	41383	0
PflaKGBDf	OZ251426.1	20150001	20200000	0.0018365029118236	41383	76	41383	0
PflaKGBHm	OZ251426.1	20200001	20250000	0.002441946185035	43408	106	43408	0
PflaHELEm	OZ251426.1	20200001	20250000	0.0058514559528197	43408	254	43408	0
PflaKGBDf	OZ251426.1	20200001	20250000	0.0067268706229266	43408	292	43408	0
PflaHELAf	OZ251426.1	20200001	20250000	0.0053907113896056	43408	234	43408	0
PflaKGBHm	OZ251426.1	20250001	20300000	0.005823225245252	41386	241	41386	0
PflaHELEm	OZ251426.1	20250001	20300000	0.0069830377422316	41386	289	41386	0
PflaKGBDf	OZ251426.1	20250001	20300000	0.0067897356594017	41386	281	41386	0
PflaHELAf	OZ251426.1	20250001	20300000	0.005823225245252	41386	241	41386	0
PflaHELAf	OZ251426.1	20300001	20350000	0.0054550529013269	39413	215	39413	0
PflaKGBDf	OZ251426.1	20300001	20350000	0.0040878507045829	39385	161	39385	28
PflaHELEm	OZ251426.1	20300001	20350000	0.0077131910790855	39413	304	39413	0
PflaKGBHm	OZ251426.1	20300001	20350000	0.0055057975794788	39413	217	39413	0
PflaKGBHm	OZ251426.1	20350001	20400000	0.0031392540917628	37270	117	37270	0
PflaHELEm	OZ251426.1	20350001	20400000	0.0060638583310973	37270	226	37270	0
PflaHELAf	OZ251426.1	20350001	20400000	0.0055808961631338	37270	208	37270	0
PflaKGBDf	OZ251426.1	20350001	20400000	0.0040515159645827	37270	151	37270	0
PflaHELEm	OZ251426.1	20400001	20450000	0.00657257015864	42297	278	42297	0
PflaKGBHm	OZ251426.1	20400001	20450000	0.0007801971771047	42297	33	42297	0
PflaHELAf	OZ251426.1	20400001	20450000	0.0038064165307232	42297	161	42297	0
PflaKGBDf	OZ251426.1	20400001	20450000	0.005414095562333	42297	229	42297	0
PflaKGBHm	OZ251426.1	20450001	20500000	0.0026197514841252	41607	109	41607	0
PflaHELEm	OZ251426.1	20450001	20500000	0.0036291970101184	41607	151	41607	0
PflaKGBDf	OZ251426.1	20450001	20500000	0.0030043021606941	41607	125	41607	0
PflaHELAf	OZ251426.1	20450001	20500000	0.0032927151681207	41607	137	41607	0
PflaKGBHm	OZ251426.1	20500001	20550000	0.0011154357319157	42136	47	42136	0
PflaHELEm	OZ251426.1	20500001	20550000	0.0049601291057528	42136	209	42136	0
PflaHELAf	OZ251426.1	20500001	20550000	0.0060280994873742	42136	254	42136	0
PflaKGBDf	OZ251426.1	20500001	20550000	0.0030852477691285	42136	130	42136	0
PflaHELAf	OZ251426.1	20550001	20600000	0.0073636628754738	41148	303	41148	0
PflaHELEm	OZ251426.1	20550001	20600000	0.0088947214931466	41148	366	41148	0
PflaKGBHm	OZ251426.1	20550001	20600000	0.0069991251093613	41148	288	41148	0
PflaKGBDf	OZ251426.1	20550001	20600000	0.0053708564207251	41148	221	41148	0
PflaHELAf	OZ251426.1	20600001	20650000	0.0038283200570681	42055	161	42055	0
PflaKGBDf	OZ251426.1	20600001	20650000	0.0016185466403256	42013	68	42013	42
PflaHELEm	OZ251426.1	20600001	20650000	0.0047318987040779	42055	199	42055	0
PflaKGBHm	OZ251426.1	20600001	20650000	0.0027582927119248	42055	116	42055	0
PflaKGBDf	OZ251426.1	20650001	20700000	0.0047186845463081	41537	196	41537	12
PflaHELAf	OZ251426.1	20650001	20700000	0.0026474764735613	41549	110	41549	0
PflaKGBHm	OZ251426.1	20650001	20700000	0.0013237382367806	41549	55	41549	0
PflaHELEm	OZ251426.1	20650001	20700000	0.0036583311271029	41549	152	41549	0
PflaHELEm	OZ251426.1	20700001	20750000	0.0028323685060498	40249	114	40249	4
PflaKGBHm	OZ251426.1	20700001	20750000	0.0019625866395051	40253	79	40253	0
PflaHELAf	OZ251426.1	20700001	20750000	0.0028569299182669	40253	115	40253	0
PflaKGBDf	OZ251426.1	20700001	20750000	0.0018383722952326	40253	74	40253	0
PflaHELAf	OZ251426.1	20750001	20800000	0.0015495171794295	44530	69	44530	0
PflaKGBHm	OZ251426.1	20750001	20800000	0.0011228385358185	44530	50	44530	0
PflaKGBDf	OZ251426.1	20750001	20800000	0.0025151583202335	44530	112	44530	0
PflaHELEm	OZ251426.1	20750001	20800000	0.003997305187514	44530	178	44530	0
PflaHELAf	OZ251426.1	20800001	20850000	0.0024910477969796	38538	96	38538	0
PflaKGBDf	OZ251426.1	20800001	20850000	0.0031916549898801	38538	123	38538	0
PflaHELEm	OZ251426.1	20800001	20850000	0.0032176034044319	38538	124	38538	0
PflaKGBHm	OZ251426.1	20800001	20850000	0.000596813534693	38538	23	38538	0
PflaHELEm	OZ251426.1	20850001	20900000	0.0032145581344666	36708	118	36708	0
PflaKGBHm	OZ251426.1	20850001	20900000	0.0018524572300316	36708	68	36708	0
PflaHELAf	OZ251426.1	20850001	20900000	0.001634521085322	36708	60	36708	0
PflaKGBDf	OZ251426.1	20850001	20900000	0.0016072790672333	36708	59	36708	0
PflaKGBHm	OZ251426.1	20900001	20950000	0.0029687143183375	43790	130	43790	0
PflaHELEm	OZ251426.1	20900001	20950000	0.0029915505823247	43790	131	43790	0
PflaKGBDf	OZ251426.1	20900001	20950000	0.0016442110070792	43790	72	43790	0
PflaHELAf	OZ251426.1	20900001	20950000	2.283626398721169e-05	43790	1	43790	0
PflaHELEm	OZ251426.1	20950001	21000000	0.0042454556545077	40985	174	40985	0
PflaKGBHm	OZ251426.1	20950001	21000000	0.0023423203611077	40985	96	40985	0
PflaHELAf	OZ251426.1	20950001	21000000	0.0001463950225692	40985	6	40985	0
PflaKGBDf	OZ251426.1	20950001	21000000	0.0007807734537025	40985	32	40985	0
PflaKGBHm	OZ251426.1	21000001	21050000	0.0008516169516595	44621	38	44621	0
PflaHELEm	OZ251426.1	21000001	21050000	0.0028013715515116	44621	125	44621	0
PflaHELAf	OZ251426.1	21000001	21050000	0.000246520696533	44621	11	44621	0
PflaKGBDf	OZ251426.1	21000001	21050000	0.0010309047309562	44621	46	44621	0
PflaHELAf	OZ251426.1	21050001	21100000	0.0033861353990305	43117	146	43117	0
PflaKGBDf	OZ251426.1	21050001	21100000	0.0017162604077278	43117	74	43117	0
PflaHELEm	OZ251426.1	21050001	21100000	0.0037572187304311	43117	162	43117	0
PflaKGBHm	OZ251426.1	21050001	21100000	0.002156921863766	43117	93	43117	0
PflaHELAf	OZ251426.1	21100001	21150000	0.0044340351994178	43978	195	43978	0
PflaKGBDf	OZ251426.1	21100001	21150000	0.0022738642048296	43978	100	43978	0
PflaHELEm	OZ251426.1	21100001	21150000	0.0053208422393014	43978	234	43978	0
PflaKGBHm	OZ251426.1	21100001	21150000	0.0040474782845968	43978	178	43978	0
PflaHELAf	OZ251426.1	21150001	21200000	0.0009096720263559	40674	37	40674	0
PflaKGBDf	OZ251426.1	21150001	21200000	0.000983429217682	40674	40	40674	0
PflaHELEm	OZ251426.1	21150001	21200000	0.002901116192162	40674	118	40674	0
PflaKGBHm	OZ251426.1	21150001	21200000	0.0008605005654718	40674	35	40674	0
PflaHELEm	OZ251426.1	21200001	21250000	0.0071878019465981	42433	305	42433	0
PflaKGBHm	OZ251426.1	21200001	21250000	0.0057266749935191	42433	243	42433	0
PflaHELAf	OZ251426.1	21200001	21250000	0.0029929535974359	42433	127	42433	0
PflaKGBDf	OZ251426.1	21200001	21250000	0.0061980062687059	42433	263	42433	0
PflaHELAf	OZ251426.1	21250001	21300000	0.0035139551019494	44679	157	44679	0
PflaKGBDf	OZ251426.1	21250001	21300000	0.0054835605094115	44679	245	44679	0
PflaHELEm	OZ251426.1	21250001	21300000	0.0035587188612099	44679	159	44679	0
PflaKGBHm	OZ251426.1	21250001	21300000	0.0004700194722352	44679	21	44679	0
PflaKGBHm	OZ251426.1	21300001	21350000	0.0033913473540425	42461	144	42461	11
PflaHELAf	OZ251426.1	21300001	21350000	0.0045677152006027	42472	194	42472	0
PflaKGBDf	OZ251426.1	21300001	21350000	0.0024019215372297	42466	102	42466	6
PflaHELEm	OZ251426.1	21300001	21350000	0.0058155961574684	42472	247	42472	0
PflaKGBHm	OZ251426.1	21350001	21400000	0.0031824719238654	32679	104	32679	0
PflaHELEm	OZ251426.1	21350001	21400000	0.0033966767648948	32679	111	32679	0
PflaKGBDf	OZ251426.1	21350001	21400000	0.0031824719238654	32679	104	32679	0
PflaHELAf	OZ251426.1	21350001	21400000	0.0042840968205881	32679	140	32679	0
PflaKGBDf	OZ251426.1	21400001	21450000	0.0016641032752578	39661	66	39661	0
PflaHELAf	OZ251426.1	21400001	21450000	0.0042358992461107	39661	168	39661	0
PflaHELEm	OZ251426.1	21400001	21450000	0.0057235067194473	39661	227	39661	0
PflaKGBHm	OZ251426.1	21400001	21450000	0.0029247875746955	39661	116	39661	0
PflaKGBDf	OZ251426.1	21450001	21500000	0.0019803710283367	34337	68	34337	0
PflaHELAf	OZ251426.1	21450001	21500000	0.004659696537263	34337	160	34337	0
PflaHELEm	OZ251426.1	21450001	21500000	0.0056790051547892	34337	195	34337	0
PflaKGBHm	OZ251426.1	21450001	21500000	0.0014852782712525	34337	51	34337	0
PflaKGBHm	OZ251426.1	21500001	21550000	0.0035795184429094	35759	128	35759	12
PflaHELEm	OZ251426.1	21500001	21550000	0.0038299180900729	35771	137	35771	0
PflaKGBDf	OZ251426.1	21500001	21550000	0.0037740068770791	35771	135	35771	0
PflaHELAf	OZ251426.1	21500001	21550000	0.0030471611081602	35771	109	35771	0
PflaHELAf	OZ251426.1	21550001	21600000	0.0022823438902423	38995	89	38995	0
PflaKGBDf	OZ251426.1	21550001	21600000	0.0035132709321707	38995	137	38995	0
PflaHELEm	OZ251426.1	21550001	21600000	0.0024874983972304	38995	97	38995	0
PflaKGBHm	OZ251426.1	21550001	21600000	0.00292345172458	38995	114	38995	0
PflaHELAf	OZ251426.1	21600001	21650000	0.0049507413673002	40196	199	40196	0
PflaKGBDf	OZ251426.1	21600001	21650000	0.0046274412240328	40195	186	40195	1
PflaHELEm	OZ251426.1	21600001	21650000	0.0044283013235147	40196	178	40196	0
PflaKGBHm	OZ251426.1	21600001	21650000	0.000870733406309	40196	35	40196	0
PflaHELAf	OZ251426.1	21650001	21700000	0.0028900988310582	38753	112	38753	0
PflaKGBDf	OZ251426.1	21650001	21700000	0.0042688606022974	38652	165	38652	101
PflaHELEm	OZ251426.1	21650001	21700000	0.0055479575774778	38753	215	38753	0
PflaKGBHm	OZ251426.1	21650001	21700000	0.0037674502619152	38753	146	38753	0
PflaHELEm	OZ251426.1	21700001	21750000	0.0050703191318512	43587	221	43587	0
PflaKGBHm	OZ251426.1	21700001	21750000	0.00484089292679	43587	211	43587	0
PflaHELAf	OZ251426.1	21700001	21750000	0.0023630899121297	43587	103	43587	0
PflaKGBDf	OZ251426.1	21700001	21750000	0.0027531144607337	43587	120	43587	0
PflaHELAf	OZ251426.1	21750001	21800000	0.0048661174047373	38840	189	38840	0
PflaKGBDf	OZ251426.1	21750001	21800000	0.0037847579814624	38840	147	38840	0
PflaHELEm	OZ251426.1	21750001	21800000	0.0072090628218331	38840	280	38840	0
PflaKGBHm	OZ251426.1	21750001	21800000	0.0044026776519052	38840	171	38840	0
PflaKGBHm	OZ251426.1	21800001	21850000	0.0060026120152702	39816	239	39816	0
PflaHELAf	OZ251426.1	21800001	21850000	0.0040952715943922	39802	163	39802	14
PflaKGBDf	OZ251426.1	21800001	21850000	0.0046966043801486	39816	187	39816	0
PflaHELEm	OZ251426.1	21800001	21850000	0.0062537673297166	39816	249	39816	0
PflaKGBHm	OZ251426.1	21850001	21900000	0.0045348357839769	36385	165	36385	0
PflaHELEm	OZ251426.1	21850001	21900000	0.0046997389033942	36385	171	36385	0
PflaKGBDf	OZ251426.1	21850001	21900000	0.0041610405356995	36289	151	36289	96
PflaHELAf	OZ251426.1	21850001	21900000	0.0059639961522605	36385	217	36385	0
PflaHELEm	OZ251426.1	21900001	21950000	0.005419422510999	34321	186	34321	0
PflaKGBDf	OZ251426.1	21900001	21950000	0.0040791352233326	34321	140	34321	0
PflaHELAf	OZ251426.1	21900001	21950000	0.0048075522274991	34321	165	34321	0
PflaKGBHm	OZ251426.1	21900001	21950000	0.0054485591911657	34321	187	34321	0
PflaHELAf	OZ251426.1	21950001	22000000	0.0045369969158616	39233	178	39233	0
PflaHELEm	OZ251426.1	21950001	22000000	0.0062447429459893	39233	245	39233	0
PflaKGBHm	OZ251426.1	21950001	22000000	0.0018892491511144	39169	74	39169	64
PflaKGBDf	OZ251426.1	21950001	22000000	0.0043585756888333	39233	171	39233	0
PflaHELEm	OZ251426.1	22000001	22050000	0.0047584019125557	43502	207	43502	0
PflaHELAf	OZ251426.1	22000001	22050000	0.0023447197829984	43502	102	43502	0
PflaKGBDf	OZ251426.1	22000001	22050000	0.0016780837662636	43502	73	43502	0
PflaKGBHm	OZ251426.1	22000001	22050000	0.0023906946807043	43502	104	43502	0
PflaHELEm	OZ251426.1	22050001	22100000	0.0058790876059749	39632	233	39632	0
PflaHELAf	OZ251426.1	22050001	22100000	0.0033811061768268	39632	134	39632	0
PflaKGBDf	OZ251426.1	22050001	22100000	0.0042176939885156	39358	166	39358	274
PflaKGBHm	OZ251426.1	22050001	22100000	0.0020315912438417	39378	80	39378	254
PflaHELAf	OZ251426.1	22100001	22150000	0.0039702345841462	44078	175	44078	0
PflaKGBDf	OZ251426.1	22100001	22150000	0.0028812559553518	44078	127	44078	0
PflaKGBHm	OZ251426.1	22100001	22150000	0.0014746585598257	44078	65	44078	0
PflaHELEm	OZ251426.1	22100001	22150000	0.006352375334634	44078	280	44078	0
PflaHELEm	OZ251426.1	22150001	22200000	0.0076942805847653	38990	300	38990	0
PflaKGBDf	OZ251426.1	22150001	22200000	0.0026160553988202	38990	102	38990	0
PflaHELAf	OZ251426.1	22150001	22200000	0.0034642032332563	38970	135	38970	20
PflaKGBHm	OZ251426.1	22150001	22200000	0.0041805591177224	38990	163	38990	0
PflaHELEm	OZ251426.1	22200001	22250000	0.0063105371294393	40884	258	40884	0
PflaKGBHm	OZ251426.1	22200001	22250000	0.0027898781263765	40862	114	40862	22
PflaHELAf	OZ251426.1	22200001	22250000	0.0026660796399569	40884	109	40884	0
PflaKGBDf	OZ251426.1	22200001	22250000	0.003571079150768	40884	146	40884	0
PflaKGBHm	OZ251426.1	22250001	22300000	0.0044926993635342	40065	180	40065	0
PflaHELEm	OZ251426.1	22250001	22300000	0.0062149007862223	40065	249	40065	0
PflaKGBDf	OZ251426.1	22250001	22300000	0.0027954573817546	40065	112	40065	0
PflaHELAf	OZ251426.1	22250001	22300000	0.0041432671908149	40065	166	40065	0
PflaKGBHm	OZ251426.1	22300001	22350000	0.0025234968456289	38835	98	38835	8
PflaKGBDf	OZ251426.1	22300001	22350000	0.0031408490590325	38843	122	38843	0
PflaHELEm	OZ251426.1	22300001	22350000	0.006281698118065	38843	244	38843	0
PflaHELAf	OZ251426.1	22300001	22350000	0.004737018252967	38843	184	38843	0
PflaHELAf	OZ251426.1	22350001	22400000	0.0051726211957175	41565	215	41565	0
PflaKGBDf	OZ251426.1	22350001	22400000	0.0040899795501022	41565	170	41565	0
PflaHELEm	OZ251426.1	22350001	22400000	0.0063033802478046	41565	262	41565	0
PflaKGBHm	OZ251426.1	22350001	22400000	0.0036586258201419	40999	150	40999	566
PflaKGBHm	OZ251426.1	22400001	22450000	0.006207261991875	39631	246	39631	0
PflaHELEm	OZ251426.1	22400001	22450000	0.0070651762509146	39631	280	39631	0
PflaKGBDf	OZ251426.1	22400001	22450000	0.0019681562413262	39631	78	39631	0
PflaHELAf	OZ251426.1	22400001	22450000	0.0034821225808079	39631	138	39631	0
PflaHELEm	OZ251426.1	22450001	22500000	0.007663468960194	36276	278	36276	0
PflaKGBDf	OZ251426.1	22450001	22500000	0.0037214687396625	36276	135	36276	0
PflaHELAf	OZ251426.1	22450001	22500000	0.0037266052006845	36226	135	36226	50
PflaKGBHm	OZ251426.1	22450001	22500000	0.0047138604035726	36276	171	36276	0
PflaKGBDf	OZ251426.1	22500001	22550000	0.0052353459242587	40876	214	40876	0
PflaHELAf	OZ251426.1	22500001	22550000	0.0021566148583327	40341	87	40341	535
PflaKGBHm	OZ251426.1	22500001	22550000	0.004428026225658	40876	181	40876	0
PflaHELEm	OZ251426.1	22500001	22550000	0.006483021822096	40876	265	40876	0
PflaHELEm	OZ251426.1	22550001	22600000	0.0067329417080885	44260	298	44260	0
PflaKGBDf	OZ251426.1	22550001	22600000	0.0026660641662901	44260	118	44260	0
PflaHELAf	OZ251426.1	22550001	22600000	0.0041346588341617	44260	183	44260	0
PflaKGBHm	OZ251426.1	22550001	22600000	0.0030501581563488	44260	135	44260	0
PflaKGBHm	OZ251426.1	22600001	22650000	0.004204239032735	34489	145	34489	0
PflaKGBDf	OZ251426.1	22600001	22650000	0.0045231813041839	34489	156	34489	0
PflaHELAf	OZ251426.1	22600001	22650000	0.0057699556380295	34489	199	34489	0
PflaHELEm	OZ251426.1	22600001	22650000	0.006175882165328	34489	213	34489	0
PflaKGBDf	OZ251426.1	22650001	22700000	0.000949720670391	35800	34	35800	0
PflaHELEm	OZ251426.1	22650001	22700000	0.0059217877094972	35800	212	35800	0
PflaHELAf	OZ251426.1	22650001	22700000	0.0012849162011173	35800	46	35800	0
PflaKGBHm	OZ251426.1	22650001	22700000	0.0026256983240223	35800	94	35800	0
PflaKGBHm	OZ251426.1	22700001	22750000	0.0031690234614257	37551	119	37551	0
PflaHELEm	OZ251426.1	22700001	22750000	0.0063380469228515	37551	238	37551	0
PflaHELAf	OZ251426.1	22700001	22750000	0.0046070677212324	37551	173	37551	0
PflaKGBDf	OZ251426.1	22700001	22750000	0.0042875023301643	37551	161	37551	0
PflaHELAf	OZ251426.1	22750001	22800000	0.0056920877282904	37069	211	37069	0
PflaKGBHm	OZ251426.1	22750001	22800000	0.0046130189646335	37069	171	37069	0
PflaHELEm	OZ251426.1	22750001	22800000	0.0079851088510615	37069	296	37069	0
PflaKGBDf	OZ251426.1	22750001	22800000	0.0057460411664733	37069	213	37069	0
PflaHELEm	OZ251426.1	22800001	22850000	0.0042727016621279	42596	182	42596	0
PflaKGBDf	OZ251426.1	22800001	22850000	0.0030835137934281	42484	131	42484	112
PflaHELAf	OZ251426.1	22800001	22850000	0.0039205559207437	42596	167	42596	0
PflaKGBHm	OZ251426.1	22800001	22850000	0.0025589257207249	42596	109	42596	0
PflaHELAf	OZ251426.1	22850001	22900000	0.0053913788325397	39693	214	39693	0
PflaKGBHm	OZ251426.1	22850001	22900000	0.0050134784470813	39693	199	39693	0
PflaHELEm	OZ251426.1	22850001	22900000	0.0070051656797278	39685	278	39685	8
PflaKGBDf	OZ251426.1	22850001	22900000	0.0027208827753004	39693	108	39693	0
PflaHELAf	OZ251426.1	22900001	22950000	0.0072223973106418	38076	275	38076	0
PflaKGBDf	OZ251426.1	22900001	22950000	0.0061981300556781	38076	236	38076	0
PflaHELEm	OZ251426.1	22900001	22950000	0.0093759848723605	38076	357	38076	0
PflaKGBHm	OZ251426.1	22900001	22950000	0.0062243933186259	38076	237	38076	0
PflaHELEm	OZ251426.1	22950001	23000000	0.0056100628930817	39750	223	39750	0
PflaKGBHm	OZ251426.1	22950001	23000000	0.0036981132075471	39750	147	39750	0
PflaHELAf	OZ251426.1	22950001	23000000	0.0020880503144654	39750	83	39750	0
PflaKGBDf	OZ251426.1	22950001	23000000	0.0044025157232704	39750	175	39750	0
PflaHELAf	OZ251426.1	23000001	23050000	0.0043456611289665	44182	192	44182	0
PflaKGBDf	OZ251426.1	23000001	23050000	0.002716038205604	44182	120	44182	0
PflaHELEm	OZ251426.1	23000001	23050000	0.0049115024218007	44182	217	44182	0
PflaKGBHm	OZ251426.1	23000001	23050000	0.0022407315196233	44182	99	44182	0
PflaHELAf	OZ251426.1	23050001	23100000	0.0031973240856882	40659	130	40659	0
PflaKGBDf	OZ251426.1	23050001	23100000	0.0050911237364421	40659	207	40659	0
PflaHELEm	OZ251426.1	23050001	23100000	0.0068865441845593	40659	280	40659	0
PflaKGBHm	OZ251426.1	23050001	23100000	0.0044024693179861	40659	179	40659	0
PflaHELEm	OZ251426.1	23100001	23150000	0.0063575951022971	38222	243	38222	0
PflaKGBHm	OZ251426.1	23100001	23150000	0.0012296583119669	38222	47	38222	0
PflaHELAf	OZ251426.1	23100001	23150000	0.0008372141698498	38222	32	38222	0
PflaKGBDf	OZ251426.1	23100001	23150000	0.0028255978232431	38222	108	38222	0
PflaKGBHm	OZ251426.1	23150001	23200000	0.0046663169229919	36217	169	36217	0
PflaHELEm	OZ251426.1	23150001	23200000	0.0081729574509208	36217	296	36217	0
PflaKGBDf	OZ251426.1	23150001	23200000	0.0038655879835436	36217	140	36217	0
PflaHELAf	OZ251426.1	23150001	23200000	0.0057983819753154	36217	210	36217	0
PflaKGBDf	OZ251426.1	23200001	23250000	0.005760603588907	39232	226	39232	0
PflaHELAf	OZ251426.1	23200001	23250000	0.0044861337683523	39232	176	39232	0
PflaHELEm	OZ251426.1	23200001	23250000	0.0084369902120717	39232	331	39232	0
PflaKGBHm	OZ251426.1	23200001	23250000	0.0040783034257748	39232	160	39232	0
PflaKGBHm	OZ251426.1	23250001	23300000	0.0041436101859379	38131	158	38131	0
PflaHELEm	OZ251426.1	23250001	23300000	0.0090477564186619	38131	345	38131	0
PflaKGBDf	OZ251426.1	23250001	23300000	0.0047992447090293	38131	183	38131	0
PflaHELAf	OZ251426.1	23250001	23300000	0.0052478902953586	37920	199	37920	211
PflaKGBHm	OZ251426.1	23300001	23350000	0.0039653399911881	34045	135	34045	42
PflaHELAf	OZ251426.1	23300001	23350000	0.0066007568867896	34087	225	34087	0
PflaKGBDf	OZ251426.1	23300001	23350000	0.0046941469854774	34085	160	34085	2
PflaHELEm	OZ251426.1	23300001	23350000	0.0093041002612192	34071	317	34071	16
PflaKGBDf	OZ251426.1	23350001	23400000	0.0053101553418577	37852	201	37852	0
PflaHELAf	OZ251426.1	23350001	23400000	0.004678331659354	37834	177	37834	18
PflaHELEm	OZ251426.1	23350001	23400000	0.0092465391524886	37852	350	37852	0
PflaKGBHm	OZ251426.1	23350001	23400000	0.0021399133467187	37852	81	37852	0
PflaHELAf	OZ251426.1	23400001	23450000	0.0050550260649781	37982	192	37982	0
PflaKGBDf	OZ251426.1	23400001	23450000	0.00418619346006	37982	159	37982	0
PflaHELEm	OZ251426.1	23400001	23450000	0.0077668369227528	37982	295	37982	0
PflaKGBHm	OZ251426.1	23400001	23450000	0.0057395608446106	37982	218	37982	0
PflaKGBHm	OZ251426.1	23450001	23500000	0.0041851553045582	39664	166	39664	0
PflaHELAf	OZ251426.1	23450001	23500000	0.0030506252521177	39664	121	39664	0
PflaHELEm	OZ251426.1	23450001	23500000	0.006000403388463	39664	238	39664	0
PflaKGBDf	OZ251426.1	23450001	23500000	0.004538120209762	39664	180	39664	0
PflaHELAf	OZ251426.1	23500001	23550000	0.0050344862306801	39726	200	39726	0
PflaHELEm	OZ251426.1	23500001	23550000	0.0061672456325831	39726	245	39726	0
PflaKGBDf	OZ251426.1	23500001	23550000	0.0051351759552937	39726	204	39726	0
PflaKGBHm	OZ251426.1	23500001	23550000	0.0040024165533907	39726	159	39726	0
PflaHELAf	OZ251426.1	23550001	23600000	0.0050594935421539	39332	199	39332	0
PflaKGBHm	OZ251426.1	23550001	23600000	0.0048306722261771	39332	190	39332	0
PflaHELEm	OZ251426.1	23550001	23600000	0.0069154886606325	39332	272	39332	0
PflaKGBDf	OZ251426.1	23550001	23600000	0.0047289738635207	39332	186	39332	0
PflaKGBHm	OZ251426.1	23600001	23650000	0.0008425546256248	35606	30	35606	0
PflaHELEm	OZ251426.1	23600001	23650000	0.0074987361680615	35606	267	35606	0
PflaKGBDf	OZ251426.1	23600001	23650000	0.0060102229961242	35606	214	35606	0
PflaHELAf	OZ251426.1	23600001	23650000	0.003735325506937	35606	133	35606	0
PflaHELAf	OZ251426.1	23650001	23700000	0.0027867826878234	35166	98	35166	0
PflaKGBDf	OZ251426.1	23650001	23700000	0.0055166922595689	35166	194	35166	0
PflaHELEm	OZ251426.1	23650001	23700000	0.0053460729113348	35166	188	35166	0
PflaKGBHm	OZ251426.1	23650001	23700000	0.0040095546835011	35166	141	35166	0
PflaHELAf	OZ251426.1	23700001	23750000	0.0067920291888857	35630	242	35630	0
PflaKGBDf	OZ251426.1	23700001	23750000	0.005369844527538	35569	191	35569	61
PflaHELEm	OZ251426.1	23700001	23750000	0.0083076059500421	35630	296	35630	0
PflaKGBHm	OZ251426.1	23700001	23750000	0.0045467302834689	35630	162	35630	0
PflaHELAf	OZ251426.1	23750001	23800000	0.0048346896489594	33301	161	33301	0
PflaKGBDf	OZ251426.1	23750001	23800000	0.0054052430857932	33301	180	33301	0
PflaHELEm	OZ251426.1	23750001	23800000	0.0067265247289871	33301	224	33301	0
PflaKGBHm	OZ251426.1	23750001	23800000	0.0039131874416784	33221	130	33221	80
PflaKGBHm	OZ251426.1	23800001	23850000	0.0037150941075162	40645	151	40645	0
PflaHELEm	OZ251426.1	23800001	23850000	0.005707959158568	40645	232	40645	0
PflaKGBDf	OZ251426.1	23800001	23850000	0.0043301759133964	40645	176	40645	0
PflaHELAf	OZ251426.1	23800001	23850000	0.0046746217246893	40645	190	40645	0
PflaHELAf	OZ251426.1	23850001	23900000	0.0048784245256374	38947	190	38947	0
PflaKGBDf	OZ251426.1	23850001	23900000	0.0034702585985296	38902	135	38902	45
PflaHELEm	OZ251426.1	23850001	23900000	0.0063676278018846	38947	248	38947	0
PflaKGBHm	OZ251426.1	23850001	23900000	0.0058027575936529	38947	226	38947	0
PflaKGBHm	OZ251426.1	23900001	23950000	0.0067519181585677	39100	264	39100	0
PflaHELEm	OZ251426.1	23900001	23950000	0.0081847712100672	39097	320	39097	3
PflaKGBDf	OZ251426.1	23900001	23950000	0.0072122762148337	39100	282	39100	0
PflaHELAf	OZ251426.1	23900001	23950000	0.0062404092071611	39100	244	39100	0
PflaKGBHm	OZ251426.1	23950001	24000000	0.0011985096792683	38381	46	38381	0
PflaHELEm	OZ251426.1	23950001	24000000	0.0058362210468721	38381	224	38381	0
PflaKGBDf	OZ251426.1	23950001	24000000	0.0050545842995232	38381	194	38381	0
PflaHELAf	OZ251426.1	23950001	24000000	0.0057580573721372	38381	221	38381	0
PflaKGBDf	OZ251426.1	24000001	24050000	0.0028982775277457	42439	123	42439	0
PflaHELAf	OZ251426.1	24000001	24050000	0.0038643700369942	42439	164	42439	0
PflaHELEm	OZ251426.1	24000001	24050000	0.0061500035344847	42439	261	42439	0
PflaKGBHm	OZ251426.1	24000001	24050000	0.0036523009495982	42439	155	42439	0
PflaHELEm	OZ251426.1	24050001	24100000	0.003380706287683	46440	157	46440	0
PflaHELAf	OZ251426.1	24050001	24100000	0.0018518518518518	46440	86	46440	0
PflaKGBDf	OZ251426.1	24050001	24100000	0.0023901808785529	46440	111	46440	0
PflaKGBHm	OZ251426.1	24050001	24100000	0.0006890611541774	46440	32	46440	0
PflaKGBDf	OZ251426.1	24100001	24150000	0.0002239491187602	44653	10	44653	0
PflaKGBHm	OZ251426.1	24100001	24150000	0.0001343694712561	44653	6	44653	0
PflaHELEm	OZ251426.1	24100001	24150000	0.0030681029270149	44653	137	44653	0
PflaHELAf	OZ251426.1	24100001	24150000	0.0019483573332138	44653	87	44653	0
PflaHELEm	OZ251426.1	24150001	24200000	0.0066470933646506	42575	283	42575	0
PflaKGBDf	OZ251426.1	24150001	24200000	0.0013624618275781	42570	58	42570	5
PflaHELAf	OZ251426.1	24150001	24200000	0.0047210804462712	42575	201	42575	0
PflaKGBHm	OZ251426.1	24150001	24200000	0.0007283150079879	42564	31	42564	11
PflaKGBDf	OZ251426.1	24200001	24250000	0.0057038286950115	42077	240	42077	0
PflaKGBHm	OZ251426.1	24200001	24250000	0.0054661691660527	42077	230	42077	0
PflaHELEm	OZ251426.1	24200001	24250000	0.0075338070679943	42077	317	42077	0
PflaHELAf	OZ251426.1	24200001	24250000	0.0062504456116167	42077	263	42077	0
PflaHELAf	OZ251426.1	24250001	24300000	0.0063881673116683	37726	241	37726	0
PflaKGBDf	OZ251426.1	24250001	24300000	0.0043736415204368	37726	165	37726	0
PflaHELEm	OZ251426.1	24250001	24300000	0.0100196151195462	37726	378	37726	0
PflaKGBHm	OZ251426.1	24250001	24300000	0.0050363144780787	37726	190	37726	0
PflaHELAf	OZ251426.1	24300001	24350000	0.0037543577366586	44748	168	44748	0
PflaHELEm	OZ251426.1	24300001	24350000	0.0042013050862608	44748	188	44748	0
PflaKGBHm	OZ251426.1	24300001	24350000	0.0013631894162867	44748	61	44748	0
PflaKGBDf	OZ251426.1	24300001	24350000	0.0014525788862072	44748	65	44748	0
PflaHELAf	OZ251426.1	24350001	24400000	0.0034916913039045	39236	137	39236	0
PflaKGBDf	OZ251426.1	24350001	24400000	0.002805049088359	39215	110	39215	21
PflaHELEm	OZ251426.1	24350001	24400000	0.0067030278315832	39236	263	39236	0
PflaKGBHm	OZ251426.1	24350001	24400000	0.0040524008563564	39236	159	39236	0
PflaHELEm	OZ251426.1	24400001	24450000	0.0093045168129085	33962	316	33962	0
PflaKGBDf	OZ251426.1	24400001	24450000	0.0054767092632942	33962	186	33962	0
PflaHELAf	OZ251426.1	24400001	24450000	0.0036216948354042	33962	123	33962	0
PflaKGBHm	OZ251426.1	24400001	24450000	0.0027980678605089	33952	95	33952	10
PflaHELAf	OZ251426.1	24450001	24500000	0.0025747464662918	38062	98	38062	0
PflaKGBHm	OZ251426.1	24450001	24500000	0.0048342178550785	38062	184	38062	0
PflaHELEm	OZ251426.1	24450001	24500000	0.0080132415532552	38062	305	38062	0
PflaKGBDf	OZ251426.1	24450001	24500000	0.0028374756975461	38062	108	38062	0
PflaHELEm	OZ251426.1	24500001	24550000	0.0047951076003613	43169	207	43169	0
PflaKGBDf	OZ251426.1	24500001	24550000	0.0017141930552016	43169	74	43169	0
PflaHELAf	OZ251426.1	24500001	24550000	0.0032430679422733	43169	140	43169	0
PflaKGBHm	OZ251426.1	24500001	24550000	0.0025249600407699	43169	109	43169	0
PflaKGBHm	OZ251426.1	24550001	24600000	0.0025759671802699	41926	108	41926	4
PflaHELAf	OZ251426.1	24550001	24600000	0.0044836632482709	41930	188	41930	0
PflaHELEm	OZ251426.1	24550001	24600000	0.0066300977820176	41930	278	41930	0
PflaKGBDf	OZ251426.1	24550001	24600000	0.004626758883854	41930	194	41930	0
PflaKGBHm	OZ251426.1	24600001	24650000	0.0049092235908095	45221	222	45221	0
PflaHELAf	OZ251426.1	24600001	24650000	0.0046438601534685	45221	210	45221	0
PflaKGBDf	OZ251426.1	24600001	24650000	0.0035602927843258	45221	161	45221	0
PflaHELEm	OZ251426.1	24600001	24650000	0.0060149045797306	45221	272	45221	0
PflaHELAf	OZ251426.1	24650001	24700000	0.0060618826943781	42726	259	42726	0
PflaKGBDf	OZ251426.1	24650001	24700000	0.0050320647849084	42726	215	42726	0
PflaHELEm	OZ251426.1	24650001	24700000	0.0076066095585825	42726	325	42726	0
PflaKGBHm	OZ251426.1	24650001	24700000	0.0044937508776857	42726	192	42726	0
PflaKGBHm	OZ251426.1	24700001	24750000	0.0034880315254147	37557	131	37557	0
PflaHELEm	OZ251426.1	24700001	24750000	0.0065768452444349	37556	247	37556	1
PflaKGBDf	OZ251426.1	24700001	24750000	0.0051388556061453	37557	193	37557	0
PflaHELAf	OZ251426.1	24700001	24750000	0.0015988062246855	37528	60	37528	29
PflaKGBHm	OZ251426.1	24750001	24800000	0.0079763753158583	32847	262	32847	0
PflaHELEm	OZ251426.1	24750001	24800000	0.0092245867202484	32847	303	32847	0
PflaKGBDf	OZ251426.1	24750001	24800000	0.0051544819593131	32787	169	32787	60
PflaHELAf	OZ251426.1	24750001	24800000	0.0054538252947807	32821	179	32821	26
PflaKGBDf	OZ251426.1	24800001	24850000	0.0057399789534105	31359	180	31359	1
PflaHELAf	OZ251426.1	24800001	24850000	0.0033163265306122	31360	104	31360	0
PflaHELEm	OZ251426.1	24800001	24850000	0.0087053571428571	31360	273	31360	0
PflaKGBHm	OZ251426.1	24800001	24850000	0.0046556122448979	31360	146	31360	0
PflaHELAf	OZ251426.1	24850001	24900000	0.0057090737112357	29602	169	29602	0
PflaKGBDf	OZ251426.1	24850001	24900000	0.0057090737112357	29602	169	29602	0
PflaHELEm	OZ251426.1	24850001	24900000	0.0045942841699885	29602	136	29602	0
PflaKGBHm	OZ251426.1	24850001	24900000	0.0054432348367029	29578	161	29578	24
PflaKGBDf	OZ251426.1	24900001	24950000	0.0082089048037294	29602	243	29602	0
PflaHELEm	OZ251426.1	24900001	24950000	0.0096615093574758	29602	286	29602	0
PflaKGBHm	OZ251426.1	24900001	24950000	0.0078199052132701	29540	231	29540	62
PflaHELAf	OZ251426.1	24900001	24950000	0.0082089048037294	29602	243	29602	0
PflaKGBHm	OZ251426.1	24950001	25000000	0.0037425673312346	28590	107	28590	0
PflaHELEm	OZ251426.1	24950001	25000000	0.009583770549143	28590	274	28590	0
PflaKGBDf	OZ251426.1	24950001	25000000	0.0076600209863588	28590	219	28590	0
PflaHELAf	OZ251426.1	24950001	25000000	0.0067872511632788	28583	194	28583	7
PflaHELAf	OZ251426.1	25000001	25050000	0.0069067587567834	28378	196	28378	0
PflaKGBDf	OZ251426.1	25000001	25050000	0.0063429417154133	28378	180	28378	0
PflaHELEm	OZ251426.1	25000001	25050000	0.0118401578687715	28378	336	28378	0
PflaKGBHm	OZ251426.1	25000001	25050000	0.0064838959757558	28378	184	28378	0
PflaKGBHm	OZ251426.1	25050001	25100000	0.006718639262934	35275	237	35275	0
PflaHELAf	OZ251426.1	25050001	25100000	0.0083061658398299	35275	293	35275	0
PflaKGBDf	OZ251426.1	25050001	25100000	0.0077391920623671	35275	273	35275	0
PflaHELEm	OZ251426.1	25050001	25100000	0.0114812189936215	35275	405	35275	0
PflaHELAf	OZ251426.1	25100001	25150000	0.0105051612313875	32841	345	32841	0
PflaHELEm	OZ251426.1	25100001	25150000	0.0114491032550774	32841	376	32841	0
PflaKGBDf	OZ251426.1	25100001	25150000	0.0087086264121068	32841	286	32841	0
PflaKGBHm	OZ251426.1	25100001	25150000	0.0078560336165159	32841	258	32841	0
PflaHELAf	OZ251426.1	25150001	25200000	0.0046684257836286	34487	161	34487	0
PflaKGBDf	OZ251426.1	25150001	25200000	0.0036535506132745	34487	126	34487	0
PflaHELEm	OZ251426.1	25150001	25200000	0.0094528373010119	34487	326	34487	0
PflaKGBHm	OZ251426.1	25150001	25200000	0.0056846196235389	34479	196	34479	8
PflaKGBDf	OZ251426.1	25200001	25250000	0.0038732837888902	31756	123	31756	0
PflaHELEm	OZ251426.1	25200001	25250000	0.012218163496662	31756	388	31756	0
PflaKGBHm	OZ251426.1	25200001	25250000	0.0063610026451694	31756	202	31756	0
PflaHELAf	OZ251426.1	25200001	25250000	0.0062718648554949	31729	199	31729	27
PflaHELAf	OZ251426.1	25250001	25300000	0.0064398712025759	35715	230	35715	0
PflaHELEm	OZ251426.1	25250001	25300000	0.0090158196836063	35715	322	35715	0
PflaKGBDf	OZ251426.1	25250001	25300000	0.0064678706425871	35715	231	35715	0
PflaKGBHm	OZ251426.1	25250001	25300000	0.0057505119358186	35649	205	35649	66
PflaHELAf	OZ251426.1	25300001	25350000	0.0065462405434614	32385	212	32385	0
PflaKGBDf	OZ251426.1	25300001	25350000	0.0058669136946117	32385	190	32385	0
PflaHELEm	OZ251426.1	25300001	25350000	0.0094488188976377	32385	306	32385	0
PflaKGBHm	OZ251426.1	25300001	25350000	0.0044786261428218	32376	145	32376	9
PflaHELEm	OZ251426.1	25350001	25400000	0.0103512481459273	31687	328	31687	0
PflaHELAf	OZ251426.1	25350001	25400000	0.0067851169249218	31687	215	31687	0
PflaKGBDf	OZ251426.1	25350001	25400000	0.0061539432574872	31687	195	31687	0
PflaKGBHm	OZ251426.1	25350001	25400000	0.0041987624700088	31676	133	31676	11
PflaKGBDf	OZ251426.1	25400001	25450000	0.003642745087612	37609	137	37609	102
PflaHELAf	OZ251426.1	25400001	25450000	0.0043442117400981	37291	162	37291	420
PflaHELEm	OZ251426.1	25400001	25450000	0.0059664288934263	37711	225	37711	0
PflaKGBHm	OZ251426.1	25400001	25450000	0.0055156320437007	37711	208	37711	0
PflaHELEm	OZ251426.1	25450001	25500000	0.0101698388708148	39037	397	39037	0
PflaKGBHm	OZ251426.1	25450001	25500000	0.0030532392559332	38975	119	38975	62
PflaKGBDf	OZ251426.1	25450001	25500000	0.0052019270192701	39024	203	39024	13
PflaHELAf	OZ251426.1	25450001	25500000	0.0077362502241463	39037	302	39037	0
PflaKGBHm	OZ251426.1	25500001	25550000	0.0076807940759413	25388	195	25388	6
PflaHELEm	OZ251426.1	25500001	25550000	0.0109080885248483	25394	277	25394	0
PflaKGBDf	OZ251426.1	25500001	25550000	0.0080727730960069	25394	205	25394	0
PflaHELAf	OZ251426.1	25500001	25550000	0.0081909112388753	25394	208	25394	0
PflaHELEm	OZ251426.1	25550001	25600000	0.0104932399319669	34689	364	34689	0
PflaHELAf	OZ251426.1	25550001	25600000	0.0078987575312058	34689	274	34689	0
PflaKGBDf	OZ251426.1	25550001	25600000	0.0071780679754389	34689	249	34689	0
PflaKGBHm	OZ251426.1	25550001	25600000	0.0103202744385828	34689	358	34689	0
PflaKGBDf	OZ251426.1	25600001	25650000	0.0084583681275758	37123	314	37123	0
PflaHELEm	OZ251426.1	25600001	25650000	0.0108019287234329	37123	401	37123	0
PflaHELAf	OZ251426.1	25600001	25650000	0.0088624302992753	37123	329	37123	0
PflaKGBHm	OZ251426.1	25600001	25650000	0.0076771812622902	37123	285	37123	0
PflaKGBDf	OZ251426.1	25650001	25700000	0.0042782263776738	35295	151	35295	0
PflaKGBHm	OZ251426.1	25650001	25700000	0.0042215611276384	35295	149	35295	0
PflaHELEm	OZ251426.1	25650001	25700000	0.0070548236294092	35295	249	35295	0
PflaHELAf	OZ251426.1	25650001	25700000	0.004844878878028	35295	171	35295	0
PflaHELEm	OZ251426.1	25700001	25750000	0.0105994731998349	31511	334	31511	0
PflaKGBDf	OZ251426.1	25700001	25750000	0.0077694634612322	31405	244	31405	106
PflaHELAf	OZ251426.1	25700001	25750000	0.0078702675256259	31511	248	31511	0
PflaKGBHm	OZ251426.1	25700001	25750000	0.0069858687677437	31349	219	31349	162
PflaHELAf	OZ251426.1	25750001	25800000	0.0089884474499859	35490	319	35490	10
PflaHELEm	OZ251426.1	25750001	25800000	0.0125070422535211	35500	444	35500	0
PflaKGBDf	OZ251426.1	25750001	25800000	0.0089295774647887	35500	317	35500	0
PflaKGBHm	OZ251426.1	25750001	25800000	0.0065352112676056	35500	232	35500	0
PflaKGBDf	OZ251426.1	25800001	25850000	0.007018890686261	36473	256	36473	0
PflaKGBHm	OZ251426.1	25800001	25850000	0.0037562032188194	36473	137	36473	0
PflaHELEm	OZ251426.1	25800001	25850000	0.0078973346495557	36468	288	36468	5
PflaHELAf	OZ251426.1	25800001	25850000	0.0080607572725029	36473	294	36473	0
PflaKGBHm	OZ251426.1	25850001	25900000	0.0049730739641718	36396	181	36396	0
PflaHELEm	OZ251426.1	25850001	25900000	0.0084075173095944	36396	306	36396	0
PflaHELAf	OZ251426.1	25850001	25900000	0.0048356962303549	36396	176	36396	0
PflaKGBDf	OZ251426.1	25850001	25900000	0.0051695218192317	36367	188	36367	29
PflaKGBHm	OZ251426.1	25900001	25950000	0.0051537364589327	39971	206	39971	0
PflaHELEm	OZ251426.1	25900001	25950000	0.008981511595907	39971	359	39971	0
PflaKGBDf	OZ251426.1	25900001	25950000	0.0071301693727952	39971	285	39971	0
PflaHELAf	OZ251426.1	25900001	25950000	0.0067335853212846	39949	269	39949	22
PflaKGBHm	OZ251426.1	25950001	26000000	0.0072727272727272	33000	240	33000	47
PflaHELAf	OZ251426.1	25950001	26000000	0.0096130519165453	32976	317	32976	71
PflaKGBDf	OZ251426.1	25950001	26000000	0.0067782249523406	33047	224	33047	0
PflaHELEm	OZ251426.1	25950001	26000000	0.0124973522558779	33047	413	33047	0
PflaHELEm	OZ251426.1	26000001	26050000	0.0115455028642296	33866	391	33866	0
PflaKGBHm	OZ251426.1	26000001	26050000	0.0078251882474531	33865	265	33865	1
PflaKGBDf	OZ251426.1	26000001	26050000	0.0063780783086281	33866	216	33866	0
PflaHELAf	OZ251426.1	26000001	26050000	0.0087993858146813	33866	298	33866	0
PflaHELAf	OZ251426.1	26050001	26100000	0.0073640952092009	36257	267	36257	0
PflaKGBDf	OZ251426.1	26050001	26100000	0.0058747276388007	36257	213	36257	0
PflaKGBHm	OZ251426.1	26050001	26100000	0.0033924483548004	36257	123	36257	0
PflaHELEm	OZ251426.1	26050001	26100000	0.0110047714924014	36257	399	36257	0
PflaKGBHm	OZ251426.1	26100001	26150000	0.0055722977199067	35174	196	35174	0
PflaHELEm	OZ251426.1	26100001	26150000	0.0075339739580371	35174	265	35174	0
PflaHELAf	OZ251426.1	26100001	26150000	0.007363393415591	35174	259	35174	0
PflaKGBDf	OZ251426.1	26100001	26150000	0.0036674816625916	35174	129	35174	0
PflaHELEm	OZ251426.1	26150001	26200000	0.0089329298057209	20486	183	20486	0
PflaHELAf	OZ251426.1	26150001	26200000	0.0073220736112467	20486	150	20486	0
PflaKGBDf	OZ251426.1	26150001	26200000	0.00390625	20224	79	20224	262
PflaKGBHm	OZ251426.1	26150001	26200000	0.0034657815093234	20486	71	20486	0
PflaHELAf	OZ251426.1	26200001	26250000	0.0068795385844828	28781	198	28781	0
PflaKGBHm	OZ251426.1	26200001	26250000	0.0016677669295715	28781	48	28781	0
PflaHELEm	OZ251426.1	26200001	26250000	0.0047253396337861	28781	136	28781	0
PflaKGBDf	OZ251426.1	26200001	26250000	0.0035092595809735	28781	101	28781	0
PflaKGBHm	OZ251426.1	26250001	26300000	0.0055029964946666	26531	146	26531	0
PflaHELEm	OZ251426.1	26250001	26300000	0.00893294636463	26531	237	26531	0
PflaKGBDf	OZ251426.1	26250001	26300000	0.0048245448720364	26531	128	26531	0
PflaHELAf	OZ251426.1	26250001	26300000	0.0097621650145113	26531	259	26531	0
PflaHELAf	OZ251426.1	26300001	26350000	0.0041566506410256	19968	83	19968	0
PflaKGBDf	OZ251426.1	26300001	26350000	0.0014022435897435	19968	28	19968	0
PflaHELEm	OZ251426.1	26300001	26350000	0.0078625801282051	19968	157	19968	0
PflaKGBHm	OZ251426.1	26300001	26350000	0.0020050125313283	19950	40	19950	18
PflaHELEm	OZ251426.1	26350001	26400000	0.0077741407528641	14664	114	14664	0
PflaKGBHm	OZ251426.1	26350001	26400000	0.0006137479541734	14664	9	14664	0
PflaHELAf	OZ251426.1	26350001	26400000	0.0011593016912165	14664	17	14664	0
PflaKGBDf	OZ251426.1	26350001	26400000	0.000614041072525	14657	9	14657	7
PflaHELAf	OZ251426.1	26400001	26450000	0.002705728680724	21436	58	21436	0
PflaKGBDf	OZ251426.1	26400001	26450000	0.0021925732412763	21436	47	21436	0
PflaHELEm	OZ251426.1	26400001	26450000	0.0043851464825527	21436	94	21436	0
PflaKGBHm	OZ251426.1	26400001	26450000	0.0002799029669714	21436	6	21436	0
PflaHELAf	OZ251426.1	26450001	26500000	0.0024125074411755	31917	77	31917	0
PflaKGBDf	OZ251426.1	26450001	26500000	0.0039164081837265	31917	125	31917	0
PflaHELEm	OZ251426.1	26450001	26500000	0.0028824764232227	31917	92	31917	0
PflaKGBHm	OZ251426.1	26450001	26500000	0.0028511451577529	31917	91	31917	0
PflaKGBHm	OZ251426.1	26500001	26550000	0.0047527158376214	27984	133	27984	21
PflaHELEm	OZ251426.1	26500001	26550000	0.0031422960185681	28005	88	28005	0
PflaKGBDf	OZ251426.1	26500001	26550000	0.0014283163720764	28005	40	28005	0
PflaHELAf	OZ251426.1	26500001	26550000	0.0021839533135226	27931	61	27931	74
PflaKGBDf	OZ251426.1	26550001	26600000	0.0060798579089387	29277	178	29277	32
PflaHELAf	OZ251426.1	26550001	26600000	0.0035945363048166	29211	105	29211	98
PflaKGBHm	OZ251426.1	26550001	26600000	0.0064513926815947	29296	189	29296	13
PflaHELEm	OZ251426.1	26550001	26600000	0.0080862533692722	29309	237	29309	0
PflaHELEm	OZ251426.1	26600001	26650000	0.0062751748993004	23585	148	23585	0
PflaHELAf	OZ251426.1	26600001	26650000	0.0029456967213114	23424	69	23424	161
PflaKGBDf	OZ251426.1	26600001	26650000	0.006402645861601	23584	151	23584	1
PflaKGBHm	OZ251426.1	26600001	26650000	0.0052575789696841	23585	124	23585	0
PflaHELAf	OZ251426.1	26650001	26700000	0.0010228752092244	21508	22	21508	0
PflaKGBDf	OZ251426.1	26650001	26700000	0.0018132787799888	21508	39	21508	0
PflaHELEm	OZ251426.1	26650001	26700000	0.0029299600037205	21502	63	21502	6
PflaKGBHm	OZ251426.1	26650001	26700000	0.0029291426445973	21508	63	21508	0
PflaHELAf	OZ251426.1	26700001	26750000	0.0029598510526567	20947	62	20947	0
PflaKGBDf	OZ251426.1	26700001	26750000	0.001957320857402	20947	41	20947	0
PflaHELEm	OZ251426.1	26700001	26750000	0.0047739533107366	20947	100	20947	0
PflaKGBHm	OZ251426.1	26700001	26750000	0.0014799255263283	20947	31	20947	0
PflaHELAf	OZ251426.1	26750001	26800000	0.0055761325247262	24569	137	24569	0
PflaKGBHm	OZ251426.1	26750001	26800000	0.0041525872246875	24563	102	24563	6
PflaHELEm	OZ251426.1	26750001	26800000	0.0079368309658512	24569	195	24569	0
PflaKGBDf	OZ251426.1	26750001	26800000	0.0042867641054952	24494	105	24494	75
PflaKGBDf	OZ251426.1	26800001	26850000	0.0043843072038702	26458	116	26458	2
PflaHELAf	OZ251426.1	26800001	26850000	0.001814333232537	26456	48	26456	4
PflaKGBHm	OZ251426.1	26800001	26850000	0.0043083900226757	26460	114	26460	0
PflaHELEm	OZ251426.1	26800001	26850000	0.0075963718820861	26460	201	26460	0
PflaKGBDf	OZ251426.1	26850001	26900000	0.0058928218311251	25285	149	25285	24
PflaHELEm	OZ251426.1	26850001	26900000	0.0061098988295973	25205	154	25205	104
PflaKGBHm	OZ251426.1	26850001	26900000	0.0036388086856781	25283	92	25283	26
PflaHELAf	OZ251426.1	26850001	26900000	0.0058548935833531	25278	148	25278	31
PflaKGBDf	OZ251426.1	26900001	26950000	0.0058951731037193	27989	165	27989	32
PflaKGBHm	OZ251426.1	26900001	26950000	0.007388898804212	28015	207	28015	6
PflaHELAf	OZ251426.1	26900001	26950000	0.0065025545750116	27989	182	27989	32
PflaHELEm	OZ251426.1	26900001	26950000	0.0082438171371471	28021	231	28021	0
PflaHELAf	OZ251426.1	26950001	27000000	0.0054510403509938	30086	164	30086	0
PflaKGBDf	OZ251426.1	26950001	27000000	0.0040218041614039	30086	121	30086	0
PflaHELEm	OZ251426.1	26950001	27000000	0.0068802765405836	30086	207	30086	0
PflaKGBHm	OZ251426.1	26950001	27000000	0.0026939834369907	30067	81	30067	19
PflaHELAf	OZ251426.1	27000001	27050000	0.0061211075507353	24342	149	24342	0
PflaKGBDf	OZ251426.1	27000001	27050000	0.0032454194396516	24342	79	24342	0
PflaKGBHm	OZ251426.1	27000001	27050000	0.0074357078300879	24342	181	24342	0
PflaHELEm	OZ251426.1	27000001	27050000	0.0071481390189795	24342	174	24342	0
PflaHELEm	OZ251426.1	27050001	27100000	0.0058310297166551	23152	135	23152	0
PflaKGBDf	OZ251426.1	27050001	27100000	0.0030236274890933	23151	70	23151	1
PflaHELAf	OZ251426.1	27050001	27100000	0.0024650780608052	23123	57	23123	29
PflaKGBHm	OZ251426.1	27050001	27100000	0.0053559087767795	23152	124	23152	0
PflaKGBDf	OZ251426.1	27100001	27150000	0.002680965147453	18277	49	18277	0
PflaKGBHm	OZ251426.1	27100001	27150000	0.0067844832302894	18277	124	18277	0
PflaHELEm	OZ251426.1	27100001	27150000	0.0068391968047272	18277	125	18277	0
PflaHELAf	OZ251426.1	27100001	27150000	0.0057161701659887	18194	104	18194	83
PflaKGBHm	OZ251426.1	27150001	27200000	0.0028710132066607	19157	55	19157	72
PflaHELEm	OZ251426.1	27150001	27200000	0.0071317022384174	19210	137	19210	19
PflaKGBDf	OZ251426.1	27150001	27200000	0.0047324353840553	19229	91	19229	0
PflaHELAf	OZ251426.1	27150001	27200000	0.0056220718375845	19210	108	19210	19
PflaHELAf	OZ251426.1	27200001	27250000	0.0069491038052333	20866	145	20866	0
PflaKGBHm	OZ251426.1	27200001	27250000	0.0055592830441867	20866	116	20866	0
PflaHELEm	OZ251426.1	27200001	27250000	0.0078117511741589	20866	163	20866	0
PflaKGBDf	OZ251426.1	27200001	27250000	0.0076200517588421	20866	159	20866	0
PflaHELEm	OZ251426.1	27250001	27300000	0.0063993977037455	15939	102	15939	0
PflaKGBDf	OZ251426.1	27250001	27300000	0.0047696749089996	15934	76	15934	5
PflaHELAf	OZ251426.1	27250001	27300000	0.0079678775330949	15939	127	15939	0
PflaKGBHm	OZ251426.1	27250001	27300000	0.0052700922266139	15939	84	15939	0
PflaHELEm	OZ251426.1	27300001	27350000	0.0102591792656587	18520	190	18520	1
PflaKGBHm	OZ251426.1	27300001	27350000	0.0076760905994918	18499	142	18499	22
PflaHELAf	OZ251426.1	27300001	27350000	0.0043940544645763	18434	81	18434	87
PflaKGBDf	OZ251426.1	27300001	27350000	0.0038967364831953	18477	72	18477	44
PflaHELAf	OZ251426.1	27350001	27400000	0.0062967803255316	16834	106	16834	0
PflaKGBDf	OZ251426.1	27350001	27400000	0.0043982169390787	16825	74	16825	9
PflaHELEm	OZ251426.1	27350001	27400000	0.0069051729269599	16799	116	16799	35
PflaKGBHm	OZ251426.1	27350001	27400000	0.0026747503566333	16824	45	16824	10
PflaHELEm	OZ251426.1	27400001	27450000	0.0052129807918095	21293	111	21293	30
PflaKGBHm	OZ251426.1	27400001	27450000	0.0067532711156966	21323	144	21323	0
PflaHELAf	OZ251426.1	27400001	27450000	0.0061482142019054	21307	131	21307	16
PflaKGBDf	OZ251426.1	27400001	27450000	0.0035285815102328	21255	75	21255	68
PflaHELAf	OZ251426.1	27450001	27500000	0.0057516775726253	23993	138	23993	0
PflaKGBDf	OZ251426.1	27450001	27500000	0.0066934404283801	23904	160	23904	89
PflaHELEm	OZ251426.1	27450001	27500000	0.0082524069520276	23993	198	23993	0
PflaKGBHm	OZ251426.1	27450001	27500000	0.0033894049711272	23898	81	23898	95
PflaHELAf	OZ251426.1	27500001	27550000	0.0055828494863778	17912	100	17912	124
PflaKGBDf	OZ251426.1	27500001	27550000	0.0023324262786694	18007	42	18007	29
PflaHELEm	OZ251426.1	27500001	27550000	0.0063206919494344	18036	114	18036	0
PflaKGBHm	OZ251426.1	27500001	27550000	0.0053291884090152	18014	96	18014	22
PflaKGBHm	OZ251426.1	27550001	27600000	0.004123913790564	20369	84	20369	0
PflaHELEm	OZ251426.1	27550001	27600000	0.0081987333693357	20369	167	20369	0
PflaHELAf	OZ251426.1	27550001	27600000	0.0054040654437283	20170	109	20170	199
PflaKGBDf	OZ251426.1	27550001	27600000	0.0072168491334871	20369	147	20369	0
PflaHELAf	OZ251426.1	27600001	27650000	0.0067036523347202	21630	145	21630	33
PflaKGBDf	OZ251426.1	27600001	27650000	0.00826293680469	21663	179	21663	0
PflaHELEm	OZ251426.1	27600001	27650000	0.0100632414716336	21663	218	21663	0
PflaKGBHm	OZ251426.1	27600001	27650000	0.0079922387508084	21646	173	21646	17
PflaKGBDf	OZ251426.1	27650001	27700000	0.0064351239103646	21911	141	21911	0
PflaKGBHm	OZ251426.1	27650001	27700000	0.0053854228469718	21911	118	21911	0
PflaHELAf	OZ251426.1	27650001	27700000	0.0038793300168864	21911	85	21911	0
PflaHELEm	OZ251426.1	27650001	27700000	0.007034211848536	21893	154	21893	18
PflaKGBHm	OZ251426.1	27700001	27750000	0.0040003636694244	21998	88	21998	0
PflaHELEm	OZ251426.1	27700001	27750000	0.0068670698985856	21989	151	21989	9
PflaKGBDf	OZ251426.1	27700001	27750000	0.0021365578688971	21998	47	21998	0
PflaHELAf	OZ251426.1	27700001	27750000	0.0043185744158559	21998	95	21998	0
PflaKGBHm	OZ251426.1	27750001	27800000	0.0050828074039561	23609	120	23609	9
PflaHELEm	OZ251426.1	27750001	27800000	0.0067321534422897	23618	159	23618	0
PflaHELAf	OZ251426.1	27750001	27800000	0.0043187399441104	23618	102	23618	0
PflaKGBDf	OZ251426.1	27750001	27800000	0.0066051316792277	23618	156	23618	0
PflaKGBHm	OZ251426.1	27800001	27850000	0.0022553865348625	20839	47	20839	262
PflaHELEm	OZ251426.1	27800001	27850000	0.0081986635704468	21101	173	21101	0
PflaKGBDf	OZ251426.1	27800001	27850000	0.004928676366049	21101	104	21101	0
PflaHELAf	OZ251426.1	27800001	27850000	0.0064464141821112	21097	136	21097	4
PflaHELEm	OZ251426.1	27850001	27900000	0.0047771484855946	20305	97	20305	21
PflaKGBDf	OZ251426.1	27850001	27900000	0.0025582997146511	20326	52	20326	0
PflaHELAf	OZ251426.1	27850001	27900000	0.0034930630719275	20326	71	20326	0
PflaKGBHm	OZ251426.1	27850001	27900000	0.0013283479287611	20326	27	20326	0
PflaKGBHm	OZ251426.1	27900001	27950000	0.00479195885928	17112	82	17112	0
PflaHELEm	OZ251426.1	27900001	27950000	0.0066619915848527	17112	114	17112	0
PflaHELAf	OZ251426.1	27900001	27950000	0.0009350163627863	17112	16	17112	0
PflaKGBDf	OZ251426.1	27900001	27950000	0.0022206638616175	17112	38	17112	0
PflaHELAf	OZ251426.1	27950001	28000000	0.0018996693168226	14213	27	14213	46
PflaKGBDf	OZ251426.1	27950001	28000000	0.0049793113121537	14259	71	14259	0
PflaHELEm	OZ251426.1	27950001	28000000	0.0056509147418238	14157	80	14157	102
PflaKGBHm	OZ251426.1	27950001	28000000	0.0058237440359247	14252	83	14252	7
PflaHELAf	OZ251426.1	28000001	28050000	0.0036225429063483	16839	61	16839	0
PflaKGBDf	OZ251426.1	28000001	28050000	0.0028579934504316	16795	48	16795	44
PflaHELEm	OZ251426.1	28000001	28050000	0.0052969884537555	16802	89	16802	37
PflaKGBHm	OZ251426.1	28000001	28050000	0.0044560632166835	16831	75	16831	8
PflaKGBHm	OZ251426.1	28050001	28100000	0.0038676663096513	16806	65	16806	0
PflaHELEm	OZ251426.1	28050001	28100000	0.0052480916030534	16768	88	16768	38
PflaHELAf	OZ251426.1	28050001	28100000	0.0026181125788408	16806	44	16806	0
PflaKGBDf	OZ251426.1	28050001	28100000	0.0045221944543615	16806	76	16806	0
PflaHELAf	OZ251426.1	28100001	28150000	0.0044465346957971	23389	104	23389	49
PflaKGBHm	OZ251426.1	28100001	28150000	0.0033705947606451	23438	79	23438	0
PflaHELEm	OZ251426.1	28100001	28150000	0.0058532000341792	23406	137	23406	32
PflaKGBDf	OZ251426.1	28100001	28150000	0.0055894525749882	23437	131	23437	1
PflaKGBDf	OZ251426.1	28150001	28200000	0.0038624587847385	21230	82	21230	0
PflaHELAf	OZ251426.1	28150001	28200000	0.006135548423636	21188	130	21188	42
PflaHELEm	OZ251426.1	28150001	28200000	0.0054168629298162	21230	115	21230	0
PflaKGBHm	OZ251426.1	28150001	28200000	0.0020254357041921	21230	43	21230	0
PflaKGBHm	OZ251426.1	28200001	28250000	0.0064529241400335	19681	127	19681	11
PflaHELEm	OZ251426.1	28200001	28250000	0.0065001015640869	19692	128	19692	0
PflaKGBDf	OZ251426.1	28200001	28250000	0.0051302890232132	19687	101	19687	5
PflaHELAf	OZ251426.1	28200001	28250000	0.0050276776192169	19691	99	19691	1
PflaKGBDf	OZ251426.1	28250001	28300000	0.0061367380560131	24280	149	24280	0
PflaHELAf	OZ251426.1	28250001	28300000	0.0047047170979324	24231	114	24231	49
PflaHELEm	OZ251426.1	28250001	28300000	0.0048599670510708	24280	118	24280	0
PflaKGBHm	OZ251426.1	28250001	28300000	0.0045304777594728	24280	110	24280	0
PflaHELAf	OZ251426.1	28300001	28350000	0.0057185112151836	20285	116	20285	1
PflaKGBHm	OZ251426.1	28300001	28350000	0.0036510755871324	20268	74	20268	18
PflaHELEm	OZ251426.1	28300001	28350000	0.0048811754264865	20282	99	20282	4
PflaKGBDf	OZ251426.1	28300001	28350000	0.0017746228926353	20286	36	20286	0
PflaKGBHm	OZ251426.1	28350001	28400000	0.0034602076124567	21675	75	21675	16
PflaHELEm	OZ251426.1	28350001	28400000	0.0066848001475266	21691	145	21691	0
PflaHELAf	OZ251426.1	28350001	28400000	0.004748513208243	21691	103	21691	0
PflaKGBDf	OZ251426.1	28350001	28400000	0.0044257987183624	21691	96	21691	0
PflaHELAf	OZ251426.1	28400001	28450000	0.0018396443354284	19569	36	19569	2
PflaKGBDf	OZ251426.1	28400001	28450000	0.0029139614539133	19561	57	19561	10
PflaHELEm	OZ251426.1	28400001	28450000	0.0049052169025599	19571	96	19571	0
PflaKGBHm	OZ251426.1	28400001	28450000	0.0038832967145265	19571	76	19571	0
PflaKGBHm	OZ251426.1	28450001	28500000	0.0050315538120416	11726	59	11726	0
PflaHELEm	OZ251426.1	28450001	28500000	0.0057137983967252	11726	67	11726	0
PflaKGBDf	OZ251426.1	28450001	28500000	0.0025590719099206	11723	30	11723	3
PflaHELAf	OZ251426.1	28450001	28500000	0.0025584171925635	11726	30	11726	0
PflaHELAf	OZ251426.1	28500001	28550000	0.0054105527420681	23103	125	23103	0
PflaKGBDf	OZ251426.1	28500001	28550000	0.0056702592736873	23103	131	23103	0
PflaHELEm	OZ251426.1	28500001	28550000	0.0052374150543219	23103	121	23103	0
PflaKGBHm	OZ251426.1	28500001	28550000	0.0041553045059083	23103	96	23103	0
PflaHELAf	OZ251426.1	28550001	28600000	0.0048981100688507	21641	106	21641	1
PflaKGBDf	OZ251426.1	28550001	28600000	0.0048081368469717	21630	104	21630	12
PflaKGBHm	OZ251426.1	28550001	28600000	0.0050367358255163	21641	109	21641	1
PflaHELEm	OZ251426.1	28550001	28600000	0.004250993438684	21642	92	21642	0
PflaHELAf	OZ251426.1	28600001	28650000	0.0045139933794763	13292	60	13292	0
PflaKGBHm	OZ251426.1	28600001	28650000	0.0045892266024676	13292	61	13292	0
PflaKGBDf	OZ251426.1	28600001	28650000	0.0045892266024676	13292	61	13292	0
PflaHELEm	OZ251426.1	28600001	28650000	0.0063195907312669	13292	84	13292	0
PflaHELAf	OZ251426.1	28650001	28700000	0.0034227039361095	19283	66	19283	0
PflaKGBHm	OZ251426.1	28650001	28700000	0.0020774903916069	19254	40	19254	29
PflaHELEm	OZ251426.1	28650001	28700000	0.0029559715811855	19283	57	19283	0
PflaKGBDf	OZ251426.1	28650001	28700000	0.0034227039361095	19283	66	19283	0
PflaKGBHm	OZ251426.1	28700001	28750000	0.0029805421212462	17782	53	17782	0
PflaHELEm	OZ251426.1	28700001	28750000	0.0040494938132733	17780	72	17780	2
PflaHELAf	OZ251426.1	28700001	28750000	0.003486868005174	17781	62	17781	1
PflaKGBDf	OZ251426.1	28700001	28750000	0.0034317862165963	17775	61	17775	7
PflaHELAf	OZ251426.1	28750001	28800000	0.0053309374064091	16695	89	16695	144
PflaKGBDf	OZ251426.1	28750001	28800000	0.0024054362860063	16629	40	16629	210
PflaHELEm	OZ251426.1	28750001	28800000	0.0081358750519627	16839	137	16839	0
PflaKGBHm	OZ251426.1	28750001	28800000	0.0044642857142857	16576	74	16576	263
PflaKGBDf	OZ251426.1	28800001	28850000	0.0058771435472184	24842	146	24842	22
PflaHELEm	OZ251426.1	28800001	28850000	0.0076013513513513	24864	189	24864	0
PflaHELAf	OZ251426.1	28800001	28850000	0.0055904118404118	24864	139	24864	0
PflaKGBHm	OZ251426.1	28800001	28850000	0.0074404761904761	24864	185	24864	0
PflaKGBHm	OZ251426.1	28850001	28900000	0.0045296626940498	22739	103	22739	0
PflaHELEm	OZ251426.1	28850001	28900000	0.004969435771142	22739	113	22739	0
PflaKGBDf	OZ251426.1	28850001	28900000	0.0038366554947962	22676	87	22676	63
PflaHELAf	OZ251426.1	28850001	28900000	0.0008830411938716	22649	20	22649	90
PflaKGBHm	OZ251426.1	28900001	28950000	0.002723623853211	6976	19	6976	1
PflaHELEm	OZ251426.1	28900001	28950000	0.0027251864601262	6972	19	6972	5
PflaKGBDf	OZ251426.1	28900001	28950000	0.0025799054034685	6977	18	6977	0
PflaHELAf	OZ251426.1	28900001	28950000	0.002436577325498	6977	17	6977	0
PflaHELEm	OZ251426.1	28950001	29000000	0.0061028144744399	13928	85	13928	0
PflaKGBHm	OZ251426.1	28950001	29000000	0.0040206777713957	13928	56	13928	0
PflaHELAf	OZ251426.1	28950001	29000000	0.0032309017805858	13928	45	13928	0
PflaKGBDf	OZ251426.1	28950001	29000000	0.0018667432510051	13928	26	13928	0
PflaKGBDf	OZ251426.1	29000001	29050000	0.004384042086804	11405	50	11405	4
PflaHELEm	OZ251426.1	29000001	29050000	0.0066614076606188	11409	76	11409	0
PflaKGBHm	OZ251426.1	29000001	29050000	0.0041195547374879	11409	47	11409	0
PflaHELAf	OZ251426.1	29000001	29050000	0.0054343062494521	11409	62	11409	0
PflaHELAf	OZ251426.1	29050001	29100000	0.003690036900369	24390	90	24390	0
PflaKGBDf	OZ251426.1	29050001	29100000	0.0037720377203772	24390	92	24390	0
PflaHELEm	OZ251426.1	29050001	29100000	0.004920049200492	24390	120	24390	0
PflaKGBHm	OZ251426.1	29050001	29100000	0.0035701095654314	24369	87	24369	21
PflaHELAf	OZ251426.1	29100001	29150000	0.004631661059919	20511	95	20511	0
PflaKGBHm	OZ251426.1	29100001	29150000	0.0033640485593096	20511	69	20511	0
PflaHELEm	OZ251426.1	29100001	29150000	0.0062982130651303	20482	129	20482	29
PflaKGBDf	OZ251426.1	29100001	29150000	0.0043878894251864	20511	90	20511	0
PflaHELAf	OZ251426.1	29150001	29200000	0.0044139079741828	24015	106	24015	0
PflaKGBDf	OZ251426.1	29150001	29200000	0.003997501561524	24015	96	24015	0
PflaKGBHm	OZ251426.1	29150001	29200000	0.0032063293774724	24015	77	24015	0
PflaHELEm	OZ251426.1	29150001	29200000	0.0049975012493753	24012	120	24012	3
PflaKGBHm	OZ251426.1	29200001	29250000	0.0025663645841687	24938	64	24938	7
PflaHELEm	OZ251426.1	29200001	29250000	0.0048931135442987	24933	122	24933	12
PflaKGBDf	OZ251426.1	29200001	29250000	0.0043718915450024	24932	109	24932	13
PflaHELAf	OZ251426.1	29200001	29250000	0.0042092603728202	24945	105	24945	0
PflaHELEm	OZ251426.1	29250001	29300000	0.0039481555333998	25075	99	25075	1
PflaKGBDf	OZ251426.1	29250001	29300000	0.0023129685755303	25076	58	25076	0
PflaHELAf	OZ251426.1	29250001	29300000	0.0007178178337852	25076	18	25076	0
PflaKGBHm	OZ251426.1	29250001	29300000	0.0004434768585711	24804	11	24804	272
PflaKGBDf	OZ251426.1	29300001	29350000	0.0011441647597254	18354	21	18354	0
PflaHELAf	OZ251426.1	29300001	29350000	0.001362100904435	18354	25	18354	0
PflaKGBHm	OZ251426.1	29300001	29350000	0.0011441647597254	18354	21	18354	0
PflaHELEm	OZ251426.1	29300001	29350000	0.0032145581344666	18354	59	18354	0
PflaKGBHm	OZ251426.1	29350001	29400000	0.0032001807160874	26561	85	26561	0
PflaHELEm	OZ251426.1	29350001	29400000	0.0022607385079125	26540	60	26540	21
PflaHELAf	OZ251426.1	29350001	29400000	0.0022589510937088	26561	60	26561	0
PflaKGBDf	OZ251426.1	29350001	29400000	0.0031326665408567	26495	83	26495	66
PflaKGBHm	OZ251426.1	29400001	29450000	0.0016078345392092	27366	44	27366	0
PflaHELAf	OZ251426.1	29400001	29450000	0.0021559599503032	27366	59	27366	0
PflaKGBDf	OZ251426.1	29400001	29450000	0.0018273518017688	27362	50	27362	4
PflaHELEm	OZ251426.1	29400001	29450000	0.0033252941606372	27366	91	27366	0
PflaHELAf	OZ251426.1	29450001	29500000	0.0036371151064269	24195	88	24195	0
PflaKGBHm	OZ251426.1	29450001	29500000	0.0033545928932328	24146	81	24146	49
PflaHELEm	OZ251426.1	29450001	29500000	0.0044224013225873	24195	107	24195	0
PflaKGBDf	OZ251426.1	29450001	29500000	0.0035649146078593	24124	86	24124	71
PflaKGBDf	OZ251426.1	29500001	29550000	0.001038152089281	26971	28	26971	0
PflaHELAf	OZ251426.1	29500001	29550000	0.0046346075414333	26971	125	26971	0
PflaHELEm	OZ251426.1	29500001	29550000	0.0050795298654109	26971	137	26971	0
PflaKGBHm	OZ251426.1	29500001	29550000	0.003893070334804	26971	105	26971	0
PflaHELAf	OZ251426.1	29550001	29600000	0.0039543057996485	27312	108	27312	0
PflaKGBDf	OZ251426.1	29550001	29600000	0.0002931047116582	27294	8	27294	18
PflaHELEm	OZ251426.1	29550001	29600000	0.0041765891188862	27295	114	27295	17
PflaKGBHm	OZ251426.1	29550001	29600000	0.0008787346221441	27312	24	27312	0
PflaKGBHm	OZ251426.1	29600001	29650000	0.003357314148681	18765	63	18765	0
PflaHELEm	OZ251426.1	29600001	29650000	0.0084199307220889	18765	158	18765	0
PflaHELAf	OZ251426.1	29600001	29650000	0.0064485184395651	18764	121	18764	1
PflaKGBDf	OZ251426.1	29600001	29650000	0.0057021049826805	18765	107	18765	0
PflaKGBDf	OZ251426.1	29650001	29700000	0.0055912197142265	19316	108	19316	1
PflaHELEm	OZ251426.1	29650001	29700000	0.0101465030801884	19317	196	19317	0
PflaHELAf	OZ251426.1	29650001	29700000	0.0071998342484201	19306	139	19306	11
PflaKGBHm	OZ251426.1	29650001	29700000	0.0086456823358873	19316	167	19316	1
PflaHELAf	OZ251426.1	29700001	29750000	0.0039491206318593	21777	86	21777	162
PflaKGBDf	OZ251426.1	29700001	29750000	0.0051508797520284	21938	113	21938	1
PflaHELEm	OZ251426.1	29700001	29750000	0.0067955851500501	21926	149	21926	13
PflaKGBHm	OZ251426.1	29700001	29750000	0.0042979287641168	21871	94	21871	68
PflaHELAf	OZ251426.1	29750001	29800000	0.0066116930391501	26922	178	26922	0
PflaKGBDf	OZ251426.1	29750001	29800000	0.0066116930391501	26922	178	26922	0
PflaHELEm	OZ251426.1	29750001	29800000	0.0085889570552147	26895	231	26895	27
PflaKGBHm	OZ251426.1	29750001	29800000	0.0064259713245672	26922	173	26922	0
PflaHELAf	OZ251426.1	29800001	29850000	0.0067323604633669	26588	179	26588	343
PflaKGBDf	OZ251426.1	29800001	29850000	0.0066912010705921	26901	180	26901	30
PflaHELEm	OZ251426.1	29800001	29850000	0.0087076762089842	26758	233	26758	173
PflaKGBHm	OZ251426.1	29800001	29850000	0.0081364244315648	26916	219	26916	15
PflaKGBHm	OZ251426.1	29850001	29900000	0.0074433656957928	24720	184	24720	0
PflaHELEm	OZ251426.1	29850001	29900000	0.0105177993527508	24720	260	24720	0
PflaHELAf	OZ251426.1	29850001	29900000	0.0065129449838187	24720	161	24720	0
PflaKGBDf	OZ251426.1	29850001	29900000	0.0074029126213592	24720	183	24720	0
PflaHELEm	OZ251426.1	29900001	29950000	0.0104213130043388	24661	257	24661	0
PflaKGBHm	OZ251426.1	29900001	29950000	0.0090020680426584	24661	222	24661	0
PflaHELAf	OZ251426.1	29900001	29950000	0.0074317738791423	24624	183	24624	37
PflaKGBDf	OZ251426.1	29900001	29950000	0.0081191350469196	24510	199	24510	151
PflaKGBHm	OZ251426.1	29950001	30000000	0.0061765860973258	28009	173	28009	0
PflaHELEm	OZ251426.1	29950001	30000000	0.0116034131886179	28009	325	28009	0
PflaKGBDf	OZ251426.1	29950001	30000000	0.0076404012995822	28009	214	28009	0
PflaHELAf	OZ251426.1	29950001	30000000	0.0088542968331607	28009	248	28009	0
PflaKGBHm	OZ251426.1	30000001	30050000	0.0070638179414016	28738	203	28738	0
PflaHELEm	OZ251426.1	30000001	30050000	0.0117048700620079	28706	336	28706	32
PflaKGBDf	OZ251426.1	30000001	30050000	0.0073782758500678	28733	212	28733	5
PflaHELAf	OZ251426.1	30000001	30050000	0.0063017895689715	28722	181	28722	16
PflaKGBDf	OZ251426.1	30050001	30100000	0.0075887131252672	28068	213	28068	0
PflaKGBHm	OZ251426.1	30050001	30100000	0.0074462020806612	28068	209	28068	0
PflaHELEm	OZ251426.1	30050001	30100000	0.0108308393900527	28068	304	28068	0
PflaHELAf	OZ251426.1	30050001	30100000	0.009805319831705	28046	275	28046	22
PflaKGBDf	OZ251426.1	30100001	30150000	0.0063721997941898	25266	161	25266	0
PflaKGBHm	OZ251426.1	30100001	30150000	0.0058972532256787	25266	149	25266	0
PflaHELEm	OZ251426.1	30100001	30150000	0.008905248159582	25266	225	25266	0
PflaHELAf	OZ251426.1	30100001	30150000	0.0057381948595337	25095	144	25095	171
PflaHELEm	OZ251426.1	30150001	30200000	0.0076981084647772	31826	245	31826	0
PflaKGBDf	OZ251426.1	30150001	30200000	0.0051215986928926	31826	163	31826	0
PflaHELAf	OZ251426.1	30150001	30200000	0.0062841701753283	31826	200	31826	0
PflaKGBHm	OZ251426.1	30150001	30200000	0.005875699113932	31826	187	31826	0
PflaKGBHm	OZ251426.1	30200001	30250000	0.0061708692414086	28197	174	28197	0
PflaHELEm	OZ251426.1	30200001	30250000	0.0091499095648473	28197	258	28197	0
PflaHELAf	OZ251426.1	30200001	30250000	0.0065264427340119	28193	184	28193	4
PflaKGBDf	OZ251426.1	30200001	30250000	0.0044698286565681	28189	126	28189	8
PflaKGBHm	OZ251426.1	30250001	30300000	0.0058747234302281	26214	154	26214	2
PflaKGBDf	OZ251426.1	30250001	30300000	0.0070586439772597	26209	185	26209	7
PflaHELAf	OZ251426.1	30250001	30300000	0.0076289288983826	26216	200	26216	0
PflaHELEm	OZ251426.1	30250001	30300000	0.0093232967788773	26171	244	26171	45
PflaKGBDf	OZ251426.1	30300001	30350000	0.0072718278506059	20215	147	20215	0
PflaHELEm	OZ251426.1	30300001	30350000	0.0103388572841949	20215	209	20215	0
PflaKGBHm	OZ251426.1	30300001	30350000	0.0067624683009298	20111	136	20111	104
PflaHELAf	OZ251426.1	30300001	30350000	0.0068316831683168	20200	138	20200	15
PflaHELAf	OZ251426.1	30350001	30400000	0.0051205149775063	27341	140	27341	0
PflaKGBHm	OZ251426.1	30350001	30400000	0.0037672360191653	27341	103	27341	0
PflaHELEm	OZ251426.1	30350001	30400000	0.0063274935079185	27341	173	27341	0
PflaKGBDf	OZ251426.1	30350001	30400000	0.0047552856829321	27338	130	27338	3
PflaKGBHm	OZ251426.1	30400001	30450000	0.0039529803391241	9613	38	9613	0
PflaHELEm	OZ251426.1	30400001	30450000	0.0059294705086861	9613	57	9613	0
PflaKGBDf	OZ251426.1	30400001	30450000	0.0052012899199001	9613	50	9613	0
PflaHELAf	OZ251426.1	30400001	30450000	0.0058254447102881	9613	56	9613	0
PflaKGBHm	OZ251426.1	30450001	30500000	0.0019525669111343	20998	41	20998	16
PflaHELEm	OZ251426.1	30450001	30500000	0.0049014942419339	21014	103	21014	0
PflaKGBDf	OZ251426.1	30450001	30500000	0.0036642238507661	21014	77	21014	0
PflaHELAf	OZ251426.1	30450001	30500000	0.0037118111735033	21014	78	21014	0
PflaKGBDf	OZ251426.1	30500001	30550000	0.0045196999967248	30533	138	30533	0
PflaHELEm	OZ251426.1	30500001	30550000	0.0067795499950872	30533	207	30533	0
PflaHELAf	OZ251426.1	30500001	30550000	0.0045196999967248	30533	138	30533	0
PflaKGBHm	OZ251426.1	30500001	30550000	0.0055349949235253	30533	169	30533	0
PflaKGBDf	OZ251426.1	30550001	30600000	0.0069846487132558	26773	187	26773	0
PflaHELEm	OZ251426.1	30550001	30600000	0.0102715422253763	26773	275	26773	0
PflaKGBHm	OZ251426.1	30550001	30600000	0.0079557763418369	26773	213	26773	0
PflaHELAf	OZ251426.1	30550001	30600000	0.0085160422814029	26773	228	26773	0
PflaKGBHm	OZ251426.1	30600001	30650000	0.0054789901799637	23727	130	23727	0
PflaHELEm	OZ251426.1	30600001	30650000	0.0093985754625532	23727	223	23727	0
PflaKGBDf	OZ251426.1	30600001	30650000	0.0055632823365785	23727	132	23727	0
PflaHELAf	OZ251426.1	30600001	30650000	0.0060718502276943	23716	144	23716	11
PflaKGBHm	OZ251426.1	30650001	30700000	0.0075797025979286	17283	131	17283	0
PflaHELEm	OZ251426.1	30650001	30700000	0.0112827634091303	17283	195	17283	0
PflaKGBDf	OZ251426.1	30650001	30700000	0.0068545316070068	17069	117	17069	214
PflaHELAf	OZ251426.1	30650001	30700000	0.0089683504021292	17283	155	17283	0
PflaKGBHm	OZ251426.1	30700001	30750000	0.0029382200572179	12933	38	12933	0
PflaHELEm	OZ251426.1	30700001	30750000	0.0115209154875125	12933	149	12933	0
PflaKGBDf	OZ251426.1	30700001	30750000	0.0068954830712016	12907	89	12907	26
PflaHELAf	OZ251426.1	30700001	30750000	0.007273290003095	12924	94	12924	9
PflaKGBHm	OZ251426.1	30750001	30800000	0.0	197	0	197	57
PflaHELEm	OZ251426.1	30750001	30800000	0.0078740157480314	254	2	254	0
PflaHELAf	OZ251426.1	30750001	30800000	0.0118110236220472	254	3	254	0
PflaKGBDf	OZ251426.1	30750001	30800000	0.0	254	0	254	0
PflaKGBHm	OZ251426.1	30800001	30850000	0.0026338893766461	1139	3	1139	0
PflaHELEm	OZ251426.1	30800001	30850000	0.006145741878841	1139	7	1139	0
PflaKGBDf	OZ251426.1	30800001	30850000	0.0035118525021949	1139	4	1139	0
PflaHELAf	OZ251426.1	30800001	30850000	0.006145741878841	1139	7	1139	0
PflaHELEm	OZ251426.1	30850001	30900000	0.0079772079772079	19305	154	19305	0
PflaKGBHm	OZ251426.1	30850001	30900000	0.0057815511224542	19199	111	19199	106
PflaHELAf	OZ251426.1	30850001	30900000	0.0075110075110075	19305	145	19305	0
PflaKGBDf	OZ251426.1	30850001	30900000	0.0067903794318888	19292	131	19292	13
PflaKGBHm	OZ251426.1	30900001	30950000	0.0069512939739796	21291	148	21291	4
PflaHELEm	OZ251426.1	30900001	30950000	0.0058229631368865	21295	124	21295	0
PflaKGBDf	OZ251426.1	30900001	30950000	0.0037567504108945	21295	80	21295	0
PflaHELAf	OZ251426.1	30900001	30950000	0.0033341159896689	21295	71	21295	0
PflaKGBDf	OZ251426.1	30950001	31000000	0.004161449510201	27154	113	27154	46
PflaHELAf	OZ251426.1	30950001	31000000	0.0055647687488483	27135	151	27135	65
PflaKGBHm	OZ251426.1	30950001	31000000	0.0047799389638563	27197	130	27197	3
PflaHELEm	OZ251426.1	30950001	31000000	0.0079411764705882	27200	216	27200	0
PflaHELAf	OZ251426.1	31000001	31050000	0.0064084031993832	20754	133	20754	0
PflaKGBHm	OZ251426.1	31000001	31050000	0.0044328804085959	20754	92	20754	0
PflaHELEm	OZ251426.1	31000001	31050000	0.0088657608171918	20754	184	20754	0
PflaKGBDf	OZ251426.1	31000001	31050000	0.0027963936165083	20741	58	20741	13
PflaKGBHm	OZ251426.1	31050001	31100000	0.0043924700513405	17530	77	17530	6
PflaHELEm	OZ251426.1	31050001	31100000	0.0075273722627737	17536	132	17536	0
PflaKGBDf	OZ251426.1	31050001	31100000	0.0040488138686131	17536	71	17536	0
PflaHELAf	OZ251426.1	31050001	31100000	0.0067290145985401	17536	118	17536	0
PflaHELAf	OZ251426.1	31100001	31150000	0.0026223776223776	12584	33	12584	13
PflaHELEm	OZ251426.1	31100001	31150000	0.0050011907597046	12597	63	12597	0
PflaKGBHm	OZ251426.1	31100001	31150000	0.0043849158893406	12543	55	12543	54
PflaKGBDf	OZ251426.1	31100001	31150000	0.0018287349924465	12577	23	12577	20
PflaHELAf	OZ251426.1	31150001	31200000	0.0026668758333986	25498	68	25498	0
PflaKGBDf	OZ251426.1	31150001	31200000	0.0018831652869865	25489	48	25489	9
PflaHELEm	OZ251426.1	31150001	31200000	0.0049023452819829	25498	125	25498	0
PflaKGBHm	OZ251426.1	31150001	31200000	0.0032943760294925	25498	84	25498	0
PflaKGBHm	OZ251426.1	31200001	31250000	0.0028143440762596	22030	62	22030	7
PflaHELAf	OZ251426.1	31200001	31250000	0.0021394756008739	21968	47	21968	69
PflaKGBDf	OZ251426.1	31200001	31250000	0.0031764759268502	22037	70	22037	0
PflaHELEm	OZ251426.1	31200001	31250000	0.0042657469595207	22036	94	22036	1
PflaHELAf	OZ251426.1	31250001	31300000	0.0025	16800	42	16800	0
PflaKGBDf	OZ251426.1	31250001	31300000	0.0036309523809523	16800	61	16800	0
PflaHELEm	OZ251426.1	31250001	31300000	0.0039292730844793	16797	66	16797	3
PflaKGBHm	OZ251426.1	31250001	31300000	0.002502830582206	16781	42	16781	19
PflaHELAf	OZ251426.1	31300001	31350000	0.0069193269381978	19077	132	19077	0
PflaKGBDf	OZ251426.1	31300001	31350000	0.0060282014991875	19077	115	19077	0
PflaHELEm	OZ251426.1	31300001	31350000	0.0071814226555538	19077	137	19077	0
PflaKGBHm	OZ251426.1	31300001	31350000	0.0062654662243984	18993	119	18993	84
PflaHELAf	OZ251426.1	31350001	31400000	0.0033457827575474	12852	43	12852	0
PflaKGBDf	OZ251426.1	31350001	31400000	0.0036570183629007	12852	47	12852	0
PflaHELEm	OZ251426.1	31350001	31400000	0.0055244319950202	12852	71	12852	0
PflaKGBHm	OZ251426.1	31350001	31400000	0.0025676937441643	12852	33	12852	0
PflaHELAf	OZ251426.1	31400001	31450000	0.003906617716276	21246	83	21246	0
PflaKGBDf	OZ251426.1	31400001	31450000	0.0016006025797947	21242	34	21242	4
PflaHELEm	OZ251426.1	31400001	31450000	0.0068248140826508	21246	145	21246	0
PflaKGBHm	OZ251426.1	31400001	31450000	0.0007076473085814	21197	15	21197	49
PflaHELAf	OZ251426.1	31450001	31500000	0.0053677551281232	15649	84	15649	0
PflaKGBHm	OZ251426.1	31450001	31500000	0.0017892517093744	15649	28	15649	0
PflaHELEm	OZ251426.1	31450001	31500000	0.0077960253051313	15649	122	15649	0
PflaKGBDf	OZ251426.1	31450001	31500000	0.0063901846763371	15649	100	15649	0
PflaKGBHm	OZ251426.1	31500001	31550000	0.0034638642634885	17033	59	17033	22
PflaHELEm	OZ251426.1	31500001	31550000	0.0050425095279976	17055	86	17055	0
PflaKGBDf	OZ251426.1	31500001	31550000	0.003283687111528	17054	56	17054	1
PflaHELAf	OZ251426.1	31500001	31550000	0.0039967085929234	17014	68	17014	41
PflaKGBHm	OZ251426.1	31550001	31600000	0.0064745528843602	18843	122	18843	1
PflaHELEm	OZ251426.1	31550001	31600000	0.0088091700275949	18844	166	18844	0
PflaKGBDf	OZ251426.1	31550001	31600000	0.0051532699357169	18823	97	18823	21
PflaHELAf	OZ251426.1	31550001	31600000	0.0056803100281361	18837	107	18837	7
PflaHELAf	OZ251426.1	31600001	31650000	0.0056060313164508	10346	58	10346	0
PflaKGBDf	OZ251426.1	31600001	31650000	0.0057026870288034	10346	59	10346	0
PflaHELEm	OZ251426.1	31600001	31650000	0.0059926541658612	10346	62	10346	0
PflaKGBHm	OZ251426.1	31600001	31650000	0.0035783365570599	10340	37	10340	6
PflaHELAf	OZ251426.1	31650001	31700000	0.0051010768940109	21172	108	21172	59
PflaKGBDf	OZ251426.1	31650001	31700000	0.0077914718798696	21177	165	21177	54
PflaHELEm	OZ251426.1	31650001	31700000	0.0090904809005699	21231	193	21231	0
PflaKGBHm	OZ251426.1	31650001	31700000	0.0063359969738521	21149	134	21149	82
PflaKGBHm	OZ251426.1	31700001	31750000	0.0034280347499413	21295	73	21295	149
PflaHELEm	OZ251426.1	31700001	31750000	0.0077465117364319	21429	166	21429	15
PflaHELAf	OZ251426.1	31700001	31750000	0.0049902061374871	21442	107	21442	2
PflaKGBDf	OZ251426.1	31700001	31750000	0.0066850544621569	21391	143	21391	53
PflaHELAf	OZ251426.1	31750001	31800000	0.006877881027292	13667	94	13667	70
PflaKGBDf	OZ251426.1	31750001	31800000	0.0070627639434978	13734	97	13734	3
PflaHELEm	OZ251426.1	31750001	31800000	0.0059692800465895	13737	82	13737	0
PflaKGBHm	OZ251426.1	31750001	31800000	0.0071392146863844	13727	98	13727	10
PflaKGBHm	OZ251426.1	31800001	31850000	0.0049536686287079	17159	85	17159	38
PflaHELEm	OZ251426.1	31800001	31850000	0.0073482241791567	17147	126	17147	50
PflaKGBDf	OZ251426.1	31800001	31850000	0.006396464499622	17197	110	17197	0
PflaHELAf	OZ251426.1	31800001	31850000	0.0065018744142455	17072	111	17072	125
PflaKGBDf	OZ251426.1	31850001	31900000	0.0070954547351725	23959	170	23959	40
PflaHELAf	OZ251426.1	31850001	31900000	0.0087675350701402	23952	210	23952	47
PflaKGBHm	OZ251426.1	31850001	31900000	0.0069586232759698	23999	167	23999	0
PflaHELEm	OZ251426.1	31850001	31900000	0.0117244544582133	23967	281	23967	32
PflaKGBDf	OZ251426.1	31900001	31950000	0.0065811435929228	20969	138	20969	0
PflaKGBHm	OZ251426.1	31900001	31950000	0.0054845478824876	20968	115	20968	1
PflaHELAf	OZ251426.1	31900001	31950000	0.0059332749732516	20562	122	20562	407
PflaHELEm	OZ251426.1	31900001	31950000	0.0071336237851295	20887	149	20887	82
PflaKGBHm	OZ251426.1	31950001	32000000	0.0034690718898436	18737	65	18737	0
PflaKGBDf	OZ251426.1	31950001	32000000	0.006404440412019	18737	120	18737	0
PflaHELEm	OZ251426.1	31950001	32000000	0.0084858835459251	18737	159	18737	0
PflaHELAf	OZ251426.1	31950001	32000000	0.004963706233988	18736	93	18736	1
PflaHELAf	OZ251426.1	32000001	32050000	0.0062640349840444	16922	106	16922	0
PflaKGBDf	OZ251426.1	32000001	32050000	0.0077446053798403	16915	131	16915	7
PflaHELEm	OZ251426.1	32000001	32050000	0.0100496571293449	16916	170	16916	6
PflaKGBHm	OZ251426.1	32000001	32050000	0.0065135007105637	16888	110	16888	34
PflaHELAf	OZ251426.1	32050001	32100000	0.0050874798362079	16118	82	16118	0
PflaKGBDf	OZ251426.1	32050001	32100000	0.005584512285927	16116	90	16116	2
PflaHELEm	OZ251426.1	32050001	32100000	0.0088198757763975	16100	142	16100	18
PflaKGBHm	OZ251426.1	32050001	32100000	0.0046062869592281	16065	74	16065	53
PflaHELAf	OZ251426.1	32100001	32150000	0.0053360253821747	6934	37	6934	2
PflaKGBDf	OZ251426.1	32100001	32150000	0.0060553633217993	6936	42	6936	0
PflaHELEm	OZ251426.1	32100001	32150000	0.0069204152249134	6936	48	6936	0
PflaKGBHm	OZ251426.1	32100001	32150000	0.0042628252241658	6803	29	6803	133
PflaKGBHm	OZ251426.1	32150001	32200000	0.005126102111954	9754	50	9754	129
PflaHELAf	OZ251426.1	32150001	32200000	0.0049617531527806	9674	48	9674	209
PflaKGBDf	OZ251426.1	32150001	32200000	0.0026310463468933	9882	26	9882	1
PflaHELEm	OZ251426.1	32150001	32200000	0.005463927957098	9883	54	9883	0
PflaHELAf	OZ251426.1	32200001	32250000	0.0084741880811689	21831	185	21831	16
PflaKGBDf	OZ251426.1	32200001	32250000	0.0054188096987509	21776	118	21776	71
PflaHELEm	OZ251426.1	32200001	32250000	0.0056980056980056	21762	124	21762	85
PflaKGBHm	OZ251426.1	32200001	32250000	0.0063624296242046	21847	139	21847	0
PflaHELAf	OZ251426.1	32250001	32300000	0.0031036230048137	15788	49	15788	78
PflaKGBDf	OZ251426.1	32250001	32300000	0.0059690119380238	15748	94	15748	118
PflaHELEm	OZ251426.1	32250001	32300000	0.0076398535168581	15838	121	15838	28
PflaKGBHm	OZ251426.1	32250001	32300000	0.0060506743980839	15866	96	15866	0
PflaKGBHm	OZ251426.1	32300001	32350000	0.0060030345009565	15159	91	15159	41
PflaHELEm	OZ251426.1	32300001	32350000	0.0063341250989707	15156	96	15156	44
PflaKGBDf	OZ251426.1	32300001	32350000	0.005	15200	76	15200	0
PflaHELAf	OZ251426.1	32300001	32350000	0.0070394736842105	15200	107	15200	0
PflaHELEm	OZ251426.1	32350001	32400000	0.0083484068456936	7187	60	7187	0
PflaKGBDf	OZ251426.1	32350001	32400000	0.0061221650201753	7187	44	7187	0
PflaHELAf	OZ251426.1	32350001	32400000	0.006554573952693	7018	46	7018	169
PflaKGBHm	OZ251426.1	32350001	32400000	0.0036176429664672	7187	26	7187	0
PflaKGBHm	OZ251426.1	32400001	32450000	0.0042456835550523	10599	45	10599	1
PflaHELEm	OZ251426.1	32400001	32450000	0.0060377358490566	10600	64	10600	0
PflaKGBDf	OZ251426.1	32400001	32450000	0.0056603773584905	10600	60	10600	0
PflaHELAf	OZ251426.1	32400001	32450000	0.0058496084536277	10599	62	10599	1
PflaHELAf	OZ251426.1	32450001	32500000	0.0042767496702506	25019	107	25019	0
PflaKGBDf	OZ251426.1	32450001	32500000	0.0067548663016107	25019	169	25019	0
PflaHELEm	OZ251426.1	32450001	32500000	0.0084335904712418	25019	211	25019	0
PflaKGBHm	OZ251426.1	32450001	32500000	0.0053172350377803	25013	133	25013	6
PflaHELEm	OZ251426.1	32500001	32550000	0.0011137568169598	26038	29	26038	0
PflaKGBDf	OZ251426.1	32500001	32550000	0.0010753514094784	26038	28	26038	0
PflaHELAf	OZ251426.1	32500001	32550000	0.0004608648897764	26038	12	26038	0
PflaKGBHm	OZ251426.1	32500001	32550000	0.0011905676319225	26038	31	26038	0
PflaKGBHm	OZ251426.1	32550001	32600000	0.0030871526953217	25266	78	25266	2
PflaHELEm	OZ251426.1	32550001	32600000	0.0052252394901432	25262	132	25262	6
PflaKGBDf	OZ251426.1	32550001	32600000	0.0048320659062103	25248	122	25248	20
PflaHELAf	OZ251426.1	32550001	32600000	0.0073610891245844	25268	186	25268	0
PflaHELEm	OZ251426.1	32600001	32650000	0.0059941025764973	20687	124	20687	12
PflaKGBHm	OZ251426.1	32600001	32650000	0.0081741233373639	20675	169	20675	24
PflaKGBDf	OZ251426.1	32600001	32650000	0.0041390728476821	20536	85	20536	163
PflaHELAf	OZ251426.1	32600001	32650000	0.0056650365564324	20653	117	20653	46
PflaKGBHm	OZ251426.1	32650001	32700000	0.0022950656089407	20043	46	20043	24
PflaHELEm	OZ251426.1	32650001	32700000	0.0078480379905023	20005	157	20005	62
PflaKGBDf	OZ251426.1	32650001	32700000	0.0016544670610648	19946	33	19946	121
PflaHELAf	OZ251426.1	32650001	32700000	0.0051394640985978	20041	103	20041	26
PflaKGBHm	OZ251426.1	32700001	32750000	0.0022579870285851	20815	47	20815	0
PflaHELEm	OZ251426.1	32700001	32750000	0.0068226589151011	20813	142	20813	2
PflaKGBDf	OZ251426.1	32700001	32750000	0.0023556559780779	20801	49	20801	14
PflaHELAf	OZ251426.1	32700001	32750000	0.0054287773240451	20815	113	20815	0
PflaHELAf	OZ251426.1	32750001	32800000	0.0023383998663771	23948	56	23948	69
PflaKGBDf	OZ251426.1	32750001	32800000	0.0028313278094682	24017	68	24017	0
PflaHELEm	OZ251426.1	32750001	32800000	0.0040388058458591	24017	97	24017	0
PflaKGBHm	OZ251426.1	32750001	32800000	0.0036354519242823	23931	87	23931	86
PflaKGBDf	OZ251426.1	32800001	32850000	0.0076015873903079	17891	136	17891	33
PflaHELEm	OZ251426.1	32800001	32850000	0.009930819013613	17924	178	17924	0
PflaKGBHm	OZ251426.1	32800001	32850000	0.0040194272316194	17913	72	17913	11
PflaHELAf	OZ251426.1	32800001	32850000	0.0082570854719928	17924	148	17924	0
PflaHELEm	OZ251426.1	32850001	32900000	0.0090606184602794	17107	155	17107	0
PflaHELAf	OZ251426.1	32850001	32900000	0.0080668732097971	17107	138	17107	0
PflaKGBDf	OZ251426.1	32850001	32900000	0.0071399309416515	17087	122	17087	20
PflaKGBHm	OZ251426.1	32850001	32900000	0.0051464997953096	17099	88	17099	8
PflaKGBHm	OZ251426.1	32900001	32950000	0.0053039575683394	22059	117	22059	0
PflaHELEm	OZ251426.1	32900001	32950000	0.0056666213336959	22059	125	22059	0
PflaKGBDf	OZ251426.1	32900001	32950000	0.0037626365655741	22059	83	22059	0
PflaHELAf	OZ251426.1	32900001	32950000	0.0037626365655741	22059	83	22059	0
PflaKGBHm	OZ251426.1	32950001	33000000	0.0053949734637484	22799	123	22799	0
PflaHELEm	OZ251426.1	32950001	33000000	0.0072371595245405	22799	165	22799	0
PflaKGBDf	OZ251426.1	32950001	33000000	0.0047391285269208	22789	108	22789	10
PflaHELAf	OZ251426.1	32950001	33000000	0.0068424053686565	22799	156	22799	0
PflaKGBHm	OZ251426.1	33000001	33050000	0.0052175376588403	23766	124	23766	19
PflaHELEm	OZ251426.1	33000001	33050000	0.0095093831524025	23766	226	23766	19
PflaKGBDf	OZ251426.1	33000001	33050000	0.0055104530349556	23773	131	23773	12
PflaHELAf	OZ251426.1	33000001	33050000	0.0060542358629388	23785	144	23785	0
PflaKGBDf	OZ251426.1	33050001	33100000	0.0043908914530787	19586	86	19586	0
PflaKGBHm	OZ251426.1	33050001	33100000	0.0058204840191973	19586	114	19586	0
PflaHELEm	OZ251426.1	33050001	33100000	0.0070969059532319	19586	139	19586	0
PflaHELAf	OZ251426.1	33050001	33100000	0.0051776285435997	19507	101	19507	79
PflaKGBHm	OZ251426.1	33100001	33150000	0.0049696055375604	22537	112	22537	14
PflaHELAf	OZ251426.1	33100001	33150000	0.005720367167753	22551	129	22551	0
PflaKGBDf	OZ251426.1	33100001	33150000	0.0043514941610052	22521	98	22521	30
PflaHELEm	OZ251426.1	33100001	33150000	0.0075384683606048	22551	170	22551	0
PflaHELEm	OZ251426.1	33150001	33200000	0.00772217244763	23439	181	23439	1
PflaKGBHm	OZ251426.1	33150001	33200000	0.0067940007691321	23403	159	23403	37
PflaHELAf	OZ251426.1	33150001	33200000	0.0048634812286689	23440	114	23440	0
PflaKGBDf	OZ251426.1	33150001	33200000	0.0047358989674886	23438	111	23438	2
PflaHELAf	OZ251426.1	33200001	33250000	0.0021842539559266	20602	45	20602	20
PflaKGBDf	OZ251426.1	33200001	33250000	0.0038308602463388	20622	79	20622	0
PflaHELEm	OZ251426.1	33200001	33250000	0.0096013965667733	20622	198	20622	0
PflaKGBHm	OZ251426.1	33200001	33250000	0.0033459412278149	20622	69	20622	0
PflaHELAf	OZ251426.1	33250001	33300000	0.0006805421652583	17633	12	17633	19
PflaKGBDf	OZ251426.1	33250001	33300000	0.0047022831567616	17651	83	17651	1
PflaHELEm	OZ251426.1	33250001	33300000	0.0075920679886685	17650	134	17650	2
PflaKGBHm	OZ251426.1	33250001	33300000	0.0015862225243598	17652	28	17652	0
PflaKGBHm	OZ251426.1	33300001	33350000	0.0044252563410685	18530	82	18530	0
PflaHELEm	OZ251426.1	33300001	33350000	0.0085806799784133	18530	159	18530	0
PflaKGBDf	OZ251426.1	33300001	33350000	0.0075025638257677	18527	139	18527	3
PflaHELAf	OZ251426.1	33300001	33350000	0.0074526111141113	18517	138	18517	13
PflaKGBHm	OZ251426.1	33350001	33400000	0.0040451710770267	17799	72	17799	0
PflaHELEm	OZ251426.1	33350001	33400000	0.0067008277493102	17759	119	17759	40
PflaKGBDf	OZ251426.1	33350001	33400000	0.0051160960251869	17787	91	17787	12
PflaHELAf	OZ251426.1	33350001	33400000	0.0065737723339701	17798	117	17798	1
PflaKGBHm	OZ251426.1	33400001	33450000	0.004216359474762	16602	70	16602	4
PflaHELAf	OZ251426.1	33400001	33450000	0.0048230541990715	16587	80	16587	19
PflaKGBDf	OZ251426.1	33400001	33450000	0.0053595086113452	16606	89	16606	0
PflaHELEm	OZ251426.1	33400001	33450000	0.0074132111861137	16592	123	16592	14
PflaHELAf	OZ251426.1	33450001	33500000	0.0045700041545492	21663	99	21663	200
PflaKGBHm	OZ251426.1	33450001	33500000	0.0027521673317737	21801	60	21801	62
PflaHELEm	OZ251426.1	33450001	33500000	0.0065870728694936	21861	144	21861	2
PflaKGBDf	OZ251426.1	33450001	33500000	0.0057705518662697	21835	126	21835	28
PflaKGBHm	OZ251426.1	33500001	33550000	0.0024170157911698	18618	45	18618	0
PflaHELEm	OZ251426.1	33500001	33550000	0.0080567193038994	18618	150	18618	0
PflaKGBDf	OZ251426.1	33500001	33550000	0.0042969169620797	18618	80	18618	0
PflaHELAf	OZ251426.1	33500001	33550000	0.0065527983671715	18618	122	18618	0
PflaKGBDf	OZ251426.1	33550001	33600000	0.0013102725366876	19080	25	19080	16
PflaHELEm	OZ251426.1	33550001	33600000	0.0037704231252618	19096	72	19096	0
PflaKGBHm	OZ251426.1	33550001	33600000	0.0039798910766652	19096	76	19096	0
PflaHELAf	OZ251426.1	33550001	33600000	0.002565982404692	19096	49	19096	0
PflaHELEm	OZ251426.1	33600001	33650000	0.0041033603193966	18034	74	18034	0
PflaKGBHm	OZ251426.1	33600001	33650000	0.0026808154146886	17905	48	17905	129
PflaHELAf	OZ251426.1	33600001	33650000	0.0010535654874126	18034	19	18034	0
PflaKGBDf	OZ251426.1	33600001	33650000	0.0012199179327936	18034	22	18034	0
PflaHELAf	OZ251426.1	33650001	33700000	0.0030872137895549	27209	84	27209	0
PflaKGBHm	OZ251426.1	33650001	33700000	0.0031239663346686	27209	85	27209	0
PflaKGBDf	OZ251426.1	33650001	33700000	0.0031974714248961	27209	87	27209	0
PflaHELEm	OZ251426.1	33650001	33700000	0.0037871824098246	27197	103	27197	12
PflaKGBHm	OZ251426.1	33700001	33750000	0.0025638590827081	21062	54	21062	0
PflaKGBDf	OZ251426.1	33700001	33750000	0.0036558731364542	21062	77	21062	0
PflaHELAf	OZ251426.1	33700001	33750000	0.0044155350868863	21062	93	21062	0
PflaHELEm	OZ251426.1	33700001	33750000	0.0059348589877504	21062	125	21062	0
PflaHELAf	OZ251426.1	33750001	33800000	0.0015236833388539	15095	23	15095	245
PflaKGBHm	OZ251426.1	33750001	33800000	0.0031994776363042	15315	49	15315	25
PflaHELEm	OZ251426.1	33750001	33800000	0.0043024771838331	15340	66	15340	0
PflaKGBDf	OZ251426.1	33750001	33800000	0.0013709361535448	15318	21	15318	22
PflaKGBDf	OZ251426.1	33800001	33850000	0.0027818254073387	7549	21	7549	0
PflaHELAf	OZ251426.1	33800001	33850000	0.0031759182546257	7242	23	7242	307
PflaHELEm	OZ251426.1	33800001	33850000	0.008610411975096	7549	65	7549	0
PflaKGBHm	OZ251426.1	33800001	33850000	0.0049013114319777	7549	37	7549	0
PflaHELEm	OZ251426.1	33850001	33900000	0.0050255765951718	22286	112	22286	0
PflaKGBHm	OZ251426.1	33850001	33900000	0.0020640761015884	22286	46	22286	0
PflaKGBDf	OZ251426.1	33850001	33900000	0.0017604044416358	22154	39	22154	132
PflaHELAf	OZ251426.1	33850001	33900000	0.0036345687875796	22286	81	22286	0
PflaHELAf	OZ251426.1	33900001	33950000	0.0027730375426621	14064	39	14064	0
PflaKGBDf	OZ251426.1	33900001	33950000	0.0009261238156301	14037	13	14037	27
PflaHELEm	OZ251426.1	33900001	33950000	0.0035551763367463	14064	50	14064	0
PflaKGBHm	OZ251426.1	33900001	33950000	0.0008540925266903	14050	12	14050	14
PflaKGBDf	OZ251426.1	33950001	34000000	0.0023692003948667	20260	48	20260	2
PflaKGBHm	OZ251426.1	33950001	34000000	0.0019741387819563	20262	40	20262	0
PflaHELEm	OZ251426.1	33950001	34000000	0.0051327608330865	20262	104	20262	0
PflaHELAf	OZ251426.1	33950001	34000000	0.0045616818722729	20168	92	20168	94
PflaKGBHm	OZ251426.1	34000001	34050000	0.0022927252447639	16138	37	16138	67
PflaHELEm	OZ251426.1	34000001	34050000	0.0040730683781782	16204	66	16204	1
PflaKGBDf	OZ251426.1	34000001	34050000	0.0022928673235421	16137	37	16137	68
PflaHELAf	OZ251426.1	34000001	34050000	0.0033323048441838	16205	54	16205	0
PflaHELEm	OZ251426.1	34050001	34100000	0.0022467613174625	20919	47	20919	0
PflaKGBDf	OZ251426.1	34050001	34100000	0.0005736411874372	20919	12	20919	0
PflaKGBHm	OZ251426.1	34050001	34100000	0.000334624026005	20919	7	20919	0
PflaHELAf	OZ251426.1	34050001	34100000	0.0023423681820354	20919	49	20919	0
PflaHELAf	OZ251426.1	34100001	34150000	0.0020974012686719	19548	41	19548	0
PflaKGBDf	OZ251426.1	34100001	34150000	0.0006138735420503	19548	12	19548	0
PflaKGBHm	OZ251426.1	34100001	34150000	0.0005627174135461	19548	11	19548	0
PflaHELEm	OZ251426.1	34100001	34150000	0.0017393083691426	19548	34	19548	0
PflaHELAf	OZ251426.1	34150001	34200000	0.0017749378771742	11268	20	11268	0
PflaKGBDf	OZ251426.1	34150001	34200000	0.0007987220447284	11268	9	11268	0
PflaHELEm	OZ251426.1	34150001	34200000	0.0022186723464678	11268	25	11268	0
PflaKGBHm	OZ251426.1	34150001	34200000	0.0005324813631522	11268	6	11268	0
PflaHELAf	OZ251426.1	34200001	34250000	0.0017716218392655	12418	22	12418	0
PflaKGBDf	OZ251426.1	34200001	34250000	0.0009663391850539	12418	12	12418	0
PflaHELEm	OZ251426.1	34200001	34250000	0.0021742631663713	12418	27	12418	0
PflaKGBHm	OZ251426.1	34200001	34250000	0.0006442780059595	12417	8	12417	1
PflaHELAf	OZ251426.1	34250001	34300000	0.0006996501749125	20010	14	20010	0
PflaKGBDf	OZ251426.1	34250001	34300000	0.00039980009995	20010	8	20010	0
PflaKGBHm	OZ251426.1	34250001	34300000	0.0003003905076599	19974	6	19974	36
PflaHELEm	OZ251426.1	34250001	34300000	0.0006008411776487	19972	12	19972	38
PflaHELAf	OZ251426.1	34300001	34350000	0.0021023992085085	8086	17	8086	0
PflaKGBDf	OZ251426.1	34300001	34350000	0.0018550581251545	8086	15	8086	0
PflaHELEm	OZ251426.1	34300001	34350000	0.0009893643334157	8086	8	8086	0
PflaKGBHm	OZ251426.1	34300001	34350000	0.0017313875834776	8086	14	8086	0
PflaKGBHm	OZ251426.1	34350001	34400000	0.0	151	0	151	1
PflaHELEm	OZ251426.1	34350001	34400000	0.0131578947368421	152	2	152	0
PflaHELAf	OZ251426.1	34350001	34400000	0.0131578947368421	152	2	152	0
PflaKGBDf	OZ251426.1	34350001	34400000	0.0131578947368421	152	2	152	0
