pop	chromosome	window_pos_1	window_pos_2	avg_pi	no_sites	count_diffs	count_comparisons	count_missing
PflaHELAf	OZ251425.1	1	50000	0.0	106	0	106	0
PflaKGBHm	OZ251425.1	1	50000	0.0	106	0	106	0
PflaHELEm	OZ251425.1	1	50000	0.0	106	0	106	0
PflaKGBDf	OZ251425.1	1	50000	0.0	106	0	106	0
PflaKGBHm	OZ251425.1	50001	100000	0.0	27	0	27	0
PflaHELEm	OZ251425.1	50001	100000	0.0	27	0	27	0
PflaKGBDf	OZ251425.1	50001	100000	0.0	27	0	27	0
PflaHELAf	OZ251425.1	50001	100000	0.0	27	0	27	0
PflaHELAf	OZ251425.1	100001	150000	NA	0	NA	NA	NA
PflaKGBHm	OZ251425.1	100001	150000	NA	0	NA	NA	NA
PflaHELEm	OZ251425.1	100001	150000	NA	0	NA	NA	NA
PflaKGBDf	OZ251425.1	100001	150000	NA	0	NA	NA	NA
PflaKGBHm	OZ251425.1	150001	200000	NA	0	NA	NA	NA
PflaHELEm	OZ251425.1	150001	200000	NA	0	NA	NA	NA
PflaKGBDf	OZ251425.1	150001	200000	NA	0	NA	NA	NA
PflaHELAf	OZ251425.1	150001	200000	NA	0	NA	NA	NA
PflaHELEm	OZ251425.1	200001	250000	0.0054283290924512	11790	64	11790	0
PflaKGBHm	OZ251425.1	200001	250000	0.0027989821882951	11790	33	11790	0
PflaHELAf	OZ251425.1	200001	250000	0.0068702290076335	11790	81	11790	0
PflaKGBDf	OZ251425.1	200001	250000	0.0072094995759117	11790	85	11790	0
PflaHELAf	OZ251425.1	250001	300000	0.0026715318954844	15347	41	15347	0
PflaKGBDf	OZ251425.1	250001	300000	0.0028018505245324	15347	43	15347	0
PflaHELEm	OZ251425.1	250001	300000	0.0033231250407245	15347	51	15347	0
PflaKGBHm	OZ251425.1	250001	300000	0.0026063725809604	15347	40	15347	0
PflaKGBHm	OZ251425.1	300001	350000	0.0055160885917258	11965	66	11965	0
PflaHELAf	OZ251425.1	300001	350000	0.0047638946928541	11965	57	11965	0
PflaHELEm	OZ251425.1	300001	350000	0.0070204763894692	11965	84	11965	0
PflaKGBDf	OZ251425.1	300001	350000	0.0056010700551747	11962	67	11962	3
PflaKGBHm	OZ251425.1	350001	400000	0.0038583903066404	14773	57	14773	126
PflaHELEm	OZ251425.1	350001	400000	0.0040942345123833	14899	61	14899	0
PflaKGBDf	OZ251425.1	350001	400000	0.0040271159138197	14899	60	14899	0
PflaHELAf	OZ251425.1	350001	400000	0.0024833881468554	14899	37	14899	0
PflaKGBDf	OZ251425.1	400001	450000	0.003174183309086	15122	48	15122	27
PflaHELAf	OZ251425.1	400001	450000	0.0021783616080269	15149	33	15149	0
PflaHELEm	OZ251425.1	400001	450000	0.0030365040596739	15149	46	15149	0
PflaKGBHm	OZ251425.1	400001	450000	0.003168735146554	15148	48	15148	1
PflaKGBDf	OZ251425.1	450001	500000	0.0034588611699597	23129	80	23129	0
PflaHELAf	OZ251425.1	450001	500000	0.0019064950821092	23079	44	23079	50
PflaHELEm	OZ251425.1	450001	500000	0.0030265035237148	23129	70	23129	0
PflaKGBHm	OZ251425.1	450001	500000	0.0031994465822128	23129	74	23129	0
PflaKGBHm	OZ251425.1	500001	550000	0.0013717880085653	29888	41	29888	0
PflaKGBDf	OZ251425.1	500001	550000	0.0017732869379014	29888	53	29888	0
PflaHELAf	OZ251425.1	500001	550000	0.0018429164991288	29844	55	29844	44
PflaHELEm	OZ251425.1	500001	550000	0.0025762847965738	29888	77	29888	0
PflaKGBHm	OZ251425.1	550001	600000	0.0011498658489842	23481	27	23481	0
PflaHELEm	OZ251425.1	550001	600000	0.0033218346748434	23481	78	23481	0
PflaHELAf	OZ251425.1	550001	600000	0.0030663089306247	23481	72	23481	0
PflaKGBDf	OZ251425.1	550001	600000	0.0027744579136076	23428	65	23428	53
PflaKGBDf	OZ251425.1	600001	650000	0.0020013342228152	31479	63	31479	3
PflaHELEm	OZ251425.1	600001	650000	0.0048600743305485	31481	153	31481	1
PflaKGBHm	OZ251425.1	600001	650000	0.0007305762022743	31482	23	31482	0
PflaHELAf	OZ251425.1	600001	650000	0.0016007171212703	31236	50	31236	246
PflaHELAf	OZ251425.1	650001	700000	0.0016115445189173	27303	44	27303	2
PflaKGBDf	OZ251425.1	650001	700000	0.0014741652539249	27134	40	27134	171
PflaHELEm	OZ251425.1	650001	700000	0.004285086434222	27304	117	27304	1
PflaKGBHm	OZ251425.1	650001	700000	0.0015453675767164	27178	42	27178	127
PflaKGBDf	OZ251425.1	700001	750000	0.0014318200960161	23746	34	23746	64
PflaHELEm	OZ251425.1	700001	750000	0.0047056846350993	23801	112	23801	9
PflaKGBHm	OZ251425.1	700001	750000	0.0018059638807223	23810	43	23810	0
PflaHELAf	OZ251425.1	700001	750000	0.0010095911155981	23772	24	23772	38
PflaKGBDf	OZ251425.1	750001	800000	0.0031683548557438	20831	66	20831	16
PflaHELEm	OZ251425.1	750001	800000	0.003933419676692	20847	82	20847	0
PflaHELAf	OZ251425.1	750001	800000	0.0016350870443397	20794	34	20794	53
PflaKGBHm	OZ251425.1	750001	800000	0.0034057658176236	20847	71	20847	0
PflaHELAf	OZ251425.1	800001	850000	0.0057626376832737	27418	158	27418	0
PflaKGBDf	OZ251425.1	800001	850000	0.0054355756602947	27412	149	27412	6
PflaHELEm	OZ251425.1	800001	850000	0.0066474305124365	27379	182	27379	39
PflaKGBHm	OZ251425.1	800001	850000	0.0033220165735771	27393	91	27393	25
PflaHELAf	OZ251425.1	850001	900000	0.0039110117838277	19688	77	19688	53
PflaKGBDf	OZ251425.1	850001	900000	0.0022856562373019	19688	45	19688	53
PflaHELEm	OZ251425.1	850001	900000	0.0057276091033503	19729	113	19729	12
PflaKGBHm	OZ251425.1	850001	900000	0.0028367357276733	19741	56	19741	0
PflaHELEm	OZ251425.1	900001	950000	0.0028848927781517	20798	60	20798	3
PflaKGBHm	OZ251425.1	900001	950000	0.0034613720494207	20801	72	20801	0
PflaHELAf	OZ251425.1	900001	950000	0.0022294382784859	20633	46	20633	168
PflaKGBDf	OZ251425.1	900001	950000	0.0033171482140281	20801	69	20801	0
PflaHELAf	OZ251425.1	950001	1000000	0.0034957844951675	19452	68	19452	0
PflaKGBDf	OZ251425.1	950001	1000000	0.0048838165741311	19452	95	19452	0
PflaHELEm	OZ251425.1	950001	1000000	0.005356131225215	19417	104	19417	35
PflaKGBHm	OZ251425.1	950001	1000000	0.005663097199341	19424	110	19424	28
PflaHELAf	OZ251425.1	1000001	1050000	0.0048172537234277	22627	109	22627	98
PflaHELEm	OZ251425.1	1000001	1050000	0.0054565456545654	22725	124	22725	0
PflaKGBHm	OZ251425.1	1000001	1050000	0.0017061781609195	22272	38	22272	453
PflaKGBDf	OZ251425.1	1000001	1050000	0.0038735804208116	22718	88	22718	7
PflaHELAf	OZ251425.1	1050001	1100000	0.00548382918088	23159	127	23159	7
PflaKGBDf	OZ251425.1	1050001	1100000	0.0042735042735042	23166	99	23166	0
PflaHELEm	OZ251425.1	1050001	1100000	0.0086333419666753	23166	200	23166	0
PflaKGBHm	OZ251425.1	1050001	1100000	0.004705171371838	23166	109	23166	0
PflaHELEm	OZ251425.1	1100001	1150000	0.0076858871809139	28754	221	28754	0
PflaKGBHm	OZ251425.1	1100001	1150000	0.0051820679581261	28753	149	28753	1
PflaKGBDf	OZ251425.1	1100001	1150000	0.0036883677233028	28739	106	28739	15
PflaHELAf	OZ251425.1	1100001	1150000	0.0062862331494028	28634	180	28634	120
PflaHELAf	OZ251425.1	1150001	1200000	0.0059471641417303	15974	95	15974	67
PflaKGBHm	OZ251425.1	1150001	1200000	0.0052112764487976	15927	83	15927	114
PflaHELEm	OZ251425.1	1150001	1200000	0.0080418926500841	16041	129	16041	0
PflaKGBDf	OZ251425.1	1150001	1200000	0.004401131719585	15905	70	15905	136
PflaKGBDf	OZ251425.1	1200001	1250000	0.0064599483204134	20124	130	20124	0
PflaHELAf	OZ251425.1	1200001	1250000	0.0042739290328993	20122	86	20122	2
PflaKGBHm	OZ251425.1	1200001	1250000	0.0058636453985291	20124	118	20124	0
PflaHELEm	OZ251425.1	1200001	1250000	0.0069568674219837	20124	140	20124	0
PflaHELAf	OZ251425.1	1250001	1300000	0.004174626760065	28266	118	28266	0
PflaHELEm	OZ251425.1	1250001	1300000	0.00824370223606	28264	233	28264	2
PflaKGBDf	OZ251425.1	1250001	1300000	0.0046699214604118	28266	132	28266	0
PflaKGBHm	OZ251425.1	1250001	1300000	0.0054490128087184	28262	154	28262	4
PflaHELAf	OZ251425.1	1300001	1350000	0.0039688968086829	24692	98	24692	8
PflaKGBDf	OZ251425.1	1300001	1350000	0.0051012145748987	24700	126	24700	0
PflaKGBHm	OZ251425.1	1300001	1350000	0.0055232912317751	24623	136	24623	77
PflaHELEm	OZ251425.1	1300001	1350000	0.0068825910931174	24700	170	24700	0
PflaHELEm	OZ251425.1	1350001	1400000	0.008025628055977	29655	238	29655	0
PflaKGBHm	OZ251425.1	1350001	1400000	0.0033383915022761	29655	99	29655	0
PflaKGBDf	OZ251425.1	1350001	1400000	0.0054628224582701	29655	162	29655	0
PflaHELAf	OZ251425.1	1350001	1400000	0.00521274075077	29543	154	29543	112
PflaHELAf	OZ251425.1	1400001	1450000	0.0030976497197364	20338	63	20338	0
PflaHELEm	OZ251425.1	1400001	1450000	0.00703117317337	20338	143	20338	0
PflaKGBHm	OZ251425.1	1400001	1450000	0.0046774987690792	20310	95	20310	28
PflaKGBDf	OZ251425.1	1400001	1450000	0.006107171000788	20304	124	20304	34
PflaKGBDf	OZ251425.1	1450001	1500000	0.0046649703138252	23580	110	23580	0
PflaHELEm	OZ251425.1	1450001	1500000	0.006404003562492	23579	151	23579	1
PflaKGBHm	OZ251425.1	1450001	1500000	0.0041253774507719	23513	97	23513	67
PflaHELAf	OZ251425.1	1450001	1500000	0.0061068702290076	23580	144	23580	0
PflaHELAf	OZ251425.1	1500001	1550000	0.0055916085057752	24501	137	24501	218
PflaKGBHm	OZ251425.1	1500001	1550000	0.0037622881184513	24719	93	24719	0
PflaHELEm	OZ251425.1	1500001	1550000	0.0062545690845585	24622	154	24622	97
PflaKGBDf	OZ251425.1	1500001	1550000	0.0058840238607312	24643	145	24643	76
PflaKGBHm	OZ251425.1	1550001	1600000	0.0033207716129995	26801	89	26801	3
PflaHELEm	OZ251425.1	1550001	1600000	0.0073123414415758	26804	196	26804	0
PflaKGBDf	OZ251425.1	1550001	1600000	0.0055215639456797	26804	148	26804	0
PflaHELAf	OZ251425.1	1550001	1600000	0.0070138785255931	26804	188	26804	0
PflaKGBDf	OZ251425.1	1600001	1650000	0.0055929318310772	24674	138	24674	0
PflaHELEm	OZ251425.1	1600001	1650000	0.0105079519636481	24648	259	24648	26
PflaKGBHm	OZ251425.1	1600001	1650000	0.0051884880421564	24670	128	24670	4
PflaHELAf	OZ251425.1	1600001	1650000	0.0052281754073113	24674	129	24674	0
PflaKGBDf	OZ251425.1	1650001	1700000	0.0069242269258006	25418	176	25418	1
PflaKGBHm	OZ251425.1	1650001	1700000	0.0062158228097092	25419	158	25419	0
PflaHELEm	OZ251425.1	1650001	1700000	0.0097958220228962	25419	249	25419	0
PflaHELAf	OZ251425.1	1650001	1700000	0.0047758130723081	25336	121	25336	83
PflaHELEm	OZ251425.1	1700001	1750000	0.0087769509635565	26205	230	26205	0
PflaHELAf	OZ251425.1	1700001	1750000	0.0061820263308528	26205	162	26205	0
PflaKGBDf	OZ251425.1	1700001	1750000	0.0050379756497843	26201	132	26201	4
PflaKGBHm	OZ251425.1	1700001	1750000	0.0047351739412685	26187	124	26187	18
PflaKGBDf	OZ251425.1	1750001	1800000	0.0041839253587716	23901	100	23901	28
PflaHELAf	OZ251425.1	1750001	1800000	0.0066161383526652	23881	158	23881	48
PflaKGBHm	OZ251425.1	1750001	1800000	0.0054745288144092	23929	131	23929	0
PflaHELEm	OZ251425.1	1750001	1800000	0.0083998495549333	23929	201	23929	0
PflaKGBHm	OZ251425.1	1800001	1850000	0.0049784415699871	22497	112	22497	1956
PflaHELEm	OZ251425.1	1800001	1850000	0.0089559563243773	24453	219	24453	0
PflaKGBDf	OZ251425.1	1800001	1850000	0.0071974808816914	24453	176	24453	0
PflaHELAf	OZ251425.1	1800001	1850000	0.0049482681061628	24453	121	24453	0
PflaKGBDf	OZ251425.1	1850001	1900000	0.0081002354255616	25061	203	25061	0
PflaHELEm	OZ251425.1	1850001	1900000	0.0124895255576393	25061	313	25061	0
PflaHELAf	OZ251425.1	1850001	1900000	0.0091061586388689	25038	228	25038	23
PflaKGBHm	OZ251425.1	1850001	1900000	0.0075016958620964	25061	188	25061	0
PflaHELAf	OZ251425.1	1900001	1950000	0.0053736225224874	25681	138	25681	0
PflaKGBDf	OZ251425.1	1900001	1950000	0.0036213543086328	25681	93	25681	0
PflaHELEm	OZ251425.1	1900001	1950000	0.0068143763872123	25681	175	25681	0
PflaKGBHm	OZ251425.1	1900001	1950000	0.0047116545305868	25681	121	25681	0
PflaHELAf	OZ251425.1	1950001	2000000	0.0042462845010615	28731	122	28731	149
PflaKGBDf	OZ251425.1	1950001	2000000	0.0029091916603172	28874	84	28874	6
PflaHELEm	OZ251425.1	1950001	2000000	0.0046055821040238	28878	133	28878	2
PflaKGBHm	OZ251425.1	1950001	2000000	0.0037049861495844	28880	107	28880	0
PflaHELEm	OZ251425.1	2000001	2050000	0.0079540795407954	24390	194	24390	34
PflaKGBHm	OZ251425.1	2000001	2050000	0.0063088897992625	24410	154	24410	14
PflaHELAf	OZ251425.1	2000001	2050000	0.0056122239973782	24411	137	24411	13
PflaKGBDf	OZ251425.1	2000001	2050000	0.0058170496907132	24411	142	24411	13
PflaHELAf	OZ251425.1	2050001	2100000	0.0052678628440074	31322	165	31322	3
PflaKGBHm	OZ251425.1	2050001	2100000	0.0056103695105436	31014	174	31014	311
PflaHELEm	OZ251425.1	2050001	2100000	0.0076957465832162	31316	241	31316	9
PflaKGBDf	OZ251425.1	2050001	2100000	0.0057783169454731	31324	181	31324	1
PflaHELEm	OZ251425.1	2100001	2150000	0.0083454828817052	19891	166	19891	0
PflaKGBHm	OZ251425.1	2100001	2150000	0.0060865191146881	19880	121	19880	11
PflaKGBDf	OZ251425.1	2100001	2150000	0.0031725249269815	19858	63	19858	33
PflaHELAf	OZ251425.1	2100001	2150000	0.0056306872454879	19891	112	19891	0
PflaHELAf	OZ251425.1	2150001	2200000	0.0070195963732085	17095	120	17095	0
PflaKGBHm	OZ251425.1	2150001	2200000	0.0048552208248025	17095	83	17095	0
PflaHELEm	OZ251425.1	2150001	2200000	0.0083650190114068	17095	143	17095	0
PflaKGBDf	OZ251425.1	2150001	2200000	0.0047967241883591	17095	82	17095	0
PflaHELAf	OZ251425.1	2200001	2250000	0.0072036673215455	21378	154	21378	0
PflaKGBDf	OZ251425.1	2200001	2250000	0.0032276171765366	21378	69	21378	0
PflaHELEm	OZ251425.1	2200001	2250000	0.0069230049583684	21378	148	21378	0
PflaKGBHm	OZ251425.1	2200001	2250000	0.0042099354476564	21378	90	21378	0
PflaHELEm	OZ251425.1	2250001	2300000	0.0094392004441976	19811	187	19811	0
PflaKGBHm	OZ251425.1	2250001	2300000	0.0073744822709364	19798	146	19798	13
PflaHELAf	OZ251425.1	2250001	2300000	0.0045509708737864	19776	90	19776	35
PflaKGBDf	OZ251425.1	2250001	2300000	0.0065643304382952	19804	130	19804	7
PflaKGBHm	OZ251425.1	2300001	2350000	0.003415014079444	33382	114	33382	0
PflaHELEm	OZ251425.1	2300001	2350000	0.005511952549278	33382	184	33382	0
PflaKGBDf	OZ251425.1	2300001	2350000	0.004167541150721	33353	139	33353	29
PflaHELAf	OZ251425.1	2300001	2350000	0.0030255826493319	33382	101	33382	0
PflaHELAf	OZ251425.1	2350001	2400000	0.0025917268015042	19678	51	19678	0
PflaKGBDf	OZ251425.1	2350001	2400000	0.0052342717755869	19678	103	19678	0
PflaHELEm	OZ251425.1	2350001	2400000	0.0069620896432564	19678	137	19678	0
PflaKGBHm	OZ251425.1	2350001	2400000	0.0047260900498018	19678	93	19678	0
PflaKGBHm	OZ251425.1	2400001	2450000	0.0026615969581749	34190	91	34190	0
PflaHELEm	OZ251425.1	2400001	2450000	0.005206200643463	34190	178	34190	0
PflaKGBDf	OZ251425.1	2400001	2450000	0.003626791459491	34190	124	34190	0
PflaHELAf	OZ251425.1	2400001	2450000	0.0027785902310617	34190	95	34190	0
PflaKGBDf	OZ251425.1	2450001	2500000	0.0039582583663188	22232	88	22232	0
PflaHELEm	OZ251425.1	2450001	2500000	0.0065221302626844	22232	145	22232	0
PflaKGBHm	OZ251425.1	2450001	2500000	0.005352644836272	22232	119	22232	0
PflaHELAf	OZ251425.1	2450001	2500000	0.0042346157311469	22198	94	22198	34
PflaHELEm	OZ251425.1	2500001	2550000	0.0097953952487755	21847	214	21847	0
PflaKGBHm	OZ251425.1	2500001	2550000	0.0066892696783652	21826	146	21826	21
PflaHELAf	OZ251425.1	2500001	2550000	0.0062279617163529	21837	136	21837	10
PflaKGBDf	OZ251425.1	2500001	2550000	0.0078732948823583	21846	172	21846	1
PflaKGBHm	OZ251425.1	2550001	2600000	0.005521472392638	21190	117	21190	0
PflaHELAf	OZ251425.1	2550001	2600000	0.0059956566896421	21182	127	21182	8
PflaKGBDf	OZ251425.1	2550001	2600000	0.0047247814788566	21165	100	21165	25
PflaHELEm	OZ251425.1	2550001	2600000	0.0084473808400188	21190	179	21190	0
PflaHELAf	OZ251425.1	2600001	2650000	0.0067718078945023	22446	152	22446	0
PflaKGBDf	OZ251425.1	2600001	2650000	0.0066162993428405	22369	148	22369	77
PflaHELEm	OZ251425.1	2600001	2650000	0.0085984139713089	22446	193	22446	0
PflaKGBHm	OZ251425.1	2600001	2650000	0.0049897531854227	22446	112	22446	0
PflaKGBHm	OZ251425.1	2650001	2700000	0.0065934065934065	28665	189	28665	5
PflaHELEm	OZ251425.1	2650001	2700000	0.0090338332752005	28670	259	28670	0
PflaKGBDf	OZ251425.1	2650001	2700000	0.0074642483432159	28670	214	28670	0
PflaHELAf	OZ251425.1	2650001	2700000	0.0069759330310429	28670	200	28670	0
PflaHELEm	OZ251425.1	2700001	2750000	0.0067219679633867	34960	235	34960	0
PflaKGBDf	OZ251425.1	2700001	2750000	0.0036946870972361	34915	129	34915	45
PflaHELAf	OZ251425.1	2700001	2750000	0.0048340961098398	34960	169	34960	0
PflaKGBHm	OZ251425.1	2700001	2750000	0.0041557994898397	34891	145	34891	69
PflaHELAf	OZ251425.1	2750001	2800000	0.0081493448213965	27855	227	27855	0
PflaHELEm	OZ251425.1	2750001	2800000	0.0098021615022799	27851	273	27851	4
PflaKGBDf	OZ251425.1	2750001	2800000	0.0088673487704182	27855	247	27855	0
PflaKGBHm	OZ251425.1	2750001	2800000	0.0045797122354044	27731	127	27731	124
PflaHELAf	OZ251425.1	2800001	2850000	0.0081646684714881	23271	190	23271	98
PflaKGBDf	OZ251425.1	2800001	2850000	0.0060777264167094	23364	142	23364	5
PflaKGBHm	OZ251425.1	2800001	2850000	0.0078308870726175	23369	183	23369	0
PflaHELEm	OZ251425.1	2800001	2850000	0.0087805713796205	23347	205	23347	22
PflaKGBDf	OZ251425.1	2850001	2900000	0.0058764636747486	22973	135	22973	7
PflaHELEm	OZ251425.1	2850001	2900000	0.0088772845953002	22980	204	22980	0
PflaKGBHm	OZ251425.1	2850001	2900000	0.0067363632387034	22861	154	22861	119
PflaHELAf	OZ251425.1	2850001	2900000	0.0067777340504613	22869	155	22869	111
PflaKGBHm	OZ251425.1	2900001	2950000	0.0054212554127314	29329	159	29329	0
PflaHELEm	OZ251425.1	2900001	2950000	0.0083876027140373	29329	246	29329	0
PflaKGBDf	OZ251425.1	2900001	2950000	0.0073306283882846	29329	215	29329	0
PflaHELAf	OZ251425.1	2900001	2950000	0.0058645027106277	29329	172	29329	0
PflaKGBHm	OZ251425.1	2950001	3000000	0.0068039140041384	28513	194	28513	1
PflaHELEm	OZ251425.1	2950001	3000000	0.0099600196394753	28514	284	28514	0
PflaKGBDf	OZ251425.1	2950001	3000000	0.006698463912464	28514	191	28514	0
PflaHELAf	OZ251425.1	2950001	3000000	0.0076453671880479	28514	218	28514	0
PflaKGBHm	OZ251425.1	3000001	3050000	0.005272028002247	23141	122	23141	0
PflaHELEm	OZ251425.1	3000001	3050000	0.0108897627587398	23141	252	23141	0
PflaKGBDf	OZ251425.1	3000001	3050000	0.0067087950138504	23104	155	23104	37
PflaHELAf	OZ251425.1	3000001	3050000	0.0055313080679313	23141	128	23141	0
PflaHELAf	OZ251425.1	3050001	3100000	0.0058132187539491	23739	138	23739	0
PflaKGBDf	OZ251425.1	3050001	3100000	0.0071612115084881	23739	170	23739	0
PflaHELEm	OZ251425.1	3050001	3100000	0.0084253096301289	23738	200	23738	1
PflaKGBHm	OZ251425.1	3050001	3100000	0.005181347150259	23739	123	23739	0
PflaKGBDf	OZ251425.1	3100001	3150000	0.0083220959352725	25955	216	25955	2
PflaKGBHm	OZ251425.1	3100001	3150000	0.0074738991408868	25957	194	25957	0
PflaHELEm	OZ251425.1	3100001	3150000	0.0092542608159173	25934	240	25934	23
PflaHELAf	OZ251425.1	3100001	3150000	0.0069827552949346	25921	181	25921	36
PflaHELEm	OZ251425.1	3150001	3200000	0.0108384343235806	17807	193	17807	0
PflaKGBDf	OZ251425.1	3150001	3200000	0.006851238277082	17807	122	17807	0
PflaHELAf	OZ251425.1	3150001	3200000	0.0062896613691245	17807	112	17807	0
PflaKGBHm	OZ251425.1	3150001	3200000	0.006401976750716	17807	114	17807	0
PflaKGBHm	OZ251425.1	3200001	3250000	0.005484731692855	20238	111	20238	11
PflaHELEm	OZ251425.1	3200001	3250000	0.0089880981776877	20249	182	20249	0
PflaKGBDf	OZ251425.1	3200001	3250000	0.0078082530269335	20235	158	20235	14
PflaHELAf	OZ251425.1	3200001	3250000	0.0079510099264161	20249	161	20249	0
PflaHELEm	OZ251425.1	3250001	3300000	0.0120823798627002	21850	264	21850	0
PflaKGBDf	OZ251425.1	3250001	3300000	0.0081006864988558	21850	177	21850	0
PflaHELAf	OZ251425.1	3250001	3300000	0.0076430205949656	21850	167	21850	0
PflaKGBHm	OZ251425.1	3250001	3300000	0.0077572753144221	21786	169	21786	64
PflaHELEm	OZ251425.1	3300001	3350000	0.009208858399821	26822	247	26822	1
PflaKGBHm	OZ251425.1	3300001	3350000	0.0067018607959863	26709	179	26709	114
PflaKGBDf	OZ251425.1	3300001	3350000	0.0058159042612683	26823	156	26823	0
PflaHELAf	OZ251425.1	3300001	3350000	0.0053685270104015	26823	144	26823	0
PflaKGBHm	OZ251425.1	3350001	3400000	0.0075936002598879	24626	187	24626	0
PflaHELEm	OZ251425.1	3350001	3400000	0.0101518720051977	24626	250	24626	0
PflaKGBDf	OZ251425.1	3350001	3400000	0.0072749441170493	24605	179	24605	21
PflaHELAf	OZ251425.1	3350001	3400000	0.0071063104036384	24626	175	24626	0
PflaHELEm	OZ251425.1	3400001	3450000	0.0082783268298019	27421	227	27421	81
PflaKGBDf	OZ251425.1	3400001	3450000	0.006075378346915	27488	167	27488	14
PflaHELAf	OZ251425.1	3400001	3450000	0.0065621582209259	27430	180	27430	72
PflaKGBHm	OZ251425.1	3400001	3450000	0.0050905388699003	27502	140	27502	0
PflaHELAf	OZ251425.1	3450001	3500000	0.0075778951187069	24809	188	24809	0
PflaHELEm	OZ251425.1	3450001	3500000	0.0112862267725422	24809	280	24809	0
PflaKGBHm	OZ251425.1	3450001	3500000	0.0075778951187069	24809	188	24809	0
PflaKGBDf	OZ251425.1	3450001	3500000	0.0074972792131887	24809	186	24809	0
PflaHELEm	OZ251425.1	3500001	3550000	0.0101551480959097	24815	252	24815	0
PflaHELAf	OZ251425.1	3500001	3550000	0.0057626435623614	24815	143	24815	0
PflaKGBHm	OZ251425.1	3500001	3550000	0.0065283094902276	24815	162	24815	0
PflaKGBDf	OZ251425.1	3500001	3550000	0.0086641144469071	24815	215	24815	0
PflaKGBHm	OZ251425.1	3550001	3600000	0.0064935064935064	20944	136	20944	2
PflaHELEm	OZ251425.1	3550001	3600000	0.0090530248598936	20877	189	20877	69
PflaKGBDf	OZ251425.1	3550001	3600000	0.006158693784016	20946	129	20946	0
PflaHELAf	OZ251425.1	3550001	3600000	0.0081366965012205	20893	170	20893	53
PflaKGBHm	OZ251425.1	3600001	3650000	0.0040307101727447	31260	126	31260	0
PflaHELEm	OZ251425.1	3600001	3650000	0.0117722328854766	31260	368	31260	0
PflaKGBDf	OZ251425.1	3600001	3650000	0.0066538707613563	31260	208	31260	0
PflaHELAf	OZ251425.1	3600001	3650000	0.0082853486884197	31260	259	31260	0
PflaHELAf	OZ251425.1	3650001	3700000	0.0051974104130573	32901	171	32901	35
PflaKGBHm	OZ251425.1	3650001	3700000	0.0036405910606663	32687	119	32687	249
PflaHELEm	OZ251425.1	3650001	3700000	0.0078421836529985	32899	258	32899	37
PflaKGBDf	OZ251425.1	3650001	3700000	0.0060768108896451	32912	200	32912	24
PflaKGBHm	OZ251425.1	3700001	3750000	0.0063263204354862	27188	172	27188	15
PflaHELEm	OZ251425.1	3700001	3750000	0.0105135463000404	27203	286	27203	0
PflaKGBDf	OZ251425.1	3700001	3750000	0.0066904385545711	27203	182	27203	0
PflaHELAf	OZ251425.1	3700001	3750000	0.0079770613535271	27203	217	27203	0
PflaKGBDf	OZ251425.1	3750001	3800000	0.0085015063348603	24231	206	24231	0
PflaHELAf	OZ251425.1	3750001	3800000	0.0076199942021783	24147	184	24147	84
PflaKGBHm	OZ251425.1	3750001	3800000	0.0070570756468986	24231	171	24231	0
PflaHELEm	OZ251425.1	3750001	3800000	0.0111014815731913	24231	269	24231	0
PflaKGBDf	OZ251425.1	3800001	3850000	0.0047549632097737	28812	137	28812	18
PflaHELAf	OZ251425.1	3800001	3850000	0.0074575095386749	28830	215	28830	0
PflaKGBHm	OZ251425.1	3800001	3850000	0.0047624013626725	28767	137	28767	63
PflaHELEm	OZ251425.1	3800001	3850000	0.0086715227193895	28830	250	28830	0
PflaHELAf	OZ251425.1	3850001	3900000	0.0051575931232091	33155	171	33155	0
PflaKGBDf	OZ251425.1	3850001	3900000	0.0063942090182476	33155	212	33155	0
PflaHELEm	OZ251425.1	3850001	3900000	0.0073895340069371	33155	245	33155	0
PflaKGBHm	OZ251425.1	3850001	3900000	0.0053385613029708	33155	177	33155	0
PflaHELAf	OZ251425.1	3900001	3950000	0.0052344105598543	30758	161	30758	0
PflaKGBHm	OZ251425.1	3900001	3950000	0.0058869446432056	30746	181	30746	12
PflaHELEm	OZ251425.1	3900001	3950000	0.0089082515118018	30758	274	30758	0
PflaKGBDf	OZ251425.1	3900001	3950000	0.0054294817608427	30758	167	30758	0
PflaKGBHm	OZ251425.1	3950001	4000000	0.003947621798575	31158	123	31158	0
PflaHELEm	OZ251425.1	3950001	4000000	0.0066435586366262	31158	207	31158	0
PflaHELAf	OZ251425.1	3950001	4000000	0.0031131651582258	31158	97	31158	0
PflaKGBDf	OZ251425.1	3950001	4000000	0.0039797162847422	31158	124	31158	0
PflaHELAf	OZ251425.1	4000001	4050000	0.0051673447569269	33673	174	33673	0
PflaKGBDf	OZ251425.1	4000001	4050000	0.0043655153980934	33673	147	33673	0
PflaHELEm	OZ251425.1	4000001	4050000	0.0066819113236123	33673	225	33673	0
PflaKGBHm	OZ251425.1	4000001	4050000	0.0036230808065809	33673	122	33673	0
PflaKGBHm	OZ251425.1	4050001	4100000	0.003433975222548	37857	130	37857	0
PflaHELEm	OZ251425.1	4050001	4100000	0.0068415352510764	37857	259	37857	0
PflaKGBDf	OZ251425.1	4050001	4100000	0.0036272173682817	37770	137	37770	87
PflaHELAf	OZ251425.1	4050001	4100000	0.0046490741474496	37857	176	37857	0
PflaKGBHm	OZ251425.1	4100001	4150000	0.0051396496922972	29574	152	29574	0
PflaHELEm	OZ251425.1	4100001	4150000	0.008487184689254	29574	251	29574	0
PflaKGBDf	OZ251425.1	4100001	4150000	0.0061899607630902	29564	183	29564	10
PflaHELAf	OZ251425.1	4100001	4150000	0.0069317643876377	29574	205	29574	0
PflaHELEm	OZ251425.1	4150001	4200000	0.0068208190643307	35333	241	35333	0
PflaKGBDf	OZ251425.1	4150001	4200000	0.0067925169105368	35333	240	35333	0
PflaHELAf	OZ251425.1	4150001	4200000	0.0057170350663685	35333	202	35333	0
PflaKGBHm	OZ251425.1	4150001	4200000	0.0062576096497437	35317	221	35317	16
PflaHELEm	OZ251425.1	4200001	4250000	0.006002824858757	36816	221	36816	0
PflaKGBHm	OZ251425.1	4200001	4250000	0.004318774445893	36816	159	36816	0
PflaHELAf	OZ251425.1	4200001	4250000	0.0055139069969578	36816	203	36816	0
PflaKGBDf	OZ251425.1	4200001	4250000	0.0011136462407648	36816	41	36816	0
PflaKGBHm	OZ251425.1	4250001	4300000	0.0032664642998548	30308	99	30308	0
PflaHELEm	OZ251425.1	4250001	4300000	0.0090075227662663	30308	273	30308	0
PflaKGBDf	OZ251425.1	4250001	4300000	0.0052131450442127	30308	158	30308	0
PflaHELAf	OZ251425.1	4250001	4300000	0.0049491883331133	30308	150	30308	0
PflaHELAf	OZ251425.1	4300001	4350000	0.0075306527471929	36783	277	36783	7
PflaHELEm	OZ251425.1	4300001	4350000	0.0095134547431367	36790	350	36790	0
PflaKGBHm	OZ251425.1	4300001	4350000	0.0050286770502052	36789	185	36789	1
PflaKGBDf	OZ251425.1	4300001	4350000	0.0061192852674807	36769	225	36769	21
PflaHELAf	OZ251425.1	4350001	4400000	0.004878774356686	33615	164	33615	0
PflaKGBDf	OZ251425.1	4350001	4400000	0.0045812881154246	33615	154	33615	0
PflaHELEm	OZ251425.1	4350001	4400000	0.0072884129109028	33615	245	33615	0
PflaKGBHm	OZ251425.1	4350001	4400000	0.0038375725122713	33615	129	33615	0
PflaHELAf	OZ251425.1	4400001	4450000	0.0053373785044103	35598	190	35598	0
PflaKGBHm	OZ251425.1	4400001	4450000	0.0029215124445193	35598	104	35598	0
PflaKGBDf	OZ251425.1	4400001	4450000	0.0069947749873588	35598	249	35598	0
PflaHELEm	OZ251425.1	4400001	4450000	0.0076127872352379	35598	271	35598	0
PflaHELAf	OZ251425.1	4450001	4500000	0.0058466790136906	27537	161	27537	62
PflaKGBDf	OZ251425.1	4450001	4500000	0.0057610782999384	27599	159	27599	0
PflaHELEm	OZ251425.1	4450001	4500000	0.0098191963476937	27599	271	27599	0
PflaKGBHm	OZ251425.1	4450001	4500000	0.0050364143628392	27599	139	27599	0
PflaKGBHm	OZ251425.1	4500001	4550000	0.0046873989784702	30934	145	30934	0
PflaHELAf	OZ251425.1	4500001	4550000	0.0064330510118316	30934	199	30934	0
PflaKGBDf	OZ251425.1	4500001	4550000	0.0059502635578695	30923	184	30923	11
PflaHELEm	OZ251425.1	4500001	4550000	0.0093747979569405	30934	290	30934	0
PflaHELEm	OZ251425.1	4550001	4600000	0.0079277692138295	31787	252	31787	0
PflaKGBDf	OZ251425.1	4550001	4600000	0.0073614999842702	31787	234	31787	0
PflaHELAf	OZ251425.1	4550001	4600000	0.0060294210493086	31678	191	31678	109
PflaKGBHm	OZ251425.1	4550001	4600000	0.0063233397300783	31787	201	31787	0
PflaKGBHm	OZ251425.1	4600001	4650000	0.0039679358717434	24950	99	24950	0
PflaHELAf	OZ251425.1	4600001	4650000	0.006292837388272	24949	157	24949	1
PflaKGBDf	OZ251425.1	4600001	4650000	0.0054541808702626	24935	136	24935	15
PflaHELEm	OZ251425.1	4600001	4650000	0.0062925851703406	24950	157	24950	0
PflaKGBHm	OZ251425.1	4650001	4700000	0.0047673364335643	34191	163	34191	0
PflaHELAf	OZ251425.1	4650001	4700000	0.0052060483753034	34191	178	34191	0
PflaKGBDf	OZ251425.1	4650001	4700000	0.0058845917381503	34157	201	34157	34
PflaHELEm	OZ251425.1	4650001	4700000	0.0073411131584335	34191	251	34191	0
PflaKGBDf	OZ251425.1	4700001	4750000	0.0048198883815322	31536	152	31536	0
PflaKGBHm	OZ251425.1	4700001	4750000	0.0058980213089802	31536	186	31536	0
PflaHELEm	OZ251425.1	4700001	4750000	0.0090690005073566	31536	286	31536	0
PflaHELAf	OZ251425.1	4700001	4750000	0.0039362580153641	31502	124	31502	34
PflaKGBHm	OZ251425.1	4750001	4800000	0.0064430126638524	27006	174	27006	0
PflaHELEm	OZ251425.1	4750001	4800000	0.0086277123602162	27006	233	27006	0
PflaKGBDf	OZ251425.1	4750001	4800000	0.006739243131156	27006	182	27006	0
PflaHELAf	OZ251425.1	4750001	4800000	0.0066281567059172	27006	179	27006	0
PflaHELAf	OZ251425.1	4800001	4850000	0.0064538635967207	34398	222	34398	0
PflaKGBHm	OZ251425.1	4800001	4850000	0.0095645095645095	34398	329	34398	0
PflaHELEm	OZ251425.1	4800001	4850000	0.0127914413628699	34398	440	34398	0
PflaKGBDf	OZ251425.1	4800001	4850000	0.0071580295050484	34367	246	34367	31
PflaHELAf	OZ251425.1	4850001	4900000	0.007627765064836	36708	280	36708	0
PflaKGBHm	OZ251425.1	4850001	4900000	0.0072463768115942	36708	266	36708	0
PflaHELEm	OZ251425.1	4850001	4900000	0.0121226980494715	36708	445	36708	0
PflaKGBDf	OZ251425.1	4850001	4900000	0.0085539936798518	36708	314	36708	0
PflaKGBHm	OZ251425.1	4900001	4950000	0.0037574654906458	25283	95	25283	59
PflaHELEm	OZ251425.1	4900001	4950000	0.0064320101018072	25342	163	25342	0
PflaKGBDf	OZ251425.1	4900001	4950000	0.0062741693631126	25342	159	25342	0
PflaHELAf	OZ251425.1	4900001	4950000	0.0063530897324599	25342	161	25342	0
PflaHELEm	OZ251425.1	4950001	5000000	0.0097925009100837	27470	269	27470	0
PflaKGBHm	OZ251425.1	4950001	5000000	0.0066994356453668	27465	184	27465	5
PflaHELAf	OZ251425.1	4950001	5000000	0.0047792776358993	27410	131	27410	60
PflaKGBDf	OZ251425.1	4950001	5000000	0.0065161994903531	27470	179	27470	0
PflaHELAf	OZ251425.1	5000001	5050000	0.0086643099743536	28854	250	28854	0
PflaKGBDf	OZ251425.1	5000001	5050000	0.0079018506966105	28854	228	28854	0
PflaHELEm	OZ251425.1	5000001	5050000	0.0101892285298398	28854	294	28854	0
PflaKGBHm	OZ251425.1	5000001	5050000	0.0078775680177679	28816	227	28816	38
PflaKGBHm	OZ251425.1	5050001	5100000	0.0063086444400079	25045	158	25045	0
PflaHELEm	OZ251425.1	5050001	5100000	0.0105813767768727	25044	265	25044	1
PflaKGBDf	OZ251425.1	5050001	5100000	0.0079856258734278	25045	200	25045	0
PflaHELAf	OZ251425.1	5050001	5100000	0.0081855933556939	25044	205	25044	1
PflaHELEm	OZ251425.1	5100001	5150000	0.0093960694304977	27884	262	27884	0
PflaKGBHm	OZ251425.1	5100001	5150000	0.0087527352297593	27877	244	27877	7
PflaKGBDf	OZ251425.1	5100001	5150000	0.0051283890403098	27884	143	27884	0
PflaHELAf	OZ251425.1	5100001	5150000	0.0041609871583327	27878	116	27878	6
PflaHELEm	OZ251425.1	5150001	5200000	0.0091711204579235	31621	290	31621	0
PflaKGBHm	OZ251425.1	5150001	5200000	0.0075266436861579	31621	238	31621	0
PflaKGBDf	OZ251425.1	5150001	5200000	0.00563077312413	31612	178	31612	9
PflaHELAf	OZ251425.1	5150001	5200000	0.0070522753866101	31621	223	31621	0
PflaHELEm	OZ251425.1	5200001	5250000	0.0090212435735764	30927	279	30927	0
PflaKGBDf	OZ251425.1	5200001	5250000	0.0070165227794483	30927	217	30927	0
PflaHELAf	OZ251425.1	5200001	5250000	0.0058524913505998	30927	181	30927	0
PflaKGBHm	OZ251425.1	5200001	5250000	0.0060155239327296	30920	186	30920	7
PflaHELAf	OZ251425.1	5250001	5300000	0.0072984177030419	34254	250	34254	0
PflaKGBDf	OZ251425.1	5250001	5300000	0.0082034214982191	34254	281	34254	0
PflaHELEm	OZ251425.1	5250001	5300000	0.0121153733870496	34254	415	34254	0
PflaKGBHm	OZ251425.1	5250001	5300000	0.0068313189700472	34254	234	34254	0
PflaKGBDf	OZ251425.1	5300001	5350000	0.0075023549993271	29724	223	29724	0
PflaKGBHm	OZ251425.1	5300001	5350000	0.0082761404925312	29724	246	29724	0
PflaHELEm	OZ251425.1	5300001	5350000	0.0102610684968375	29724	305	29724	0
PflaHELAf	OZ251425.1	5300001	5350000	0.0081752119499394	29724	243	29724	0
PflaHELEm	OZ251425.1	5350001	5400000	0.0095191152459874	32461	309	32461	0
PflaKGBDf	OZ251425.1	5350001	5400000	0.0068081698037645	32461	221	32461	0
PflaHELAf	OZ251425.1	5350001	5400000	0.0060072086503804	32461	195	32461	0
PflaKGBHm	OZ251425.1	5350001	5400000	0.0077323557499768	32461	251	32461	0
PflaHELAf	OZ251425.1	5400001	5450000	0.008782316952832	30402	267	30402	22
PflaKGBDf	OZ251425.1	5400001	5450000	0.007855898497847	30423	239	30423	1
PflaHELEm	OZ251425.1	5400001	5450000	0.0113397317906915	30424	345	30424	0
PflaKGBHm	OZ251425.1	5400001	5450000	0.0077746664470433	30355	236	30355	69
PflaKGBDf	OZ251425.1	5450001	5500000	0.0037489812550937	36810	138	36810	3
PflaHELEm	OZ251425.1	5450001	5500000	0.0063298016843249	36810	233	36810	3
PflaKGBHm	OZ251425.1	5450001	5500000	0.005541520658463	36813	204	36813	0
PflaHELAf	OZ251425.1	5450001	5500000	0.0053513704397902	36813	197	36813	0
PflaHELAf	OZ251425.1	5500001	5550000	0.0069039538189307	34473	238	34473	0
PflaKGBDf	OZ251425.1	5500001	5550000	0.0057436254460012	34473	198	34473	0
PflaHELEm	OZ251425.1	5500001	5550000	0.0082093232384764	34473	283	34473	0
PflaKGBHm	OZ251425.1	5500001	5550000	0.0053665187247991	34473	185	34473	0
PflaHELEm	OZ251425.1	5550001	5600000	0.0079109580494622	40071	317	40071	0
PflaHELAf	OZ251425.1	5550001	5600000	0.0044421152454393	40071	178	40071	0
PflaKGBDf	OZ251425.1	5550001	5600000	0.0057398118339946	40071	230	40071	0
PflaKGBHm	OZ251425.1	5550001	5600000	0.0049825108835149	39739	198	39739	332
PflaKGBDf	OZ251425.1	5600001	5650000	0.0050443329259731	38459	194	38459	0
PflaHELAf	OZ251425.1	5600001	5650000	0.0014560961023427	38459	56	38459	0
PflaHELEm	OZ251425.1	5600001	5650000	0.0057203775449179	38459	220	38459	0
PflaKGBHm	OZ251425.1	5600001	5650000	0.0059023895577108	38459	227	38459	0
PflaHELEm	OZ251425.1	5650001	5700000	0.0046306897692288	39303	182	39303	0
PflaKGBHm	OZ251425.1	5650001	5700000	0.0051653944020356	39300	203	39300	3
PflaKGBDf	OZ251425.1	5650001	5700000	0.003283278187834	39290	129	39290	13
PflaHELAf	OZ251425.1	5650001	5700000	0.0028242118922219	39303	111	39303	0
PflaHELAf	OZ251425.1	5700001	5750000	0.0037249893571732	37584	140	37584	0
PflaHELEm	OZ251425.1	5700001	5750000	0.0050819497658578	37584	191	37584	0
PflaKGBHm	OZ251425.1	5700001	5750000	0.0025276713495104	37584	95	37584	0
PflaKGBDf	OZ251425.1	5700001	5750000	0.0053480204342273	37584	201	37584	0
PflaHELAf	OZ251425.1	5750001	5800000	0.003205047950522	39937	128	39937	0
PflaKGBDf	OZ251425.1	5750001	5800000	0.0027042592082529	39937	108	39937	0
PflaHELEm	OZ251425.1	5750001	5800000	0.0047825324886696	39937	191	39937	0
PflaKGBHm	OZ251425.1	5750001	5800000	0.0032551268247489	39937	130	39937	0
PflaHELAf	OZ251425.1	5800001	5850000	0.0035367360286814	41281	146	41281	0
PflaKGBHm	OZ251425.1	5800001	5850000	0.0034398391511833	41281	142	41281	0
PflaHELEm	OZ251425.1	5800001	5850000	0.0042876868292919	41281	177	41281	0
PflaKGBDf	OZ251425.1	5800001	5850000	0.0038032024418013	41281	157	41281	0
PflaKGBHm	OZ251425.1	5850001	5900000	0.0056347948582496	39753	224	39753	0
PflaHELEm	OZ251425.1	5850001	5900000	0.0062385228787764	39753	248	39753	0
PflaKGBDf	OZ251425.1	5850001	5900000	0.0049052901667798	39753	195	39753	0
PflaHELAf	OZ251425.1	5850001	5900000	0.0057857268633813	39753	230	39753	0
PflaKGBHm	OZ251425.1	5900001	5950000	0.0046218285109046	41542	192	41542	0
PflaHELAf	OZ251425.1	5900001	5950000	0.0051754850512734	41542	215	41542	0
PflaHELEm	OZ251425.1	5900001	5950000	0.0070531028838284	41542	293	41542	0
PflaKGBDf	OZ251425.1	5900001	5950000	0.00375523566511	41542	156	41542	0
PflaHELAf	OZ251425.1	5950001	6000000	0.004904256784681	36295	178	36295	0
PflaKGBDf	OZ251425.1	5950001	6000000	0.0055930568948891	36295	203	36295	0
PflaHELEm	OZ251425.1	5950001	6000000	0.0065849290535886	36295	239	36295	0
PflaKGBHm	OZ251425.1	5950001	6000000	0.0056481609037057	36295	205	36295	0
PflaHELEm	OZ251425.1	6000001	6050000	0.0070394349617422	42475	299	42475	0
PflaKGBDf	OZ251425.1	6000001	6050000	0.0054855797527957	42475	233	42475	0
PflaKGBHm	OZ251425.1	6000001	6050000	0.0044261330194231	42475	188	42475	0
PflaHELAf	OZ251425.1	6000001	6050000	0.0045909358446144	42475	195	42475	0
PflaHELAf	OZ251425.1	6050001	6100000	0.004592516100981	36799	169	36799	0
PflaKGBDf	OZ251425.1	6050001	6100000	0.0049457865702872	36799	182	36799	0
PflaHELEm	OZ251425.1	6050001	6100000	0.006603440310878	36799	243	36799	0
PflaKGBHm	OZ251425.1	6050001	6100000	0.0034528696881542	36781	127	36781	18
PflaKGBHm	OZ251425.1	6100001	6150000	0.0029840468265809	34852	104	34852	0
PflaHELEm	OZ251425.1	6100001	6150000	0.0068575691495466	34852	239	34852	0
PflaKGBDf	OZ251425.1	6100001	6150000	0.0063984850223803	34852	223	34852	0
PflaHELAf	OZ251425.1	6100001	6150000	0.0056237805577872	34852	196	34852	0
PflaHELEm	OZ251425.1	6150001	6200000	0.0068678023032629	33344	229	33344	1
PflaKGBDf	OZ251425.1	6150001	6200000	0.0019793072424651	33345	66	33345	0
PflaHELAf	OZ251425.1	6150001	6200000	0.0041385515069725	33345	138	33345	0
PflaKGBHm	OZ251425.1	6150001	6200000	0.0040821227038059	33316	136	33316	29
PflaKGBHm	OZ251425.1	6200001	6250000	0.003230258714357	34053	110	34053	15
PflaHELEm	OZ251425.1	6200001	6250000	0.0057531994833861	34068	196	34068	0
PflaHELAf	OZ251425.1	6200001	6250000	0.0043442526711283	34068	148	34068	0
PflaKGBDf	OZ251425.1	6200001	6250000	0.002876599741693	34068	98	34068	0
PflaHELAf	OZ251425.1	6250001	6300000	0.0049291962275978	35097	173	35097	0
PflaKGBDf	OZ251425.1	6250001	6300000	0.0055560304299512	35097	195	35097	0
PflaHELEm	OZ251425.1	6250001	6300000	0.0040174373878109	35097	141	35097	0
PflaKGBHm	OZ251425.1	6250001	6300000	0.0033906031854574	35097	119	35097	0
PflaHELAf	OZ251425.1	6300001	6350000	0.0048044481632432	37049	178	37049	0
PflaKGBHm	OZ251425.1	6300001	6350000	0.0048044481632432	37049	178	37049	0
PflaHELEm	OZ251425.1	6300001	6350000	0.0031039974088369	37049	115	37049	0
PflaKGBDf	OZ251425.1	6300001	6350000	0.0027531107452292	37049	102	37049	0
PflaKGBHm	OZ251425.1	6350001	6400000	0.0067480258435032	34825	235	34825	0
PflaHELEm	OZ251425.1	6350001	6400000	0.0089303661162957	34825	311	34825	0
PflaKGBDf	OZ251425.1	6350001	6400000	0.0065183058147882	34825	227	34825	0
PflaHELAf	OZ251425.1	6350001	6400000	0.0075807609475951	34825	264	34825	0
PflaKGBHm	OZ251425.1	6400001	6450000	0.0049991423040164	40807	204	40807	0
PflaHELEm	OZ251425.1	6400001	6450000	0.0071801406621412	40807	293	40807	0
PflaHELAf	OZ251425.1	6400001	6450000	0.004778591908251	40807	195	40807	0
PflaKGBDf	OZ251425.1	6400001	6450000	0.0044600191143676	40807	182	40807	0
PflaHELEm	OZ251425.1	6450001	6500000	0.009764229578471	37791	369	37791	0
PflaKGBDf	OZ251425.1	6450001	6500000	0.0045513482045989	37791	172	37791	0
PflaHELAf	OZ251425.1	6450001	6500000	0.0062448731179381	37791	236	37791	0
PflaKGBHm	OZ251425.1	6450001	6500000	0.0057421079092905	37791	217	37791	0
PflaKGBHm	OZ251425.1	6500001	6550000	0.0046563347001181	43167	201	43167	0
PflaHELEm	OZ251425.1	6500001	6550000	0.005119651585702	43167	221	43167	0
PflaHELAf	OZ251425.1	6500001	6550000	0.0044941737901637	43167	194	43167	0
PflaKGBDf	OZ251425.1	6500001	6550000	0.0032895498876456	43167	142	43167	0
PflaHELEm	OZ251425.1	6550001	6600000	0.0074595055413469	37536	280	37536	2
PflaKGBDf	OZ251425.1	6550001	6600000	0.0049816186264585	37538	187	37538	0
PflaHELAf	OZ251425.1	6550001	6600000	0.0050082582982577	37538	188	37538	0
PflaKGBHm	OZ251425.1	6550001	6600000	0.0057275294368373	37538	215	37538	0
PflaKGBHm	OZ251425.1	6600001	6650000	0.0035104252562139	42445	149	42445	0
PflaHELEm	OZ251425.1	6600001	6650000	0.0054187772411355	42445	230	42445	0
PflaKGBDf	OZ251425.1	6600001	6650000	0.001531393568147	42445	65	42445	0
PflaHELAf	OZ251425.1	6600001	6650000	0.0048297797149251	42445	205	42445	0
PflaHELEm	OZ251425.1	6650001	6700000	0.007656025702372	43887	336	43887	0
PflaKGBDf	OZ251425.1	6650001	6700000	0.004693872900859	43887	206	43887	0
PflaHELAf	OZ251425.1	6650001	6700000	0.0058787340214642	43887	258	43887	0
PflaKGBHm	OZ251425.1	6650001	6700000	0.0040558707589946	43887	178	43887	0
PflaKGBHm	OZ251425.1	6700001	6750000	0.0042656156455797	40088	171	40088	0
PflaKGBDf	OZ251425.1	6700001	6750000	0.0049391339054081	40088	198	40088	0
PflaHELAf	OZ251425.1	6700001	6750000	0.0045899022151267	40088	184	40088	0
PflaHELEm	OZ251425.1	6700001	6750000	0.0061863899421273	40088	248	40088	0
PflaKGBHm	OZ251425.1	6750001	6800000	0.0046484736355226	43240	201	43240	0
PflaHELEm	OZ251425.1	6750001	6800000	0.0067530064754856	43240	292	43240	0
PflaKGBDf	OZ251425.1	6750001	6800000	0.0032146160962072	43240	139	43240	0
PflaHELAf	OZ251425.1	6750001	6800000	0.0053191489361702	43240	230	43240	0
PflaKGBHm	OZ251425.1	6800001	6850000	0.0022062879205736	38073	84	38073	25
PflaHELEm	OZ251425.1	6800001	6850000	0.0032810121266208	38098	125	38098	0
PflaKGBDf	OZ251425.1	6800001	6850000	0.0042521917161005	38098	162	38098	0
PflaHELAf	OZ251425.1	6800001	6850000	0.0039634626489579	38098	151	38098	0
PflaHELAf	OZ251425.1	6850001	6900000	0.0035740878629932	40290	144	40290	0
PflaKGBHm	OZ251425.1	6850001	6900000	0.003028873606594	40279	122	40279	11
PflaHELEm	OZ251425.1	6850001	6900000	0.0058575328865723	40290	236	40290	0
PflaKGBDf	OZ251425.1	6850001	6900000	0.0039963263583786	40287	161	40287	3
PflaHELAf	OZ251425.1	6900001	6950000	0.0056643390790565	40958	232	40958	52
PflaKGBDf	OZ251425.1	6900001	6950000	0.0060032212406657	40978	246	40978	32
PflaHELEm	OZ251425.1	6900001	6950000	0.0085101194830529	41010	349	41010	0
PflaKGBHm	OZ251425.1	6900001	6950000	0.0045354791514264	41010	186	41010	0
PflaHELAf	OZ251425.1	6950001	7000000	0.0045964185132047	37638	173	37638	0
PflaKGBDf	OZ251425.1	6950001	7000000	0.0042510229023858	37638	160	37638	0
PflaHELEm	OZ251425.1	6950001	7000000	0.0072533078271959	37638	273	37638	0
PflaKGBHm	OZ251425.1	6950001	7000000	0.0023646314894521	37638	89	37638	0
PflaHELAf	OZ251425.1	7000001	7050000	0.0036631672995309	44770	164	44770	0
PflaKGBDf	OZ251425.1	7000001	7050000	0.0007817735090462	44770	35	44770	0
PflaHELEm	OZ251425.1	7000001	7050000	0.0036184945275854	44770	162	44770	0
PflaKGBHm	OZ251425.1	7000001	7050000	0.0031270940361849	44770	140	44770	0
PflaHELAf	OZ251425.1	7050001	7100000	0.0034465058297279	40911	141	40911	0
PflaKGBDf	OZ251425.1	7050001	7100000	0.0033242893109432	40911	136	40911	0
PflaHELEm	OZ251425.1	7050001	7100000	0.0055070122622806	40857	225	40857	54
PflaKGBHm	OZ251425.1	7050001	7100000	0.0031531861846447	40911	129	40911	0
PflaKGBHm	OZ251425.1	7100001	7150000	0.0045646661031276	41405	189	41405	0
PflaHELEm	OZ251425.1	7100001	7150000	0.0068832266634464	41405	285	41405	0
PflaHELAf	OZ251425.1	7100001	7150000	0.0035502958579881	41405	147	41405	0
PflaKGBDf	OZ251425.1	7100001	7150000	0.0036710542205047	41405	152	41405	0
PflaHELEm	OZ251425.1	7150001	7200000	0.0066546273161319	40423	269	40423	0
PflaKGBHm	OZ251425.1	7150001	7200000	0.004922939910447	40423	199	40423	0
PflaHELAf	OZ251425.1	7150001	7200000	0.0043044801227024	40423	174	40423	0
PflaKGBDf	OZ251425.1	7150001	7200000	0.0038344506840165	40423	155	40423	0
PflaHELAf	OZ251425.1	7200001	7250000	0.0012902905635095	40301	52	40301	27
PflaKGBDf	OZ251425.1	7200001	7250000	0.0015125967070025	40328	61	40328	0
PflaHELEm	OZ251425.1	7200001	7250000	0.0014878000396746	40328	60	40328	0
PflaKGBHm	OZ251425.1	7200001	7250000	0.0011654433644118	40328	47	40328	0
PflaHELEm	OZ251425.1	7250001	7300000	0.0051035146846413	41540	212	41540	123
PflaHELAf	OZ251425.1	7250001	7300000	0.0043443823056428	41663	181	41663	0
PflaKGBDf	OZ251425.1	7250001	7300000	0.0057137369760407	41654	238	41654	9
PflaKGBHm	OZ251425.1	7250001	7300000	0.0010800950483642	41663	45	41663	0
PflaKGBDf	OZ251425.1	7300001	7350000	0.0036889897843359	42288	156	42288	0
PflaKGBHm	OZ251425.1	7300001	7350000	0.004327468785471	42288	183	42288	0
PflaHELEm	OZ251425.1	7300001	7350000	0.0063374952705259	42288	268	42288	0
PflaHELAf	OZ251425.1	7300001	7350000	0.0024356791524782	42288	103	42288	0
PflaHELEm	OZ251425.1	7350001	7400000	0.0019001259634065	46839	89	46839	0
PflaKGBDf	OZ251425.1	7350001	7400000	0.0003202459488887	46839	15	46839	0
PflaHELAf	OZ251425.1	7350001	7400000	0.0013877324451845	46839	65	46839	0
PflaKGBHm	OZ251425.1	7350001	7400000	0.0034800059779243	46839	163	46839	0
PflaHELAf	OZ251425.1	7400001	7450000	0.0016629327667043	43297	72	43297	0
PflaKGBHm	OZ251425.1	7400001	7450000	0.0018250282994894	43287	79	43287	10
PflaHELEm	OZ251425.1	7400001	7450000	0.0062406101929966	43265	270	43265	32
PflaKGBDf	OZ251425.1	7400001	7450000	0.0015243550361456	43297	66	43297	0
PflaHELEm	OZ251425.1	7450001	7500000	0.006391973107874	39268	251	39268	0
PflaKGBHm	OZ251425.1	7450001	7500000	0.0060609147397371	39268	238	39268	0
PflaHELAf	OZ251425.1	7450001	7500000	0.0005093205663644	39268	20	39268	0
PflaKGBDf	OZ251425.1	7450001	7500000	0.0018590200672303	39268	73	39268	0
PflaKGBDf	OZ251425.1	7500001	7550000	0.0051094689998077	36403	186	36403	0
PflaHELAf	OZ251425.1	7500001	7550000	0.0041754800428536	36403	152	36403	0
PflaKGBHm	OZ251425.1	7500001	7550000	0.0037975728556096	36339	138	36339	64
PflaHELEm	OZ251425.1	7500001	7550000	0.0063456308545998	36403	231	36403	0
PflaKGBDf	OZ251425.1	7550001	7600000	0.0020517555333282	38991	80	38991	6
PflaHELEm	OZ251425.1	7550001	7600000	0.0060517475703259	38997	236	38997	0
PflaHELAf	OZ251425.1	7550001	7600000	0.0056217270767019	38956	219	38956	41
PflaKGBHm	OZ251425.1	7550001	7600000	0.0005128599635869	38997	20	38997	0
PflaKGBDf	OZ251425.1	7600001	7650000	0.0024644182311568	36114	89	36114	8
PflaKGBHm	OZ251425.1	7600001	7650000	0.0024638724323127	36122	89	36122	0
PflaHELAf	OZ251425.1	7600001	7650000	0.0024363233665559	36120	88	36120	2
PflaHELEm	OZ251425.1	7600001	7650000	0.0073085654171972	36122	264	36122	0
PflaKGBDf	OZ251425.1	7650001	7700000	0.0036742361456434	36198	133	36198	0
PflaKGBHm	OZ251425.1	7650001	7700000	0.0039228686667771	36198	142	36198	0
PflaHELEm	OZ251425.1	7650001	7700000	0.0056080446433504	36198	203	36198	0
PflaHELAf	OZ251425.1	7650001	7700000	0.002928500386783	36196	106	36196	2
PflaHELEm	OZ251425.1	7700001	7750000	0.00689794068778	39722	274	39722	0
PflaKGBDf	OZ251425.1	7700001	7750000	0.0043552691203866	39722	173	39722	0
PflaHELAf	OZ251425.1	7700001	7750000	0.004682543678566	39722	186	39722	0
PflaKGBHm	OZ251425.1	7700001	7750000	0.0033234301827886	39718	132	39718	4
PflaHELAf	OZ251425.1	7750001	7800000	0.0043938077964543	39146	172	39146	0
PflaHELEm	OZ251425.1	7750001	7800000	0.007510345884637	39146	294	39146	0
PflaKGBDf	OZ251425.1	7750001	7800000	0.0041894446431308	39146	164	39146	0
PflaKGBHm	OZ251425.1	7750001	7800000	0.0047258979206049	39146	185	39146	0
PflaKGBDf	OZ251425.1	7800001	7850000	0.004016665419255	40083	161	40083	0
PflaKGBHm	OZ251425.1	7800001	7850000	0.0037422348626599	40083	150	40083	0
PflaHELEm	OZ251425.1	7800001	7850000	0.0063368510341042	40083	254	40083	0
PflaHELAf	OZ251425.1	7800001	7850000	0.0046902676945338	40083	188	40083	0
PflaKGBHm	OZ251425.1	7850001	7900000	0.0026158618454558	43198	113	43198	0
PflaHELEm	OZ251425.1	7850001	7900000	0.0062965878049909	43198	272	43198	0
PflaKGBDf	OZ251425.1	7850001	7900000	0.0032177415621093	43198	139	43198	0
PflaHELAf	OZ251425.1	7850001	7900000	0.0022917727672577	43198	99	43198	0
PflaKGBHm	OZ251425.1	7900001	7950000	0.003233021103213	45159	146	45159	0
PflaHELEm	OZ251425.1	7900001	7950000	0.0046723798135476	45159	211	45159	0
PflaKGBDf	OZ251425.1	7900001	7950000	0.0024136938373303	45159	109	45159	0
PflaHELAf	OZ251425.1	7900001	7950000	0.0018822383135144	45159	85	45159	0
PflaHELEm	OZ251425.1	7950001	8000000	0.0045276665453221	43952	199	43952	0
PflaKGBDf	OZ251425.1	7950001	8000000	0.0015016381507098	43952	66	43952	0
PflaHELAf	OZ251425.1	7950001	8000000	0.0036403349108117	43952	160	43952	0
PflaKGBHm	OZ251425.1	7950001	8000000	0.0030715325809974	43952	135	43952	0
PflaKGBDf	OZ251425.1	8000001	8050000	0.0032208555802944	46261	149	46261	0
PflaHELEm	OZ251425.1	8000001	8050000	0.0037828840708155	46261	175	46261	0
PflaHELAf	OZ251425.1	8000001	8050000	0.0035883357471736	46261	166	46261	0
PflaKGBHm	OZ251425.1	8000001	8050000	0.0031343896586757	46261	145	46261	0
PflaHELEm	OZ251425.1	8050001	8100000	0.0016369047619047	47040	77	47040	0
PflaKGBHm	OZ251425.1	8050001	8100000	0.0009991496598639	47040	47	47040	0
PflaKGBDf	OZ251425.1	8050001	8100000	0.0014243197278911	47040	67	47040	0
PflaHELAf	OZ251425.1	8050001	8100000	0.0020195578231292	47040	95	47040	0
PflaKGBHm	OZ251425.1	8100001	8150000	0.0027884887697971	45903	128	45903	0
PflaHELAf	OZ251425.1	8100001	8150000	0.0025270679476286	45903	116	45903	0
PflaKGBDf	OZ251425.1	8100001	8150000	0.0003703461647386	45903	17	45903	0
PflaHELEm	OZ251425.1	8100001	8150000	0.0051412761693135	45903	236	45903	0
PflaHELAf	OZ251425.1	8150001	8200000	0.0040344514959202	44120	178	44120	0
PflaKGBHm	OZ251425.1	8150001	8200000	0.0027878513145965	44120	123	44120	0
PflaHELEm	OZ251425.1	8150001	8200000	0.0053943789664551	44120	238	44120	0
PflaKGBDf	OZ251425.1	8150001	8200000	0.0028558476881233	44120	126	44120	0
PflaKGBHm	OZ251425.1	8200001	8250000	0.003298123635067	44874	148	44874	0
PflaHELEm	OZ251425.1	8200001	8250000	0.004880331595133	44874	219	44874	0
PflaKGBDf	OZ251425.1	8200001	8250000	0.002674154298703	44874	120	44874	0
PflaHELAf	OZ251425.1	8200001	8250000	0.0029192851094174	44874	131	44874	0
PflaKGBDf	OZ251425.1	8250001	8300000	0.0009656746554297	45564	44	45564	0
PflaHELEm	OZ251425.1	8250001	8300000	0.0031603897814063	45564	144	45564	0
PflaKGBHm	OZ251425.1	8250001	8300000	0.003249248062526	45549	148	45549	15
PflaHELAf	OZ251425.1	8250001	8300000	0.0014265648318848	45564	65	45564	0
PflaHELEm	OZ251425.1	8300001	8350000	0.0084652804273178	41936	355	41936	0
PflaKGBHm	OZ251425.1	8300001	8350000	0.0055322396032048	41936	232	41936	0
PflaHELAf	OZ251425.1	8300001	8350000	0.0064860740175505	41936	272	41936	0
PflaKGBDf	OZ251425.1	8300001	8350000	0.0061045402518122	41936	256	41936	0
PflaKGBHm	OZ251425.1	8350001	8400000	0.0054581410678971	37925	207	37925	17
PflaHELEm	OZ251425.1	8350001	8400000	0.0071688366454061	37942	272	37942	0
PflaKGBDf	OZ251425.1	8350001	8400000	0.0044014548521427	37942	167	37942	0
PflaHELAf	OZ251425.1	8350001	8400000	0.0052108130984499	37806	197	37806	136
PflaKGBHm	OZ251425.1	8400001	8450000	0.0028213797890682	44659	126	44659	0
PflaHELEm	OZ251425.1	8400001	8450000	0.0063593004769475	44659	284	44659	0
PflaKGBDf	OZ251425.1	8400001	8450000	0.0039185830403726	44659	175	44659	0
PflaHELAf	OZ251425.1	8400001	8450000	0.0054188405472581	44659	242	44659	0
PflaKGBHm	OZ251425.1	8450001	8500000	0.0042789560410354	37626	161	37626	0
PflaHELAf	OZ251425.1	8450001	8500000	0.0046604527296937	37550	175	37550	76
PflaHELEm	OZ251425.1	8450001	8500000	0.0055812470100462	37626	210	37626	0
PflaKGBDf	OZ251425.1	8450001	8500000	0.0030298198054536	37626	114	37626	0
PflaHELAf	OZ251425.1	8500001	8550000	0.0054665649631324	39330	215	39330	0
PflaKGBDf	OZ251425.1	8500001	8550000	0.0045003813882532	39330	177	39330	0
PflaKGBHm	OZ251425.1	8500001	8550000	0.0052885837782862	39330	208	39330	0
PflaHELEm	OZ251425.1	8500001	8550000	0.0055428426137808	39330	218	39330	0
PflaKGBHm	OZ251425.1	8550001	8600000	0.004522203276744	40467	183	40467	0
PflaHELEm	OZ251425.1	8550001	8600000	0.0067215261818271	40467	272	40467	0
PflaKGBDf	OZ251425.1	8550001	8600000	0.0055600859959967	40467	225	40467	0
PflaHELAf	OZ251425.1	8550001	8600000	0.0039538389304865	40467	160	40467	0
PflaKGBHm	OZ251425.1	8600001	8650000	0.0057530838602674	38588	222	38588	0
PflaHELAf	OZ251425.1	8600001	8650000	0.0066601015859852	38588	257	38588	0
PflaHELEm	OZ251425.1	8600001	8650000	0.0090183476728516	38588	348	38588	0
PflaKGBDf	OZ251425.1	8600001	8650000	0.0070488234684357	38588	272	38588	0
PflaKGBHm	OZ251425.1	8650001	8700000	0.0037924718144526	38761	147	38761	62
PflaHELEm	OZ251425.1	8650001	8700000	0.0068258506555392	38823	265	38823	0
PflaKGBDf	OZ251425.1	8650001	8700000	0.003760657342297	38823	146	38823	0
PflaHELAf	OZ251425.1	8650001	8700000	0.0036576256342889	38823	142	38823	0
PflaKGBDf	OZ251425.1	8700001	8750000	0.0001876040616279	42643	8	42643	0
PflaHELEm	OZ251425.1	8700001	8750000	0.0049480571254367	42643	211	42643	0
PflaHELAf	OZ251425.1	8700001	8750000	0.0003048566001453	42643	13	42643	0
PflaKGBHm	OZ251425.1	8700001	8750000	0.0005159111694768	42643	22	42643	0
PflaKGBHm	OZ251425.1	8750001	8800000	0.0034262913648783	46114	158	46114	0
PflaHELEm	OZ251425.1	8750001	8800000	0.0054430324847118	46114	251	46114	0
PflaKGBDf	OZ251425.1	8750001	8800000	0.0032311228694105	46114	149	46114	0
PflaHELAf	OZ251425.1	8750001	8800000	0.0026022466062367	46114	120	46114	0
PflaKGBDf	OZ251425.1	8800001	8850000	0.0051611396543671	42820	221	42820	0
PflaHELEm	OZ251425.1	8800001	8850000	0.0059318075665576	42820	254	42820	0
PflaHELAf	OZ251425.1	8800001	8850000	0.0024754787482484	42820	106	42820	0
PflaKGBHm	OZ251425.1	8800001	8850000	0.0044838860345632	42820	192	42820	0
PflaKGBDf	OZ251425.1	8850001	8900000	0.0041195455380336	38111	157	38111	0
PflaHELEm	OZ251425.1	8850001	8900000	0.0059562855868384	38111	227	38111	0
PflaKGBHm	OZ251425.1	8850001	8900000	0.0020466531972396	38111	78	38111	0
PflaHELAf	OZ251425.1	8850001	8900000	0.0023090446327831	38111	88	38111	0
PflaHELAf	OZ251425.1	8900001	8950000	0.0068873477753151	41961	289	41961	0
PflaKGBDf	OZ251425.1	8900001	8950000	0.003717737899478	41961	156	41961	0
PflaHELEm	OZ251425.1	8900001	8950000	0.0054574485832082	41961	229	41961	0
PflaKGBHm	OZ251425.1	8900001	8950000	0.0023116703605729	41961	97	41961	0
PflaHELAf	OZ251425.1	8950001	9000000	0.0039116482795774	42693	167	42693	0
PflaKGBDf	OZ251425.1	8950001	9000000	0.0016630360949101	42693	71	42693	0
PflaHELEm	OZ251425.1	8950001	9000000	0.0040521865411191	42693	173	42693	0
PflaKGBHm	OZ251425.1	8950001	9000000	0.0025062656641604	42693	107	42693	0
PflaKGBHm	OZ251425.1	9000001	9050000	0.0029732640352109	42714	127	42714	0
PflaHELEm	OZ251425.1	9000001	9050000	0.0078428618251627	42714	335	42714	0
PflaKGBDf	OZ251425.1	9000001	9050000	0.0065786393220021	42714	281	42714	0
PflaHELAf	OZ251425.1	9000001	9050000	0.0051271245961511	42714	219	42714	0
PflaHELAf	OZ251425.1	9050001	9100000	0.0045173251168498	38297	173	38297	0
PflaKGBDf	OZ251425.1	9050001	9100000	0.0044389899992166	38297	170	38297	0
PflaHELEm	OZ251425.1	9050001	9100000	0.0062929211165365	38297	241	38297	0
PflaKGBHm	OZ251425.1	9050001	9100000	0.004700107057994	38297	180	38297	0
PflaHELAf	OZ251425.1	9100001	9150000	0.0039874541078071	41129	164	41129	0
PflaKGBDf	OZ251425.1	9100001	9150000	0.0043035327870845	41129	177	41129	0
PflaHELEm	OZ251425.1	9100001	9150000	0.0059819083746717	41124	246	41124	5
PflaKGBHm	OZ251425.1	9100001	9150000	0.0025286294342191	41129	104	41129	0
PflaKGBHm	OZ251425.1	9150001	9200000	0.0050384963768115	35328	178	35328	0
PflaHELEm	OZ251425.1	9150001	9200000	0.008888134057971	35328	314	35328	0
PflaHELAf	OZ251425.1	9150001	9200000	0.0050951086956521	35328	180	35328	0
PflaKGBDf	OZ251425.1	9150001	9200000	0.0034816576086956	35328	123	35328	0
PflaKGBDf	OZ251425.1	9200001	9250000	0.0042262963070914	34309	145	34309	0
PflaKGBHm	OZ251425.1	9200001	9250000	0.0016322247806697	34309	56	34309	0
PflaHELEm	OZ251425.1	9200001	9250000	0.0053939005189806	34298	185	34298	11
PflaHELAf	OZ251425.1	9200001	9250000	0.0028272464950887	34309	97	34309	0
PflaKGBHm	OZ251425.1	9250001	9300000	0.0022719990678978	34331	78	34331	0
PflaHELEm	OZ251425.1	9250001	9300000	0.0059712796015263	34331	205	34331	0
PflaKGBDf	OZ251425.1	9250001	9300000	0.0054178439311409	34331	186	34331	0
PflaHELAf	OZ251425.1	9250001	9300000	0.0030002038973522	34331	103	34331	0
PflaKGBDf	OZ251425.1	9300001	9350000	0.0048842777334397	31325	153	31325	0
PflaHELAf	OZ251425.1	9300001	9350000	0.0025538707102952	31325	80	31325	0
PflaHELEm	OZ251425.1	9300001	9350000	0.0077893056664006	31325	244	31325	0
PflaKGBHm	OZ251425.1	9300001	9350000	0.0060015961691939	31325	188	31325	0
PflaKGBDf	OZ251425.1	9350001	9400000	0.0043979894905186	35016	154	35016	0
PflaHELEm	OZ251425.1	9350001	9400000	0.0074251770619145	35016	260	35016	0
PflaKGBHm	OZ251425.1	9350001	9400000	0.0027987205848754	35016	98	35016	0
PflaHELAf	OZ251425.1	9350001	9400000	0.00259881197167	35016	91	35016	0
PflaKGBHm	OZ251425.1	9400001	9450000	0.0049455449558143	37003	183	37003	14
PflaHELEm	OZ251425.1	9400001	9450000	0.0073479752546127	37017	272	37017	0
PflaKGBDf	OZ251425.1	9400001	9450000	0.002971607639733	37017	110	37017	0
PflaHELAf	OZ251425.1	9400001	9450000	0.0043493529999729	37017	161	37017	0
PflaKGBDf	OZ251425.1	9450001	9500000	0.0046545810877021	40820	190	40820	0
PflaHELEm	OZ251425.1	9450001	9500000	0.0084762371386575	40820	346	40820	0
PflaHELAf	OZ251425.1	9450001	9500000	0.005560999510044	40820	227	40820	0
PflaKGBHm	OZ251425.1	9450001	9500000	0.0061734443900048	40820	252	40820	0
PflaHELEm	OZ251425.1	9500001	9550000	0.0072690753449224	41821	304	41821	0
PflaKGBHm	OZ251425.1	9500001	9550000	0.0048301092752444	41821	202	41821	0
PflaHELAf	OZ251425.1	9500001	9550000	0.0037302725968436	41820	156	41820	1
PflaKGBDf	OZ251425.1	9500001	9550000	0.0050692235958011	41821	212	41821	0
PflaKGBHm	OZ251425.1	9550001	9600000	0.0030047040859049	40603	122	40603	0
PflaHELEm	OZ251425.1	9550001	9600000	0.0071177006625126	40603	289	40603	0
PflaKGBDf	OZ251425.1	9550001	9600000	0.0037435657463734	40603	152	40603	0
PflaHELAf	OZ251425.1	9550001	9600000	0.0050242592911853	40603	204	40603	0
PflaKGBHm	OZ251425.1	9600001	9650000	0.0026613761734249	41332	110	41332	0
PflaHELEm	OZ251425.1	9600001	9650000	0.0063873028162198	41332	264	41332	0
PflaHELAf	OZ251425.1	9600001	9650000	0.0033630117100551	41332	139	41332	0
PflaKGBDf	OZ251425.1	9600001	9650000	0.0019113519790961	41332	79	41332	0
PflaHELEm	OZ251425.1	9650001	9700000	0.007048910254679	37027	261	37027	0
PflaKGBHm	OZ251425.1	9650001	9700000	0.0047802954600696	37027	177	37027	0
PflaKGBDf	OZ251425.1	9650001	9700000	0.0039970832095497	37027	148	37027	0
PflaHELAf	OZ251425.1	9650001	9700000	0.0048073027790531	37027	178	37027	0
PflaKGBHm	OZ251425.1	9700001	9750000	0.0046172839506172	40500	187	40500	0
PflaHELAf	OZ251425.1	9700001	9750000	0.0050871734084061	40494	206	40494	6
PflaKGBDf	OZ251425.1	9700001	9750000	0.0053296975706494	40340	215	40340	160
PflaHELEm	OZ251425.1	9700001	9750000	0.008074074074074	40500	327	40500	0
PflaKGBHm	OZ251425.1	9750001	9800000	0.0057522123893805	42940	247	42940	0
PflaHELEm	OZ251425.1	9750001	9800000	0.0036824686524029	42906	158	42906	34
PflaKGBDf	OZ251425.1	9750001	9800000	0.0025850023288309	42940	111	42940	0
PflaHELAf	OZ251425.1	9750001	9800000	0.0054727526781555	42940	235	42940	0
PflaKGBHm	OZ251425.1	9800001	9850000	0.0039912050093207	41842	167	41842	0
PflaHELEm	OZ251425.1	9800001	9850000	0.0033937192294823	41842	142	41842	0
PflaKGBDf	OZ251425.1	9800001	9850000	0.0024377419817408	41842	102	41842	0
PflaHELAf	OZ251425.1	9800001	9850000	0.0040151044405143	41842	168	41842	0
PflaKGBHm	OZ251425.1	9850001	9900000	0.0036527860795643	30114	110	30114	0
PflaHELEm	OZ251425.1	9850001	9900000	0.004881450488145	30114	147	30114	0
PflaHELAf	OZ251425.1	9850001	9900000	0.0032875074716078	30114	99	30114	0
PflaKGBDf	OZ251425.1	9850001	9900000	0.000697350069735	30114	21	30114	0
PflaKGBDf	OZ251425.1	9900001	9950000	0.0003040129712201	39472	12	39472	0
PflaKGBHm	OZ251425.1	9900001	9950000	0.0007853668423186	39472	31	39472	0
PflaHELEm	OZ251425.1	9900001	9950000	0.0024321037697608	39472	96	39472	0
PflaHELAf	OZ251425.1	9900001	9950000	0.002077421970004	39472	82	39472	0
PflaHELEm	OZ251425.1	9950001	10000000	0.0041366521646102	42063	174	42063	0
PflaHELAf	OZ251425.1	9950001	10000000	0.0029955067398901	42063	126	42063	0
PflaKGBHm	OZ251425.1	9950001	10000000	0.00099850224663	42063	42	42063	0
PflaKGBDf	OZ251425.1	9950001	10000000	0.0023773863015001	42063	100	42063	0
PflaHELAf	OZ251425.1	10000001	10050000	0.0033505939689308	39396	132	39396	0
PflaKGBDf	OZ251425.1	10000001	10050000	0.0026652452025586	39396	105	39396	0
PflaHELEm	OZ251425.1	10000001	10050000	0.002386029038481	39396	94	39396	0
PflaKGBHm	OZ251425.1	10000001	10050000	0.001345314245101	39396	53	39396	0
PflaKGBHm	OZ251425.1	10050001	10100000	0.0023673872889513	38439	91	38439	0
PflaHELAf	OZ251425.1	10050001	10100000	0.0030697989021566	38439	118	38439	0
PflaKGBDf	OZ251425.1	10050001	10100000	0.0024974635136189	38439	96	38439	0
PflaHELEm	OZ251425.1	10050001	10100000	0.0022893415541507	38439	88	38439	0
PflaKGBDf	OZ251425.1	10100001	10150000	0.0038671689828098	40081	155	40081	8
PflaKGBHm	OZ251425.1	10100001	10150000	0.0036426236870337	40081	146	40081	8
PflaHELEm	OZ251425.1	10100001	10150000	0.002269949362668	40089	91	40089	0
PflaHELAf	OZ251425.1	10100001	10150000	0.0040160642570281	40089	161	40089	0
PflaKGBHm	OZ251425.1	10150001	10200000	0.0053586033787404	35457	190	35457	0
PflaHELEm	OZ251425.1	10150001	10200000	0.005922666892292	35457	210	35457	0
PflaKGBDf	OZ251425.1	10150001	10200000	0.0040894604732492	35457	145	35457	0
PflaHELAf	OZ251425.1	10150001	10200000	0.0043996954057026	35457	156	35457	0
PflaHELAf	OZ251425.1	10200001	10250000	0.0027721628645682	34630	96	34630	0
PflaHELEm	OZ251425.1	10200001	10250000	0.0057175859081721	34630	198	34630	0
PflaKGBHm	OZ251425.1	10200001	10250000	0.0043315044758879	34630	150	34630	0
PflaKGBDf	OZ251425.1	10200001	10250000	0.0047935316199826	34630	166	34630	0
PflaHELAf	OZ251425.1	10250001	10300000	0.0062772321098884	27082	170	27082	0
PflaKGBDf	OZ251425.1	10250001	10300000	0.0031755409497082	27082	86	27082	0
PflaHELEm	OZ251425.1	10250001	10300000	0.0101174211653496	27082	274	27082	0
PflaKGBHm	OZ251425.1	10250001	10300000	0.0055018093198434	27082	149	27082	0
PflaKGBHm	OZ251425.1	10300001	10350000	0.0063384433962264	40704	258	40704	8
PflaHELEm	OZ251425.1	10300001	10350000	0.0074179603065435	40712	302	40712	0
PflaKGBDf	OZ251425.1	10300001	10350000	0.0055266260561996	40712	225	40712	0
PflaHELAf	OZ251425.1	10300001	10350000	0.0063863234427195	40712	260	40712	0
PflaHELEm	OZ251425.1	10350001	10400000	0.0067872130977669	38602	262	38602	0
PflaKGBHm	OZ251425.1	10350001	10400000	0.001424796642661	38602	55	38602	0
PflaHELAf	OZ251425.1	10350001	10400000	0.0052587948810942	38602	203	38602	0
PflaKGBDf	OZ251425.1	10350001	10400000	0.0048184031915444	38602	186	38602	0
PflaKGBHm	OZ251425.1	10400001	10450000	0.002874396772237	37921	109	37921	0
PflaHELEm	OZ251425.1	10400001	10450000	0.0090451201181403	37921	343	37921	0
PflaKGBDf	OZ251425.1	10400001	10450000	0.0054850874185807	37921	208	37921	0
PflaHELAf	OZ251425.1	10400001	10450000	0.0045621159779541	37921	173	37921	0
PflaHELEm	OZ251425.1	10450001	10500000	0.0080274594474893	36126	290	36126	0
PflaKGBHm	OZ251425.1	10450001	10500000	0.0040967724076842	36126	148	36126	0
PflaKGBDf	OZ251425.1	10450001	10500000	0.0047889273356401	36125	173	36125	1
PflaHELAf	OZ251425.1	10450001	10500000	0.0061728395061728	36126	223	36126	0
PflaKGBHm	OZ251425.1	10500001	10550000	0.0059969246540235	39020	234	39020	0
PflaHELEm	OZ251425.1	10500001	10550000	0.0076883649410558	39020	300	39020	0
PflaHELAf	OZ251425.1	10500001	10550000	0.0047411583803177	39020	185	39020	0
PflaKGBDf	OZ251425.1	10500001	10550000	0.0063813429010763	39020	249	39020	0
PflaHELAf	OZ251425.1	10550001	10600000	0.0047155688622754	40080	189	40080	0
PflaKGBDf	OZ251425.1	10550001	10600000	0.0009730538922155	40080	39	40080	0
PflaHELEm	OZ251425.1	10550001	10600000	0.0055139720558882	40080	221	40080	0
PflaKGBHm	OZ251425.1	10550001	10600000	0.0033682634730538	40080	135	40080	0
PflaHELAf	OZ251425.1	10600001	10650000	0.0039329480323269	41699	164	41699	0
PflaKGBDf	OZ251425.1	10600001	10650000	0.0051080361639367	41699	213	41699	0
PflaHELEm	OZ251425.1	10600001	10650000	0.0076980263315667	41699	321	41699	0
PflaKGBHm	OZ251425.1	10600001	10650000	0.0043957627729336	41631	183	41631	68
PflaKGBHm	OZ251425.1	10650001	10700000	0.003605854210365	42431	153	42431	0
PflaHELEm	OZ251425.1	10650001	10700000	0.007423817491928	42431	315	42431	0
PflaHELAf	OZ251425.1	10650001	10700000	0.0042421814239588	42431	180	42431	0
PflaKGBDf	OZ251425.1	10650001	10700000	0.0046428318917772	42431	197	42431	0
PflaKGBDf	OZ251425.1	10700001	10750000	0.002703566249662	40687	110	40687	0
PflaKGBHm	OZ251425.1	10700001	10750000	0.001695873374788	40687	69	40687	0
PflaHELEm	OZ251425.1	10700001	10750000	0.0041536608744807	40687	169	40687	0
PflaHELAf	OZ251425.1	10700001	10750000	0.0031951237496006	40687	130	40687	0
PflaKGBHm	OZ251425.1	10750001	10800000	0.0012484394506866	37647	47	37647	0
PflaHELEm	OZ251425.1	10750001	10800000	0.0060031343798974	37647	226	37647	0
PflaKGBDf	OZ251425.1	10750001	10800000	0.000743770918557	37646	28	37646	1
PflaHELAf	OZ251425.1	10750001	10800000	0.003639068186044	37647	137	37647	0
PflaHELAf	OZ251425.1	10800001	10850000	0.003975514445122	44271	176	44271	0
PflaKGBDf	OZ251425.1	10800001	10850000	0.0037496329425583	44271	166	44271	0
PflaHELEm	OZ251425.1	10800001	10850000	0.0044046892999932	44271	195	44271	0
PflaKGBHm	OZ251425.1	10800001	10850000	0.004336924849224	44271	192	44271	0
PflaKGBDf	OZ251425.1	10850001	10900000	0.0020361661899452	41254	84	41254	3
PflaHELAf	OZ251425.1	10850001	10900000	0.003005550573236	41257	124	41257	0
PflaHELEm	OZ251425.1	10850001	10900000	0.0052597135031631	41257	217	41257	0
PflaKGBHm	OZ251425.1	10850001	10900000	0.0043871343044816	41257	181	41257	0
PflaKGBHm	OZ251425.1	10900001	10950000	0.0035386201724784	42672	151	42672	4
PflaHELEm	OZ251425.1	10900001	10950000	0.0049207985753116	42676	210	42676	0
PflaKGBDf	OZ251425.1	10900001	10950000	0.0024603992876558	42676	105	42676	0
PflaHELAf	OZ251425.1	10900001	10950000	0.0024838316618239	42676	106	42676	0
PflaKGBDf	OZ251425.1	10950001	11000000	0.0023255244669653	40851	95	40851	0
PflaHELAf	OZ251425.1	10950001	11000000	0.0033536510734131	40851	137	40851	0
PflaHELEm	OZ251425.1	10950001	11000000	0.0057770923600401	40851	236	40851	0
PflaKGBHm	OZ251425.1	10950001	11000000	0.0031822966390051	40851	130	40851	0
PflaHELAf	OZ251425.1	11000001	11050000	0.0026669732153121	43495	116	43495	0
PflaKGBDf	OZ251425.1	11000001	11050000	0.0017933095758133	43495	78	43495	0
PflaHELEm	OZ251425.1	11000001	11050000	0.0040694332681917	43495	177	43495	0
PflaKGBHm	OZ251425.1	11000001	11050000	0.0015404069433268	43495	67	43495	0
PflaKGBHm	OZ251425.1	11050001	11100000	0.0010792630892023	39842	43	39842	0
PflaHELAf	OZ251425.1	11050001	11100000	0.0012298579388584	39842	49	39842	0
PflaKGBDf	OZ251425.1	11050001	11100000	0.0034637684797068	39841	138	39841	1
PflaHELEm	OZ251425.1	11050001	11100000	0.0028613021434666	39842	114	39842	0
PflaKGBDf	OZ251425.1	11100001	11150000	0.0047602298041974	42645	203	42645	0
PflaHELEm	OZ251425.1	11100001	11150000	0.0064954859889787	42645	277	42645	0
PflaKGBHm	OZ251425.1	11100001	11150000	0.0046429827646851	42645	198	42645	0
PflaHELAf	OZ251425.1	11100001	11150000	0.0017352561847813	42645	74	42645	0
PflaHELAf	OZ251425.1	11150001	11200000	0.0034852985895066	42751	149	42751	0
PflaHELEm	OZ251425.1	11150001	11200000	0.0037893850436247	42751	162	42751	0
PflaKGBHm	OZ251425.1	11150001	11200000	0.0033449509952983	42751	143	42751	0
PflaKGBDf	OZ251425.1	11150001	11200000	0.0027601693527636	42751	118	42751	0
PflaHELAf	OZ251425.1	11200001	11250000	0.0028743961352657	41400	119	41400	0
PflaKGBHm	OZ251425.1	11200001	11250000	0.0026811594202898	41400	111	41400	0
PflaHELEm	OZ251425.1	11200001	11250000	0.0035748792270531	41400	148	41400	0
PflaKGBDf	OZ251425.1	11200001	11250000	0.0021014492753623	41400	87	41400	0
PflaHELAf	OZ251425.1	11250001	11300000	0.0034886154848012	42997	150	42997	0
PflaKGBDf	OZ251425.1	11250001	11300000	0.0048608042421564	42997	209	42997	0
PflaKGBHm	OZ251425.1	11250001	11300000	0.0033490708654092	42997	144	42997	0
PflaHELEm	OZ251425.1	11250001	11300000	0.0047910319324604	42997	206	42997	0
PflaKGBHm	OZ251425.1	11300001	11350000	0.0057482656095143	35315	203	35315	0
PflaHELEm	OZ251425.1	11300001	11350000	0.0032280900467223	35315	114	35315	0
PflaKGBDf	OZ251425.1	11300001	11350000	0.0043607532210109	35315	154	35315	0
PflaHELAf	OZ251425.1	11300001	11350000	0.0039076879512954	35315	138	35315	0
PflaKGBHm	OZ251425.1	11350001	11400000	0.0053786782440906	41460	223	41460	0
PflaHELAf	OZ251425.1	11350001	11400000	0.003159671972986	41460	131	41460	0
PflaKGBDf	OZ251425.1	11350001	11400000	0.0053786782440906	41460	223	41460	0
PflaHELEm	OZ251425.1	11350001	11400000	0.0058369512783405	41460	242	41460	0
PflaHELEm	OZ251425.1	11400001	11450000	0.0058339758416859	38910	227	38910	0
PflaHELAf	OZ251425.1	11400001	11450000	0.0030326394243125	38910	118	38910	0
PflaKGBHm	OZ251425.1	11400001	11450000	0.0049601644821382	38910	193	38910	0
PflaKGBDf	OZ251425.1	11400001	11450000	0.003598046774608	38910	140	38910	0
PflaKGBDf	OZ251425.1	11450001	11500000	0.0065908244261684	34897	230	34897	0
PflaHELEm	OZ251425.1	11450001	11500000	0.0061036765337994	34897	213	34897	0
PflaHELAf	OZ251425.1	11450001	11500000	0.0049005559695076	34894	171	34894	3
PflaKGBHm	OZ251425.1	11450001	11500000	0.0047568558901911	34897	166	34897	0
PflaKGBHm	OZ251425.1	11500001	11550000	0.0037874407308893	34588	131	34588	0
PflaHELEm	OZ251425.1	11500001	11550000	0.0049439111830692	34588	171	34588	0
PflaKGBDf	OZ251425.1	11500001	11550000	0.00465506274215	34586	161	34586	2
PflaHELAf	OZ251425.1	11500001	11550000	0.0039898230600208	34588	138	34588	0
PflaKGBHm	OZ251425.1	11550001	11600000	0.0034122791497105	39563	135	39563	0
PflaHELEm	OZ251425.1	11550001	11600000	0.0021737481990748	39563	86	39563	0
PflaKGBDf	OZ251425.1	11550001	11600000	0.0038419735611556	39563	152	39563	0
PflaHELAf	OZ251425.1	11550001	11600000	0.0005560891764824	39562	22	39562	1
PflaHELAf	OZ251425.1	11600001	11650000	0.0027787691837046	39226	109	39226	0
PflaKGBDf	OZ251425.1	11600001	11650000	0.0018355172589608	39226	72	39226	0
PflaHELEm	OZ251425.1	11600001	11650000	0.0032631417937082	39226	128	39226	0
PflaKGBHm	OZ251425.1	11600001	11650000	0.0022434099831744	39226	88	39226	0
PflaHELEm	OZ251425.1	11650001	11700000	0.005386318750374	16709	90	16709	0
PflaKGBDf	OZ251425.1	11650001	11700000	0.0046096743295019	16704	77	16704	5
PflaKGBHm	OZ251425.1	11650001	11700000	0.0049075348614519	16709	82	16709	0
PflaHELAf	OZ251425.1	11650001	11700000	0.0028727033335328	16709	48	16709	0
PflaHELAf	OZ251425.1	11700001	11750000	0.0027977007986164	39318	110	39318	0
PflaKGBDf	OZ251425.1	11700001	11750000	0.0030520372348542	39318	120	39318	0
PflaHELEm	OZ251425.1	11700001	11750000	0.0032046390965969	39318	126	39318	0
PflaKGBHm	OZ251425.1	11700001	11750000	0.002365328857012	39318	93	39318	0
PflaHELEm	OZ251425.1	11750001	11800000	0.005092960214671	36521	186	36521	0
PflaKGBHm	OZ251425.1	11750001	11800000	0.0041619889926343	36521	152	36521	0
PflaKGBDf	OZ251425.1	11750001	11800000	0.0047096191232441	36521	172	36521	0
PflaHELAf	OZ251425.1	11750001	11800000	0.003696503381616	36521	135	36521	0
PflaHELAf	OZ251425.1	11800001	11850000	0.0043352939797998	42673	185	42673	10
PflaKGBDf	OZ251425.1	11800001	11850000	0.0030710082753123	42657	131	42657	26
PflaHELEm	OZ251425.1	11800001	11850000	0.0057634186912822	42683	246	42683	0
PflaKGBHm	OZ251425.1	11800001	11850000	0.0048731345031979	42683	208	42683	0
PflaHELAf	OZ251425.1	11850001	11900000	0.0028752752234166	38605	111	38605	0
PflaKGBDf	OZ251425.1	11850001	11900000	0.003678280015542	38605	142	38605	0
PflaHELEm	OZ251425.1	11850001	11900000	0.005154772697837	38605	199	38605	0
PflaKGBHm	OZ251425.1	11850001	11900000	0.0007252946509519	38605	28	38605	0
PflaKGBHm	OZ251425.1	11900001	11950000	0.002282131661442	39875	91	39875	0
PflaHELEm	OZ251425.1	11900001	11950000	0.0065705329153605	39875	262	39875	0
PflaHELAf	OZ251425.1	11900001	11950000	0.0044137931034482	39875	176	39875	0
PflaKGBDf	OZ251425.1	11900001	11950000	0.0049404388714733	39875	197	39875	0
PflaHELAf	OZ251425.1	11950001	12000000	0.0056095460696272	40645	228	40645	0
PflaKGBDf	OZ251425.1	11950001	12000000	0.002730963218108	40645	111	40645	0
PflaHELEm	OZ251425.1	11950001	12000000	0.0062738344199778	40645	255	40645	0
PflaKGBHm	OZ251425.1	11950001	12000000	0.0042568897637795	40640	173	40640	5
PflaKGBHm	OZ251425.1	12000001	12050000	0.0043799772468714	35160	154	35160	0
PflaHELEm	OZ251425.1	12000001	12050000	0.0072525597269624	35160	255	35160	0
PflaHELAf	OZ251425.1	12000001	12050000	0.005716723549488	35160	201	35160	0
PflaKGBDf	OZ251425.1	12000001	12050000	0.0026450511945392	35160	93	35160	0
PflaHELAf	OZ251425.1	12050001	12100000	0.0048412718424569	39659	192	39659	0
PflaKGBDf	OZ251425.1	12050001	12100000	0.0046899820973801	39659	186	39659	0
PflaHELEm	OZ251425.1	12050001	12100000	0.0057742252704304	39659	229	39659	0
PflaKGBHm	OZ251425.1	12050001	12100000	0.0045386923523033	39659	180	39659	0
PflaHELAf	OZ251425.1	12100001	12150000	0.0056742244835752	42649	242	42649	0
PflaKGBDf	OZ251425.1	12100001	12150000	0.0063072991160402	42649	269	42649	0
PflaHELEm	OZ251425.1	12100001	12150000	0.0088864920631198	42649	379	42649	0
PflaKGBHm	OZ251425.1	12100001	12150000	0.0064479823676991	42649	275	42649	0
PflaHELAf	OZ251425.1	12150001	12200000	0.0075212364322793	33904	255	33904	0
PflaKGBDf	OZ251425.1	12150001	12200000	0.0081996224634261	33904	278	33904	0
PflaHELEm	OZ251425.1	12150001	12200000	0.0107067012741859	33904	363	33904	0
PflaKGBHm	OZ251425.1	12150001	12200000	0.0079636621047663	33904	270	33904	0
PflaKGBHm	OZ251425.1	12200001	12250000	0.0029766826525549	36282	108	36282	0
PflaHELEm	OZ251425.1	12200001	12250000	0.0066975359682487	36282	243	36282	0
PflaHELAf	OZ251425.1	12200001	12250000	0.0056501846645719	36282	205	36282	0
PflaKGBDf	OZ251425.1	12200001	12250000	0.0026735020120169	36282	97	36282	0
PflaHELAf	OZ251425.1	12250001	12300000	0.0045803897212949	38643	177	38643	0
PflaKGBDf	OZ251425.1	12250001	12300000	0.0012162931525283	38642	47	38642	1
PflaHELEm	OZ251425.1	12250001	12300000	0.0073493258804958	38643	284	38643	0
PflaKGBHm	OZ251425.1	12250001	12300000	0.0040628315606966	38643	157	38643	0
PflaHELEm	OZ251425.1	12300001	12350000	0.0041157158490745	42034	173	42034	0
PflaKGBHm	OZ251425.1	12300001	12350000	0.0013322548413189	42034	56	42034	0
PflaHELAf	OZ251425.1	12300001	12350000	0.0011181424561069	42034	47	42034	0
PflaKGBDf	OZ251425.1	12300001	12350000	0.0024028167673787	42034	101	42034	0
PflaKGBDf	OZ251425.1	12350001	12400000	0.0070362107430925	29135	205	29135	0
PflaKGBHm	OZ251425.1	12350001	12400000	0.0052170928436588	29135	152	29135	0
PflaHELEm	OZ251425.1	12350001	12400000	0.0078599622447228	29135	229	29135	0
PflaHELAf	OZ251425.1	12350001	12400000	0.0040501115496825	29135	118	29135	0
PflaKGBHm	OZ251425.1	12400001	12450000	0.003538947448533	26279	93	26279	0
PflaHELEm	OZ251425.1	12400001	12450000	0.0041097454241028	26279	108	26279	0
PflaKGBDf	OZ251425.1	12400001	12450000	0.0049088625899006	26279	129	26279	0
PflaHELAf	OZ251425.1	12400001	12450000	0.0030082632039907	26261	79	26261	18
PflaHELAf	OZ251425.1	12450001	12500000	0.0020181363183811	37163	75	37163	0
PflaKGBHm	OZ251425.1	12450001	12500000	0.0062579235562269	37073	232	37073	90
PflaHELEm	OZ251425.1	12450001	12500000	0.0094179694857788	37163	350	37163	0
PflaKGBDf	OZ251425.1	12450001	12500000	0.0041169980894976	37163	153	37163	0
PflaHELAf	OZ251425.1	12500001	12550000	0.0054431885782272	33620	183	33620	0
PflaKGBDf	OZ251425.1	12500001	12550000	0.0046698393813206	33620	157	33620	0
PflaHELEm	OZ251425.1	12500001	12550000	0.0087150505651397	33620	293	33620	0
PflaKGBHm	OZ251425.1	12500001	12550000	0.0042236763831052	33620	142	33620	0
PflaHELAf	OZ251425.1	12550001	12600000	0.0018751598147569	35197	66	35197	0
PflaKGBDf	OZ251425.1	12550001	12600000	0.0017615137653777	35197	62	35197	0
PflaHELEm	OZ251425.1	12550001	12600000	0.0093473875614398	35197	329	35197	0
PflaKGBHm	OZ251425.1	12550001	12600000	0.0014205756172401	35197	50	35197	0
PflaHELEm	OZ251425.1	12600001	12650000	0.00774697110904	34336	266	34336	0
PflaKGBHm	OZ251425.1	12600001	12650000	0.0043394687791239	34336	149	34336	0
PflaKGBDf	OZ251425.1	12600001	12650000	0.0048928238583411	34336	168	34336	0
PflaHELAf	OZ251425.1	12600001	12650000	0.0056502111547983	34335	194	34335	1
PflaKGBDf	OZ251425.1	12650001	12700000	0.0041502440552321	38311	159	38311	0
PflaHELEm	OZ251425.1	12650001	12700000	0.0089269400433295	38311	342	38311	0
PflaHELAf	OZ251425.1	12650001	12700000	0.0062384171647829	38311	239	38311	0
PflaKGBHm	OZ251425.1	12650001	12700000	0.0034717690359967	38309	133	38309	2
PflaHELAf	OZ251425.1	12700001	12750000	0.0072407750979179	38808	281	38808	314
PflaHELEm	OZ251425.1	12700001	12750000	0.0103833661543183	39101	406	39101	21
PflaKGBHm	OZ251425.1	12700001	12750000	0.0076938806809467	39122	301	39122	0
PflaKGBDf	OZ251425.1	12700001	12750000	0.0088696896886662	39122	347	39122	0
PflaHELAf	OZ251425.1	12750001	12800000	0.0089964282836963	37237	335	37237	0
PflaKGBDf	OZ251425.1	12750001	12800000	0.0066331874211134	37237	247	37237	0
PflaHELEm	OZ251425.1	12750001	12800000	0.0098023418197443	37236	365	37236	1
PflaKGBHm	OZ251425.1	12750001	12800000	0.0074656927249778	37237	278	37237	0
PflaHELAf	OZ251425.1	12800001	12850000	0.0040558272694739	33532	136	33532	0
PflaKGBDf	OZ251425.1	12800001	12850000	0.0062030299415483	33532	208	33532	0
PflaHELEm	OZ251425.1	12800001	12850000	0.0070976977215793	33532	238	33532	0
PflaKGBHm	OZ251425.1	12800001	12850000	0.0047715614934987	33532	160	33532	0
PflaKGBDf	OZ251425.1	12850001	12900000	0.004588208304657	34872	160	34872	0
PflaHELEm	OZ251425.1	12850001	12900000	0.0081727460426703	34872	285	34872	0
PflaKGBHm	OZ251425.1	12850001	12900000	0.0052190869465473	34872	182	34872	0
PflaHELAf	OZ251425.1	12850001	12900000	0.00433012158752	34872	151	34872	0
PflaKGBHm	OZ251425.1	12900001	12950000	0.0058748270189822	38299	225	38299	0
PflaHELEm	OZ251425.1	12900001	12950000	0.0092169508342254	38299	353	38299	0
PflaKGBDf	OZ251425.1	12900001	12950000	0.002402151492206	38299	92	38299	0
PflaHELAf	OZ251425.1	12900001	12950000	0.0090863991226924	38299	348	38299	0
PflaKGBHm	OZ251425.1	12950001	13000000	0.0060704168352893	32123	195	32123	0
PflaHELEm	OZ251425.1	12950001	13000000	0.0035488590729383	32123	114	32123	0
PflaKGBDf	OZ251425.1	12950001	13000000	0.0075958036297979	32123	244	32123	0
PflaHELAf	OZ251425.1	12950001	13000000	0.0056968527223484	32123	183	32123	0
PflaHELAf	OZ251425.1	13000001	13050000	0.006929554706193	32181	223	32181	0
PflaKGBHm	OZ251425.1	13000001	13050000	0.006282657377457	32152	202	32152	29
PflaHELEm	OZ251425.1	13000001	13050000	0.0063720004973268	32172	205	32172	9
PflaKGBDf	OZ251425.1	13000001	13050000	0.0073956682514527	32181	238	32181	0
PflaHELEm	OZ251425.1	13050001	13100000	0.0063515034571474	37314	237	37314	0
PflaKGBDf	OZ251425.1	13050001	13100000	0.0024119633381572	37314	90	37314	0
PflaHELAf	OZ251425.1	13050001	13100000	0.0080666773865037	37314	301	37314	0
PflaKGBHm	OZ251425.1	13050001	13100000	0.0014739775955405	37314	55	37314	0
PflaHELEm	OZ251425.1	13100001	13150000	0.0035117895793019	41859	147	41859	0
PflaKGBHm	OZ251425.1	13100001	13150000	0.0001925854597977	41540	8	41540	319
PflaHELAf	OZ251425.1	13100001	13150000	0.0029384361785995	41859	123	41859	0
PflaKGBDf	OZ251425.1	13100001	13150000	0.0009794787261998	41859	41	41859	0
PflaHELAf	OZ251425.1	13150001	13200000	0.0025373488261797	42170	107	42170	0
PflaKGBDf	OZ251425.1	13150001	13200000	0.0017073749110742	42170	72	42170	0
PflaHELEm	OZ251425.1	13150001	13200000	0.0049087028693383	42170	207	42170	0
PflaKGBHm	OZ251425.1	13150001	13200000	0.0041024424946644	42170	173	42170	0
PflaHELEm	OZ251425.1	13200001	13250000	0.0063673896609873	34394	219	34394	0
PflaKGBHm	OZ251425.1	13200001	13250000	0.0047973483747165	34394	165	34394	0
PflaHELAf	OZ251425.1	13200001	13250000	0.0043030761179275	34394	148	34394	0
PflaKGBDf	OZ251425.1	13200001	13250000	0.0040414025702157	34394	139	34394	0
PflaHELAf	OZ251425.1	13250001	13300000	0.0047814747490713	25306	121	25306	0
PflaKGBDf	OZ251425.1	13250001	13300000	0.0041492136252272	25306	105	25306	0
PflaHELEm	OZ251425.1	13250001	13300000	0.0062435785979609	25306	158	25306	0
PflaKGBHm	OZ251425.1	13250001	13300000	0.0041887299454674	25306	106	25306	0
PflaKGBHm	OZ251425.1	13300001	13350000	0.0019909132676502	39178	78	39178	0
PflaHELEm	OZ251425.1	13300001	13350000	0.0042881208841696	39178	168	39178	0
PflaKGBDf	OZ251425.1	13300001	13350000	0.0034713359538516	39178	136	39178	0
PflaHELAf	OZ251425.1	13300001	13350000	0.0027056000816784	39178	106	39178	0
PflaHELAf	OZ251425.1	13350001	13400000	0.003123523544543	38098	119	38098	36
PflaKGBHm	OZ251425.1	13350001	13400000	0.003356584675093	38134	128	38134	0
PflaHELEm	OZ251425.1	13350001	13400000	0.0043268474327371	38134	165	38134	0
PflaKGBDf	OZ251425.1	13350001	13400000	0.0035663712172864	38134	136	38134	0
PflaKGBHm	OZ251425.1	13400001	13450000	0.0049782958443371	32943	164	32943	12
PflaHELEm	OZ251425.1	13400001	13450000	0.0067364588074647	32955	222	32955	0
PflaKGBDf	OZ251425.1	13400001	13450000	0.0028847321753917	32932	95	32932	23
PflaHELAf	OZ251425.1	13400001	13450000	0.0026399635867091	32955	87	32955	0
PflaKGBHm	OZ251425.1	13450001	13500000	0.0069860279441117	38076	266	38076	0
PflaKGBDf	OZ251425.1	13450001	13500000	0.0007618747372845	38064	29	38064	12
PflaHELEm	OZ251425.1	13450001	13500000	0.0079315054102321	38076	302	38076	0
PflaHELAf	OZ251425.1	13450001	13500000	0.0053051791154533	38076	202	38076	0
PflaKGBHm	OZ251425.1	13500001	13550000	0.0060402684563758	32780	198	32780	34
PflaHELEm	OZ251425.1	13500001	13550000	0.0079870743529555	32803	262	32803	11
PflaKGBDf	OZ251425.1	13500001	13550000	0.0042672518897829	32808	140	32808	6
PflaHELAf	OZ251425.1	13500001	13550000	0.006887304199427	32814	226	32814	0
PflaHELEm	OZ251425.1	13550001	13600000	0.0084064850027163	34973	294	34973	0
PflaKGBDf	OZ251425.1	13550001	13600000	0.0070054041689303	34973	245	34973	0
PflaHELAf	OZ251425.1	13550001	13600000	0.0060935488485195	34955	213	34955	18
PflaKGBHm	OZ251425.1	13550001	13600000	0.0052897949847024	34973	185	34973	0
PflaHELAf	OZ251425.1	13600001	13650000	0.0043359762140733	40360	175	40360	0
PflaKGBDf	OZ251425.1	13600001	13650000	0.0034192269573835	40360	138	40360	0
PflaHELEm	OZ251425.1	13600001	13650000	0.0067393458870168	40360	272	40360	0
PflaKGBHm	OZ251425.1	13600001	13650000	0.0045589692765113	40360	184	40360	0
PflaKGBDf	OZ251425.1	13650001	13700000	0.0017619047619047	42000	74	42000	0
PflaKGBHm	OZ251425.1	13650001	13700000	0.0036190476190476	42000	152	42000	0
PflaHELAf	OZ251425.1	13650001	13700000	0.0029285714285714	42000	123	42000	0
PflaHELEm	OZ251425.1	13650001	13700000	0.0031428571428571	42000	132	42000	0
PflaHELAf	OZ251425.1	13700001	13750000	0.0056377391220546	41506	234	41506	22
PflaKGBHm	OZ251425.1	13700001	13750000	0.0040936235792718	41528	170	41528	0
PflaHELEm	OZ251425.1	13700001	13750000	0.0066942785590445	41528	278	41528	0
PflaKGBDf	OZ251425.1	13700001	13750000	0.0051290695434405	41528	213	41528	0
PflaHELEm	OZ251425.1	13750001	13800000	0.0081654118689105	36128	295	36128	0
PflaKGBDf	OZ251425.1	13750001	13800000	0.0029616917626217	36128	107	36128	0
PflaHELAf	OZ251425.1	13750001	13800000	0.0041795837023914	36128	151	36128	0
PflaKGBHm	OZ251425.1	13750001	13800000	0.0025749646980646	36117	93	36117	11
PflaKGBDf	OZ251425.1	13800001	13850000	0.0049009047824213	37136	182	37136	0
PflaHELEm	OZ251425.1	13800001	13850000	0.0059780267126238	37136	222	37136	0
PflaHELAf	OZ251425.1	13800001	13850000	0.0040930633347694	37136	152	37136	0
PflaKGBHm	OZ251425.1	13800001	13850000	0.0029351572598018	37136	109	37136	0
PflaHELAf	OZ251425.1	13850001	13900000	0.0015587978550941	32076	50	32076	0
PflaKGBHm	OZ251425.1	13850001	13900000	0.0044269859084673	32076	142	32076	0
PflaHELEm	OZ251425.1	13850001	13900000	0.0043334580371617	32076	139	32076	0
PflaKGBDf	OZ251425.1	13850001	13900000	0.0030864197530864	32076	99	32076	0
PflaHELAf	OZ251425.1	13900001	13950000	0.0042281368821292	32875	139	32875	0
PflaKGBHm	OZ251425.1	13900001	13950000	0.0034372623574144	32875	113	32875	0
PflaHELEm	OZ251425.1	13900001	13950000	0.0048365019011406	32875	159	32875	0
PflaKGBDf	OZ251425.1	13900001	13950000	0.0003650190114068	32875	12	32875	0
PflaKGBHm	OZ251425.1	13950001	14000000	0.0022115842221662	35721	79	35721	0
PflaHELEm	OZ251425.1	13950001	14000000	0.0032753842277651	35721	117	35721	0
PflaKGBDf	OZ251425.1	13950001	14000000	0.0010917947425883	35721	39	35721	0
PflaHELAf	OZ251425.1	13950001	14000000	0.0026315052770079	35721	94	35721	0
PflaHELAf	OZ251425.1	14000001	14050000	0.0021543018715497	44562	96	44562	0
PflaKGBDf	OZ251425.1	14000001	14050000	0.0011893541582514	44562	53	44562	0
PflaHELEm	OZ251425.1	14000001	14050000	0.0020645392935685	44562	92	44562	0
PflaKGBHm	OZ251425.1	14000001	14050000	0.0011220322247654	44562	50	44562	0
PflaKGBHm	OZ251425.1	14050001	14100000	0.0027393507738665	43806	120	43806	0
PflaHELEm	OZ251425.1	14050001	14100000	0.0028078345432132	43806	123	43806	0
PflaKGBDf	OZ251425.1	14050001	14100000	0.0026936949276354	43806	118	43806	0
PflaHELAf	OZ251425.1	14050001	14100000	0.0027621786969821	43806	121	43806	0
PflaKGBDf	OZ251425.1	14100001	14150000	0.0017016152255294	38199	65	38199	13
PflaHELEm	OZ251425.1	14100001	14150000	0.0063592588715586	38212	243	38212	0
PflaKGBHm	OZ251425.1	14100001	14150000	0.0051031089710038	38212	195	38212	0
PflaHELAf	OZ251425.1	14100001	14150000	0.0050245996022191	38212	192	38212	0
PflaHELEm	OZ251425.1	14150001	14200000	0.0033307712016397	35127	117	35127	0
PflaKGBDf	OZ251425.1	14150001	14200000	0.0030176217724257	35127	106	35127	0
PflaHELAf	OZ251425.1	14150001	14200000	0.0025336635636405	35127	89	35127	0
PflaKGBHm	OZ251425.1	14150001	14200000	0.0031030261622114	35127	109	35127	0
PflaHELEm	OZ251425.1	14200001	14250000	0.0016600689567105	39155	65	39155	0
PflaKGBDf	OZ251425.1	14200001	14250000	0.0016345294342995	39155	64	39155	0
PflaHELAf	OZ251425.1	14200001	14250000	0.0014302132550121	39155	56	39155	0
PflaKGBHm	OZ251425.1	14200001	14250000	0.0014812922998339	39155	58	39155	0
PflaHELAf	OZ251425.1	14250001	14300000	0.0026045752659491	31867	83	31867	0
PflaKGBDf	OZ251425.1	14250001	14300000	0.0003451846738004	31867	11	31867	0
PflaHELEm	OZ251425.1	14250001	14300000	0.0096980729395518	31862	309	31862	5
PflaKGBHm	OZ251425.1	14250001	14300000	9.414127467285908e-05	31867	3	31867	0
PflaKGBHm	OZ251425.1	14300001	14350000	0.0030281854181225	34344	104	34344	0
PflaHELAf	OZ251425.1	14300001	14350000	0.0054740274866061	34344	188	34344	0
PflaKGBDf	OZ251425.1	14300001	14350000	0.0023876077335196	34344	82	34344	0
PflaHELEm	OZ251425.1	14300001	14350000	0.0060854880037269	34344	209	34344	0
PflaKGBHm	OZ251425.1	14350001	14400000	0.0045687998235498	31737	145	31737	0
PflaHELAf	OZ251425.1	14350001	14400000	0.0056091258587004	31734	178	31734	3
PflaKGBDf	OZ251425.1	14350001	14400000	0.0066483914673724	31737	211	31737	0
PflaHELEm	OZ251425.1	14350001	14400000	0.0096732520402054	31737	307	31737	0
PflaKGBHm	OZ251425.1	14400001	14450000	0.0064906622068251	25113	163	25113	0
PflaHELEm	OZ251425.1	14400001	14450000	0.0093975231951578	25113	236	25113	0
PflaKGBDf	OZ251425.1	14400001	14450000	0.0058137219766654	25113	146	25113	0
PflaHELAf	OZ251425.1	14400001	14450000	0.0078843626806833	25113	198	25113	0
PflaKGBHm	OZ251425.1	14450001	14500000	0.0060863913017786	33846	206	33846	0
PflaHELEm	OZ251425.1	14450001	14500000	0.006913667789399	33846	234	33846	0
PflaKGBDf	OZ251425.1	14450001	14500000	0.0061159368906222	33846	207	33846	0
PflaHELAf	OZ251425.1	14450001	14500000	0.0044744718049011	33747	151	33747	99
PflaHELAf	OZ251425.1	14500001	14550000	0.0046091445427728	32544	150	32544	0
PflaKGBDf	OZ251425.1	14500001	14550000	0.0051007866273352	32544	166	32544	0
PflaHELEm	OZ251425.1	14500001	14550000	0.0079891838741396	32544	260	32544	0
PflaKGBHm	OZ251425.1	14500001	14550000	0.0066094869193642	32529	215	32529	15
PflaHELEm	OZ251425.1	14550001	14600000	0.0095405341650722	38153	364	38153	0
PflaHELAf	OZ251425.1	14550001	14600000	0.0054255235499174	38153	207	38153	0
PflaKGBDf	OZ251425.1	14550001	14600000	0.0033287028542971	38153	127	38153	0
PflaKGBHm	OZ251425.1	14550001	14600000	0.0070767698477183	38153	270	38153	0
PflaKGBDf	OZ251425.1	14600001	14650000	0.0066106560615238	37969	251	37969	4
PflaHELAf	OZ251425.1	14600001	14650000	0.0072683222289521	37973	276	37973	0
PflaKGBHm	OZ251425.1	14600001	14650000	0.005398572670055	37973	205	37973	0
PflaHELEm	OZ251425.1	14600001	14650000	0.008242698759645	37973	313	37973	0
PflaKGBHm	OZ251425.1	14650001	14700000	0.0037815761609438	39666	150	39666	0
PflaHELAf	OZ251425.1	14650001	14700000	0.0049664700247062	39666	197	39666	0
PflaKGBDf	OZ251425.1	14650001	14700000	0.0040602224295765	39653	161	39653	13
PflaHELEm	OZ251425.1	14650001	14700000	0.0066555740432612	39666	264	39666	0
PflaKGBDf	OZ251425.1	14700001	14750000	0.0048187182724766	38807	187	38807	0
PflaHELEm	OZ251425.1	14700001	14750000	0.0067255907439379	38807	261	38807	0
PflaKGBHm	OZ251425.1	14700001	14750000	0.0033499110985131	38807	130	38807	0
PflaHELAf	OZ251425.1	14700001	14750000	0.0029891514417501	38807	116	38807	0
PflaHELEm	OZ251425.1	14750001	14800000	0.008307789268628	34907	290	34907	0
PflaKGBHm	OZ251425.1	14750001	14800000	0.0043830750279313	34907	153	34907	0
PflaHELAf	OZ251425.1	14750001	14800000	0.0033603308633465	34818	117	34818	89
PflaKGBDf	OZ251425.1	14750001	14800000	0.0031559317171137	34855	110	34855	52
PflaKGBHm	OZ251425.1	14800001	14850000	0.0023413608562691	41856	98	41856	0
PflaHELEm	OZ251425.1	14800001	14850000	0.0043243501529051	41856	181	41856	0
PflaKGBDf	OZ251425.1	14800001	14850000	0.0029147553516819	41856	122	41856	0
PflaHELAf	OZ251425.1	14800001	14850000	0.002723623853211	41856	114	41856	0
PflaKGBDf	OZ251425.1	14850001	14900000	0.0050822927535256	29711	151	29711	0
PflaHELEm	OZ251425.1	14850001	14900000	0.0082124465686109	29711	244	29711	0
PflaKGBHm	OZ251425.1	14850001	14900000	0.0070007741240617	29711	208	29711	0
PflaHELAf	OZ251425.1	14850001	14900000	0.0029636614690331	29693	88	29693	18
PflaKGBDf	OZ251425.1	14900001	14950000	0.0015367641264087	25378	39	25378	0
PflaHELAf	OZ251425.1	14900001	14950000	0.0005516589171723	25378	14	25378	0
PflaHELEm	OZ251425.1	14900001	14950000	0.0090629679249743	25378	230	25378	0
PflaKGBHm	OZ251425.1	14900001	14950000	0.0013397430845614	25378	34	25378	0
PflaHELEm	OZ251425.1	14950001	15000000	0.0086636912575479	34281	297	34281	0
PflaKGBHm	OZ251425.1	14950001	15000000	0.006621743823109	34281	227	34281	0
PflaKGBDf	OZ251425.1	14950001	15000000	0.0023350846468184	34260	80	34260	21
PflaHELAf	OZ251425.1	14950001	15000000	0.0059799889151424	34281	205	34281	0
PflaKGBHm	OZ251425.1	15000001	15050000	0.0064875200600949	29287	190	29287	0
PflaHELEm	OZ251425.1	15000001	15050000	0.0083654863932802	29287	245	29287	0
PflaKGBDf	OZ251425.1	15000001	15050000	0.0047150471504715	29268	138	29268	19
PflaHELAf	OZ251425.1	15000001	15050000	0.0040290914057431	29287	118	29287	0
PflaKGBDf	OZ251425.1	15050001	15100000	0.0031623931623931	35100	111	35100	0
PflaHELAf	OZ251425.1	15050001	15100000	0.0006837606837606	35100	24	35100	0
PflaHELEm	OZ251425.1	15050001	15100000	0.0048148148148148	35100	169	35100	0
PflaKGBHm	OZ251425.1	15050001	15100000	0.0012251061283797	35099	43	35099	1
PflaKGBDf	OZ251425.1	15100001	15150000	0.0039211709427711	29583	116	29583	19
PflaHELAf	OZ251425.1	15100001	15150000	0.0030741166137423	29602	91	29602	0
PflaHELEm	OZ251425.1	15100001	15150000	0.0082764678062293	29602	245	29602	0
PflaKGBHm	OZ251425.1	15100001	15150000	0.0052361326937369	29602	155	29602	0
PflaKGBHm	OZ251425.1	15150001	15200000	0.0052933859143	37783	200	37783	0
PflaHELEm	OZ251425.1	15150001	15200000	0.0077812772940211	37783	294	37783	0
PflaKGBDf	OZ251425.1	15150001	15200000	0.0023026228727205	37783	87	37783	0
PflaHELAf	OZ251425.1	15150001	15200000	0.0006692723670825	37354	25	37354	429
PflaHELAf	OZ251425.1	15200001	15250000	0.0106876889041223	32093	343	32093	25
PflaKGBDf	OZ251425.1	15200001	15250000	0.0008406501027461	32118	27	32118	0
PflaHELEm	OZ251425.1	15200001	15250000	0.0122361292733046	32118	393	32118	0
PflaKGBHm	OZ251425.1	15200001	15250000	0.0060402266641758	32118	194	32118	0
PflaHELEm	OZ251425.1	15250001	15300000	0.0084358067551344	30821	260	30821	0
PflaKGBDf	OZ251425.1	15250001	15300000	0.0036663313974238	30821	113	30821	0
PflaHELAf	OZ251425.1	15250001	15300000	0.007494889847831	30821	231	30821	0
PflaKGBHm	OZ251425.1	15250001	15300000	0.0033094318808604	30821	102	30821	0
PflaHELEm	OZ251425.1	15300001	15350000	0.0076264429576732	28847	220	28847	0
PflaKGBHm	OZ251425.1	15300001	15350000	0.0074531147086352	28847	215	28847	0
PflaHELAf	OZ251425.1	15300001	15350000	0.0057891635178701	28847	167	28847	0
PflaKGBDf	OZ251425.1	15300001	15350000	0.0049571879224876	28847	143	28847	0
PflaHELEm	OZ251425.1	15350001	15400000	0.007431693989071	32025	238	32025	0
PflaHELAf	OZ251425.1	15350001	15400000	0.00839968774395	32025	269	32025	0
PflaKGBDf	OZ251425.1	15350001	15400000	0.0078833760870925	31966	252	31966	59
PflaKGBHm	OZ251425.1	15350001	15400000	0.007743950039032	32025	248	32025	0
PflaHELAf	OZ251425.1	15400001	15450000	0.007850133809099	28025	220	28025	0
PflaKGBHm	OZ251425.1	15400001	15450000	0.0062801070472792	28025	176	28025	0
PflaHELEm	OZ251425.1	15400001	15450000	0.0097769848349687	28025	274	28025	0
PflaKGBDf	OZ251425.1	15400001	15450000	0.0057832357561045	28012	162	28012	13
PflaKGBHm	OZ251425.1	15450001	15500000	0.009029590948651	27576	249	27576	0
PflaHELEm	OZ251425.1	15450001	15500000	0.0143965767333913	27576	397	27576	0
PflaKGBDf	OZ251425.1	15450001	15500000	0.0026472294749057	27576	73	27576	0
PflaHELAf	OZ251425.1	15450001	15500000	0.0069988395706411	27576	193	27576	0
PflaKGBHm	OZ251425.1	15500001	15550000	0.0069784654424981	28373	198	28373	0
PflaHELEm	OZ251425.1	15500001	15550000	0.0116307757374969	28373	330	28373	0
PflaKGBDf	OZ251425.1	15500001	15550000	0.0075423818418919	28373	214	28373	0
PflaHELAf	OZ251425.1	15500001	15550000	0.0057096535438621	28373	162	28373	0
PflaKGBDf	OZ251425.1	15550001	15600000	0.0060849903571191	30074	183	30074	0
PflaHELAf	OZ251425.1	15550001	15600000	0.0076884672990514	30045	231	30045	29
PflaKGBHm	OZ251425.1	15550001	15600000	0.0077475560284631	30074	233	30074	0
PflaHELEm	OZ251425.1	15550001	15600000	0.0095763782669415	30074	288	30074	0
PflaKGBHm	OZ251425.1	15600001	15650000	0.0047751026814038	29947	143	29947	0
PflaKGBDf	OZ251425.1	15600001	15650000	0.0095474188469398	29851	285	29851	96
PflaHELAf	OZ251425.1	15600001	15650000	0.0081811199786289	29947	245	29947	0
PflaHELEm	OZ251425.1	15600001	15650000	0.0110862523792032	29947	332	29947	0
PflaKGBHm	OZ251425.1	15650001	15700000	0.0073997944501541	29190	216	29190	0
PflaHELEm	OZ251425.1	15650001	15700000	0.0104487838300787	29190	305	29190	0
PflaHELAf	OZ251425.1	15650001	15700000	0.0073025233132199	29168	213	29168	22
PflaKGBDf	OZ251425.1	15650001	15700000	0.0065775950668037	29190	192	29190	0
PflaHELAf	OZ251425.1	15700001	15750000	0.0070139620653319	30368	213	30368	0
PflaKGBDf	OZ251425.1	15700001	15750000	0.0059513969251115	30245	180	30245	123
PflaHELEm	OZ251425.1	15700001	15750000	0.0065858798735511	30368	200	30368	0
PflaKGBHm	OZ251425.1	15700001	15750000	0.0064870916754478	30368	197	30368	0
PflaKGBHm	OZ251425.1	15750001	15800000	0.0070522417461192	25382	179	25382	78
PflaHELEm	OZ251425.1	15750001	15800000	0.0100157109190887	25460	255	25460	0
PflaKGBDf	OZ251425.1	15750001	15800000	0.0038394553514882	25264	97	25264	196
PflaHELAf	OZ251425.1	15750001	15800000	0.0059308719560094	25460	151	25460	0
PflaHELAf	OZ251425.1	15800001	15850000	0.007608129233976	28785	219	28785	0
PflaKGBDf	OZ251425.1	15800001	15850000	0.0054194893173527	28785	156	28785	0
PflaHELEm	OZ251425.1	15800001	15850000	0.0063574778530484	28785	183	28785	0
PflaKGBHm	OZ251425.1	15800001	15850000	0.0048289039430258	28785	139	28785	0
PflaKGBHm	OZ251425.1	15850001	15900000	0.0038326300984528	28440	109	28440	0
PflaHELEm	OZ251425.1	15850001	15900000	0.0069620253164556	28440	198	28440	0
PflaHELAf	OZ251425.1	15850001	15900000	0.0043600562587904	28440	124	28440	0
PflaKGBDf	OZ251425.1	15850001	15900000	0.0045711874538485	28439	130	28439	1
PflaKGBHm	OZ251425.1	15900001	15950000	0.003137013685991	32515	102	32515	0
PflaHELEm	OZ251425.1	15900001	15950000	0.0073196986006458	32515	238	32515	0
PflaKGBDf	OZ251425.1	15900001	15950000	0.0056281716131016	32515	183	32515	0
PflaHELAf	OZ251425.1	15900001	15950000	0.0049208057819467	32515	160	32515	0
PflaHELAf	OZ251425.1	15950001	16000000	0.0066451703350623	35665	237	35665	0
PflaKGBDf	OZ251425.1	15950001	16000000	0.0061404738539184	35665	219	35665	0
PflaHELEm	OZ251425.1	15950001	16000000	0.0086639562596383	35665	309	35665	0
PflaKGBHm	OZ251425.1	15950001	16000000	0.0069535959624281	35665	248	35665	0
PflaKGBHm	OZ251425.1	16000001	16050000	0.0069560818288171	31627	220	31627	0
PflaHELEm	OZ251425.1	16000001	16050000	0.0088215765010908	31627	279	31627	0
PflaKGBDf	OZ251425.1	16000001	16050000	0.0056416595353554	31551	178	31551	76
PflaHELAf	OZ251425.1	16000001	16050000	0.0072722673664906	31627	230	31627	0
PflaKGBDf	OZ251425.1	16050001	16100000	0.0057123655913978	35712	204	35712	0
PflaHELAf	OZ251425.1	16050001	16100000	0.0070564516129032	35712	252	35712	0
PflaKGBHm	OZ251425.1	16050001	16100000	0.0069164426523297	35712	247	35712	0
PflaHELEm	OZ251425.1	16050001	16100000	0.0102486559139784	35712	366	35712	0
PflaHELAf	OZ251425.1	16100001	16150000	0.0072207317769279	35038	253	35038	0
PflaKGBDf	OZ251425.1	16100001	16150000	0.0050801986414749	35038	178	35038	0
PflaHELEm	OZ251425.1	16100001	16150000	0.0039956618528454	35038	140	35038	0
PflaKGBHm	OZ251425.1	16100001	16150000	0.0031965294822763	35038	112	35038	0
PflaHELEm	OZ251425.1	16150001	16200000	0.0047946052957188	32328	155	32328	0
PflaHELAf	OZ251425.1	16150001	16200000	0.0051967334818114	32328	168	32328	0
PflaKGBDf	OZ251425.1	16150001	16200000	0.0048564711705023	32328	157	32328	0
PflaKGBHm	OZ251425.1	16150001	16200000	0.0049183370452858	32328	159	32328	0
PflaHELAf	OZ251425.1	16200001	16250000	0.0060788496945962	34217	208	34217	0
PflaKGBDf	OZ251425.1	16200001	16250000	0.0010228833620714	34217	35	34217	0
PflaHELEm	OZ251425.1	16200001	16250000	0.00374083058129	34217	128	34217	0
PflaKGBHm	OZ251425.1	16200001	16250000	0.0028056229359675	34217	96	34217	0
PflaKGBDf	OZ251425.1	16250001	16300000	0.0019714439333293	33478	66	33478	0
PflaKGBHm	OZ251425.1	16250001	16300000	0.0014636477686839	33478	49	33478	0
PflaHELEm	OZ251425.1	16250001	16300000	0.0035247027898918	33478	118	33478	0
PflaHELAf	OZ251425.1	16250001	16300000	0.0037935360535276	33478	127	33478	0
PflaHELEm	OZ251425.1	16300001	16350000	0.0070002451447716	36713	257	36713	0
PflaKGBDf	OZ251425.1	16300001	16350000	0.0064282406776891	36713	236	36713	0
PflaHELAf	OZ251425.1	16300001	16350000	0.0053387083594367	36713	196	36713	0
PflaKGBHm	OZ251425.1	16300001	16350000	0.0027783830899978	36712	102	36712	1
PflaKGBDf	OZ251425.1	16350001	16400000	0.0011394712853236	26328	30	26328	18
PflaHELEm	OZ251425.1	16350001	16400000	0.0048204661049115	26346	127	26346	0
PflaKGBHm	OZ251425.1	16350001	16400000	0.0029226448037652	26346	77	26346	0
PflaHELAf	OZ251425.1	16350001	16400000	0.0047445532528657	26346	125	26346	0
PflaKGBHm	OZ251425.1	16400001	16450000	0.0066513907453376	31422	209	31422	0
PflaHELEm	OZ251425.1	16400001	16450000	0.0081789828782381	31422	257	31422	0
PflaHELAf	OZ251425.1	16400001	16450000	0.006460441728725	31422	203	31422	0
PflaKGBDf	OZ251425.1	16400001	16450000	0.0036598561517408	31422	115	31422	0
PflaHELAf	OZ251425.1	16450001	16500000	0.0065972867496747	32286	213	32286	11
PflaKGBDf	OZ251425.1	16450001	16500000	0.0019197423829576	32296	62	32296	1
PflaHELEm	OZ251425.1	16450001	16500000	0.0056661609437409	32297	183	32297	0
PflaKGBHm	OZ251425.1	16450001	16500000	0.0060996377372511	32297	197	32297	0
PflaHELAf	OZ251425.1	16500001	16550000	0.0067535878435418	31983	216	31983	0
PflaKGBDf	OZ251425.1	16500001	16550000	0.002532674629479	31982	81	31982	1
PflaHELEm	OZ251425.1	16500001	16550000	0.0061595222461932	31983	197	31983	0
PflaKGBHm	OZ251425.1	16500001	16550000	0.0054403902072976	31983	174	31983	0
PflaHELAf	OZ251425.1	16550001	16600000	0.0045701054170982	32822	150	32822	147
PflaKGBDf	OZ251425.1	16550001	16600000	0.0051260274803603	32969	169	32969	0
PflaHELEm	OZ251425.1	16550001	16600000	0.007582880888107	32969	250	32969	0
PflaKGBHm	OZ251425.1	16550001	16600000	0.0050047013861506	32969	165	32969	0
PflaKGBHm	OZ251425.1	16600001	16650000	0.0065246526063342	28354	185	28354	0
PflaHELEm	OZ251425.1	16600001	16650000	0.0092403188262678	28354	262	28354	0
PflaKGBDf	OZ251425.1	16600001	16650000	0.0051139169076673	28354	145	28354	0
PflaHELAf	OZ251425.1	16600001	16650000	0.0004232207096	28354	12	28354	0
PflaHELAf	OZ251425.1	16650001	16700000	0.0083755929985277	30565	256	30565	0
PflaKGBDf	OZ251425.1	16650001	16700000	0.0057618018725856	30546	176	30546	19
PflaHELEm	OZ251425.1	16650001	16700000	0.0113201374120726	30565	346	30565	0
PflaKGBHm	OZ251425.1	16650001	16700000	0.0035999476371252	30556	110	30556	9
PflaHELAf	OZ251425.1	16700001	16750000	0.0062748111153796	31236	196	31236	0
PflaKGBDf	OZ251425.1	16700001	16750000	0.0074273274426943	31236	232	31236	0
PflaHELEm	OZ251425.1	16700001	16750000	0.0101165322064284	31236	316	31236	0
PflaKGBHm	OZ251425.1	16700001	16750000	0.0085478294275835	31236	267	31236	0
PflaHELAf	OZ251425.1	16750001	16800000	0.0078991130820399	36080	285	36080	0
PflaKGBDf	OZ251425.1	16750001	16800000	0.0098392461197339	36080	355	36080	0
PflaHELEm	OZ251425.1	16750001	16800000	0.0107815964523281	36080	389	36080	0
PflaKGBHm	OZ251425.1	16750001	16800000	0.0089523281596452	36080	323	36080	0
PflaHELEm	OZ251425.1	16800001	16850000	0.007803790412486	35880	280	35880	0
PflaKGBHm	OZ251425.1	16800001	16850000	0.0077480490523968	35880	278	35880	0
PflaKGBDf	OZ251425.1	16800001	16850000	0.0068004459308807	35880	244	35880	0
PflaHELAf	OZ251425.1	16800001	16850000	0.0046950980940137	35782	168	35782	98
PflaKGBHm	OZ251425.1	16850001	16900000	0.0066214092231548	29903	198	29903	0
PflaHELEm	OZ251425.1	16850001	16900000	0.00779186034846	29903	233	29903	0
PflaKGBDf	OZ251425.1	16850001	16900000	0.0037788850616994	29903	113	29903	0
PflaHELAf	OZ251425.1	16850001	16900000	0.0049827776477276	29903	149	29903	0
PflaHELEm	OZ251425.1	16900001	16950000	0.0066820514586849	29033	194	29033	0
PflaKGBHm	OZ251425.1	16900001	16950000	0.005476526710984	29033	159	29033	0
PflaHELAf	OZ251425.1	16900001	16950000	0.0037199049357627	29033	108	29033	0
PflaKGBDf	OZ251425.1	16900001	16950000	0.0050632039403437	29033	147	29033	0
PflaKGBHm	OZ251425.1	16950001	17000000	0.0027145359019264	34260	93	34260	0
PflaHELEm	OZ251425.1	16950001	17000000	0.0077349678925861	34260	265	34260	0
PflaKGBDf	OZ251425.1	16950001	17000000	0.0010527239231511	34197	36	34197	63
PflaHELAf	OZ251425.1	16950001	17000000	0.0057227948261263	34249	196	34249	11
PflaKGBHm	OZ251425.1	17000001	17050000	0.0019347462844077	34113	66	34113	0
PflaHELEm	OZ251425.1	17000001	17050000	0.0010553161551314	34113	36	34113	0
PflaKGBDf	OZ251425.1	17000001	17050000	0.0022278896608331	34113	76	34113	0
PflaHELAf	OZ251425.1	17000001	17050000	0.0016709172456248	34113	57	34113	0
PflaKGBHm	OZ251425.1	17050001	17100000	0.0067582788916422	35512	240	35512	0
PflaHELEm	OZ251425.1	17050001	17100000	0.0017753980555164	35485	63	35485	27
PflaKGBDf	OZ251425.1	17050001	17100000	0.0055192610948411	35512	196	35512	0
PflaHELAf	OZ251425.1	17050001	17100000	0.0029004280243298	35512	103	35512	0
PflaKGBHm	OZ251425.1	17100001	17150000	0.0053991619211346	37228	201	37228	0
PflaHELEm	OZ251425.1	17100001	17150000	0.0054260234232298	37228	202	37228	0
PflaKGBDf	OZ251425.1	17100001	17150000	0.0025249811969485	37228	94	37228	0
PflaHELAf	OZ251425.1	17100001	17150000	0.0046470398624691	37228	173	37228	0
PflaKGBDf	OZ251425.1	17150001	17200000	0.0036190620808341	39513	143	39513	0
PflaHELEm	OZ251425.1	17150001	17200000	0.0078961354490927	39513	312	39513	0
PflaKGBHm	OZ251425.1	17150001	17200000	0.0029863589198491	39513	118	39513	0
PflaHELAf	OZ251425.1	17150001	17200000	0.0059980259661377	39513	237	39513	0
PflaHELAf	OZ251425.1	17200001	17250000	0.0034381509272969	39847	137	39847	0
PflaKGBHm	OZ251425.1	17200001	17250000	0.0058222701834517	39847	232	39847	0
PflaKGBDf	OZ251425.1	17200001	17250000	0.0032624789821065	39847	130	39847	0
PflaHELEm	OZ251425.1	17200001	17250000	0.0028358471152157	39847	113	39847	0
PflaHELAf	OZ251425.1	17250001	17300000	0.0021395853423336	33184	71	33184	0
PflaKGBDf	OZ251425.1	17250001	17300000	0.0042189006750241	33184	140	33184	0
PflaHELEm	OZ251425.1	17250001	17300000	0.0072022661523625	33184	239	33184	0
PflaKGBHm	OZ251425.1	17250001	17300000	0.0051530858244937	33184	171	33184	0
PflaKGBHm	OZ251425.1	17300001	17350000	0.0054093567251461	34200	185	34200	0
PflaHELAf	OZ251425.1	17300001	17350000	0.0076608187134502	34200	262	34200	0
PflaKGBDf	OZ251425.1	17300001	17350000	0.0049415204678362	34200	169	34200	0
PflaHELEm	OZ251425.1	17300001	17350000	0.0100877192982456	34200	345	34200	0
PflaKGBHm	OZ251425.1	17350001	17400000	0.0095098466537227	25237	240	25237	0
PflaHELEm	OZ251425.1	17350001	17400000	0.0108966992907239	25237	275	25237	0
PflaKGBDf	OZ251425.1	17350001	17400000	0.0075862890733606	25177	191	25177	60
PflaHELAf	OZ251425.1	17350001	17400000	0.0078852478503784	25237	199	25237	0
PflaKGBHm	OZ251425.1	17400001	17450000	0.0024157126352273	28563	69	28563	0
PflaHELAf	OZ251425.1	17400001	17450000	0.0069320449532612	28563	198	28563	0
PflaKGBDf	OZ251425.1	17400001	17450000	0.0058817351118579	28563	168	28563	0
PflaHELEm	OZ251425.1	17400001	17450000	0.0076322515141966	28563	218	28563	0
PflaHELAf	OZ251425.1	17450001	17500000	0.0041085697648086	30911	127	30911	0
PflaKGBHm	OZ251425.1	17450001	17500000	0.0005499660315098	30911	17	30911	0
PflaHELEm	OZ251425.1	17450001	17500000	0.0050467471126783	30911	156	30911	0
PflaKGBDf	OZ251425.1	17450001	17500000	0.0030735384515836	30909	95	30909	2
PflaHELEm	OZ251425.1	17500001	17550000	0.0090052501651542	28761	259	28761	0
PflaKGBHm	OZ251425.1	17500001	17550000	0.0018427731998191	28761	53	28761	0
PflaKGBDf	OZ251425.1	17500001	17550000	0.0024686207016445	28761	71	28761	0
PflaHELAf	OZ251425.1	17500001	17550000	0.0056105380540841	28696	161	28696	65
PflaKGBHm	OZ251425.1	17550001	17600000	0.0033821116431704	29863	101	29863	3
PflaKGBDf	OZ251425.1	17550001	17600000	0.0056586084510814	29866	169	29866	0
PflaHELAf	OZ251425.1	17550001	17600000	0.007433201633965	29866	222	29866	0
PflaHELEm	OZ251425.1	17550001	17600000	0.0099109355119533	29866	296	29866	0
PflaHELEm	OZ251425.1	17600001	17650000	0.005221282943809	32176	168	32176	0
PflaKGBHm	OZ251425.1	17600001	17650000	0.0037927068113283	32167	122	32167	9
PflaHELAf	OZ251425.1	17600001	17650000	0.0031389855793137	32176	101	32176	0
PflaKGBDf	OZ251425.1	17600001	17650000	0.0063401292889109	32176	204	32176	0
PflaHELAf	OZ251425.1	17650001	17700000	0.0020446722053989	38637	79	38637	0
PflaKGBHm	OZ251425.1	17650001	17700000	0.0062116623961487	38637	240	38637	0
PflaHELEm	OZ251425.1	17650001	17700000	0.0072210575355229	38637	279	38637	0
PflaKGBDf	OZ251425.1	17650001	17700000	0.0040375805574967	38637	156	38637	0
PflaHELEm	OZ251425.1	17700001	17750000	0.0069766618266813	28237	197	28237	4
PflaKGBHm	OZ251425.1	17700001	17750000	0.0048555732766259	28215	137	28215	26
PflaHELAf	OZ251425.1	17700001	17750000	0.004554511813265	28104	128	28104	137
PflaKGBDf	OZ251425.1	17700001	17750000	0.0036825891434439	28241	104	28241	0
PflaHELAf	OZ251425.1	17750001	17800000	0.0043682252062773	6181	27	6181	155
PflaHELEm	OZ251425.1	17750001	17800000	0.0104496516782773	6316	66	6316	20
PflaKGBHm	OZ251425.1	17750001	17800000	0.0080295487393608	6227	50	6227	109
PflaKGBDf	OZ251425.1	17750001	17800000	0.0071439911096999	6299	45	6299	37
PflaKGBDf	OZ251425.1	17800001	17850000	0.0068027210884353	1470	10	1470	0
PflaKGBHm	OZ251425.1	17800001	17850000	0.0038797284190106	1031	4	1031	439
PflaHELAf	OZ251425.1	17800001	17850000	0.001085776330076	921	1	921	549
PflaHELEm	OZ251425.1	17800001	17850000	0.0016806722689075	1190	2	1190	280
PflaKGBHm	OZ251425.1	17850001	17900000	0.0	455	0	455	0
PflaHELEm	OZ251425.1	17850001	17900000	0.0065934065934065	455	3	455	0
PflaHELAf	OZ251425.1	17850001	17900000	0.0	120	0	120	335
PflaKGBDf	OZ251425.1	17850001	17900000	0.0	377	0	377	78
PflaKGBDf	OZ251425.1	17900001	17950000	0.0	248	0	248	0
PflaHELEm	OZ251425.1	17900001	17950000	0.0	248	0	248	0
PflaKGBHm	OZ251425.1	17900001	17950000	0.0	248	0	248	0
PflaHELAf	OZ251425.1	17900001	17950000	0.0	71	0	71	177
PflaKGBHm	OZ251425.1	17950001	18000000	0.0048987589810581	3062	15	3062	0
PflaHELAf	OZ251425.1	17950001	18000000	0.0024407252440725	2868	7	2868	194
PflaKGBDf	OZ251425.1	17950001	18000000	0.0055519268451992	3062	17	3062	0
PflaHELEm	OZ251425.1	17950001	18000000	0.0091443500979751	3062	28	3062	0
PflaHELEm	OZ251425.1	18000001	18050000	0.0040027956032784	15739	63	15739	0
PflaKGBDf	OZ251425.1	18000001	18050000	0.0052099879280767	15739	82	15739	0
PflaHELAf	OZ251425.1	18000001	18050000	0.0030497490310693	15739	48	15739	0
PflaKGBHm	OZ251425.1	18000001	18050000	0.0050193786136349	15739	79	15739	0
PflaHELEm	OZ251425.1	18050001	18100000	0.0058419243986254	5820	34	5820	24
PflaKGBDf	OZ251425.1	18050001	18100000	0.008384668035592	5844	49	5844	0
PflaHELAf	OZ251425.1	18050001	18100000	0.0065124250214224	5835	38	5835	9
PflaKGBHm	OZ251425.1	18050001	18100000	0.0068941744226128	5802	40	5802	42
PflaHELAf	OZ251425.1	18100001	18150000	0.0050353937094066	13703	69	13703	0
PflaKGBDf	OZ251425.1	18100001	18150000	0.0067868349996351	13703	93	13703	0
PflaHELEm	OZ251425.1	18100001	18150000	0.0052712497254557	13659	72	13659	44
PflaKGBHm	OZ251425.1	18100001	18150000	0.0053456356180433	13656	73	13656	47
PflaHELAf	OZ251425.1	18150001	18200000	0.0051357608924436	23755	122	23755	0
PflaHELEm	OZ251425.1	18150001	18200000	0.0071142917280572	23755	169	23755	0
PflaKGBDf	OZ251425.1	18150001	18200000	0.0043780256788044	23755	104	23755	0
PflaKGBHm	OZ251425.1	18150001	18200000	0.0064407493159334	23755	153	23755	0
PflaKGBHm	OZ251425.1	18200001	18250000	0.0065702211665998	32419	213	32419	0
PflaHELEm	OZ251425.1	18200001	18250000	0.0070946050155772	32419	230	32419	0
PflaKGBDf	OZ251425.1	18200001	18250000	0.0062309139702026	32419	202	32419	0
PflaHELAf	OZ251425.1	18200001	18250000	0.0069712205805237	32419	226	32419	0
PflaKGBHm	OZ251425.1	18250001	18300000	0.0030435223698894	29571	90	29571	0
PflaHELEm	OZ251425.1	18250001	18300000	0.0045991004700551	29571	136	29571	0
PflaHELAf	OZ251425.1	18250001	18300000	0.0033816915220993	29571	100	29571	0
PflaKGBDf	OZ251425.1	18250001	18300000	0.0041932974874031	29571	124	29571	0
PflaHELAf	OZ251425.1	18300001	18350000	0.0021185653224307	26905	57	26905	78
PflaKGBDf	OZ251425.1	18300001	18350000	0.0075232553830189	26983	203	26983	0
PflaHELEm	OZ251425.1	18300001	18350000	0.0073008931549494	26983	197	26983	0
PflaKGBHm	OZ251425.1	18300001	18350000	0.0034901422047302	26933	94	26933	50
PflaKGBHm	OZ251425.1	18350001	18400000	0.005758710048949	27784	160	27784	0
PflaHELAf	OZ251425.1	18350001	18400000	0.0085340823160851	27771	237	27771	13
PflaKGBDf	OZ251425.1	18350001	18400000	0.007503336820461	27721	208	27721	63
PflaHELEm	OZ251425.1	18350001	18400000	0.0104376619637201	27784	290	27784	0
PflaKGBHm	OZ251425.1	18400001	18450000	0.0072590594783806	34853	253	34853	0
PflaHELEm	OZ251425.1	18400001	18450000	0.0078328981723237	34853	273	34853	0
PflaKGBDf	OZ251425.1	18400001	18450000	0.0027258120050499	34852	95	34852	1
PflaHELAf	OZ251425.1	18400001	18450000	0.0049463664337273	34773	172	34773	80
PflaKGBHm	OZ251425.1	18450001	18500000	0.0098813685282541	36331	359	36331	0
PflaHELEm	OZ251425.1	18450001	18500000	0.0088904792050865	36331	323	36331	0
PflaKGBDf	OZ251425.1	18450001	18500000	0.0038534584789848	36331	140	36331	0
PflaHELAf	OZ251425.1	18450001	18500000	0.007817015771655	36331	284	36331	0
PflaHELAf	OZ251425.1	18500001	18550000	0.0073570238756246	28816	212	28816	2
PflaKGBDf	OZ251425.1	18500001	18550000	0.0038864598514817	28818	112	28818	0
PflaHELEm	OZ251425.1	18500001	18550000	0.0094038448192102	28818	271	28818	0
PflaKGBHm	OZ251425.1	18500001	18550000	0.0066278020681518	28818	191	28818	0
PflaHELAf	OZ251425.1	18550001	18600000	0.0066904270618395	31986	214	31986	0
PflaKGBDf	OZ251425.1	18550001	18600000	0.0018177259621411	31908	58	31908	78
PflaHELEm	OZ251425.1	18550001	18600000	0.0086409317178547	31941	276	31941	45
PflaKGBHm	OZ251425.1	18550001	18600000	0.0073782279747389	31986	236	31986	0
PflaHELEm	OZ251425.1	18600001	18650000	0.0048124739324328	31169	150	31169	0
PflaKGBHm	OZ251425.1	18600001	18650000	0.0060637171548654	31169	189	31169	0
PflaHELAf	OZ251425.1	18600001	18650000	0.0029837338381083	31169	93	31169	0
PflaKGBDf	OZ251425.1	18600001	18650000	0.0044916423369373	31169	140	31169	0
PflaKGBHm	OZ251425.1	18650001	18700000	0.0066278600657022	34702	230	34702	1
PflaHELEm	OZ251425.1	18650001	18700000	0.0069158286027144	34703	240	34703	0
PflaKGBDf	OZ251425.1	18650001	18700000	0.0036019940639137	34703	125	34703	0
PflaHELAf	OZ251425.1	18650001	18700000	0.0070887243177823	34703	246	34703	0
PflaKGBDf	OZ251425.1	18700001	18750000	0.0023113094763688	37641	87	37641	0
PflaHELEm	OZ251425.1	18700001	18750000	0.0060306580590313	37641	227	37641	0
PflaKGBHm	OZ251425.1	18700001	18750000	0.0038521824606147	37641	145	37641	0
PflaHELAf	OZ251425.1	18700001	18750000	0.0040647166653383	37641	153	37641	0
PflaKGBHm	OZ251425.1	18750001	18800000	0.001194743130227	25947	31	25947	0
PflaHELAf	OZ251425.1	18750001	18800000	0.0055144223353385	25932	143	25932	15
PflaKGBDf	OZ251425.1	18750001	18800000	0.0037769298955563	25947	98	25947	0
PflaHELEm	OZ251425.1	18750001	18800000	0.0051643735306586	25947	134	25947	0
PflaHELEm	OZ251425.1	18800001	18850000	0.0086398894094155	26042	225	26042	0
PflaKGBHm	OZ251425.1	18800001	18850000	0.0018483576572066	25969	48	25969	73
PflaKGBDf	OZ251425.1	18800001	18850000	0.005414330696567	26042	141	26042	0
PflaHELAf	OZ251425.1	18800001	18850000	0.0064511174256969	26042	168	26042	0
PflaHELEm	OZ251425.1	18850001	18900000	0.0061094611794654	23570	144	23570	0
PflaKGBDf	OZ251425.1	18850001	18900000	0.0048832271762208	23550	115	23550	20
PflaHELAf	OZ251425.1	18850001	18900000	0.005859375	23552	138	23552	18
PflaKGBHm	OZ251425.1	18850001	18900000	0.006916744462361	23566	163	23566	4
PflaHELAf	OZ251425.1	18900001	18950000	0.0086710872209361	25487	221	25487	0
PflaKGBDf	OZ251425.1	18900001	18950000	0.0043964671246319	25475	112	25475	12
PflaHELEm	OZ251425.1	18900001	18950000	0.011927649389885	25487	304	25487	0
PflaKGBHm	OZ251425.1	18900001	18950000	0.004943696786597	25487	126	25487	0
PflaHELEm	OZ251425.1	18950001	19000000	0.0142582399363353	30158	430	30158	0
PflaKGBHm	OZ251425.1	18950001	19000000	0.0081238808939584	30158	245	30158	0
PflaHELAf	OZ251425.1	18950001	19000000	0.007991246103853	30158	241	30158	0
PflaKGBDf	OZ251425.1	18950001	19000000	0.005968565554745	30158	180	30158	0
PflaHELAf	OZ251425.1	19000001	19050000	0.0048066048405338	35368	170	35368	0
PflaKGBDf	OZ251425.1	19000001	19050000	0.0052024428862248	35368	184	35368	0
PflaHELEm	OZ251425.1	19000001	19050000	0.0048914272788961	35368	173	35368	0
PflaKGBHm	OZ251425.1	19000001	19050000	0.0050045238633793	35368	177	35368	0
PflaHELAf	OZ251425.1	19050001	19100000	0.0040736868668661	27739	113	27739	0
PflaKGBDf	OZ251425.1	19050001	19100000	0.0048333573798874	27724	134	27724	15
PflaHELEm	OZ251425.1	19050001	19100000	0.0044361092076315	27727	123	27727	12
PflaKGBHm	OZ251425.1	19050001	19100000	0.0051551966545297	27739	143	27739	0
PflaHELAf	OZ251425.1	19100001	19150000	0.0066784188758559	29498	197	29498	0
PflaKGBDf	OZ251425.1	19100001	19150000	0.0058648043935182	29498	173	29498	0
PflaHELEm	OZ251425.1	19100001	19150000	0.0035595633602278	29498	105	29498	0
PflaKGBHm	OZ251425.1	19100001	19150000	0.0009492168960607	29498	28	29498	0
PflaKGBHm	OZ251425.1	19150001	19200000	0.0068574442832651	30332	208	30332	0
PflaHELEm	OZ251425.1	19150001	19200000	0.0042199657127785	30332	128	30332	0
PflaHELAf	OZ251425.1	19150001	19200000	0.0047160477541059	30322	143	30322	10
PflaKGBDf	OZ251425.1	19150001	19200000	0.0065624587785252	30324	199	30324	8
PflaKGBHm	OZ251425.1	19200001	19250000	0.0047680115747591	30411	145	30411	0
PflaHELAf	OZ251425.1	19200001	19250000	0.007332872973595	30411	223	30411	0
PflaKGBDf	OZ251425.1	19200001	19250000	0.0040774719673802	30411	124	30411	0
PflaHELEm	OZ251425.1	19200001	19250000	0.0085166551576732	30411	259	30411	0
PflaKGBHm	OZ251425.1	19250001	19300000	0.0068368828654404	33056	226	33056	0
PflaHELEm	OZ251425.1	19250001	19300000	0.0086217328170377	33056	285	33056	0
PflaKGBDf	OZ251425.1	19250001	19300000	0.007169651500484	33056	237	33056	0
PflaHELAf	OZ251425.1	19250001	19300000	0.0057073096291774	32765	187	32765	291
PflaKGBHm	OZ251425.1	19300001	19350000	0.0014149989892864	24735	35	24735	56
PflaHELEm	OZ251425.1	19300001	19350000	0.008188785800726	24790	203	24790	1
PflaKGBDf	OZ251425.1	19300001	19350000	0.0080271066112702	24791	199	24791	0
PflaHELAf	OZ251425.1	19300001	19350000	0.003026145900581	24784	75	24784	7
PflaKGBHm	OZ251425.1	19350001	19400000	0.0070660522273425	29295	207	29295	1
PflaHELEm	OZ251425.1	19350001	19400000	0.0109912616056799	29296	322	29296	0
PflaKGBDf	OZ251425.1	19350001	19400000	0.0066263619906411	29277	194	29277	19
PflaHELAf	OZ251425.1	19350001	19400000	0.0085677225559803	29296	251	29296	0
PflaKGBHm	OZ251425.1	19400001	19450000	0.0036229453203622	29810	108	29810	102
PflaHELEm	OZ251425.1	19400001	19450000	0.0097285370419898	29912	291	29912	0
PflaKGBDf	OZ251425.1	19400001	19450000	0.0073571213590609	29903	220	29903	9
PflaHELAf	OZ251425.1	19400001	19450000	0.0051818668093073	29912	155	29912	0
PflaKGBHm	OZ251425.1	19450001	19500000	0.006704378797402	28638	192	28638	0
PflaHELEm	OZ251425.1	19450001	19500000	0.0111739646623367	28638	320	28638	0
PflaHELAf	OZ251425.1	19450001	19500000	0.0062224708103195	28606	178	28606	32
PflaKGBDf	OZ251425.1	19450001	19500000	0.0070535651931	28638	202	28638	0
PflaHELAf	OZ251425.1	19500001	19550000	0.009938946471674	28172	280	28172	17
PflaKGBDf	OZ251425.1	19500001	19550000	0.0074851892582212	28189	211	28189	0
PflaHELEm	OZ251425.1	19500001	19550000	0.0127709390187661	28189	360	28189	0
PflaKGBHm	OZ251425.1	19500001	19550000	0.0058533470502678	28189	165	28189	0
PflaHELAf	OZ251425.1	19550001	19600000	0.0067182650375201	25453	171	25453	0
PflaKGBDf	OZ251425.1	19550001	19600000	0.0082112128236357	25453	209	25453	0
PflaHELEm	OZ251425.1	19550001	19600000	0.0089969748163281	25453	229	25453	0
PflaKGBHm	OZ251425.1	19550001	19600000	0.006521824539347	25453	166	25453	0
PflaKGBHm	OZ251425.1	19600001	19650000	0.0031875498054657	21333	68	21333	0
PflaHELEm	OZ251425.1	19600001	19650000	0.0092813950217972	21333	198	21333	0
PflaKGBDf	OZ251425.1	19600001	19650000	0.007500117189331	21333	160	21333	0
PflaHELAf	OZ251425.1	19600001	19650000	0.0071354802365975	21302	152	21302	31
PflaKGBDf	OZ251425.1	19650001	19700000	0.0038958304085357	28492	111	28492	0
PflaKGBHm	OZ251425.1	19650001	19700000	0.0031236838410781	28492	89	28492	0
PflaHELEm	OZ251425.1	19650001	19700000	0.0071601558386859	28491	204	28491	1
PflaHELAf	OZ251425.1	19650001	19700000	0.0094064792390579	28491	268	28491	1
PflaKGBHm	OZ251425.1	19700001	19750000	0.0087189106572182	28788	251	28788	0
PflaHELEm	OZ251425.1	19700001	19750000	0.0100389050993469	28788	289	28788	0
PflaKGBDf	OZ251425.1	19700001	19750000	0.0059347181008902	28645	170	28645	143
PflaHELAf	OZ251425.1	19700001	19750000	0.0081631235236904	28788	235	28788	0
PflaHELAf	OZ251425.1	19750001	19800000	0.0061630965802329	26610	164	26610	0
PflaKGBHm	OZ251425.1	19750001	19800000	0.0063885757234122	26610	170	26610	0
PflaHELEm	OZ251425.1	19750001	19800000	0.007966929725667	26610	212	26610	0
PflaKGBDf	OZ251425.1	19750001	19800000	0.0051860202931228	26610	138	26610	0
PflaHELEm	OZ251425.1	19800001	19850000	0.009626236473478	30126	290	30126	0
PflaKGBHm	OZ251425.1	19800001	19850000	0.0052446391821018	30126	158	30126	0
PflaKGBDf	OZ251425.1	19800001	19850000	0.0087141621765449	30066	262	30066	60
PflaHELAf	OZ251425.1	19800001	19850000	0.0044811790479984	30126	135	30126	0
PflaHELEm	OZ251425.1	19850001	19900000	0.0048096556105086	22039	106	22039	0
PflaKGBDf	OZ251425.1	19850001	19900000	0.0037665638046832	22036	83	22036	3
PflaHELAf	OZ251425.1	19850001	19900000	0.0035845546531149	22039	79	22039	0
PflaKGBHm	OZ251425.1	19850001	19900000	0.0055356413630382	22039	122	22039	0
PflaKGBHm	OZ251425.1	19900001	19950000	0.0009996875976257	32010	32	32010	0
PflaKGBDf	OZ251425.1	19900001	19950000	0.0032489846922836	32010	104	32010	0
PflaHELAf	OZ251425.1	19900001	19950000	0.0029365823180256	32010	94	32010	0
PflaHELEm	OZ251425.1	19900001	19950000	0.0052483598875351	32010	168	32010	0
PflaKGBHm	OZ251425.1	19950001	20000000	0.0005210408557329	32627	17	32627	0
PflaHELAf	OZ251425.1	19950001	20000000	0.0002145462347135	32627	7	32627	0
PflaKGBDf	OZ251425.1	19950001	20000000	0.0006131583788092	32618	20	32618	9
PflaHELEm	OZ251425.1	19950001	20000000	0.0038311827627425	32627	125	32627	0
PflaKGBHm	OZ251425.1	20000001	20050000	0.0024297264463156	23871	58	23871	8
PflaHELEm	OZ251425.1	20000001	20050000	0.009673771933498	23879	231	23879	0
PflaKGBDf	OZ251425.1	20000001	20050000	0.0042715356589471	23879	102	23879	0
PflaHELAf	OZ251425.1	20000001	20050000	0.004355291260103	23879	104	23879	0
PflaHELEm	OZ251425.1	20050001	20100000	0.0079791673622007	29953	239	29953	0
PflaHELAf	OZ251425.1	20050001	20100000	0.0045404466998297	29953	136	29953	0
PflaKGBDf	OZ251425.1	20050001	20100000	0.0040396621373485	29953	121	29953	0
PflaKGBHm	OZ251425.1	20050001	20100000	0.005683717820127	29910	170	29910	43
PflaKGBHm	OZ251425.1	20100001	20150000	0.0044509038059769	33027	147	33027	0
PflaHELEm	OZ251425.1	20100001	20150000	0.0045720168347109	33027	151	33027	0
PflaHELAf	OZ251425.1	20100001	20150000	0.0036333908620219	33027	120	33027	0
PflaKGBDf	OZ251425.1	20100001	20150000	0.0039967299482241	33027	132	33027	0
PflaHELAf	OZ251425.1	20150001	20200000	0.0061145080600333	26985	165	26985	7
PflaHELEm	OZ251425.1	20150001	20200000	0.0056683461766449	26992	153	26992	0
PflaKGBDf	OZ251425.1	20150001	20200000	0.0083358032009484	26992	225	26992	0
PflaKGBHm	OZ251425.1	20150001	20200000	0.0061129223473621	26992	165	26992	0
PflaHELAf	OZ251425.1	20200001	20250000	0.0053711275902695	28858	155	28858	0
PflaKGBDf	OZ251425.1	20200001	20250000	0.0049552983574745	28858	143	28858	0
PflaKGBHm	OZ251425.1	20200001	20250000	0.0079210672595886	28784	228	28784	74
PflaHELEm	OZ251425.1	20200001	20250000	0.0109155173608704	28858	315	28858	0
PflaKGBHm	OZ251425.1	20250001	20300000	0.0076935942465295	23916	184	23916	0
PflaHELEm	OZ251425.1	20250001	20300000	0.0117912694430506	23916	282	23916	0
PflaKGBDf	OZ251425.1	20250001	20300000	0.0050645733096986	23694	120	23694	222
PflaHELAf	OZ251425.1	20250001	20300000	0.0071918381000167	23916	172	23916	0
PflaKGBDf	OZ251425.1	20300001	20350000	0.008073963841307	31583	255	31583	0
PflaHELAf	OZ251425.1	20300001	20350000	0.0068707849159357	31583	217	31583	0
PflaHELEm	OZ251425.1	20300001	20350000	0.0109869233448374	31583	347	31583	0
PflaKGBHm	OZ251425.1	20300001	20350000	0.0076306873951176	31583	241	31583	0
PflaKGBDf	OZ251425.1	20350001	20400000	0.0044180909196605	34404	152	34404	0
PflaHELEm	OZ251425.1	20350001	20400000	0.0092431112661318	34404	318	34404	0
PflaHELAf	OZ251425.1	20350001	20400000	0.005638879200093	34404	194	34404	0
PflaKGBHm	OZ251425.1	20350001	20400000	0.0050594632316594	34391	174	34391	13
PflaHELAf	OZ251425.1	20400001	20450000	0.0058562145223846	38933	228	38933	0
PflaKGBDf	OZ251425.1	20400001	20450000	0.0049058639200678	38933	191	38933	0
PflaHELEm	OZ251425.1	20400001	20450000	0.007911026635502	38933	308	38933	0
PflaKGBHm	OZ251425.1	20400001	20450000	0.0048544936172398	38933	189	38933	0
PflaHELAf	OZ251425.1	20450001	20500000	0.0022422572055869	42814	96	42814	2
PflaKGBDf	OZ251425.1	20450001	20500000	0.0040405455904334	42816	173	42816	0
PflaHELEm	OZ251425.1	20450001	20500000	0.0058628421937774	42812	251	42812	4
PflaKGBHm	OZ251425.1	20450001	20500000	0.0047650191535083	42812	204	42812	4
PflaHELEm	OZ251425.1	20500001	20550000	0.0080660041647995	37937	306	37937	0
PflaKGBHm	OZ251425.1	20500001	20550000	0.0048788206440043	37919	185	37919	18
PflaHELAf	OZ251425.1	20500001	20550000	0.0067216701373329	37937	255	37937	0
PflaKGBDf	OZ251425.1	20500001	20550000	0.0057572956556186	37865	218	37865	72
PflaHELAf	OZ251425.1	20550001	20600000	0.0082741546680565	30698	254	30698	0
PflaKGBDf	OZ251425.1	20550001	20600000	0.0062870545312398	30698	193	30698	0
PflaHELEm	OZ251425.1	20550001	20600000	0.012183204117532	30698	374	30698	0
PflaKGBHm	OZ251425.1	20550001	20600000	0.0028014854387908	30698	86	30698	0
PflaKGBHm	OZ251425.1	20600001	20650000	0.001874039938556	32550	61	32550	0
PflaHELEm	OZ251425.1	20600001	20650000	0.0087250384024577	32550	284	32550	0
PflaHELAf	OZ251425.1	20600001	20650000	0.0066367602777607	32546	216	32546	4
PflaKGBDf	OZ251425.1	20600001	20650000	0.0011981566820276	32550	39	32550	0
PflaHELAf	OZ251425.1	20650001	20700000	0.0061065877128053	32424	198	32424	0
PflaKGBDf	OZ251425.1	20650001	20700000	0.0027448803355539	32424	89	32424	0
PflaHELEm	OZ251425.1	20650001	20700000	0.0078647873423187	32423	255	32423	1
PflaKGBHm	OZ251425.1	20650001	20700000	0.0056131260794473	32424	182	32424	0
PflaKGBDf	OZ251425.1	20700001	20750000	0.0041633034538425	23539	98	23539	2
PflaKGBHm	OZ251425.1	20700001	20750000	0.0033135089209855	23540	78	23540	1
PflaHELAf	OZ251425.1	20700001	20750000	0.0050974894864279	23541	120	23541	0
PflaHELEm	OZ251425.1	20700001	20750000	0.0079435877830168	23541	187	23541	0
PflaHELAf	OZ251425.1	20750001	20800000	0.0020452432599938	32270	66	32270	39
PflaKGBDf	OZ251425.1	20750001	20800000	0.0028784549196818	32309	93	32309	0
PflaHELEm	OZ251425.1	20750001	20800000	0.0077996842984926	32309	252	32309	0
PflaKGBHm	OZ251425.1	20750001	20800000	0.0037141353802346	32309	120	32309	0
PflaHELEm	OZ251425.1	20800001	20850000	0.0058998033398886	30001	177	30001	0
PflaKGBDf	OZ251425.1	20800001	20850000	0.0026671111851975	29995	80	29995	6
PflaHELAf	OZ251425.1	20800001	20850000	0.006333122229259	30001	190	30001	0
PflaKGBHm	OZ251425.1	20800001	20850000	0.0035009335822886	29992	105	29992	9
PflaHELAf	OZ251425.1	20850001	20900000	0.0043539045336528	25035	109	25035	0
PflaKGBDf	OZ251425.1	20850001	20900000	0.0021170361493908	25035	53	25035	0
PflaHELEm	OZ251425.1	20850001	20900000	0.0050728979428799	25035	127	25035	0
PflaKGBHm	OZ251425.1	20850001	20900000	0.0032754144198122	25035	82	25035	0
PflaHELEm	OZ251425.1	20900001	20950000	0.0048873778155546	18824	92	18824	0
PflaKGBHm	OZ251425.1	20900001	20950000	0.0024968125796855	18824	47	18824	0
PflaHELAf	OZ251425.1	20900001	20950000	0.0013812154696132	18824	26	18824	0
PflaKGBDf	OZ251425.1	20900001	20950000	0.0007437314067148	18824	14	18824	0
PflaHELEm	OZ251425.1	20950001	21000000	0.0044991965720407	28005	126	28005	0
PflaKGBDf	OZ251425.1	20950001	21000000	0.0003572066440435	27995	10	27995	10
PflaHELAf	OZ251425.1	20950001	21000000	0.0026423852883413	28005	74	28005	0
PflaKGBHm	OZ251425.1	20950001	21000000	0.0025352615604356	28005	71	28005	0
PflaKGBHm	OZ251425.1	21000001	21050000	0.0027459954233409	28405	78	28405	0
PflaHELAf	OZ251425.1	21000001	21050000	0.0014082027812004	28405	40	28405	0
PflaHELEm	OZ251425.1	21000001	21050000	0.0055976060552719	28405	159	28405	0
PflaKGBDf	OZ251425.1	21000001	21050000	0.0006336912515402	28405	18	28405	0
PflaHELAf	OZ251425.1	21050001	21100000	0.0039114587963374	22498	88	22498	0
PflaKGBDf	OZ251425.1	21050001	21100000	0.000577829140368	22498	13	22498	0
PflaHELEm	OZ251425.1	21050001	21100000	0.0058227397990932	22498	131	22498	0
PflaKGBHm	OZ251425.1	21050001	21100000	0.0014223486532136	22498	32	22498	0
PflaHELEm	OZ251425.1	21100001	21150000	0.0018429003021148	33100	61	33100	0
PflaKGBHm	OZ251425.1	21100001	21150000	0.0003323262839879	33100	11	33100	0
PflaKGBDf	OZ251425.1	21100001	21150000	0.0004833836858006	33100	16	33100	0
PflaHELAf	OZ251425.1	21100001	21150000	0.0025679758308157	33100	85	33100	0
PflaKGBHm	OZ251425.1	21150001	21200000	0.0014077590440333	30545	43	30545	0
PflaHELEm	OZ251425.1	21150001	21200000	0.0038304141430676	30545	117	30545	0
PflaKGBDf	OZ251425.1	21150001	21200000	0.0006555872422722	30507	20	30507	38
PflaHELAf	OZ251425.1	21150001	21200000	0.0018333606154853	30545	56	30545	0
PflaKGBDf	OZ251425.1	21200001	21250000	0.0002952368455583	30484	9	30484	0
PflaHELEm	OZ251425.1	21200001	21250000	0.0028539561737304	30484	87	30484	0
PflaKGBHm	OZ251425.1	21200001	21250000	0.0002952368455583	30484	9	30484	0
PflaHELAf	OZ251425.1	21200001	21250000	0.002591523422123	30484	79	30484	0
PflaHELAf	OZ251425.1	21250001	21300000	0.0032629469071924	21453	70	21453	0
PflaKGBDf	OZ251425.1	21250001	21300000	0.001771314035333	21453	38	21453	0
PflaHELEm	OZ251425.1	21250001	21300000	0.0040553768703677	21453	87	21453	0
PflaKGBHm	OZ251425.1	21250001	21300000	0.0006059758541928	21453	13	21453	0
PflaHELEm	OZ251425.1	21300001	21350000	0.005039306591413	24805	125	24805	0
PflaKGBHm	OZ251425.1	21300001	21350000	0.0011288046764765	24805	28	24805	0
PflaHELAf	OZ251425.1	21300001	21350000	0.0049586776859504	24805	123	24805	0
PflaKGBDf	OZ251425.1	21300001	21350000	0.0036283007458173	24805	90	24805	0
PflaHELEm	OZ251425.1	21350001	21400000	0.0051800333260885	27606	143	27606	0
PflaKGBHm	OZ251425.1	21350001	21400000	0.0030790407882344	27606	85	27606	0
PflaHELAf	OZ251425.1	21350001	21400000	0.0065203216692023	27606	180	27606	0
PflaKGBDf	OZ251425.1	21350001	21400000	0.0015214083894805	27606	42	27606	0
PflaKGBHm	OZ251425.1	21400001	21450000	0.0026667760728645	24374	65	24374	679
PflaHELEm	OZ251425.1	21400001	21450000	0.0051091685626471	25053	128	25053	0
PflaKGBDf	OZ251425.1	21400001	21450000	0.0026344150401149	25053	66	25053	0
PflaHELAf	OZ251425.1	21400001	21450000	0.0053087454596255	25053	133	25053	0
PflaHELEm	OZ251425.1	21450001	21500000	0.0036538022379538	26274	96	26274	0
PflaKGBDf	OZ251425.1	21450001	21500000	0.0063941539164192	26274	168	26274	0
PflaHELAf	OZ251425.1	21450001	21500000	0.0029816513761467	26160	78	26160	114
PflaKGBHm	OZ251425.1	21450001	21500000	0.0015605374338674	26273	41	26273	1
PflaHELEm	OZ251425.1	21500001	21550000	0.0018722018722018	24570	46	24570	0
PflaKGBHm	OZ251425.1	21500001	21550000	0.0023199023199023	24570	57	24570	0
PflaHELAf	OZ251425.1	21500001	21550000	0.0028083028083028	24570	69	24570	0
PflaKGBDf	OZ251425.1	21500001	21550000	0.0019536019536019	24570	48	24570	0
PflaHELAf	OZ251425.1	21550001	21600000	0.0023825869240398	24763	59	24763	0
PflaKGBDf	OZ251425.1	21550001	21600000	0.0017768444857246	24763	44	24763	0
PflaHELEm	OZ251425.1	21550001	21600000	0.0023018212655978	24763	57	24763	0
PflaKGBHm	OZ251425.1	21550001	21600000	0.0018979929733877	24763	47	24763	0
PflaKGBHm	OZ251425.1	21600001	21650000	0.0017845946076303	20733	37	20733	0
PflaHELEm	OZ251425.1	21600001	21650000	0.0025563111947137	20733	53	20733	0
PflaKGBDf	OZ251425.1	21600001	21650000	0.0026045434814064	20733	54	20733	0
PflaHELAf	OZ251425.1	21600001	21650000	0.0026527757680991	20733	55	20733	0
PflaKGBHm	OZ251425.1	21650001	21700000	0.0054019701302828	6294	34	6294	0
PflaHELEm	OZ251425.1	21650001	21700000	0.0022353504710202	6263	14	6263	31
PflaKGBDf	OZ251425.1	21650001	21700000	0.0046075627581823	6294	29	6294	0
PflaHELAf	OZ251425.1	21650001	21700000	0.0039827943285008	6277	25	6277	17
PflaKGBHm	OZ251425.1	21700001	21750000	0.0043538355217691	14470	63	14470	0
PflaHELEm	OZ251425.1	21700001	21750000	0.0024934201412938	14438	36	14438	32
PflaHELAf	OZ251425.1	21700001	21750000	0.0035245335176226	14470	51	14470	0
PflaKGBDf	OZ251425.1	21700001	21750000	0.004077401520387	14470	59	14470	0
PflaHELAf	OZ251425.1	21750001	21800000	0.0029261155815654	8202	24	8202	0
PflaKGBDf	OZ251425.1	21750001	21800000	0.0040234089246525	8202	33	8202	0
PflaHELEm	OZ251425.1	21750001	21800000	0.0032979113228288	8187	27	8187	15
PflaKGBHm	OZ251425.1	21750001	21800000	0.004635276896804	8198	38	8198	4
PflaHELAf	OZ251425.1	21800001	21850000	0.0021308454273208	17364	37	17364	0
PflaKGBDf	OZ251425.1	21800001	21850000	0.0013245795899562	17364	23	17364	0
PflaHELEm	OZ251425.1	21800001	21850000	0.001958074176457	17364	34	17364	0
PflaKGBHm	OZ251425.1	21800001	21850000	0.001958074176457	17364	34	17364	0
PflaKGBDf	OZ251425.1	21850001	21900000	0.000936049123858	26708	25	26708	0
PflaHELAf	OZ251425.1	21850001	21900000	0.0011232589486296	26708	30	26708	0
PflaHELEm	OZ251425.1	21850001	21900000	0.0015351205631271	26708	41	26708	0
PflaKGBHm	OZ251425.1	21850001	21900000	0.001759772352853	26708	47	26708	0
PflaKGBHm	OZ251425.1	21900001	21950000	0.00326177653038	26366	86	26366	0
PflaHELEm	OZ251425.1	21900001	21950000	0.0025790791170446	26366	68	26366	0
PflaHELAf	OZ251425.1	21900001	21950000	0.0005689145111127	26366	15	26366	0
PflaKGBDf	OZ251425.1	21900001	21950000	0.0025790791170446	26366	68	26366	0
PflaHELAf	OZ251425.1	21950001	22000000	0.0035741075762255	22663	81	22663	283
PflaKGBDf	OZ251425.1	21950001	22000000	0.0037479299224265	22946	86	22946	0
PflaHELEm	OZ251425.1	21950001	22000000	0.0040529939858798	22946	93	22946	0
PflaKGBHm	OZ251425.1	21950001	22000000	0.0028334786399302	22940	65	22940	6
PflaHELEm	OZ251425.1	22000001	22050000	0.0042898627243928	30304	130	30304	1
PflaKGBHm	OZ251425.1	22000001	22050000	0.0023758455700379	30305	72	30305	0
PflaKGBDf	OZ251425.1	22000001	22050000	0.003332783369081	30305	101	30305	0
PflaHELAf	OZ251425.1	22000001	22050000	0.0016828906121102	30305	51	30305	0
PflaKGBDf	OZ251425.1	22050001	22100000	0.0050603552791102	18971	96	18971	0
PflaHELEm	OZ251425.1	22050001	22100000	0.0045392167212076	18946	86	18946	25
PflaHELAf	OZ251425.1	22050001	22100000	0.0030045859469716	18971	57	18971	0
PflaKGBHm	OZ251425.1	22050001	22100000	0.0044515103338632	18870	84	18870	101
PflaHELAf	OZ251425.1	22100001	22150000	0.0030344715973458	24716	75	24716	9
PflaKGBDf	OZ251425.1	22100001	22150000	0.0025480283114256	24725	63	24725	0
PflaHELEm	OZ251425.1	22100001	22150000	0.0039231547017189	24725	97	24725	0
PflaKGBHm	OZ251425.1	22100001	22150000	0.0037613751263902	24725	93	24725	0
PflaHELAf	OZ251425.1	22150001	22200000	0.0011563169164882	23350	27	23350	0
PflaKGBDf	OZ251425.1	22150001	22200000	0.0029122055674518	23350	68	23350	0
PflaHELEm	OZ251425.1	22150001	22200000	0.0044967880085653	23350	105	23350	0
PflaKGBHm	OZ251425.1	22150001	22200000	0.0021413276231263	23350	50	23350	0
PflaKGBHm	OZ251425.1	22200001	22250000	0.0027828259881871	17608	49	17608	0
PflaHELEm	OZ251425.1	22200001	22250000	0.0064743298500681	17608	114	17608	0
PflaKGBDf	OZ251425.1	22200001	22250000	0.0015919945417329	17588	28	17588	20
PflaHELAf	OZ251425.1	22200001	22250000	0.0016469786460699	17608	29	17608	0
PflaHELAf	OZ251425.1	22250001	22300000	0.0071643049043881	18983	136	18983	0
PflaKGBHm	OZ251425.1	22250001	22300000	0.0064794816414686	18983	123	18983	0
PflaKGBDf	OZ251425.1	22250001	22300000	0.0018437549386293	18983	35	18983	0
PflaHELEm	OZ251425.1	22250001	22300000	0.0109571722067112	18983	208	18983	0
PflaKGBHm	OZ251425.1	22300001	22350000	0.0042827775239835	17512	75	17512	0
PflaHELEm	OZ251425.1	22300001	22350000	0.0073092736409319	17512	128	17512	0
PflaKGBDf	OZ251425.1	22300001	22350000	0.0011420740063956	17512	20	17512	0
PflaHELAf	OZ251425.1	22300001	22350000	0.0049680219278209	17512	87	17512	0
PflaKGBHm	OZ251425.1	22350001	22400000	0.0051024382643919	25674	131	25674	0
PflaKGBDf	OZ251425.1	22350001	22400000	0.0010518934081346	25668	27	25668	6
PflaHELEm	OZ251425.1	22350001	22400000	0.0047129391602399	25674	121	25674	0
PflaHELAf	OZ251425.1	22350001	22400000	0.0019086199509212	25673	49	25673	1
PflaHELEm	OZ251425.1	22400001	22450000	0.0027353872732507	27784	76	27784	0
PflaKGBHm	OZ251425.1	22400001	22450000	0.0008278145695364	27784	23	27784	0
PflaHELAf	OZ251425.1	22400001	22450000	0.0024834437086092	27784	69	27784	0
PflaKGBDf	OZ251425.1	22400001	22450000	0.0005398790670889	27784	15	27784	0
PflaHELAf	OZ251425.1	22450001	22500000	0.0018660962177415	21971	41	21971	0
PflaKGBDf	OZ251425.1	22450001	22500000	0.0015474944244686	21971	34	21971	0
PflaHELEm	OZ251425.1	22450001	22500000	0.0019571253015338	21971	43	21971	0
PflaKGBHm	OZ251425.1	22450001	22500000	0.0002730872513768	21971	6	21971	0
PflaHELAf	OZ251425.1	22500001	22550000	0.0022514916131937	26649	60	26649	0
PflaKGBDf	OZ251425.1	22500001	22550000	0.0015009944087958	26649	40	26649	0
PflaKGBHm	OZ251425.1	22500001	22550000	0.0008630717850576	26649	23	26649	0
PflaHELEm	OZ251425.1	22500001	22550000	0.0025516904949529	26649	68	26649	0
PflaHELEm	OZ251425.1	22550001	22600000	0.0119952019192323	20008	240	20008	0
PflaKGBHm	OZ251425.1	22550001	22600000	0.0074470211915233	20008	149	20008	0
PflaHELAf	OZ251425.1	22550001	22600000	0.0066476733143399	20007	133	20007	1
PflaKGBDf	OZ251425.1	22550001	22600000	0.0031932687921334	19729	63	19729	279
PflaHELAf	OZ251425.1	22600001	22650000	0.0051798279906176	20464	106	20464	0
PflaKGBHm	OZ251425.1	22600001	22650000	0.0022967161845191	20464	47	20464	0
PflaKGBDf	OZ251425.1	22600001	22650000	0.0013682564503518	20464	28	20464	0
PflaHELEm	OZ251425.1	22600001	22650000	0.0072322126661454	20464	148	20464	0
PflaKGBDf	OZ251425.1	22650001	22700000	0.003834422657952	22950	88	22950	0
PflaHELEm	OZ251425.1	22650001	22700000	0.0076688453159041	22950	176	22950	0
PflaKGBHm	OZ251425.1	22650001	22700000	0.0016212426605906	22822	37	22822	128
PflaHELAf	OZ251425.1	22650001	22700000	0.0078431372549019	22950	180	22950	0
PflaKGBHm	OZ251425.1	22700001	22750000	0.0046118370484242	31224	144	31224	0
PflaHELEm	OZ251425.1	22700001	22750000	0.0060850627722264	31224	190	31224	0
PflaKGBDf	OZ251425.1	22700001	22750000	0.0031065846784524	31224	97	31224	0
PflaHELAf	OZ251425.1	22700001	22750000	0.0050281834486292	31224	157	31224	0
PflaHELEm	OZ251425.1	22750001	22800000	0.0045724028364397	25807	118	25807	0
PflaKGBDf	OZ251425.1	22750001	22800000	0.003566444409986	25796	92	25796	11
PflaHELAf	OZ251425.1	22750001	22800000	0.0038749176579997	25807	100	25807	0
PflaKGBHm	OZ251425.1	22750001	22800000	0.0020149571821598	25807	52	25807	0
PflaHELAf	OZ251425.1	22800001	22850000	0.0068249850329275	25055	171	25055	20
PflaKGBDf	OZ251425.1	22800001	22850000	0.0061415752741774	25075	154	25075	0
PflaHELEm	OZ251425.1	22800001	22850000	0.0071784646061814	25075	180	25075	0
PflaKGBHm	OZ251425.1	22800001	22850000	0.0060681065112379	25049	152	25049	26
PflaHELAf	OZ251425.1	22850001	22900000	0.0054101294269424	24029	130	24029	16
PflaKGBDf	OZ251425.1	22850001	22900000	0.0047826991058432	24045	115	24045	0
PflaHELEm	OZ251425.1	22850001	22900000	0.0093574547723019	24045	225	24045	0
PflaKGBHm	OZ251425.1	22850001	22900000	0.0049074651694739	24045	118	24045	0
PflaHELAf	OZ251425.1	22900001	22950000	0.0051450697501723	18853	97	18853	0
PflaKGBDf	OZ251425.1	22900001	22950000	0.0064235281626585	18837	121	18837	16
PflaHELEm	OZ251425.1	22900001	22950000	0.0103431814565321	18853	195	18853	0
PflaKGBHm	OZ251425.1	22900001	22950000	0.0042480883602378	18832	80	18832	21
PflaKGBHm	OZ251425.1	22950001	23000000	0.0080287344179167	18932	152	18932	0
PflaHELEm	OZ251425.1	22950001	23000000	0.010775406718783	18932	204	18932	0
PflaKGBDf	OZ251425.1	22950001	23000000	0.0071307838580181	18932	135	18932	0
PflaHELAf	OZ251425.1	22950001	23000000	0.0092436087048383	18932	175	18932	0
PflaHELAf	OZ251425.1	23000001	23050000	0.0096797446195036	19422	188	19422	0
PflaKGBDf	OZ251425.1	23000001	23050000	0.0024714241581711	19422	48	19422	0
PflaHELEm	OZ251425.1	23000001	23050000	0.0095252806096179	19422	185	19422	0
PflaKGBHm	OZ251425.1	23000001	23050000	0.0025744001647616	19422	50	19422	0
PflaHELAf	OZ251425.1	23050001	23100000	0.0063761097659402	24780	158	24780	0
PflaKGBDf	OZ251425.1	23050001	23100000	0.0065375302663438	24780	162	24780	0
PflaHELEm	OZ251425.1	23050001	23100000	0.0073849878934624	24780	183	24780	0
PflaKGBHm	OZ251425.1	23050001	23100000	0.0063357546408393	24780	157	24780	0
PflaHELEm	OZ251425.1	23100001	23150000	0.0069310405334269	22796	158	22796	0
PflaKGBHm	OZ251425.1	23100001	23150000	0.0052643123491993	22795	120	22795	1
PflaHELAf	OZ251425.1	23100001	23150000	0.0078522547815406	22796	179	22796	0
PflaKGBDf	OZ251425.1	23100001	23150000	0.0018424284962274	22796	42	22796	0
PflaKGBHm	OZ251425.1	23150001	23200000	0.0076225627858461	24926	190	24926	3
PflaHELEm	OZ251425.1	23150001	23200000	0.0095069998796582	24929	237	24929	0
PflaKGBDf	OZ251425.1	23150001	23200000	0.0080227847085723	24929	200	24929	0
PflaHELAf	OZ251425.1	23150001	23200000	0.0074593766380387	24801	185	24801	128
PflaKGBHm	OZ251425.1	23200001	23250000	0.0044556373498643	25810	115	25810	0
PflaHELAf	OZ251425.1	23200001	23250000	0.00608291359938	25810	157	25810	0
PflaHELEm	OZ251425.1	23200001	23250000	0.0087950406819062	25810	227	25810	0
PflaKGBDf	OZ251425.1	23200001	23250000	0.0037288534756839	25477	95	25477	333
PflaHELAf	OZ251425.1	23250001	23300000	0.0058878629733708	22419	132	22419	13
PflaKGBHm	OZ251425.1	23250001	23300000	0.0069559013688857	22427	156	22427	5
PflaHELEm	OZ251425.1	23250001	23300000	0.0088712553495007	22432	199	22432	0
PflaKGBDf	OZ251425.1	23250001	23300000	0.0063748216833095	22432	143	22432	0
PflaKGBHm	OZ251425.1	23300001	23350000	0.0023310993631103	24023	56	24023	0
PflaHELEm	OZ251425.1	23300001	23350000	0.0027509169723241	23992	66	23992	31
PflaKGBDf	OZ251425.1	23300001	23350000	0.0029170312955786	23997	70	23997	26
PflaHELAf	OZ251425.1	23300001	23350000	0.0024559796861341	24023	59	24023	0
PflaKGBDf	OZ251425.1	23350001	23400000	0.0027623153224793	23893	66	23893	0
PflaHELEm	OZ251425.1	23350001	23400000	0.0029715816347884	23893	71	23893	0
PflaKGBHm	OZ251425.1	23350001	23400000	0.003390256152687	23892	81	23892	1
PflaHELAf	OZ251425.1	23350001	23400000	0.0028878751098648	23893	69	23893	0
PflaHELEm	OZ251425.1	23400001	23450000	0.0035911713674696	24783	89	24783	0
PflaKGBHm	OZ251425.1	23400001	23450000	0.0034744667097608	24752	86	24752	31
PflaHELAf	OZ251425.1	23400001	23450000	0.0033087196868821	24783	82	24783	0
PflaKGBDf	OZ251425.1	23400001	23450000	0.0025017148852035	24783	62	24783	0
PflaHELAf	OZ251425.1	23450001	23500000	0.0028675824429952	21621	62	21621	0
PflaKGBDf	OZ251425.1	23450001	23500000	0.0017112991998519	21621	37	21621	0
PflaHELEm	OZ251425.1	23450001	23500000	0.0042551223347671	21621	92	21621	0
PflaKGBHm	OZ251425.1	23450001	23500000	0.0031450904213496	21621	68	21621	0
PflaHELAf	OZ251425.1	23500001	23550000	0.002649136577708	20384	54	20384	0
PflaKGBDf	OZ251425.1	23500001	23550000	0.0021600392734413	20370	44	20370	14
PflaHELEm	OZ251425.1	23500001	23550000	0.0030906593406593	20384	63	20384	0
PflaKGBHm	OZ251425.1	23500001	23550000	0.0029925431711145	20384	61	20384	0
PflaHELAf	OZ251425.1	23550001	23600000	0.0019131636286336	18817	36	18817	1
PflaKGBDf	OZ251425.1	23550001	23600000	0.0014879370815176	18818	28	18818	0
PflaHELEm	OZ251425.1	23550001	23600000	0.0027633117228185	18818	52	18818	0
PflaKGBHm	OZ251425.1	23550001	23600000	0.0018599213518971	18818	35	18818	0
PflaKGBHm	OZ251425.1	23600001	23650000	0.001258019876714	23847	30	23847	1
PflaHELEm	OZ251425.1	23600001	23650000	0.0014256960751425	23848	34	23848	0
PflaHELAf	OZ251425.1	23600001	23650000	0.0009225092250922	23848	22	23848	0
PflaKGBDf	OZ251425.1	23600001	23650000	0.0007128480375712	23848	17	23848	0
PflaHELAf	OZ251425.1	23650001	23700000	0.0007861635220125	22896	18	22896	0
PflaKGBDf	OZ251425.1	23650001	23700000	0.0009608665269042	22896	22	22896	0
PflaHELEm	OZ251425.1	23650001	23700000	0.0010045422781271	22896	23	22896	0
PflaKGBHm	OZ251425.1	23650001	23700000	0.0009608665269042	22896	22	22896	0
PflaHELAf	OZ251425.1	23700001	23750000	0.0007346674894942	34029	25	34029	0
PflaKGBDf	OZ251425.1	23700001	23750000	0.000764054189074	34029	26	34029	0
PflaHELEm	OZ251425.1	23700001	23750000	0.0009109876869728	34029	31	34029	0
PflaKGBHm	OZ251425.1	23700001	23750000	0.0012636280819301	34029	43	34029	0
PflaKGBHm	OZ251425.1	23750001	23800000	0.0015961691939345	21301	34	21301	0
PflaHELAf	OZ251425.1	23750001	23800000	0.002769823013004	21301	59	21301	0
PflaKGBDf	OZ251425.1	23750001	23800000	0.0011267076663067	21301	24	21301	0
PflaHELEm	OZ251425.1	23750001	23800000	0.002769823013004	21301	59	21301	0
PflaHELEm	OZ251425.1	23800001	23850000	0.0023301135400779	23604	55	23604	6
PflaHELAf	OZ251425.1	23800001	23850000	0.0029648454044896	23610	70	23610	0
PflaKGBDf	OZ251425.1	23800001	23850000	0.0022024565861922	23610	52	23610	0
PflaKGBHm	OZ251425.1	23800001	23850000	0.0021601016518424	23610	51	23610	0
PflaHELEm	OZ251425.1	23850001	23900000	0.0038968536514961	20786	81	20786	0
PflaHELAf	OZ251425.1	23850001	23900000	0.0030789954777253	20786	64	20786	0
PflaKGBDf	OZ251425.1	23850001	23900000	0.0022223295811391	20699	46	20699	87
PflaKGBHm	OZ251425.1	23850001	23900000	0.002934667564707	20786	61	20786	0
PflaHELEm	OZ251425.1	23900001	23950000	0.0048740346879351	15798	77	15798	0
PflaKGBDf	OZ251425.1	23900001	23950000	0.0041154868937571	15794	65	15794	4
PflaHELAf	OZ251425.1	23900001	23950000	0.0048851668569978	15762	77	15762	36
PflaKGBHm	OZ251425.1	23900001	23950000	0.0023423651557356	15796	37	15796	2
PflaKGBHm	OZ251425.1	23950001	24000000	0.0006072779931798	21407	13	21407	34
PflaHELEm	OZ251425.1	23950001	24000000	0.0050370784944732	21441	108	21441	0
PflaKGBDf	OZ251425.1	23950001	24000000	0.0037311692551653	21441	80	21441	0
PflaHELAf	OZ251425.1	23950001	24000000	0.0039221179436895	21417	84	21417	24
PflaHELAf	OZ251425.1	24000001	24050000	0.0013110742068001	22882	30	22882	0
PflaKGBDf	OZ251425.1	24000001	24050000	0.002980756586157	22813	68	22813	69
PflaHELEm	OZ251425.1	24000001	24050000	0.0037584127261603	22882	86	22882	0
PflaKGBHm	OZ251425.1	24000001	24050000	0.0017918014159601	22882	41	22882	0
PflaHELAf	OZ251425.1	24050001	24100000	0.0008282945415389	24146	20	24146	0
PflaKGBDf	OZ251425.1	24050001	24100000	0.0012838565393854	24146	31	24146	0
PflaKGBHm	OZ251425.1	24050001	24100000	0.000786879814462	24146	19	24146	0
PflaHELEm	OZ251425.1	24050001	24100000	0.0013252712664623	24146	32	24146	0
PflaHELEm	OZ251425.1	24100001	24150000	0.0031970649895178	19080	61	19080	0
PflaKGBDf	OZ251425.1	24100001	24150000	0.0017823443069825	19076	34	19076	4
PflaHELAf	OZ251425.1	24100001	24150000	0.0023060796645702	19080	44	19080	0
PflaKGBHm	OZ251425.1	24100001	24150000	0.002254732316082	19071	43	19071	9
PflaKGBDf	OZ251425.1	24150001	24200000	0.0018796130747719	21813	41	21813	0
PflaHELEm	OZ251425.1	24150001	24200000	0.0091688442671801	21813	200	21813	0
PflaHELAf	OZ251425.1	24150001	24200000	0.0065557236510337	21813	143	21813	0
PflaKGBHm	OZ251425.1	24150001	24200000	0.0019713015174437	21813	43	21813	0
PflaKGBDf	OZ251425.1	24200001	24250000	0.0010942059191329	19192	21	19192	0
PflaKGBHm	OZ251425.1	24200001	24250000	0.0023458270343533	19183	45	19183	9
PflaHELEm	OZ251425.1	24200001	24250000	0.0025531471446436	19192	49	19192	0
PflaHELAf	OZ251425.1	24200001	24250000	0.0029712260216847	19184	57	19184	8
PflaKGBHm	OZ251425.1	24250001	24300000	0.003835209699369	32332	124	32332	0
PflaHELEm	OZ251425.1	24250001	24300000	0.0037114932574539	32332	120	32332	0
PflaKGBDf	OZ251425.1	24250001	24300000	0.0010206606457998	32332	33	32332	0
PflaHELAf	OZ251425.1	24250001	24300000	0.003435575226717	32309	111	32309	23
PflaKGBDf	OZ251425.1	24300001	24350000	0.0018472411854469	24902	46	24902	0
PflaKGBHm	OZ251425.1	24300001	24350000	0.0028511766123202	24902	71	24902	0
PflaHELEm	OZ251425.1	24300001	24350000	0.0042566862099429	24902	106	24902	0
PflaHELAf	OZ251425.1	24300001	24350000	0.0030519636976949	24902	76	24902	0
PflaHELEm	OZ251425.1	24350001	24400000	0.0038898711795908	19795	77	19795	9
PflaKGBDf	OZ251425.1	24350001	24400000	0.0043425570591799	19804	86	19804	0
PflaHELAf	OZ251425.1	24350001	24400000	0.003686310155027	19803	73	19803	1
PflaKGBHm	OZ251425.1	24350001	24400000	0.0008584124419309	19804	17	19804	0
PflaHELEm	OZ251425.1	24400001	24450000	0.0041470832181365	18085	75	18085	0
PflaKGBHm	OZ251425.1	24400001	24450000	0.0022670721592479	18085	41	18085	0
PflaKGBDf	OZ251425.1	24400001	24450000	0.00182471661598	18085	33	18085	0
PflaHELAf	OZ251425.1	24400001	24450000	0.0028200165883328	18085	51	18085	0
PflaHELEm	OZ251425.1	24450001	24500000	0.0054135989605889	18472	100	18472	0
PflaKGBDf	OZ251425.1	24450001	24500000	0.000703805966109	18471	13	18471	1
PflaHELAf	OZ251425.1	24450001	24500000	0.0044410745233968	18464	82	18464	8
PflaKGBHm	OZ251425.1	24450001	24500000	0.0042226071892594	18472	78	18472	0
PflaKGBHm	OZ251425.1	24500001	24550000	0.0044671640416321	21714	97	21714	0
PflaHELEm	OZ251425.1	24500001	24550000	0.0050658561296859	21714	110	21714	0
PflaHELAf	OZ251425.1	24500001	24550000	0.0031404424329192	21653	68	21653	61
PflaKGBDf	OZ251425.1	24500001	24550000	0.0026250345399281	21714	57	21714	0
PflaKGBHm	OZ251425.1	24550001	24600000	0.0065544274514843	15562	102	15562	0
PflaHELAf	OZ251425.1	24550001	24600000	0.0043053592083279	15562	67	15562	0
PflaKGBDf	OZ251425.1	24550001	24600000	0.0068947741478188	15519	107	15519	43
PflaHELEm	OZ251425.1	24550001	24600000	0.0060403547101914	15562	94	15562	0
PflaHELAf	OZ251425.1	24600001	24650000	0.0049231508165225	16656	82	16656	1
PflaKGBDf	OZ251425.1	24600001	24650000	0.0050471669771074	16643	84	16643	14
PflaKGBHm	OZ251425.1	24600001	24650000	0.0058834123791799	16657	98	16657	0
PflaHELEm	OZ251425.1	24600001	24650000	0.007744491805247	16657	129	16657	0
PflaHELAf	OZ251425.1	24650001	24700000	0.0041245268094242	17699	73	17699	0
PflaKGBHm	OZ251425.1	24650001	24700000	0.0070661390616167	17690	125	17690	9
PflaHELEm	OZ251425.1	24650001	24700000	0.0064975422340245	17699	115	17699	0
PflaKGBDf	OZ251425.1	24650001	24700000	0.0067831100559606	17691	120	17691	8
PflaKGBHm	OZ251425.1	24700001	24750000	0.0053547523427041	18675	100	18675	3
PflaHELAf	OZ251425.1	24700001	24750000	0.0036500268384326	18630	68	18630	48
PflaKGBDf	OZ251425.1	24700001	24750000	0.0040214477211796	18650	75	18650	28
PflaHELEm	OZ251425.1	24700001	24750000	0.0044972695149373	18678	84	18678	0
PflaKGBHm	OZ251425.1	24750001	24800000	0.0018313861698768	15835	29	15835	0
PflaKGBDf	OZ251425.1	24750001	24800000	0.0051820020222446	15824	82	15824	11
PflaHELAf	OZ251425.1	24750001	24800000	0.0037282780410742	15825	59	15825	10
PflaHELEm	OZ251425.1	24750001	24800000	0.007641300915693	15835	121	15835	0
PflaKGBHm	OZ251425.1	24800001	24850000	0.0041377983063895	20784	86	20784	11
PflaHELEm	OZ251425.1	24800001	24850000	0.0064956935957272	20783	135	20783	12
PflaKGBDf	OZ251425.1	24800001	24850000	0.0026027859449558	20747	54	20747	48
PflaHELAf	OZ251425.1	24800001	24850000	0.0039472417444883	20774	82	20774	21
PflaHELEm	OZ251425.1	24850001	24900000	0.0044223327805417	9045	40	9045	0
PflaKGBDf	OZ251425.1	24850001	24900000	0.0029850746268656	9045	27	9045	0
PflaHELAf	OZ251425.1	24850001	24900000	0.0007739082365948	9045	7	9045	0
PflaKGBHm	OZ251425.1	24850001	24900000	0.0015478164731896	9045	14	9045	0
PflaKGBHm	OZ251425.1	24900001	24950000	0.0010363824796814	18333	19	18333	28
PflaHELEm	OZ251425.1	24900001	24950000	0.0085507325309079	18361	157	18361	0
PflaHELAf	OZ251425.1	24900001	24950000	0.0048472305429987	18361	89	18361	0
PflaKGBDf	OZ251425.1	24900001	24950000	0.0081775064057133	18343	150	18343	18
PflaHELAf	OZ251425.1	24950001	25000000	0.0038879888914603	21605	84	21605	175
PflaKGBDf	OZ251425.1	24950001	25000000	0.0038567493112947	21780	84	21780	0
PflaHELEm	OZ251425.1	24950001	25000000	0.0060218810333731	21754	131	21754	26
PflaKGBHm	OZ251425.1	24950001	25000000	0.0024793388429752	21780	54	21780	0
PflaHELEm	OZ251425.1	25000001	25050000	0.0049305555555555	28800	142	28800	0
PflaHELAf	OZ251425.1	25000001	25050000	0.0032291666666666	28800	93	28800	0
PflaKGBDf	OZ251425.1	25000001	25050000	0.0029233660471914	28734	84	28734	66
PflaKGBHm	OZ251425.1	25000001	25050000	0.0019791666666666	28800	57	28800	0
PflaHELAf	OZ251425.1	25050001	25100000	0.0012646221941195	18978	24	18978	41
PflaKGBDf	OZ251425.1	25050001	25100000	0.004523220954084	19013	86	19013	6
PflaHELEm	OZ251425.1	25050001	25100000	0.0010515799989484	19019	20	19019	0
PflaKGBHm	OZ251425.1	25050001	25100000	0.002473423850121	19002	47	19002	17
PflaHELAf	OZ251425.1	25100001	25150000	0.0003936726075441	27942	11	27942	120
PflaKGBDf	OZ251425.1	25100001	25150000	0.0024944765162853	28062	70	28062	0
PflaHELEm	OZ251425.1	25100001	25150000	0.0004650996386533	27951	13	27951	111
PflaKGBHm	OZ251425.1	25100001	25150000	0.0003207298385659	28061	9	28061	1
PflaKGBHm	OZ251425.1	25150001	25200000	0.0038209072205349	20414	78	20414	2
PflaHELEm	OZ251425.1	25150001	25200000	0.0018123928483957	20415	37	20415	1
PflaKGBDf	OZ251425.1	25150001	25200000	0.0043593260188087	20416	89	20416	0
PflaHELAf	OZ251425.1	25150001	25200000	0.0043103448275862	20416	88	20416	0
PflaHELAf	OZ251425.1	25200001	25250000	0.0055430374042361	22190	123	22190	0
PflaKGBDf	OZ251425.1	25200001	25250000	0.0059464366772582	22030	131	22030	160
PflaHELEm	OZ251425.1	25200001	25250000	0.0070301937809824	22190	156	22190	0
PflaKGBHm	OZ251425.1	25200001	25250000	0.0060865644724977	22180	135	22180	10
PflaKGBDf	OZ251425.1	25250001	25300000	0.0052251605440548	25071	131	25071	0
PflaHELEm	OZ251425.1	25250001	25300000	0.0042678792230066	25071	107	25071	0
PflaHELAf	OZ251425.1	25250001	25300000	0.0045869729966894	25071	115	25071	0
PflaKGBHm	OZ251425.1	25250001	25300000	0.0012779552715654	25040	32	25040	31
PflaKGBDf	OZ251425.1	25300001	25350000	0.003698856199852	17573	65	17573	3
PflaHELEm	OZ251425.1	25300001	25350000	0.0073968705547652	17575	130	17575	1
PflaKGBHm	OZ251425.1	25300001	25350000	0.0005185825410544	17355	9	17355	221
PflaHELAf	OZ251425.1	25300001	25350000	0.0032541676181776	17516	57	17516	60
PflaKGBDf	OZ251425.1	25350001	25400000	0.0030027453671928	23312	70	23312	2
PflaHELEm	OZ251425.1	25350001	25400000	0.0054044779960538	23314	126	23314	0
PflaKGBHm	OZ251425.1	25350001	25400000	0.0023602111316139	23303	55	23303	11
PflaHELAf	OZ251425.1	25350001	25400000	0.0033885219181607	23314	79	23314	0
PflaHELAf	OZ251425.1	25400001	25450000	0.003638399104394	21438	78	21438	0
PflaKGBDf	OZ251425.1	25400001	25450000	0.0025188916876574	21438	54	21438	0
PflaHELEm	OZ251425.1	25400001	25450000	0.003638399104394	21438	78	21438	0
PflaKGBHm	OZ251425.1	25400001	25450000	0.0034518145349379	21438	74	21438	0
PflaHELEm	OZ251425.1	25450001	25500000	0.0062764632627646	20075	126	20075	0
PflaHELAf	OZ251425.1	25450001	25500000	0.0059277708592777	20075	119	20075	0
PflaKGBDf	OZ251425.1	25450001	25500000	0.0029389788293897	20075	59	20075	0
PflaKGBHm	OZ251425.1	25450001	25500000	0.0028917584883083	20057	58	20057	18
PflaHELEm	OZ251425.1	25500001	25550000	0.0025765506766835	36871	95	36871	0
PflaKGBHm	OZ251425.1	25500001	25550000	0.002386699574191	36871	88	36871	0
PflaKGBDf	OZ251425.1	25500001	25550000	0.0029020097095278	36871	107	36871	0
PflaHELAf	OZ251425.1	25500001	25550000	0.0023595779881207	36871	87	36871	0
PflaHELAf	OZ251425.1	25550001	25600000	0.0036958942405648	42209	156	42209	0
PflaKGBDf	OZ251425.1	25550001	25600000	0.0033898305084745	42185	143	42185	24
PflaHELEm	OZ251425.1	25550001	25600000	0.0038617356487952	42209	163	42209	0
PflaKGBHm	OZ251425.1	25550001	25600000	0.0029851453481484	42209	126	42209	0
PflaHELAf	OZ251425.1	25600001	25650000	0.0061685125473152	35665	220	35665	0
PflaKGBDf	OZ251425.1	25600001	25650000	0.0061965512407121	35665	221	35665	0
PflaHELEm	OZ251425.1	25600001	25650000	0.0079930446488669	35656	285	35656	9
PflaKGBHm	OZ251425.1	25600001	25650000	0.0062526286275059	35665	223	35665	0
PflaHELEm	OZ251425.1	25650001	25700000	0.0086378524179564	31142	269	31142	0
PflaKGBHm	OZ251425.1	25650001	25700000	0.0070323036413846	31142	219	31142	0
PflaHELAf	OZ251425.1	25650001	25700000	0.0031945788964181	30990	99	30990	152
PflaKGBDf	OZ251425.1	25650001	25700000	0.0056535286370498	31131	176	31131	11
PflaKGBHm	OZ251425.1	25700001	25750000	0.0040902255639097	33250	136	33250	16
PflaHELEm	OZ251425.1	25700001	25750000	0.0084470630673961	33266	281	33266	0
PflaKGBDf	OZ251425.1	25700001	25750000	0.0068872180451127	33250	229	33250	16
PflaHELAf	OZ251425.1	25700001	25750000	0.0049600192388625	33266	165	33266	0
PflaKGBHm	OZ251425.1	25750001	25800000	0.0066319555542627	34379	228	34379	0
PflaHELAf	OZ251425.1	25750001	25800000	0.0073987765802505	34330	254	34330	49
PflaKGBDf	OZ251425.1	25750001	25800000	0.0059338549696035	34379	204	34379	0
PflaHELEm	OZ251425.1	25750001	25800000	0.008638994735158	34379	297	34379	0
PflaHELEm	OZ251425.1	25800001	25850000	0.0097188726107771	27781	270	27781	0
PflaKGBDf	OZ251425.1	25800001	25850000	0.0043914905870918	27781	122	27781	0
PflaHELAf	OZ251425.1	25800001	25850000	0.0083510312803714	27781	232	27781	0
PflaKGBHm	OZ251425.1	25800001	25850000	0.0054713653216226	27781	152	27781	0
PflaKGBHm	OZ251425.1	25850001	25900000	0.0061941682116972	23732	147	23732	0
PflaHELAf	OZ251425.1	25850001	25900000	0.0065783925107531	23714	156	23714	18
PflaKGBDf	OZ251425.1	25850001	25900000	0.0061941682116972	23732	147	23732	0
PflaHELEm	OZ251425.1	25850001	25900000	0.0066155401988875	23732	157	23732	0
PflaKGBHm	OZ251425.1	25900001	25950000	0.0057274785774541	22523	129	22523	1
PflaHELEm	OZ251425.1	25900001	25950000	0.0085686378973539	22524	193	22524	0
PflaKGBDf	OZ251425.1	25900001	25950000	0.0026259569165034	22468	59	22468	56
PflaHELAf	OZ251425.1	25900001	25950000	0.0076362990587817	22524	172	22524	0
PflaKGBHm	OZ251425.1	25950001	26000000	0.0047738300203474	25556	122	25556	10
PflaHELEm	OZ251425.1	25950001	26000000	0.0086844267104799	25563	222	25563	3
PflaKGBDf	OZ251425.1	25950001	26000000	0.0066494563091606	25566	170	25566	0
PflaHELAf	OZ251425.1	25950001	26000000	0.0062321169599811	25513	159	25513	53
PflaKGBHm	OZ251425.1	26000001	26050000	0.0062432521241139	21303	133	21303	40
PflaHELEm	OZ251425.1	26000001	26050000	0.0079182870261912	21343	169	21343	0
PflaKGBDf	OZ251425.1	26000001	26050000	0.0021637894538783	21259	46	21259	84
PflaHELAf	OZ251425.1	26000001	26050000	0.0041281606229769	21317	88	21317	26
PflaKGBDf	OZ251425.1	26050001	26100000	0.0031993174789378	18754	60	18754	21
PflaHELAf	OZ251425.1	26050001	26100000	0.0059121171770972	18775	111	18775	0
PflaKGBHm	OZ251425.1	26050001	26100000	0.0052197070572569	18775	98	18775	0
PflaHELEm	OZ251425.1	26050001	26100000	0.0065104861518757	18739	122	18739	36
PflaKGBHm	OZ251425.1	26100001	26150000	0.0070741729148134	23607	167	23607	0
PflaHELEm	OZ251425.1	26100001	26150000	0.0099626928946922	23588	235	23588	19
PflaKGBDf	OZ251425.1	26100001	26150000	0.0056339221417376	23607	133	23607	0
PflaHELAf	OZ251425.1	26100001	26150000	0.0073283348159444	23607	173	23607	0
PflaKGBHm	OZ251425.1	26150001	26200000	0.0021332458155562	24376	52	24376	2
PflaKGBDf	OZ251425.1	26150001	26200000	0.0048404298958076	24378	118	24378	0
PflaHELAf	OZ251425.1	26150001	26200000	0.0068094183280006	24378	166	24378	0
PflaHELEm	OZ251425.1	26150001	26200000	0.0088194273525309	24378	215	24378	0
PflaHELEm	OZ251425.1	26200001	26250000	0.0061358447488584	28032	172	28032	0
PflaHELAf	OZ251425.1	26200001	26250000	0.0052796803652968	28032	148	28032	0
PflaKGBDf	OZ251425.1	26200001	26250000	0.0041024543378995	28032	115	28032	0
PflaKGBHm	OZ251425.1	26200001	26250000	0.0068136415525114	28032	191	28032	0
PflaKGBHm	OZ251425.1	26250001	26300000	0.0064325323475046	13525	87	13525	0
PflaHELEm	OZ251425.1	26250001	26300000	0.0108687615526802	13525	147	13525	0
PflaKGBDf	OZ251425.1	26250001	26300000	0.0067527456218462	13476	91	13476	49
PflaHELAf	OZ251425.1	26250001	26300000	0.0082809611829944	13525	112	13525	0
PflaKGBHm	OZ251425.1	26300001	26350000	0.0071567324404457	19562	140	19562	0
PflaHELEm	OZ251425.1	26300001	26350000	0.0053675493303343	19562	105	19562	0
PflaKGBDf	OZ251425.1	26300001	26350000	0.006877790894626	19483	134	19483	79
PflaHELAf	OZ251425.1	26300001	26350000	0.0046518760862897	19562	91	19562	0
PflaKGBHm	OZ251425.1	26350001	26400000	0.0076588467115291	26897	206	26897	0
PflaHELEm	OZ251425.1	26350001	26400000	0.0075847709696609	26896	204	26896	1
PflaHELAf	OZ251425.1	26350001	26400000	0.0044657809534442	26871	120	26871	26
PflaKGBDf	OZ251425.1	26350001	26400000	0.0062239117471675	26832	167	26832	65
PflaHELAf	OZ251425.1	26400001	26450000	0.0060249888883401	20249	122	20249	48
PflaKGBDf	OZ251425.1	26400001	26450000	0.0051391016455008	20237	104	20237	60
PflaHELEm	OZ251425.1	26400001	26450000	0.0071824846443431	20188	145	20188	109
PflaKGBHm	OZ251425.1	26400001	26450000	0.0064541557865694	20297	131	20297	0
PflaKGBHm	OZ251425.1	26450001	26500000	0.0092359792703576	19489	180	19489	60
PflaHELEm	OZ251425.1	26450001	26500000	0.0088495575221238	19549	173	19549	0
PflaKGBDf	OZ251425.1	26450001	26500000	0.0079958995386981	19510	156	19510	39
PflaHELAf	OZ251425.1	26450001	26500000	0.0087099088021313	19518	170	19518	31
PflaHELAf	OZ251425.1	26500001	26550000	0.0068450785534617	24251	166	24251	3
PflaKGBDf	OZ251425.1	26500001	26550000	0.0068447963054593	24252	166	24252	2
PflaHELEm	OZ251425.1	26500001	26550000	0.0079986806299991	24254	194	24254	0
PflaKGBHm	OZ251425.1	26500001	26550000	0.0026883944081396	24178	65	24178	76
PflaHELAf	OZ251425.1	26550001	26600000	0.0074816854574738	19247	144	19247	0
PflaHELEm	OZ251425.1	26550001	26600000	0.009507975268873	19247	183	19247	0
PflaKGBDf	OZ251425.1	26550001	26600000	0.0067542993713305	19247	130	19247	0
PflaKGBHm	OZ251425.1	26550001	26600000	0.007066036265392	19247	136	19247	0
PflaHELAf	OZ251425.1	26600001	26650000	0.0058467320943829	9578	56	9578	30
PflaKGBDf	OZ251425.1	26600001	26650000	0.0046678245766391	9212	43	9212	396
PflaHELEm	OZ251425.1	26600001	26650000	0.0107202331390507	9608	103	9608	0
PflaKGBHm	OZ251425.1	26600001	26650000	0.0045373008335971	9477	43	9477	131
PflaKGBHm	OZ251425.1	26650001	26700000	0.0048701298701298	11704	57	11704	9
PflaHELAf	OZ251425.1	26650001	26700000	0.0040126355331682	11713	47	11713	0
PflaKGBDf	OZ251425.1	26650001	26700000	0.0031591530054644	11712	37	11712	1
PflaHELEm	OZ251425.1	26650001	26700000	0.0080280126398496	11709	94	11709	4
PflaHELEm	OZ251425.1	26700001	26750000	0.0063197484431839	32438	205	32438	0
PflaKGBHm	OZ251425.1	26700001	26750000	0.0032677723657438	32438	106	32438	0
PflaHELAf	OZ251425.1	26700001	26750000	0.0035760527776065	32438	116	32438	0
PflaKGBDf	OZ251425.1	26700001	26750000	0.0015722301004994	32438	51	32438	0
PflaHELAf	OZ251425.1	26750001	26800000	0.0053858030232307	27851	150	27851	0
PflaKGBDf	OZ251425.1	26750001	26800000	0.006139815446483	27851	171	27851	0
PflaHELEm	OZ251425.1	26750001	26800000	0.007360597465082	27851	205	27851	0
PflaKGBHm	OZ251425.1	26750001	26800000	0.0061790487138956	27836	172	27836	15
PflaHELEm	OZ251425.1	26800001	26850000	0.0085117358782563	34893	297	34893	0
PflaKGBHm	OZ251425.1	26800001	26850000	0.0049293554581148	34893	172	34893	0
PflaKGBDf	OZ251425.1	26800001	26850000	0.0040695841572808	34893	142	34893	0
PflaHELAf	OZ251425.1	26800001	26850000	0.0056171724987819	34893	196	34893	0
PflaKGBHm	OZ251425.1	26850001	26900000	0.0054963613473761	32567	179	32567	0
PflaHELAf	OZ251425.1	26850001	26900000	0.0050050664783369	32567	163	32567	0
PflaKGBDf	OZ251425.1	26850001	26900000	0.004943654619707	32567	161	32567	0
PflaHELEm	OZ251425.1	26850001	26900000	0.0056805969232658	32567	185	32567	0
PflaHELAf	OZ251425.1	26900001	26950000	0.0023735810113519	29070	69	29070	1
PflaKGBDf	OZ251425.1	26900001	26950000	0.0037867052222107	29049	110	29049	22
PflaHELEm	OZ251425.1	26900001	26950000	0.0054005710157889	29071	157	29071	0
PflaKGBHm	OZ251425.1	26900001	26950000	0.0042654191462282	29071	124	29071	0
PflaKGBDf	OZ251425.1	26950001	27000000	0.0050167711827329	34285	172	34285	0
PflaHELAf	OZ251425.1	26950001	27000000	0.0044042584220504	34285	151	34285	0
PflaKGBHm	OZ251425.1	26950001	27000000	0.0045209275193233	34285	155	34285	0
PflaHELEm	OZ251425.1	26950001	27000000	0.0053376112002333	34285	183	34285	0
PflaKGBDf	OZ251425.1	27000001	27050000	0.0060592787268214	27396	166	27396	0
PflaHELEm	OZ251425.1	27000001	27050000	0.0089161733537966	27366	244	27366	30
PflaKGBHm	OZ251425.1	27000001	27050000	0.0056635486699795	27368	155	27368	28
PflaHELAf	OZ251425.1	27000001	27050000	0.0068623156665206	27396	188	27396	0
PflaKGBHm	OZ251425.1	27050001	27100000	0.0053453776985869	24133	129	24133	0
PflaHELEm	OZ251425.1	27050001	27100000	0.0065056147184353	24133	157	24133	0
PflaKGBDf	OZ251425.1	27050001	27100000	0.0055939999171259	24133	135	24133	0
PflaHELAf	OZ251425.1	27050001	27100000	0.004558074006547	24133	110	24133	0
PflaHELEm	OZ251425.1	27100001	27150000	0.006888153137725	26277	181	26277	0
PflaKGBHm	OZ251425.1	27100001	27150000	0.0018317115054378	26205	48	26205	72
PflaKGBDf	OZ251425.1	27100001	27150000	0.0033869924268371	26277	89	26277	0
PflaHELAf	OZ251425.1	27100001	27150000	0.0058225824865852	26277	153	26277	0
PflaKGBHm	OZ251425.1	27150001	27200000	0.0032762663411813	31133	102	31133	2
PflaHELEm	OZ251425.1	27150001	27200000	0.0049784801181987	31134	155	31134	1
PflaKGBDf	OZ251425.1	27150001	27200000	0.000513891119319	31135	16	31135	0
PflaHELAf	OZ251425.1	27150001	27200000	0.0030191103259996	31135	94	31135	0
PflaHELAf	OZ251425.1	27200001	27250000	0.0050222543004932	33252	167	33252	0
PflaKGBDf	OZ251425.1	27200001	27250000	0.0051502921510752	33202	171	33202	50
PflaHELEm	OZ251425.1	27200001	27250000	0.005984602429929	33252	199	33252	0
PflaKGBHm	OZ251425.1	27200001	27250000	0.0037292111515443	33251	124	33251	1
PflaHELAf	OZ251425.1	27250001	27300000	0.0062974781847448	35411	223	35411	0
PflaKGBHm	OZ251425.1	27250001	27300000	0.0062127587472819	35411	220	35411	0
PflaHELEm	OZ251425.1	27250001	27300000	0.0088955409336082	35411	315	35411	0
PflaKGBDf	OZ251425.1	27250001	27300000	0.0024295157918526	35398	86	35398	13
PflaHELAf	OZ251425.1	27300001	27350000	0.0062065074290013	37219	231	37219	0
PflaKGBHm	OZ251425.1	27300001	27350000	0.0076842472930492	37219	286	37219	0
PflaHELEm	OZ251425.1	27300001	27350000	0.0100486310755259	37219	374	37219	0
PflaKGBDf	OZ251425.1	27300001	27350000	0.0029017437330395	37219	108	37219	0
PflaHELEm	OZ251425.1	27350001	27400000	0.0105459243457621	33283	351	33283	0
PflaHELAf	OZ251425.1	27350001	27400000	0.0082624763392723	33283	275	33283	0
PflaKGBDf	OZ251425.1	27350001	27400000	0.0038159911060364	33281	127	33281	2
PflaKGBHm	OZ251425.1	27350001	27400000	0.006489799597392	33283	216	33283	0
PflaHELEm	OZ251425.1	27400001	27450000	0.0088133103584644	35401	312	35401	0
PflaHELAf	OZ251425.1	27400001	27450000	0.0084178413039179	35401	298	35401	0
PflaKGBHm	OZ251425.1	27400001	27450000	0.0047261921607471	35335	167	35335	66
PflaKGBDf	OZ251425.1	27400001	27450000	0.0083333333333333	35400	295	35400	1
PflaHELEm	OZ251425.1	27450001	27500000	0.0082170226405198	34319	282	34319	0
PflaKGBDf	OZ251425.1	27450001	27500000	0.0069640723797313	34319	239	34319	0
PflaKGBHm	OZ251425.1	27450001	27500000	0.0062968253505524	34303	216	34303	16
PflaHELAf	OZ251425.1	27450001	27500000	0.0083044377749934	34319	285	34319	0
PflaKGBHm	OZ251425.1	27500001	27550000	0.0019135616850277	36581	70	36581	5
PflaHELEm	OZ251425.1	27500001	27550000	0.0075712020991636	36586	277	36586	0
PflaKGBDf	OZ251425.1	27500001	27550000	0.0053299076149346	36586	195	36586	0
PflaHELAf	OZ251425.1	27500001	27550000	0.0072158749248346	36586	264	36586	0
PflaKGBDf	OZ251425.1	27550001	27600000	0.0045835115810059	32726	150	32726	0
PflaKGBHm	OZ251425.1	27550001	27600000	0.003941819959665	32726	129	32726	0
PflaHELAf	OZ251425.1	27550001	27600000	0.0060196785430544	32726	197	32726	0
PflaHELEm	OZ251425.1	27550001	27600000	0.0056224408727006	32726	184	32726	0
PflaHELAf	OZ251425.1	27600001	27650000	0.0038192234245703	31420	120	31420	0
PflaHELEm	OZ251425.1	27600001	27650000	0.0046148949713558	31420	145	31420	0
PflaKGBHm	OZ251425.1	27600001	27650000	0.0028962444302991	31420	91	31420	0
PflaKGBDf	OZ251425.1	27600001	27650000	0.0036919159770846	31420	116	31420	0
PflaKGBHm	OZ251425.1	27650001	27700000	0.0023635074450484	8462	20	8462	0
PflaHELEm	OZ251425.1	27650001	27700000	0.0018908059560387	8462	16	8462	0
PflaKGBDf	OZ251425.1	27650001	27700000	0.0018908059560387	8462	16	8462	0
PflaHELAf	OZ251425.1	27650001	27700000	0.0027180335618057	8462	23	8462	0
PflaKGBDf	OZ251425.1	27700001	27750000	NA	0	NA	NA	NA
PflaHELAf	OZ251425.1	27700001	27750000	NA	0	NA	NA	NA
PflaKGBHm	OZ251425.1	27700001	27750000	NA	0	NA	NA	NA
PflaHELEm	OZ251425.1	27700001	27750000	NA	0	NA	NA	NA
PflaKGBDf	OZ251425.1	27750001	27800000	0.0033524904214559	6264	21	6264	0
PflaHELAf	OZ251425.1	27750001	27800000	0.002713920817369	6264	17	6264	0
PflaKGBHm	OZ251425.1	27750001	27800000	0.0028735632183908	6264	18	6264	0
PflaHELEm	OZ251425.1	27750001	27800000	0.0025542784163473	6264	16	6264	0
PflaHELAf	OZ251425.1	27800001	27850000	0.0026246719160104	3810	10	3810	0
PflaKGBDf	OZ251425.1	27800001	27850000	0.0031496062992125	3810	12	3810	0
PflaHELEm	OZ251425.1	27800001	27850000	0.0018372703412073	3810	7	3810	0
PflaKGBHm	OZ251425.1	27800001	27850000	0.0015748031496062	3810	6	3810	0
PflaKGBHm	OZ251425.1	27850001	27900000	0.0027510316368638	6543	18	6543	0
PflaHELEm	OZ251425.1	27850001	27900000	0.0035152070915482	6543	23	6543	0
PflaKGBDf	OZ251425.1	27850001	27900000	0.00244536145499	6543	16	6543	0
PflaHELAf	OZ251425.1	27850001	27900000	0.0029038667278007	6543	19	6543	0
PflaKGBHm	OZ251425.1	27900001	27950000	0.0068838916934373	26148	180	26148	0
PflaHELEm	OZ251425.1	27900001	27950000	0.0081459385039008	26148	213	26148	0
PflaKGBDf	OZ251425.1	27900001	27950000	0.0053160974490381	26147	139	26147	1
PflaHELAf	OZ251425.1	27900001	27950000	0.0063492063492063	26145	166	26145	3
PflaKGBDf	OZ251425.1	27950001	28000000	0.0063221670983887	22777	144	22777	39
PflaHELEm	OZ251425.1	27950001	28000000	0.0108423686405337	22781	247	22781	35
PflaKGBHm	OZ251425.1	27950001	28000000	0.0074512382204689	22815	170	22815	1
PflaHELAf	OZ251425.1	27950001	28000000	0.0048211781206171	22816	110	22816	0
PflaHELAf	OZ251425.1	28000001	28050000	0.0045846817691477	25956	119	25956	514
PflaKGBDf	OZ251425.1	28000001	28050000	0.0053391718521932	26034	139	26034	436
PflaHELEm	OZ251425.1	28000001	28050000	0.0111824707215715	26470	296	26470	0
PflaKGBHm	OZ251425.1	28000001	28050000	0.008335543515326	26393	220	26393	77
PflaHELEm	OZ251425.1	28050001	28100000	0.0069338227796471	19614	136	19614	178
PflaHELAf	OZ251425.1	28050001	28100000	0.006636377558834	19589	130	19589	203
PflaKGBDf	OZ251425.1	28050001	28100000	0.0064672594987873	19792	128	19792	0
PflaKGBHm	OZ251425.1	28050001	28100000	0.0067198868229587	19792	133	19792	0
PflaHELEm	OZ251425.1	28100001	28150000	0.0083001057856619	24578	204	24578	0
PflaKGBHm	OZ251425.1	28100001	28150000	0.0047196679957685	24578	116	24578	0
PflaHELAf	OZ251425.1	28100001	28150000	0.0037847957024255	24572	93	24572	6
PflaKGBDf	OZ251425.1	28100001	28150000	0.0039059321344291	24578	96	24578	0
PflaHELAf	OZ251425.1	28150001	28200000	0.003706118527161	29141	108	29141	18
PflaKGBDf	OZ251425.1	28150001	28200000	0.0071109584335279	29110	207	29110	49
PflaKGBHm	OZ251425.1	28150001	28200000	0.0029666425195763	28989	86	28989	170
PflaHELEm	OZ251425.1	28150001	28200000	0.0073415897629421	29149	214	29149	10
PflaKGBHm	OZ251425.1	28200001	28250000	0.0060462832238659	32582	197	32582	114
PflaHELEm	OZ251425.1	28200001	28250000	0.0049241497430878	32696	161	32696	0
PflaKGBDf	OZ251425.1	28200001	28250000	0.0045877171519451	32696	150	32696	0
PflaHELAf	OZ251425.1	28200001	28250000	0.0016821629557132	32696	55	32696	0
PflaHELAf	OZ251425.1	28250001	28300000	0.0054949248263756	26206	144	26206	0
PflaHELEm	OZ251425.1	28250001	28300000	0.0107227352514691	26206	281	26206	0
PflaKGBHm	OZ251425.1	28250001	28300000	0.0044366251051786	26146	116	26146	60
PflaKGBDf	OZ251425.1	28250001	28300000	0.0053041288254598	26206	139	26206	0
PflaHELEm	OZ251425.1	28300001	28350000	0.0092182030338389	17140	158	17140	11
PflaKGBDf	OZ251425.1	28300001	28350000	0.0027403649932948	17151	47	17151	0
PflaHELAf	OZ251425.1	28300001	28350000	0.0066592674805771	17119	114	17119	32
PflaKGBHm	OZ251425.1	28300001	28350000	0.0030965178780088	17116	53	17116	35
PflaKGBDf	OZ251425.1	28350001	28400000	0.0046263113312047	15347	71	15347	0
PflaHELAf	OZ251425.1	28350001	28400000	0.0047566299602528	15347	73	15347	0
PflaHELEm	OZ251425.1	28350001	28400000	0.0082752329445494	15347	127	15347	0
PflaKGBHm	OZ251425.1	28350001	28400000	0.0057991789926369	15347	89	15347	0
PflaKGBDf	OZ251425.1	28400001	28450000	0.0066323454385232	21561	143	21561	0
PflaHELAf	OZ251425.1	28400001	28450000	0.0071425258568712	21561	154	21561	0
PflaHELEm	OZ251425.1	28400001	28450000	0.0101572283289272	21561	219	21561	0
PflaKGBHm	OZ251425.1	28400001	28450000	0.0058438847919855	21561	126	21561	0
PflaHELAf	OZ251425.1	28450001	28500000	0.005897607495399	23908	141	23908	2
PflaKGBDf	OZ251425.1	28450001	28500000	0.0088699217605957	23901	212	23901	9
PflaHELEm	OZ251425.1	28450001	28500000	0.0099539941447093	23910	238	23910	0
PflaKGBHm	OZ251425.1	28450001	28500000	0.007737348389795	23910	185	23910	0
PflaHELAf	OZ251425.1	28500001	28550000	0.0050025714152134	21389	107	21389	0
PflaKGBDf	OZ251425.1	28500001	28550000	0.0069661975781943	21389	149	21389	0
PflaHELEm	OZ251425.1	28500001	28550000	0.0059376314928234	21389	127	21389	0
PflaKGBHm	OZ251425.1	28500001	28550000	0.0040207583337229	21389	86	21389	0
PflaHELAf	OZ251425.1	28550001	28600000	0.0053024432026756	24517	130	24517	0
PflaKGBDf	OZ251425.1	28550001	28600000	0.0051395007342143	24516	126	24516	1
PflaHELEm	OZ251425.1	28550001	28600000	0.0047314108577721	24517	116	24517	0
PflaKGBHm	OZ251425.1	28550001	28600000	0.0059958396214871	24517	147	24517	0
PflaKGBDf	OZ251425.1	28600001	28650000	0.0067582434853676	31813	215	31813	0
PflaHELEm	OZ251425.1	28600001	28650000	0.0071668814635526	31813	228	31813	0
PflaKGBHm	OZ251425.1	28600001	28650000	0.0066639424134787	31813	212	31813	0
PflaHELAf	OZ251425.1	28600001	28650000	0.0052808600257756	31813	168	31813	0
PflaHELAf	OZ251425.1	28650001	28700000	0.0070653286913782	29298	207	29298	0
PflaKGBDf	OZ251425.1	28650001	28700000	0.0073383848726875	29298	215	29298	0
PflaKGBHm	OZ251425.1	28650001	28700000	0.0056344761644584	29284	165	29284	14
PflaHELEm	OZ251425.1	28650001	28700000	0.0069970646460509	29298	205	29298	0
PflaHELEm	OZ251425.1	28700001	28750000	0.0042841177201043	16106	69	16106	0
PflaKGBHm	OZ251425.1	28700001	28750000	0.0046566496957655	16106	75	16106	0
PflaKGBDf	OZ251425.1	28700001	28750000	0.0045945610331553	16106	74	16106	0
PflaHELAf	OZ251425.1	28700001	28750000	0.0042220290574941	16106	68	16106	0
PflaKGBHm	OZ251425.1	28750001	28800000	0.0040080160320641	499	2	499	0
PflaHELEm	OZ251425.1	28750001	28800000	0.002004008016032	499	1	499	0
PflaKGBDf	OZ251425.1	28750001	28800000	0.0040080160320641	499	2	499	0
PflaHELAf	OZ251425.1	28750001	28800000	0.0040080160320641	499	2	499	0
PflaHELAf	OZ251425.1	28800001	28850000	0.0	159	0	159	0
PflaKGBHm	OZ251425.1	28800001	28850000	0.0	159	0	159	0
PflaHELEm	OZ251425.1	28800001	28850000	0.0	159	0	159	0
PflaKGBDf	OZ251425.1	28800001	28850000	0.0	159	0	159	0
PflaKGBDf	OZ251425.1	28850001	28900000	0.0072202166064981	277	2	277	0
PflaHELAf	OZ251425.1	28850001	28900000	0.0	277	0	277	0
PflaKGBHm	OZ251425.1	28850001	28900000	0.003610108303249	277	1	277	0
PflaHELEm	OZ251425.1	28850001	28900000	0.003610108303249	277	1	277	0
PflaKGBDf	OZ251425.1	28900001	28950000	0.0048138324000392	20358	98	20358	0
PflaKGBHm	OZ251425.1	28900001	28950000	0.0035366931918656	20358	72	20358	0
PflaHELEm	OZ251425.1	28900001	28950000	0.0064839375184202	20358	132	20358	0
PflaHELAf	OZ251425.1	28900001	28950000	0.0016701051183809	20358	34	20358	0
PflaKGBHm	OZ251425.1	28950001	29000000	0.0034296365330848	26825	92	26825	0
PflaHELEm	OZ251425.1	28950001	29000000	0.0092451071761416	26825	248	26825	0
PflaKGBDf	OZ251425.1	28950001	29000000	0.0039515377446411	26825	106	26825	0
PflaHELAf	OZ251425.1	28950001	29000000	0.0047723798516088	26821	128	26821	4
PflaKGBHm	OZ251425.1	29000001	29050000	0.0033075216934511	25699	85	25699	0
PflaHELEm	OZ251425.1	29000001	29050000	0.0059989871839819	25671	154	25671	28
PflaKGBDf	OZ251425.1	29000001	29050000	0.0020623370559165	25699	53	25699	0
PflaHELAf	OZ251425.1	29000001	29050000	0.0021012490758395	25699	54	25699	0
PflaHELAf	OZ251425.1	29050001	29100000	0.0032353182078794	24418	79	24418	0
PflaKGBHm	OZ251425.1	29050001	29100000	0.0040543861086084	24418	99	24418	0
PflaHELEm	OZ251425.1	29050001	29100000	0.0065525432058317	24418	160	24418	0
PflaKGBDf	OZ251425.1	29050001	29100000	0.0052010811696289	24418	127	24418	0
PflaKGBDf	OZ251425.1	29100001	29150000	0.0100017470300489	22896	229	22896	0
PflaKGBHm	OZ251425.1	29100001	29150000	0.0048543689320388	22866	111	22866	30
PflaHELEm	OZ251425.1	29100001	29150000	0.0084730957372466	22896	194	22896	0
PflaHELAf	OZ251425.1	29100001	29150000	0.0100815288857718	22814	230	22814	82
PflaKGBHm	OZ251425.1	29150001	29200000	0.0061802092843598	28478	176	28478	0
PflaHELEm	OZ251425.1	29150001	29200000	0.0064962427136737	28478	185	28478	0
PflaKGBDf	OZ251425.1	29150001	29200000	0.0046351569632698	28478	132	28478	0
PflaHELAf	OZ251425.1	29150001	29200000	0.0033711416230642	28477	96	28477	1
PflaHELAf	OZ251425.1	29200001	29250000	0.0051886637548848	30451	158	30451	0
PflaKGBDf	OZ251425.1	29200001	29250000	0.007750155988309	30451	236	30451	0
PflaHELEm	OZ251425.1	29200001	29250000	0.0092279399691307	30451	281	30451	0
PflaKGBHm	OZ251425.1	29200001	29250000	0.008219628472793	30415	250	30415	36
PflaKGBHm	OZ251425.1	29250001	29300000	0.0082002745466368	27682	227	27682	0
PflaHELEm	OZ251425.1	29250001	29300000	0.0097897550755003	27682	271	27682	0
PflaHELAf	OZ251425.1	29250001	29300000	0.0057109809874936	27666	158	27666	16
PflaKGBDf	OZ251425.1	29250001	29300000	0.0075139079546275	27682	208	27682	0
PflaHELAf	OZ251425.1	29300001	29350000	0.0064268301691659	27074	174	27074	0
PflaKGBDf	OZ251425.1	29300001	29350000	0.0075718401418334	27074	205	27074	0
PflaHELEm	OZ251425.1	29300001	29350000	0.0089384649479205	27074	242	27074	0
PflaKGBHm	OZ251425.1	29300001	29350000	0.0070178030582847	27074	190	27074	0
PflaKGBHm	OZ251425.1	29350001	29400000	0.0033538936006168	25940	87	25940	10
PflaHELAf	OZ251425.1	29350001	29400000	0.0053663809744421	25902	139	25902	48
PflaKGBDf	OZ251425.1	29350001	29400000	0.0067098565478944	25932	174	25932	18
PflaHELEm	OZ251425.1	29350001	29400000	0.008131021194605	25950	211	25950	0
PflaHELEm	OZ251425.1	29400001	29450000	0.0076888114536777	26402	203	26402	0
PflaKGBHm	OZ251425.1	29400001	29450000	0.0040148473600484	26402	106	26402	0
PflaHELAf	OZ251425.1	29400001	29450000	0.004885993485342	26402	129	26402	0
PflaKGBDf	OZ251425.1	29400001	29450000	0.0062116506325278	26402	164	26402	0
PflaHELAf	OZ251425.1	29450001	29500000	0.0060889929742388	29890	182	29890	0
PflaKGBDf	OZ251425.1	29450001	29500000	0.0048176647708263	29890	144	29890	0
PflaHELEm	OZ251425.1	29450001	29500000	0.0073268651722984	29890	219	29890	0
PflaKGBHm	OZ251425.1	29450001	29500000	0.0042823686851789	29890	128	29890	0
PflaHELAf	OZ251425.1	29500001	29550000	0.0059085801283213	27587	163	27587	0
PflaKGBDf	OZ251425.1	29500001	29550000	0.0048936093087323	27587	135	27587	0
PflaHELEm	OZ251425.1	29500001	29550000	0.006126073875376	27587	169	27587	0
PflaKGBHm	OZ251425.1	29500001	29550000	0.0052923478449994	27587	146	27587	0
PflaHELEm	OZ251425.1	29550001	29600000	0.0060696610327761	32127	195	32127	0
PflaKGBHm	OZ251425.1	29550001	29600000	0.0032371525508139	32127	104	32127	0
PflaHELAf	OZ251425.1	29550001	29600000	0.0050119851819568	32123	161	32123	4
PflaKGBDf	OZ251425.1	29550001	29600000	0.0032995081865155	32126	106	32126	1
PflaKGBDf	OZ251425.1	29600001	29650000	0.0018289070348522	38821	71	38821	0
PflaKGBHm	OZ251425.1	29600001	29650000	0.0007522697795071	38550	29	38550	271
PflaHELEm	OZ251425.1	29600001	29650000	0.0030138327194044	38821	117	38821	0
PflaHELAf	OZ251425.1	29600001	29650000	0.0024728883851523	38821	96	38821	0
PflaKGBHm	OZ251425.1	29650001	29700000	0.002157738095238	26880	58	26880	0
PflaHELEm	OZ251425.1	29650001	29700000	0.000595238095238	26880	16	26880	0
PflaKGBDf	OZ251425.1	29650001	29700000	0.0006696428571428	26880	18	26880	0
PflaHELAf	OZ251425.1	29650001	29700000	0.0017485119047619	26880	47	26880	0
PflaKGBHm	OZ251425.1	29700001	29750000	0.0028662420382165	21980	63	21980	43
PflaHELEm	OZ251425.1	29700001	29750000	0.0061753621214185	22023	136	22023	0
PflaKGBDf	OZ251425.1	29700001	29750000	0.0038596013258865	22023	85	22023	0
PflaHELAf	OZ251425.1	29700001	29750000	0.0035417518049312	22023	78	22023	0
PflaHELAf	OZ251425.1	29750001	29800000	0.0021965349660909	36421	80	36421	0
PflaHELEm	OZ251425.1	29750001	29800000	0.0031575190137558	36421	115	36421	0
PflaKGBDf	OZ251425.1	29750001	29800000	0.0027182120205376	36421	99	36421	0
PflaKGBHm	OZ251425.1	29750001	29800000	0.0005216770544466	36421	19	36421	0
PflaHELAf	OZ251425.1	29800001	29850000	0.0020410146758674	30867	63	30867	195
PflaKGBHm	OZ251425.1	29800001	29850000	0.0030262056532097	31062	94	31062	0
PflaHELEm	OZ251425.1	29800001	29850000	0.0043139527396819	31062	134	31062	0
PflaKGBDf	OZ251425.1	29800001	29850000	0.0028330435902388	31062	88	31062	0
PflaKGBDf	OZ251425.1	29850001	29900000	0.0059383854826068	33174	197	33174	0
PflaHELEm	OZ251425.1	29850001	29900000	0.0070235726773979	33174	233	33174	0
PflaHELAf	OZ251425.1	29850001	29900000	0.0056972327726532	33174	189	33174	0
PflaKGBHm	OZ251425.1	29850001	29900000	0.0061795381925604	33174	205	33174	0
PflaHELEm	OZ251425.1	29900001	29950000	0.006774193548387	24800	168	24800	9
PflaKGBHm	OZ251425.1	29900001	29950000	0.0043953385217145	24799	109	24799	10
PflaHELAf	OZ251425.1	29900001	29950000	0.0040307952759079	24809	100	24809	0
PflaKGBDf	OZ251425.1	29900001	29950000	0.004112405757368	24803	102	24803	6
PflaKGBHm	OZ251425.1	29950001	30000000	0.0021406632953805	32233	69	32233	0
PflaKGBDf	OZ251425.1	29950001	30000000	0.0022027115068408	32233	71	32233	0
PflaHELEm	OZ251425.1	29950001	30000000	0.0036298203704278	32233	117	32233	0
PflaHELAf	OZ251425.1	29950001	30000000	0.0019855427667297	32233	64	32233	0
PflaKGBHm	OZ251425.1	30000001	30050000	0.0047447137699845	29085	138	29085	59
PflaHELEm	OZ251425.1	30000001	30050000	0.0050096074663738	29144	146	29144	0
PflaKGBDf	OZ251425.1	30000001	30050000	0.002165022853019	29099	63	29099	45
PflaHELAf	OZ251425.1	30000001	30050000	0.003842986549547	29144	112	29144	0
PflaHELEm	OZ251425.1	30050001	30100000	0.0065287396885614	22669	148	22669	22
PflaKGBDf	OZ251425.1	30050001	30100000	0.0027323608479132	22691	62	22691	0
PflaHELAf	OZ251425.1	30050001	30100000	0.0052884403507998	22691	120	22691	0
PflaKGBHm	OZ251425.1	30050001	30100000	0.003525782282944	22690	80	22690	1
PflaHELAf	OZ251425.1	30100001	30150000	0.0033200531208499	27108	90	27108	0
PflaKGBDf	OZ251425.1	30100001	30150000	0.0017706949977866	27108	48	27108	0
PflaHELEm	OZ251425.1	30100001	30150000	0.004389848015346	27108	119	27108	0
PflaKGBHm	OZ251425.1	30100001	30150000	0.0046111848900693	27108	125	27108	0
PflaHELAf	OZ251425.1	30150001	30200000	0.0061710903309089	31761	196	31761	0
PflaKGBDf	OZ251425.1	30150001	30200000	0.0059192090929126	31761	188	31761	0
PflaHELEm	OZ251425.1	30150001	30200000	0.0049116841409275	31761	156	31761	0
PflaKGBHm	OZ251425.1	30150001	30200000	0.0019601024311593	31631	62	31631	130
PflaKGBHm	OZ251425.1	30200001	30250000	0.0036660556573904	36006	132	36006	0
PflaHELEm	OZ251425.1	30200001	30250000	0.0049991668055324	36006	180	36006	0
PflaKGBDf	OZ251425.1	30200001	30250000	0.0039442253208155	36002	142	36002	4
PflaHELAf	OZ251425.1	30200001	30250000	0.0041108827287372	36002	148	36002	4
PflaKGBHm	OZ251425.1	30250001	30300000	0.0034220112595209	27177	93	27177	0
PflaHELEm	OZ251425.1	30250001	30300000	0.0081689726229025	27176	222	27176	1
PflaKGBDf	OZ251425.1	30250001	30300000	0.0050095771327537	27148	136	27148	29
PflaHELAf	OZ251425.1	30250001	30300000	0.0066602884898439	27176	181	27176	1
PflaHELEm	OZ251425.1	30300001	30350000	0.005854841503551	28865	169	28865	0
PflaKGBHm	OZ251425.1	30300001	30350000	0.0038801316473237	28865	112	28865	0
PflaKGBDf	OZ251425.1	30300001	30350000	0.0034645232815964	28864	100	28864	1
PflaHELAf	OZ251425.1	30300001	30350000	0.0044709388971684	28853	129	28853	12
PflaHELEm	OZ251425.1	30350001	30400000	0.0054187192118226	34510	187	34510	0
PflaKGBDf	OZ251425.1	30350001	30400000	0.003593161402492	34510	124	34510	0
PflaHELAf	OZ251425.1	30350001	30400000	0.0036221385105766	34510	125	34510	0
PflaKGBHm	OZ251425.1	30350001	30400000	0.0044673938268739	34472	154	34472	38
PflaKGBHm	OZ251425.1	30400001	30450000	0.0028824977328669	30876	89	30876	0
PflaHELAf	OZ251425.1	30400001	30450000	0.0048070676887098	30788	148	30788	88
PflaKGBDf	OZ251425.1	30400001	30450000	0.0021753953050423	30799	67	30799	77
PflaHELEm	OZ251425.1	30400001	30450000	0.0056354450058297	30876	174	30876	0
PflaKGBHm	OZ251425.1	30450001	30500000	0.0016800880597879	34522	58	34522	63
PflaHELEm	OZ251425.1	30450001	30500000	0.0068237675292756	34585	236	34585	0
PflaHELAf	OZ251425.1	30450001	30500000	0.0019969322490087	34553	69	34553	32
PflaKGBDf	OZ251425.1	30450001	30500000	0.0045395402631198	34585	157	34585	0
PflaKGBHm	OZ251425.1	30500001	30550000	0.0020710307576054	35731	74	35731	0
PflaHELEm	OZ251425.1	30500001	30550000	0.0044779043407685	35731	160	35731	0
PflaKGBDf	OZ251425.1	30500001	30550000	0.0031625199406677	35731	113	35731	0
PflaHELAf	OZ251425.1	30500001	30550000	0.0037502448853936	35731	134	35731	0
PflaHELAf	OZ251425.1	30550001	30600000	0.0040074284038705	20462	82	20462	0
PflaHELEm	OZ251425.1	30550001	30600000	0.0042517837943505	20462	87	20462	0
PflaKGBHm	OZ251425.1	30550001	30600000	0.0003420975466718	20462	7	20462	0
PflaKGBDf	OZ251425.1	30550001	30600000	0.0039096862476786	20462	80	20462	0
PflaKGBHm	OZ251425.1	30600001	30650000	0.0046431513517561	13353	62	13353	24
PflaHELAf	OZ251425.1	30600001	30650000	0.0076250280331912	13377	102	13377	0
PflaHELEm	OZ251425.1	30600001	30650000	0.0088211108619271	13377	118	13377	0
PflaKGBDf	OZ251425.1	30600001	30650000	0.0071017417956193	13377	95	13377	0
PflaKGBHm	OZ251425.1	30650001	30700000	0.000173780063951	28772	5	28772	0
PflaHELEm	OZ251425.1	30650001	30700000	0.0044835256499374	28772	129	28772	0
PflaKGBDf	OZ251425.1	30650001	30700000	0.0044487696371472	28772	128	28772	0
PflaHELAf	OZ251425.1	30650001	30700000	0.0042749895731961	28772	123	28772	0
PflaHELAf	OZ251425.1	30700001	30750000	0.0032956540487263	32467	107	32467	0
PflaKGBHm	OZ251425.1	30700001	30750000	0.0017864292974404	32467	58	32467	0
PflaHELEm	OZ251425.1	30700001	30750000	0.0054516894077062	32467	177	32467	0
PflaKGBDf	OZ251425.1	30700001	30750000	0.0019719004190288	32456	64	32456	11
PflaHELAf	OZ251425.1	30750001	30800000	0.003646281089734	33733	123	33733	0
PflaKGBDf	OZ251425.1	30750001	30800000	0.0031126789790412	33733	105	33733	0
PflaKGBHm	OZ251425.1	30750001	30800000	0.0039130821450804	33733	132	33733	0
PflaHELEm	OZ251425.1	30750001	30800000	0.0043577505706578	33733	147	33733	0
PflaKGBHm	OZ251425.1	30800001	30850000	0.000772529902235	37539	29	37539	0
PflaHELAf	OZ251425.1	30800001	30850000	0.0022643117824129	37539	85	37539	0
PflaKGBDf	OZ251425.1	30800001	30850000	0.0002930285836063	37539	11	37539	0
PflaHELEm	OZ251425.1	30800001	30850000	0.0013585870694477	37539	51	37539	0
PflaHELAf	OZ251425.1	30850001	30900000	0.0012307692307692	27625	34	27625	0
PflaKGBDf	OZ251425.1	30850001	30900000	0.0019909502262443	27625	55	27625	0
PflaHELEm	OZ251425.1	30850001	30900000	0.0025701357466063	27625	71	27625	0
PflaKGBHm	OZ251425.1	30850001	30900000	0.0018099547511312	27625	50	27625	0
PflaHELAf	OZ251425.1	30900001	30950000	0.0038895931773654	34708	135	34708	1
PflaKGBDf	OZ251425.1	30900001	30950000	0.003774237229537	34709	131	34709	0
PflaHELEm	OZ251425.1	30900001	30950000	0.0040626980925488	34706	141	34706	3
PflaKGBHm	OZ251425.1	30900001	30950000	0.0044082056010141	34708	153	34708	1
PflaHELAf	OZ251425.1	30950001	31000000	0.0008045052292839	29832	24	29832	143
PflaKGBDf	OZ251425.1	30950001	31000000	0.0043035863219349	29975	129	29975	0
PflaKGBHm	OZ251425.1	30950001	31000000	0.0047372810675562	29975	142	29975	0
PflaHELEm	OZ251425.1	30950001	31000000	0.0077064220183486	29975	231	29975	0
PflaKGBDf	OZ251425.1	31000001	31050000	0.0007010410459532	28529	20	28529	0
PflaHELEm	OZ251425.1	31000001	31050000	0.0049423393739703	28529	141	28529	0
PflaKGBHm	OZ251425.1	31000001	31050000	0.0016475042063937	28528	47	28528	1
PflaHELAf	OZ251425.1	31000001	31050000	0.0002453643660836	28529	7	28529	0
PflaKGBDf	OZ251425.1	31050001	31100000	0.0016313213703099	25133	41	25133	0
PflaKGBHm	OZ251425.1	31050001	31100000	0.0031432777623045	25133	79	25133	0
PflaHELEm	OZ251425.1	31050001	31100000	0.0035809493494608	25133	90	25133	0
PflaHELAf	OZ251425.1	31050001	31100000	0.0008355548482075	25133	21	25133	0
PflaKGBDf	OZ251425.1	31100001	31150000	0.0027731558513588	1803	5	1803	0
PflaHELAf	OZ251425.1	31100001	31150000	0.0033277870216306	1803	6	1803	0
PflaHELEm	OZ251425.1	31100001	31150000	0.0033277870216306	1803	6	1803	0
PflaKGBHm	OZ251425.1	31100001	31150000	0.0038824181919023	1803	7	1803	0
PflaKGBHm	OZ251425.1	31150001	31200000	NA	0	NA	NA	NA
PflaHELEm	OZ251425.1	31150001	31200000	NA	0	NA	NA	NA
PflaHELAf	OZ251425.1	31150001	31200000	NA	0	NA	NA	NA
PflaKGBDf	OZ251425.1	31150001	31200000	NA	0	NA	NA	NA
PflaKGBDf	OZ251425.1	31200001	31250000	NA	0	NA	NA	NA
PflaHELAf	OZ251425.1	31200001	31250000	NA	0	NA	NA	NA
PflaKGBHm	OZ251425.1	31200001	31250000	NA	0	NA	NA	NA
PflaHELEm	OZ251425.1	31200001	31250000	NA	0	NA	NA	NA
PflaKGBDf	OZ251425.1	31250001	31300000	0.0	28	0	28	0
PflaHELEm	OZ251425.1	31250001	31300000	0.0	28	0	28	0
PflaHELAf	OZ251425.1	31250001	31300000	0.0	28	0	28	0
PflaKGBHm	OZ251425.1	31250001	31300000	0.1071428571428571	28	3	28	0
PflaHELAf	OZ251425.1	31300001	31350000	NA	0	NA	NA	NA
PflaKGBDf	OZ251425.1	31300001	31350000	NA	0	NA	NA	NA
PflaHELEm	OZ251425.1	31300001	31350000	NA	0	NA	NA	NA
PflaKGBHm	OZ251425.1	31300001	31350000	NA	0	NA	NA	NA
PflaHELAf	OZ251425.1	31350001	31400000	NA	0	NA	NA	NA
PflaKGBDf	OZ251425.1	31350001	31400000	NA	0	NA	NA	NA
PflaKGBHm	OZ251425.1	31350001	31400000	NA	0	NA	NA	NA
PflaHELEm	OZ251425.1	31350001	31400000	NA	0	NA	NA	NA
PflaKGBHm	OZ251425.1	31400001	31450000	NA	0	NA	NA	NA
PflaHELAf	OZ251425.1	31400001	31450000	NA	0	NA	NA	NA
PflaKGBDf	OZ251425.1	31400001	31450000	NA	0	NA	NA	NA
PflaHELEm	OZ251425.1	31400001	31450000	NA	0	NA	NA	NA
PflaKGBHm	OZ251425.1	31450001	31500000	0.0051728488518798	7926	41	7926	0
PflaHELEm	OZ251425.1	31450001	31500000	0.005046681806712	7926	40	7926	0
PflaKGBDf	OZ251425.1	31450001	31500000	0.003785011355034	7926	30	7926	0
PflaHELAf	OZ251425.1	31450001	31500000	0.0046681806712086	7926	37	7926	0
PflaHELAf	OZ251425.1	31500001	31550000	NA	0	NA	NA	NA
PflaKGBHm	OZ251425.1	31500001	31550000	NA	0	NA	NA	NA
PflaHELEm	OZ251425.1	31500001	31550000	NA	0	NA	NA	NA
PflaKGBDf	OZ251425.1	31500001	31550000	NA	0	NA	NA	NA
PflaKGBDf	OZ251425.1	31550001	31600000	NA	0	NA	NA	NA
PflaHELAf	OZ251425.1	31550001	31600000	NA	0	NA	NA	NA
PflaKGBHm	OZ251425.1	31550001	31600000	NA	0	NA	NA	NA
PflaHELEm	OZ251425.1	31550001	31600000	NA	0	NA	NA	NA
PflaHELAf	OZ251425.1	31600001	31650000	NA	0	NA	NA	NA
PflaKGBHm	OZ251425.1	31600001	31650000	NA	0	NA	NA	NA
PflaHELEm	OZ251425.1	31600001	31650000	NA	0	NA	NA	NA
PflaKGBDf	OZ251425.1	31600001	31650000	NA	0	NA	NA	NA
PflaKGBHm	OZ251425.1	31650001	31700000	0.0013824375138243	18084	25	18084	0
PflaHELEm	OZ251425.1	31650001	31700000	0.0025989825259898	18084	47	18084	0
PflaKGBDf	OZ251425.1	31650001	31700000	0.0016036275160362	18084	29	18084	0
PflaHELAf	OZ251425.1	31650001	31700000	0.0003317850033178	18084	6	18084	0
PflaKGBHm	OZ251425.1	31700001	31750000	0.0027258566978193	23112	63	23112	0
PflaHELEm	OZ251425.1	31700001	31750000	0.0050623052959501	23112	117	23112	0
PflaKGBDf	OZ251425.1	31700001	31750000	0.0029421945309795	23112	68	23112	0
PflaHELAf	OZ251425.1	31700001	31750000	0.0003461405330564	23112	8	23112	0
PflaHELEm	OZ251425.1	31750001	31800000	0.0069722459628446	22231	155	22231	0
PflaKGBDf	OZ251425.1	31750001	31800000	0.0035087719298245	22230	78	22230	1
PflaHELAf	OZ251425.1	31750001	31800000	0.0008546624083487	22231	19	22231	0
PflaKGBHm	OZ251425.1	31750001	31800000	0.0060276190904592	22231	134	22231	0
PflaHELAf	OZ251425.1	31800001	31850000	0.0018969685698344	26885	51	26885	7
PflaKGBDf	OZ251425.1	31800001	31850000	0.002008032128514	26892	54	26892	0
PflaHELEm	OZ251425.1	31800001	31850000	0.0067678119886955	26892	182	26892	0
PflaKGBHm	OZ251425.1	31800001	31850000	0.0065303380849317	26798	175	26798	94
PflaKGBHm	OZ251425.1	31850001	31900000	0.0015573089700996	19264	30	19264	902
PflaHELEm	OZ251425.1	31850001	31900000	0.0068927898442923	20166	139	20166	0
PflaHELAf	OZ251425.1	31850001	31900000	0.0005950609937518	20166	12	20166	0
PflaKGBDf	OZ251425.1	31850001	31900000	0.0006446494098978	20166	13	20166	0
PflaHELAf	OZ251425.1	31900001	31950000	0.0009269129165314	21577	20	21577	0
PflaKGBDf	OZ251425.1	31900001	31950000	0.0007415303332251	21577	16	21577	0
PflaHELEm	OZ251425.1	31900001	31950000	0.0039857255410854	21577	86	21577	0
PflaKGBHm	OZ251425.1	31900001	31950000	0.0035686147286462	21577	77	21577	0
PflaHELAf	OZ251425.1	31950001	32000000	0.0016266223863905	29509	48	29509	12
PflaKGBDf	OZ251425.1	31950001	32000000	0.0005421339748585	29513	16	29513	8
PflaHELEm	OZ251425.1	31950001	32000000	0.0039971545679346	29521	118	29521	0
PflaKGBHm	OZ251425.1	31950001	32000000	0.0040345821325648	29495	119	29495	26
PflaKGBHm	OZ251425.1	32000001	32050000	0.0048052488102388	21643	104	21643	0
PflaHELEm	OZ251425.1	32000001	32050000	0.0048514531257219	21643	105	21643	0
PflaKGBDf	OZ251425.1	32000001	32050000	0.0007854733632121	21643	17	21643	0
PflaHELAf	OZ251425.1	32000001	32050000	0.0021716028277041	21643	47	21643	0
PflaHELEm	OZ251425.1	32050001	32100000	0.0067122593718338	23688	159	23688	0
PflaKGBDf	OZ251425.1	32050001	32100000	0.0026595744680851	23688	63	23688	0
PflaHELAf	OZ251425.1	32050001	32100000	0.0035460992907801	23688	84	23688	0
PflaKGBHm	OZ251425.1	32050001	32100000	0.0075987841945288	23688	180	23688	0
PflaKGBHm	OZ251425.1	32100001	32150000	0.0047603336946787	21217	101	21217	0
PflaHELEm	OZ251425.1	32100001	32150000	0.0046189376443418	21217	98	21217	0
PflaKGBDf	OZ251425.1	32100001	32150000	0.0004241881510109	21217	9	21217	0
PflaHELAf	OZ251425.1	32100001	32150000	0.0012254324362539	21217	26	21217	0
PflaKGBDf	OZ251425.1	32150001	32200000	7.744133818632385e-05	25826	2	25826	0
PflaHELAf	OZ251425.1	32150001	32200000	0.0020134747928444	25826	52	25826	0
PflaHELEm	OZ251425.1	32150001	32200000	0.0049175249748315	25826	127	25826	0
PflaKGBHm	OZ251425.1	32150001	32200000	0.0045690389529931	25826	118	25826	0
PflaKGBHm	OZ251425.1	32200001	32250000	0.0034364261168384	29391	101	29391	0
PflaHELEm	OZ251425.1	32200001	32250000	0.0038106903473852	29391	112	29391	0
PflaKGBDf	OZ251425.1	32200001	32250000	0.0007145044401347	29391	21	29391	0
PflaHELAf	OZ251425.1	32200001	32250000	0.0019733932156102	29391	58	29391	0
PflaHELEm	OZ251425.1	32250001	32300000	0.0078575932482902	20617	162	20617	0
PflaKGBHm	OZ251425.1	32250001	32300000	0.0073725566280254	20617	152	20617	0
PflaKGBDf	OZ251425.1	32250001	32300000	0.0007275549303972	20617	15	20617	0
PflaHELAf	OZ251425.1	32250001	32300000	0.0019401464810593	20617	40	20617	0
PflaKGBDf	OZ251425.1	32300001	32350000	0.0009580838323353	25050	24	25050	0
PflaKGBHm	OZ251425.1	32300001	32350000	0.0049900199600798	25050	125	25050	0
PflaHELEm	OZ251425.1	32300001	32350000	0.005189620758483	25050	130	25050	0
PflaHELAf	OZ251425.1	32300001	32350000	0.0017964071856287	25050	45	25050	0
PflaKGBHm	OZ251425.1	32350001	32400000	0.0055817358283387	21857	122	21857	0
PflaKGBDf	OZ251425.1	32350001	32400000	0.0006405270622683	21857	14	21857	0
PflaHELAf	OZ251425.1	32350001	32400000	0.0016470695886901	21857	36	21857	0
PflaHELEm	OZ251425.1	32350001	32400000	0.005398728096262	21857	118	21857	0
PflaHELAf	OZ251425.1	32400001	32450000	0.0021503025001822	27438	59	27438	0
PflaKGBDf	OZ251425.1	32400001	32450000	0.0003280122457905	27438	9	27438	0
PflaHELEm	OZ251425.1	32400001	32450000	0.0036810263138712	27438	101	27438	0
PflaKGBHm	OZ251425.1	32400001	32450000	0.0027699821409046	27437	76	27437	1
PflaKGBHm	OZ251425.1	32450001	32500000	0.0060247562712235	18258	110	18258	0
PflaHELEm	OZ251425.1	32450001	32500000	0.0059699857596669	18258	109	18258	0
PflaHELAf	OZ251425.1	32450001	32500000	0.0039982473436301	18258	73	18258	0
PflaKGBDf	OZ251425.1	32450001	32500000	0.0014788038120276	18258	27	18258	0
PflaHELEm	OZ251425.1	32500001	32550000	0.004165264220801	23768	99	23768	0
PflaKGBDf	OZ251425.1	32500001	32550000	0.0003786603837091	23768	9	23768	0
PflaHELAf	OZ251425.1	32500001	32550000	0.0013884214069336	23768	33	23768	0
PflaKGBHm	OZ251425.1	32500001	32550000	0.003492090205318	23768	83	23768	0
PflaHELAf	OZ251425.1	32550001	32600000	0.001373249107388	25487	35	25487	0
PflaKGBDf	OZ251425.1	32550001	32600000	0.0006670067093027	25487	17	25487	0
PflaHELEm	OZ251425.1	32550001	32600000	0.0034527406128614	25487	88	25487	0
PflaKGBHm	OZ251425.1	32550001	32600000	0.0032565621689488	25487	83	25487	0
PflaKGBDf	OZ251425.1	32600001	32650000	0.0010917548772962	21067	23	21067	0
PflaHELAf	OZ251425.1	32600001	32650000	0.0014240281008211	21067	30	21067	0
PflaKGBHm	OZ251425.1	32600001	32650000	0.0027056533915602	21067	57	21067	0
PflaHELEm	OZ251425.1	32600001	32650000	0.0030853942184459	21067	65	21067	0
PflaKGBHm	OZ251425.1	32650001	32700000	0.0025508317929759	27050	69	27050	0
PflaHELEm	OZ251425.1	32650001	32700000	0.0030314232902033	27050	82	27050	0
PflaKGBDf	OZ251425.1	32650001	32700000	0.0011090573012939	27050	30	27050	0
PflaHELAf	OZ251425.1	32650001	32700000	0.0009611829944547	27050	26	27050	0
PflaKGBHm	OZ251425.1	32700001	32750000	0.0031287712868189	22373	70	22373	0
PflaHELEm	OZ251425.1	32700001	32750000	0.0037992222768515	22373	85	22373	0
PflaKGBDf	OZ251425.1	32700001	32750000	0.0021007464354355	22373	47	22373	0
PflaHELAf	OZ251425.1	32700001	32750000	0.0019219595047602	22373	43	22373	0
PflaHELEm	OZ251425.1	32750001	32800000	0.0030601836110166	17646	54	17646	0
PflaHELAf	OZ251425.1	32750001	32800000	0.0013600816048962	17646	24	17646	0
PflaKGBHm	OZ251425.1	32750001	32800000	0.0031168536778873	17646	55	17646	0
PflaKGBDf	OZ251425.1	32750001	32800000	0.0014167516717669	17646	25	17646	0
PflaKGBHm	OZ251425.1	32800001	32850000	0.0020836738029089	24476	51	24476	0
PflaHELEm	OZ251425.1	32800001	32850000	0.0027373753881353	24476	67	24476	0
PflaHELAf	OZ251425.1	32800001	32850000	0.0013891158686059	24476	34	24476	0
PflaKGBDf	OZ251425.1	32800001	32850000	0.0006128452361496	24476	15	24476	0
PflaHELAf	OZ251425.1	32850001	32900000	0.0006684727157583	28423	19	28423	0
PflaKGBHm	OZ251425.1	32850001	32900000	0.0026387080885198	28423	75	28423	0
PflaHELEm	OZ251425.1	32850001	32900000	0.0026738908630334	28423	76	28423	0
PflaKGBDf	OZ251425.1	32850001	32900000	0.0008092038138127	28423	23	28423	0
PflaHELAf	OZ251425.1	32900001	32950000	0.0041055718475073	20460	84	20460	0
PflaKGBDf	OZ251425.1	32900001	32950000	0.0033724340175953	20460	69	20460	0
PflaHELEm	OZ251425.1	32900001	32950000	0.0056207233626588	20460	115	20460	0
PflaKGBHm	OZ251425.1	32900001	32950000	0.0050342130987292	20460	103	20460	0
PflaHELAf	OZ251425.1	32950001	33000000	0.0046099883080006	29935	138	29935	0
PflaKGBDf	OZ251425.1	32950001	33000000	0.0043093368966093	29935	129	29935	0
PflaHELEm	OZ251425.1	32950001	33000000	0.004910639719392	29935	147	29935	0
PflaKGBHm	OZ251425.1	32950001	33000000	0.0046433940203774	29935	139	29935	0
PflaKGBDf	OZ251425.1	33000001	33050000	0.000983842282514	26427	26	26427	0
PflaKGBHm	OZ251425.1	33000001	33050000	0.0023082453551292	26427	61	26427	0
PflaHELAf	OZ251425.1	33000001	33050000	0.000946002194725	26427	25	26427	0
PflaHELEm	OZ251425.1	33000001	33050000	0.0026488061452302	26427	70	26427	0
PflaHELAf	OZ251425.1	33050001	33100000	0.0015464264102736	29746	46	29746	0
PflaKGBDf	OZ251425.1	33050001	33100000	0.0015464264102736	29746	46	29746	0
PflaKGBHm	OZ251425.1	33050001	33100000	0.0020843138573253	29746	62	29746	0
PflaHELEm	OZ251425.1	33050001	33100000	0.0023868755462919	29746	71	29746	0
PflaKGBDf	OZ251425.1	33100001	33150000	0.0022614595111768	22994	52	22994	0
PflaHELEm	OZ251425.1	33100001	33150000	0.0038270853266069	22994	88	22994	0
PflaHELAf	OZ251425.1	33100001	33150000	0.0009567713316517	22994	22	22994	0
PflaKGBHm	OZ251425.1	33100001	33150000	0.0036966165086544	22994	85	22994	0
PflaHELEm	OZ251425.1	33150001	33200000	0.0031533863604273	21247	67	21247	0
PflaHELAf	OZ251425.1	33150001	33200000	0.001223702169718	21247	26	21247	0
PflaKGBDf	OZ251425.1	33150001	33200000	0.0009413093613215	21247	20	21247	0
PflaKGBHm	OZ251425.1	33150001	33200000	0.0027768626158987	21247	59	21247	0
PflaKGBHm	OZ251425.1	33200001	33250000	0.0024987274998843	21611	54	21611	0
PflaHELEm	OZ251425.1	33200001	33250000	0.0031002730091157	21611	67	21611	0
PflaHELAf	OZ251425.1	33200001	33250000	0.0010180000925454	21611	22	21611	0
PflaKGBDf	OZ251425.1	33200001	33250000	0.0010642728240248	21611	23	21611	0
PflaKGBDf	OZ251425.1	33250001	33300000	0.0019370460048426	24780	48	24780	0
PflaHELAf	OZ251425.1	33250001	33300000	0.002138821630347	24780	53	24780	0
PflaHELEm	OZ251425.1	33250001	33300000	0.0041565778853914	24780	103	24780	0
PflaKGBHm	OZ251425.1	33250001	33300000	0.0035512510088781	24780	88	24780	0
PflaHELAf	OZ251425.1	33300001	33350000	0.0022569889715311	19495	44	19495	0
PflaKGBDf	OZ251425.1	33300001	33350000	0.0021031033598358	19495	41	19495	0
PflaHELEm	OZ251425.1	33300001	33350000	0.0071300333418825	19495	139	19495	0
PflaKGBHm	OZ251425.1	33300001	33350000	0.0052356020942408	19482	102	19482	13
PflaKGBHm	OZ251425.1	33350001	33400000	0.0	7	0	7	0
PflaHELEm	OZ251425.1	33350001	33400000	0.0	7	0	7	0
PflaHELAf	OZ251425.1	33350001	33400000	0.0	7	0	7	0
PflaKGBDf	OZ251425.1	33350001	33400000	0.0	7	0	7	0
PflaHELEm	OZ251425.1	33400001	33450000	0.0058503969912244	2393	14	2393	0
PflaKGBDf	OZ251425.1	33400001	33450000	0.0071040534893439	2393	17	2393	0
PflaHELAf	OZ251425.1	33400001	33450000	0.0135726795096322	2284	31	2284	109
PflaKGBHm	OZ251425.1	33400001	33450000	0.0087755954868366	2393	21	2393	0
PflaKGBDf	OZ251425.1	33450001	33500000	NA	0	NA	NA	NA
PflaHELEm	OZ251425.1	33450001	33500000	NA	0	NA	NA	NA
PflaKGBHm	OZ251425.1	33450001	33500000	NA	0	NA	NA	NA
PflaHELAf	OZ251425.1	33450001	33500000	NA	0	NA	NA	NA
PflaKGBHm	OZ251425.1	33500001	33550000	NA	0	NA	NA	NA
PflaHELEm	OZ251425.1	33500001	33550000	NA	0	NA	NA	NA
PflaKGBDf	OZ251425.1	33500001	33550000	NA	0	NA	NA	NA
PflaHELAf	OZ251425.1	33500001	33550000	NA	0	NA	NA	NA
PflaHELEm	OZ251425.1	33550001	33600000	NA	0	NA	NA	NA
PflaKGBDf	OZ251425.1	33550001	33600000	NA	0	NA	NA	NA
PflaHELAf	OZ251425.1	33550001	33600000	NA	0	NA	NA	NA
PflaKGBHm	OZ251425.1	33550001	33600000	NA	0	NA	NA	NA
PflaKGBHm	OZ251425.1	33600001	33650000	NA	0	NA	NA	NA
PflaHELEm	OZ251425.1	33600001	33650000	NA	0	NA	NA	NA
PflaKGBDf	OZ251425.1	33600001	33650000	NA	0	NA	NA	NA
PflaHELAf	OZ251425.1	33600001	33650000	NA	0	NA	NA	NA
PflaHELEm	OZ251425.1	33650001	33700000	NA	0	NA	NA	NA
PflaKGBDf	OZ251425.1	33650001	33700000	NA	0	NA	NA	NA
PflaHELAf	OZ251425.1	33650001	33700000	NA	0	NA	NA	NA
PflaKGBHm	OZ251425.1	33650001	33700000	NA	0	NA	NA	NA
PflaHELEm	OZ251425.1	33700001	33750000	NA	0	NA	NA	NA
PflaKGBHm	OZ251425.1	33700001	33750000	NA	0	NA	NA	NA
PflaKGBDf	OZ251425.1	33700001	33750000	NA	0	NA	NA	NA
PflaHELAf	OZ251425.1	33700001	33750000	NA	0	NA	NA	NA
PflaHELAf	OZ251425.1	33750001	33800000	NA	0	NA	NA	NA
PflaKGBDf	OZ251425.1	33750001	33800000	NA	0	NA	NA	NA
PflaHELEm	OZ251425.1	33750001	33800000	NA	0	NA	NA	NA
PflaKGBHm	OZ251425.1	33750001	33800000	NA	0	NA	NA	NA
PflaHELAf	OZ251425.1	33800001	33850000	NA	0	NA	NA	NA
PflaHELEm	OZ251425.1	33800001	33850000	NA	0	NA	NA	NA
PflaKGBHm	OZ251425.1	33800001	33850000	NA	0	NA	NA	NA
PflaKGBDf	OZ251425.1	33800001	33850000	NA	0	NA	NA	NA
PflaKGBHm	OZ251425.1	33850001	33900000	NA	0	NA	NA	NA
PflaHELAf	OZ251425.1	33850001	33900000	NA	0	NA	NA	NA
PflaHELEm	OZ251425.1	33850001	33900000	NA	0	NA	NA	NA
PflaKGBDf	OZ251425.1	33850001	33900000	NA	0	NA	NA	NA
PflaKGBHm	OZ251425.1	33900001	33950000	NA	0	NA	NA	NA
PflaHELEm	OZ251425.1	33900001	33950000	NA	0	NA	NA	NA
PflaKGBDf	OZ251425.1	33900001	33950000	NA	0	NA	NA	NA
PflaHELAf	OZ251425.1	33900001	33950000	NA	0	NA	NA	NA
PflaKGBDf	OZ251425.1	33950001	34000000	NA	0	NA	NA	NA
PflaKGBHm	OZ251425.1	33950001	34000000	NA	0	NA	NA	NA
PflaHELAf	OZ251425.1	33950001	34000000	NA	0	NA	NA	NA
PflaHELEm	OZ251425.1	33950001	34000000	NA	0	NA	NA	NA
PflaKGBDf	OZ251425.1	34000001	34050000	0.0	168	0	168	0
PflaHELEm	OZ251425.1	34000001	34050000	0.0	168	0	168	0
PflaKGBHm	OZ251425.1	34000001	34050000	0.0	168	0	168	0
PflaHELAf	OZ251425.1	34000001	34050000	0.0	168	0	168	0
PflaHELAf	OZ251425.1	34050001	34100000	0.0	28	0	28	0
PflaKGBDf	OZ251425.1	34050001	34100000	0.0	28	0	28	0
PflaKGBHm	OZ251425.1	34050001	34100000	0.0	28	0	28	0
PflaHELEm	OZ251425.1	34050001	34100000	0.0	28	0	28	0
PflaHELEm	OZ251425.1	34100001	34150000	NA	0	NA	NA	NA
PflaKGBHm	OZ251425.1	34100001	34150000	NA	0	NA	NA	NA
PflaKGBDf	OZ251425.1	34100001	34150000	NA	0	NA	NA	NA
PflaHELAf	OZ251425.1	34100001	34150000	NA	0	NA	NA	NA
PflaHELAf	OZ251425.1	34150001	34200000	0.0	34	0	34	0
PflaKGBDf	OZ251425.1	34150001	34200000	0.0	34	0	34	0
PflaHELEm	OZ251425.1	34150001	34200000	0.0	34	0	34	0
PflaKGBHm	OZ251425.1	34150001	34200000	0.0	34	0	34	0
PflaHELEm	OZ251425.1	34200001	34250000	0.0	33	0	33	0
PflaKGBDf	OZ251425.1	34200001	34250000	0.0	33	0	33	0
PflaKGBHm	OZ251425.1	34200001	34250000	0.0	33	0	33	0
PflaHELAf	OZ251425.1	34200001	34250000	0.0	33	0	33	0
