pop	chromosome	window_pos_1	window_pos_2	avg_pi	no_sites	count_diffs	count_comparisons	count_missing
PflaKGBHm	OZ251424.1	1	30000	0.0046674445740956	1714	8	1714	0
PflaHELAf	OZ251424.1	1	30000	0.0058343057176196	1714	10	1714	0
PflaHELEm	OZ251424.1	1	30000	0.0087514585764294	1714	15	1714	0
PflaKGBDf	OZ251424.1	1	30000	0.0058343057176196	1714	10	1714	0
PflaHELAf	OZ251424.1	30001	60000	NA	0	NA	NA	NA
PflaKGBHm	OZ251424.1	30001	60000	NA	0	NA	NA	NA
PflaHELEm	OZ251424.1	30001	60000	NA	0	NA	NA	NA
PflaKGBDf	OZ251424.1	30001	60000	NA	0	NA	NA	NA
PflaKGBHm	OZ251424.1	60001	90000	NA	0	NA	NA	NA
PflaHELEm	OZ251424.1	60001	90000	NA	0	NA	NA	NA
PflaKGBDf	OZ251424.1	60001	90000	NA	0	NA	NA	NA
PflaHELAf	OZ251424.1	60001	90000	NA	0	NA	NA	NA
PflaHELEm	OZ251424.1	90001	120000	NA	0	NA	NA	NA
PflaKGBDf	OZ251424.1	90001	120000	NA	0	NA	NA	NA
PflaHELAf	OZ251424.1	90001	120000	NA	0	NA	NA	NA
PflaKGBHm	OZ251424.1	90001	120000	NA	0	NA	NA	NA
PflaKGBDf	OZ251424.1	120001	150000	0.05	20	1	20	0
PflaHELEm	OZ251424.1	120001	150000	0.05	20	1	20	0
PflaKGBHm	OZ251424.1	120001	150000	0.05	20	1	20	0
PflaHELAf	OZ251424.1	120001	150000	0.0	20	0	20	0
PflaHELAf	OZ251424.1	150001	180000	NA	0	NA	NA	NA
PflaKGBDf	OZ251424.1	150001	180000	NA	0	NA	NA	NA
PflaHELEm	OZ251424.1	150001	180000	NA	0	NA	NA	NA
PflaKGBHm	OZ251424.1	150001	180000	NA	0	NA	NA	NA
PflaHELAf	OZ251424.1	180001	210000	NA	0	NA	NA	NA
PflaKGBDf	OZ251424.1	180001	210000	NA	0	NA	NA	NA
PflaHELEm	OZ251424.1	180001	210000	NA	0	NA	NA	NA
PflaKGBHm	OZ251424.1	180001	210000	NA	0	NA	NA	NA
PflaHELAf	OZ251424.1	210001	240000	NA	0	NA	NA	NA
PflaKGBHm	OZ251424.1	210001	240000	NA	0	NA	NA	NA
PflaHELEm	OZ251424.1	210001	240000	NA	0	NA	NA	NA
PflaKGBDf	OZ251424.1	210001	240000	NA	0	NA	NA	NA
PflaHELEm	OZ251424.1	240001	270000	NA	0	NA	NA	NA
PflaHELAf	OZ251424.1	240001	270000	NA	0	NA	NA	NA
PflaKGBDf	OZ251424.1	240001	270000	NA	0	NA	NA	NA
PflaKGBHm	OZ251424.1	240001	270000	NA	0	NA	NA	NA
PflaKGBHm	OZ251424.1	270001	300000	NA	0	NA	NA	NA
PflaHELEm	OZ251424.1	270001	300000	NA	0	NA	NA	NA
PflaKGBDf	OZ251424.1	270001	300000	NA	0	NA	NA	NA
PflaHELAf	OZ251424.1	270001	300000	NA	0	NA	NA	NA
PflaKGBHm	OZ251424.1	300001	330000	NA	0	NA	NA	NA
PflaHELEm	OZ251424.1	300001	330000	NA	0	NA	NA	NA
PflaHELAf	OZ251424.1	300001	330000	NA	0	NA	NA	NA
PflaKGBDf	OZ251424.1	300001	330000	NA	0	NA	NA	NA
PflaHELAf	OZ251424.1	330001	360000	NA	0	NA	NA	NA
PflaHELEm	OZ251424.1	330001	360000	NA	0	NA	NA	NA
PflaKGBHm	OZ251424.1	330001	360000	NA	0	NA	NA	NA
PflaKGBDf	OZ251424.1	330001	360000	NA	0	NA	NA	NA
PflaHELAf	OZ251424.1	360001	390000	NA	0	NA	NA	NA
PflaKGBDf	OZ251424.1	360001	390000	NA	0	NA	NA	NA
PflaHELEm	OZ251424.1	360001	390000	NA	0	NA	NA	NA
PflaKGBHm	OZ251424.1	360001	390000	NA	0	NA	NA	NA
PflaKGBHm	OZ251424.1	390001	420000	NA	0	NA	NA	NA
PflaKGBDf	OZ251424.1	390001	420000	NA	0	NA	NA	NA
PflaHELEm	OZ251424.1	390001	420000	NA	0	NA	NA	NA
PflaHELAf	OZ251424.1	390001	420000	NA	0	NA	NA	NA
PflaHELEm	OZ251424.1	420001	450000	NA	0	NA	NA	NA
PflaKGBHm	OZ251424.1	420001	450000	NA	0	NA	NA	NA
PflaHELAf	OZ251424.1	420001	450000	NA	0	NA	NA	NA
PflaKGBDf	OZ251424.1	420001	450000	NA	0	NA	NA	NA
PflaHELEm	OZ251424.1	450001	480000	NA	0	NA	NA	NA
PflaKGBDf	OZ251424.1	450001	480000	NA	0	NA	NA	NA
PflaHELAf	OZ251424.1	450001	480000	NA	0	NA	NA	NA
PflaKGBHm	OZ251424.1	450001	480000	NA	0	NA	NA	NA
PflaHELAf	OZ251424.1	480001	510000	NA	0	NA	NA	NA
PflaHELEm	OZ251424.1	480001	510000	NA	0	NA	NA	NA
PflaKGBHm	OZ251424.1	480001	510000	NA	0	NA	NA	NA
PflaKGBDf	OZ251424.1	480001	510000	NA	0	NA	NA	NA
PflaHELAf	OZ251424.1	510001	540000	NA	0	NA	NA	NA
PflaKGBDf	OZ251424.1	510001	540000	NA	0	NA	NA	NA
PflaHELEm	OZ251424.1	510001	540000	NA	0	NA	NA	NA
PflaKGBHm	OZ251424.1	510001	540000	NA	0	NA	NA	NA
PflaKGBHm	OZ251424.1	540001	570000	NA	0	NA	NA	NA
PflaHELAf	OZ251424.1	540001	570000	NA	0	NA	NA	NA
PflaKGBDf	OZ251424.1	540001	570000	NA	0	NA	NA	NA
PflaHELEm	OZ251424.1	540001	570000	NA	0	NA	NA	NA
PflaHELAf	OZ251424.1	570001	600000	NA	0	NA	NA	NA
PflaKGBDf	OZ251424.1	570001	600000	NA	0	NA	NA	NA
PflaHELEm	OZ251424.1	570001	600000	NA	0	NA	NA	NA
PflaKGBHm	OZ251424.1	570001	600000	NA	0	NA	NA	NA
PflaHELEm	OZ251424.1	600001	630000	NA	0	NA	NA	NA
PflaKGBHm	OZ251424.1	600001	630000	NA	0	NA	NA	NA
PflaKGBDf	OZ251424.1	600001	630000	NA	0	NA	NA	NA
PflaHELAf	OZ251424.1	600001	630000	NA	0	NA	NA	NA
PflaKGBHm	OZ251424.1	630001	660000	NA	0	NA	NA	NA
PflaHELEm	OZ251424.1	630001	660000	NA	0	NA	NA	NA
PflaKGBDf	OZ251424.1	630001	660000	NA	0	NA	NA	NA
PflaHELAf	OZ251424.1	630001	660000	NA	0	NA	NA	NA
PflaHELEm	OZ251424.1	660001	690000	NA	0	NA	NA	NA
PflaHELAf	OZ251424.1	660001	690000	NA	0	NA	NA	NA
PflaKGBDf	OZ251424.1	660001	690000	NA	0	NA	NA	NA
PflaKGBHm	OZ251424.1	660001	690000	NA	0	NA	NA	NA
PflaHELAf	OZ251424.1	690001	720000	NA	0	NA	NA	NA
PflaKGBDf	OZ251424.1	690001	720000	NA	0	NA	NA	NA
PflaKGBHm	OZ251424.1	690001	720000	NA	0	NA	NA	NA
PflaHELEm	OZ251424.1	690001	720000	NA	0	NA	NA	NA
PflaKGBDf	OZ251424.1	720001	750000	0.0	2	0	2	0
PflaHELAf	OZ251424.1	720001	750000	0.0	2	0	2	0
PflaHELEm	OZ251424.1	720001	750000	0.0	2	0	2	0
PflaKGBHm	OZ251424.1	720001	750000	0.0	2	0	2	0
PflaKGBHm	OZ251424.1	750001	780000	NA	0	NA	NA	NA
PflaHELEm	OZ251424.1	750001	780000	NA	0	NA	NA	NA
PflaKGBDf	OZ251424.1	750001	780000	NA	0	NA	NA	NA
PflaHELAf	OZ251424.1	750001	780000	NA	0	NA	NA	NA
PflaHELEm	OZ251424.1	780001	810000	NA	0	NA	NA	NA
PflaKGBHm	OZ251424.1	780001	810000	NA	0	NA	NA	NA
PflaKGBDf	OZ251424.1	780001	810000	NA	0	NA	NA	NA
PflaHELAf	OZ251424.1	780001	810000	NA	0	NA	NA	NA
PflaHELAf	OZ251424.1	810001	840000	NA	0	NA	NA	NA
PflaKGBDf	OZ251424.1	810001	840000	NA	0	NA	NA	NA
PflaHELEm	OZ251424.1	810001	840000	NA	0	NA	NA	NA
PflaKGBHm	OZ251424.1	810001	840000	NA	0	NA	NA	NA
PflaKGBHm	OZ251424.1	840001	870000	NA	0	NA	NA	NA
PflaHELAf	OZ251424.1	840001	870000	NA	0	NA	NA	NA
PflaKGBDf	OZ251424.1	840001	870000	NA	0	NA	NA	NA
PflaHELEm	OZ251424.1	840001	870000	NA	0	NA	NA	NA
PflaKGBHm	OZ251424.1	870001	900000	0.0008507742045261	5877	5	5877	0
PflaHELEm	OZ251424.1	870001	900000	0.0042538710226305	5877	25	5877	0
PflaHELAf	OZ251424.1	870001	900000	0.0073166581589246	5877	43	5877	0
PflaKGBDf	OZ251424.1	870001	900000	0.0008507742045261	5877	5	5877	0
PflaHELEm	OZ251424.1	900001	930000	0.0012234385061171	15530	19	15530	0
PflaKGBHm	OZ251424.1	900001	930000	0.0013522215067611	15530	21	15530	0
PflaHELAf	OZ251424.1	900001	930000	0.0006439150032195	15530	10	15530	0
PflaKGBDf	OZ251424.1	900001	930000	0.0008370895041854	15530	13	15530	0
PflaHELAf	OZ251424.1	930001	960000	0.0027931227111911	16111	45	16111	0
PflaKGBDf	OZ251424.1	930001	960000	0.002731053317609	16111	44	16111	0
PflaHELEm	OZ251424.1	930001	960000	0.002606914530445	16111	42	16111	0
PflaKGBHm	OZ251424.1	930001	960000	0.0069517720811867	16111	112	16111	0
PflaHELAf	OZ251424.1	960001	990000	0.0011772534165941	19537	23	19537	0
PflaKGBDf	OZ251424.1	960001	990000	0.0008701438296565	19537	17	19537	0
PflaKGBHm	OZ251424.1	960001	990000	0.0012284383477504	19537	24	19537	0
PflaHELEm	OZ251424.1	960001	990000	0.0014843630035317	19537	29	19537	0
PflaHELAf	OZ251424.1	990001	1020000	0.002764780944279	9404	26	9404	0
PflaKGBDf	OZ251424.1	990001	1020000	0.0029774564015312	9404	28	9404	0
PflaHELEm	OZ251424.1	990001	1020000	0.0029774564015312	9404	28	9404	0
PflaKGBHm	OZ251424.1	990001	1020000	0.0022330923011484	9404	21	9404	0
PflaHELEm	OZ251424.1	1020001	1050000	0.0008301510874979	18069	15	18069	0
PflaKGBDf	OZ251424.1	1020001	1050000	0.0006087774641651	18069	11	18069	0
PflaHELAf	OZ251424.1	1020001	1050000	0.0007194642758315	18069	13	18069	0
PflaKGBHm	OZ251424.1	1020001	1050000	0.0005534340583319	18069	10	18069	0
PflaKGBHm	OZ251424.1	1050001	1080000	0.000600731800557	18311	11	18311	0
PflaHELAf	OZ251424.1	1050001	1080000	0.0004915078368193	18311	9	18311	0
PflaKGBDf	OZ251424.1	1050001	1080000	0.0002730599093441	18311	5	18311	0
PflaHELEm	OZ251424.1	1050001	1080000	0.0004915078368193	18311	9	18311	0
PflaKGBDf	OZ251424.1	1080001	1110000	0.0003428414701042	14584	5	14584	0
PflaKGBHm	OZ251424.1	1080001	1110000	0.0004799780581459	14584	7	14584	0
PflaHELEm	OZ251424.1	1080001	1110000	0.0003428414701042	14584	5	14584	0
PflaHELAf	OZ251424.1	1080001	1110000	0.0003428414701042	14584	5	14584	0
PflaKGBHm	OZ251424.1	1110001	1140000	0.0010648209769732	15026	16	15026	0
PflaHELEm	OZ251424.1	1110001	1140000	0.0023292958871289	15026	35	15026	0
PflaKGBDf	OZ251424.1	1110001	1140000	0.0017968853986423	15026	27	15026	0
PflaHELAf	OZ251424.1	1110001	1140000	0.0018634367097031	15026	28	15026	0
PflaKGBHm	OZ251424.1	1140001	1170000	0.0007797037125892	16673	13	16673	0
PflaHELEm	OZ251424.1	1140001	1170000	0.0006597492952677	16673	11	16673	0
PflaKGBDf	OZ251424.1	1140001	1170000	0.000599772086607	16673	10	16673	0
PflaHELAf	OZ251424.1	1140001	1170000	0.0004798176692856	16673	8	16673	0
PflaKGBDf	OZ251424.1	1170001	1200000	0.0005117231112765	21496	11	21496	0
PflaKGBHm	OZ251424.1	1170001	1200000	0.0003721622627465	21496	8	21496	0
PflaHELEm	OZ251424.1	1170001	1200000	0.0007443245254931	21496	16	21496	0
PflaHELAf	OZ251424.1	1170001	1200000	0.000883885374023	21496	19	21496	0
PflaHELAf	OZ251424.1	1200001	1230000	0.0015731832758516	16527	26	16527	0
PflaKGBDf	OZ251424.1	1200001	1230000	0.0017547044230652	16527	29	16527	0
PflaHELEm	OZ251424.1	1200001	1230000	0.0015126762267804	16527	25	16527	0
PflaKGBHm	OZ251424.1	1200001	1230000	0.0007865916379258	16527	13	16527	0
PflaHELEm	OZ251424.1	1230001	1260000	0.000519557633786	13473	7	13473	0
PflaHELAf	OZ251424.1	1230001	1260000	7.422251911229867e-05	13473	1	13473	0
PflaKGBDf	OZ251424.1	1230001	1260000	0.0001484450382245	13473	2	13473	0
PflaKGBHm	OZ251424.1	1230001	1260000	0.0002968900764491	13473	4	13473	0
PflaKGBHm	OZ251424.1	1260001	1290000	0.00032722513089	12224	4	12224	0
PflaKGBDf	OZ251424.1	1260001	1290000	0.0005726439790575	12224	7	12224	0
PflaHELEm	OZ251424.1	1260001	1290000	0.00032722513089	12224	4	12224	0
PflaHELAf	OZ251424.1	1260001	1290000	0.0002454188481675	12224	3	12224	0
PflaHELEm	OZ251424.1	1290001	1320000	0.0038598211003553	16322	63	16322	0
PflaKGBHm	OZ251424.1	1290001	1320000	0.0045337581178777	16322	74	16322	0
PflaHELAf	OZ251424.1	1290001	1320000	0.0018992770493812	16322	31	16322	0
PflaKGBDf	OZ251424.1	1290001	1320000	0.0029408160764612	16322	48	16322	0
PflaKGBDf	OZ251424.1	1320001	1350000	0.0007888131946934	13945	11	13945	0
PflaKGBHm	OZ251424.1	1320001	1350000	0.0003585514521333	13945	5	13945	0
PflaHELEm	OZ251424.1	1320001	1350000	0.00043026174256	13945	6	13945	0
PflaHELAf	OZ251424.1	1320001	1350000	0.0007171029042667	13945	10	13945	0
PflaKGBHm	OZ251424.1	1350001	1380000	0.0005136399954343	17522	9	17522	0
PflaHELEm	OZ251424.1	1350001	1380000	0.0005707111060381	17522	10	17522	0
PflaKGBDf	OZ251424.1	1350001	1380000	0.0006277822166419	17522	11	17522	0
PflaHELAf	OZ251424.1	1350001	1380000	0.0003994977742266	17522	7	17522	0
PflaKGBHm	OZ251424.1	1380001	1410000	0.0004280036686028	16355	7	16355	0
PflaHELEm	OZ251424.1	1380001	1410000	0.0003057169061449	16355	5	16355	0
PflaHELAf	OZ251424.1	1380001	1410000	0.0001834301436869	16355	3	16355	0
PflaKGBDf	OZ251424.1	1380001	1410000	0.0003057169061449	16355	5	16355	0
PflaHELEm	OZ251424.1	1410001	1440000	0.0001319435281699	15158	2	15158	0
PflaHELAf	OZ251424.1	1410001	1440000	0.0001979152922549	15158	3	15158	0
PflaKGBDf	OZ251424.1	1410001	1440000	0.0001979152922549	15158	3	15158	0
PflaKGBHm	OZ251424.1	1410001	1440000	0.0001319435281699	15158	2	15158	0
PflaHELAf	OZ251424.1	1440001	1470000	0.0004668049792531	19280	9	19280	0
PflaHELEm	OZ251424.1	1440001	1470000	0.0004668049792531	19280	9	19280	0
PflaKGBHm	OZ251424.1	1440001	1470000	0.0004668049792531	19280	9	19280	0
PflaKGBDf	OZ251424.1	1440001	1470000	0.000363070539419	19280	7	19280	0
PflaHELEm	OZ251424.1	1470001	1500000	0.0005193456245131	19255	10	19255	3
PflaHELAf	OZ251424.1	1470001	1500000	0.0003634853048083	19258	7	19258	0
PflaKGBDf	OZ251424.1	1470001	1500000	0.0004166015726709	19203	8	19203	55
PflaKGBHm	OZ251424.1	1470001	1500000	0.001505867691349	19258	29	19258	0
PflaHELAf	OZ251424.1	1500001	1530000	0.0001587133636652	18902	3	18902	0
PflaHELEm	OZ251424.1	1500001	1530000	0.0018516559094275	18902	35	18902	0
PflaKGBHm	OZ251424.1	1500001	1530000	0.0004761400909956	18902	9	18902	0
PflaKGBDf	OZ251424.1	1500001	1530000	0.0016400380912072	18902	31	18902	0
PflaKGBHm	OZ251424.1	1530001	1560000	0.000531519081535	18814	10	18814	0
PflaHELAf	OZ251424.1	1530001	1560000	0.000212607632614	18814	4	18814	0
PflaKGBDf	OZ251424.1	1530001	1560000	0.001275645795684	18814	24	18814	0
PflaHELEm	OZ251424.1	1530001	1560000	0.0019666206016796	18814	37	18814	0
PflaHELAf	OZ251424.1	1560001	1590000	0.0008666762964032	20769	18	20769	0
PflaKGBDf	OZ251424.1	1560001	1590000	0.0037555972844142	20769	78	20769	0
PflaHELEm	OZ251424.1	1560001	1590000	0.0022629881072752	20769	47	20769	0
PflaKGBHm	OZ251424.1	1560001	1590000	0.0011074197120708	20769	23	20769	0
PflaKGBHm	OZ251424.1	1590001	1620000	0.000482606072793	24865	12	24865	0
PflaHELEm	OZ251424.1	1590001	1620000	0.001970641463905	24865	49	24865	0
PflaHELAf	OZ251424.1	1590001	1620000	0.0002815202091292	24865	7	24865	0
PflaKGBDf	OZ251424.1	1590001	1620000	0.0020108586366378	24865	50	24865	0
PflaHELEm	OZ251424.1	1620001	1650000	0.001269228816571	19697	25	19697	0
PflaKGBHm	OZ251424.1	1620001	1650000	0.0009646139005939	19697	19	19697	0
PflaKGBDf	OZ251424.1	1620001	1650000	0.0004061532213027	19697	8	19697	0
PflaHELAf	OZ251424.1	1620001	1650000	0.0002538457633142	19697	5	19697	0
PflaKGBHm	OZ251424.1	1650001	1680000	0.0005380200860832	22304	12	22304	0
PflaHELEm	OZ251424.1	1650001	1680000	0.0012105451936872	22304	27	22304	0
PflaKGBDf	OZ251424.1	1650001	1680000	0.0004035150645624	22304	9	22304	0
PflaHELAf	OZ251424.1	1650001	1680000	0.0001793400286944	22304	4	22304	0
PflaHELEm	OZ251424.1	1680001	1710000	0.0011173184357541	17900	20	17900	0
PflaHELAf	OZ251424.1	1680001	1710000	0.0002793296089385	17900	5	17900	0
PflaKGBHm	OZ251424.1	1680001	1710000	0.000949720670391	17900	17	17900	0
PflaKGBDf	OZ251424.1	1680001	1710000	0.0001675977653631	17900	3	17900	0
PflaHELEm	OZ251424.1	1710001	1740000	0.0027188212594281	22804	62	22804	0
PflaKGBDf	OZ251424.1	1710001	1740000	0.0003069636905805	22804	7	22804	0
PflaHELAf	OZ251424.1	1710001	1740000	0.0020171899666725	22804	46	22804	0
PflaKGBHm	OZ251424.1	1710001	1740000	0.0017979301876863	22804	41	22804	0
PflaKGBDf	OZ251424.1	1740001	1770000	0.0007534578332705	18581	14	18581	0
PflaHELAf	OZ251424.1	1740001	1770000	0.0019374629998385	18581	36	18581	0
PflaHELEm	OZ251424.1	1740001	1770000	0.0039825628330014	18581	74	18581	0
PflaKGBHm	OZ251424.1	1740001	1770000	0.0028616165433831	18521	53	18521	60
PflaKGBHm	OZ251424.1	1770001	1800000	0.0026659830812612	19505	52	19505	0
PflaHELEm	OZ251424.1	1770001	1800000	0.0022558318379902	19505	44	19505	0
PflaKGBDf	OZ251424.1	1770001	1800000	0.0010253781081773	19505	20	19505	0
PflaHELAf	OZ251424.1	1770001	1800000	0.0028197897974878	19505	55	19505	0
PflaHELEm	OZ251424.1	1800001	1830000	0.0037546933667083	11985	45	11985	0
PflaHELAf	OZ251424.1	1800001	1830000	0.0037546933667083	11985	45	11985	0
PflaKGBHm	OZ251424.1	1800001	1830000	0.0016687526074259	11985	20	11985	0
PflaKGBDf	OZ251424.1	1800001	1830000	0.0029203170629954	11985	35	11985	0
PflaKGBHm	OZ251424.1	1830001	1860000	0.0018589743589743	15600	29	15600	0
PflaHELEm	OZ251424.1	1830001	1860000	0.0055128205128205	15600	86	15600	0
PflaKGBDf	OZ251424.1	1830001	1860000	0.003076923076923	15600	48	15600	0
PflaHELAf	OZ251424.1	1830001	1860000	0.0058333333333333	15600	91	15600	0
PflaKGBDf	OZ251424.1	1860001	1890000	0.001410708560436	15595	22	15595	0
PflaKGBHm	OZ251424.1	1860001	1890000	0.0025008015389547	15595	39	15595	0
PflaHELAf	OZ251424.1	1860001	1890000	0.00352677140109	15595	55	15595	0
PflaHELEm	OZ251424.1	1860001	1890000	0.002821417120872	15595	44	15595	0
PflaKGBDf	OZ251424.1	1890001	1920000	0.0021619823715283	12026	26	12026	0
PflaHELAf	OZ251424.1	1890001	1920000	0.0035755862298353	12026	43	12026	0
PflaHELEm	OZ251424.1	1890001	1920000	0.0019125228671212	12026	23	12026	0
PflaKGBHm	OZ251424.1	1890001	1920000	0.0033261267254282	12026	40	12026	0
PflaHELAf	OZ251424.1	1920001	1950000	0.0083903731508059	13587	114	13587	0
PflaKGBDf	OZ251424.1	1920001	1950000	0.0066975785677485	13587	91	13587	0
PflaKGBHm	OZ251424.1	1920001	1950000	0.0083167733863251	13587	113	13587	0
PflaHELEm	OZ251424.1	1920001	1950000	0.0039007875174799	13587	53	13587	0
PflaKGBHm	OZ251424.1	1950001	1980000	0.0035478966041561	11838	42	11838	0
PflaHELEm	OZ251424.1	1950001	1980000	0.0027031593174522	11838	32	11838	0
PflaKGBDf	OZ251424.1	1950001	1980000	0.0032100016894745	11838	38	11838	0
PflaHELAf	OZ251424.1	1950001	1980000	0.0032944754181449	11838	39	11838	0
PflaHELEm	OZ251424.1	1980001	2010000	0.0025007355104442	20394	51	20394	0
PflaKGBHm	OZ251424.1	1980001	2010000	0.0040207904285574	20394	82	20394	0
PflaKGBDf	OZ251424.1	1980001	2010000	0.0038246543100912	20394	78	20394	0
PflaHELAf	OZ251424.1	1980001	2010000	0.0039227223693243	20394	80	20394	0
PflaHELAf	OZ251424.1	2010001	2040000	0.0030086046091822	16619	50	16619	0
PflaKGBDf	OZ251424.1	2010001	2040000	0.0032492929779168	16619	54	16619	0
PflaHELEm	OZ251424.1	2010001	2040000	0.002527227871713	16619	42	16619	0
PflaKGBHm	OZ251424.1	2010001	2040000	0.0029484325169986	16619	49	16619	0
PflaHELAf	OZ251424.1	2040001	2070000	0.0052543704576703	20364	107	20364	0
PflaKGBDf	OZ251424.1	2040001	2070000	0.0041740326065605	20364	85	20364	0
PflaHELEm	OZ251424.1	2040001	2070000	0.0045177764682773	20364	92	20364	0
PflaKGBHm	OZ251424.1	2040001	2070000	0.0038302887448438	20364	78	20364	0
PflaKGBHm	OZ251424.1	2070001	2100000	0.0020860621937612	20613	43	20613	0
PflaHELEm	OZ251424.1	2070001	2100000	0.0025711929364963	20613	53	20613	0
PflaKGBDf	OZ251424.1	2070001	2100000	0.0022316014165817	20613	46	20613	0
PflaHELAf	OZ251424.1	2070001	2100000	0.0022316014165817	20613	46	20613	0
PflaHELAf	OZ251424.1	2100001	2130000	0.0020266357845975	17270	35	17270	0
PflaKGBDf	OZ251424.1	2100001	2130000	0.0023740590619571	17270	41	17270	0
PflaHELEm	OZ251424.1	2100001	2130000	0.0012159814707585	17270	21	17270	0
PflaKGBHm	OZ251424.1	2100001	2130000	0.0022582513028372	17270	39	17270	0
PflaHELAf	OZ251424.1	2130001	2160000	0.0001784439685938	16812	3	16812	0
PflaKGBDf	OZ251424.1	2130001	2160000	0.0005353319057815	16812	9	16812	0
PflaHELEm	OZ251424.1	2130001	2160000	0.0011301451344277	16812	19	16812	0
PflaKGBHm	OZ251424.1	2130001	2160000	0.0008327385201046	16812	14	16812	0
PflaKGBHm	OZ251424.1	2160001	2190000	0.0011604293588627	17235	20	17235	0
PflaHELEm	OZ251424.1	2160001	2190000	0.001276472294749	17235	22	17235	0
PflaHELAf	OZ251424.1	2160001	2190000	0.001682622570351	17235	29	17235	0
PflaKGBDf	OZ251424.1	2160001	2190000	0.0011604293588627	17235	20	17235	0
PflaHELAf	OZ251424.1	2190001	2220000	0.0021578076674099	13903	30	13903	0
PflaKGBDf	OZ251424.1	2190001	2220000	0.0017262461339279	13903	24	13903	0
PflaHELEm	OZ251424.1	2190001	2220000	0.0020858807451629	13903	29	13903	0
PflaKGBHm	OZ251424.1	2190001	2220000	0.0015105740181268	13902	21	13902	1
PflaHELEm	OZ251424.1	2220001	2250000	0.004914421284528	11802	58	11802	0
PflaKGBDf	OZ251424.1	2220001	2250000	0.0021190032208848	11798	25	11798	4
PflaHELAf	OZ251424.1	2220001	2250000	0.0021184645369036	11801	25	11801	1
PflaKGBHm	OZ251424.1	2220001	2250000	0.0	11802	0	11802	0
PflaKGBHm	OZ251424.1	2250001	2280000	0.0034237269713602	18401	63	18401	0
PflaHELEm	OZ251424.1	2250001	2280000	0.003586761589044	18401	66	18401	0
PflaKGBDf	OZ251424.1	2250001	2280000	0.0034780718439215	18401	64	18401	0
PflaHELAf	OZ251424.1	2250001	2280000	0.0014673115591543	18401	27	18401	0
PflaKGBHm	OZ251424.1	2280001	2310000	0.0034595546609636	15898	55	15898	0
PflaKGBDf	OZ251424.1	2280001	2310000	0.0049062775191848	15898	78	15898	0
PflaHELAf	OZ251424.1	2280001	2310000	0.0051578814945276	15898	82	15898	0
PflaHELEm	OZ251424.1	2280001	2310000	0.0057239904390489	15898	91	15898	0
PflaHELEm	OZ251424.1	2310001	2340000	0.0038928177512489	15413	60	15413	2
PflaKGBDf	OZ251424.1	2310001	2340000	0.0036328251702886	15415	56	15415	0
PflaHELAf	OZ251424.1	2310001	2340000	0.0032435939020434	15415	50	15415	0
PflaKGBHm	OZ251424.1	2310001	2340000	0.0018812844631852	15415	29	15415	0
PflaHELAf	OZ251424.1	2340001	2370000	0.0046070082367723	14326	66	14326	0
PflaKGBHm	OZ251424.1	2340001	2370000	0.0035599609102331	14326	51	14326	0
PflaHELEm	OZ251424.1	2340001	2370000	0.0071224076530968	14321	102	14321	5
PflaKGBDf	OZ251424.1	2340001	2370000	0.0043277956163618	14326	62	14326	0
PflaHELEm	OZ251424.1	2370001	2400000	0.0106179515926927	15163	161	15163	0
PflaKGBDf	OZ251424.1	2370001	2400000	0.0068588010288201	15163	104	15163	0
PflaHELAf	OZ251424.1	2370001	2400000	0.0066609509991426	15163	101	15163	0
PflaKGBHm	OZ251424.1	2370001	2400000	0.0117391017608652	15163	178	15163	0
PflaKGBDf	OZ251424.1	2400001	2430000	0.0036183813773971	16582	60	16582	5
PflaHELAf	OZ251424.1	2400001	2430000	0.004280460601676	16587	71	16587	0
PflaHELEm	OZ251424.1	2400001	2430000	0.0070537167661421	16587	117	16587	0
PflaKGBHm	OZ251424.1	2400001	2430000	0.0043407487791644	16587	72	16587	0
PflaKGBHm	OZ251424.1	2430001	2460000	0.0034265502376478	18094	62	18094	0
PflaHELEm	OZ251424.1	2430001	2460000	0.0074057698684646	18094	134	18094	0
PflaHELAf	OZ251424.1	2430001	2460000	0.0063556980214435	18094	115	18094	0
PflaKGBDf	OZ251424.1	2430001	2460000	0.0063094974540624	18068	114	18068	26
PflaHELAf	OZ251424.1	2460001	2490000	0.0054733110925771	19184	105	19184	0
PflaKGBDf	OZ251424.1	2460001	2490000	0.0034924937447873	19184	67	19184	0
PflaHELEm	OZ251424.1	2460001	2490000	0.0057339449541284	19184	110	19184	0
PflaKGBHm	OZ251424.1	2460001	2490000	0.0002606338615512	19184	5	19184	0
PflaKGBDf	OZ251424.1	2490001	2520000	0.0042813070578606	15883	68	15883	0
PflaHELAf	OZ251424.1	2490001	2520000	0.0042813070578606	15883	68	15883	0
PflaKGBHm	OZ251424.1	2490001	2520000	0.0020780856423173	15880	33	15880	3
PflaHELEm	OZ251424.1	2490001	2520000	0.0053516338223257	15883	85	15883	0
PflaKGBDf	OZ251424.1	2520001	2550000	0.002864442207943	12917	37	12917	0
PflaHELAf	OZ251424.1	2520001	2550000	0.0040257025625145	12917	52	12917	0
PflaHELEm	OZ251424.1	2520001	2550000	0.0047224587752574	12917	61	12917	0
PflaKGBHm	OZ251424.1	2520001	2550000	0.0024773554230858	12917	32	12917	0
PflaHELEm	OZ251424.1	2550001	2580000	0.0025210084033613	20230	51	20230	0
PflaHELAf	OZ251424.1	2550001	2580000	0.0026693030153237	20230	54	20230	0
PflaKGBDf	OZ251424.1	2550001	2580000	0.0018289668808699	20230	37	20230	0
PflaKGBHm	OZ251424.1	2550001	2580000	0.0013840830449826	20230	28	20230	0
PflaHELAf	OZ251424.1	2580001	2610000	0.0035557662676306	16874	60	16874	0
PflaHELEm	OZ251424.1	2580001	2610000	0.0033779779542491	16874	57	16874	0
PflaKGBHm	OZ251424.1	2580001	2610000	0.0030816640986132	16874	52	16874	0
PflaKGBDf	OZ251424.1	2580001	2610000	0.0032594524119947	16874	55	16874	0
PflaKGBDf	OZ251424.1	2610001	2640000	0.0066125805734607	17996	119	17996	0
PflaKGBHm	OZ251424.1	2610001	2640000	0.0040569078581749	17994	73	17994	2
PflaHELEm	OZ251424.1	2610001	2640000	0.0086685930206712	17996	156	17996	0
PflaHELAf	OZ251424.1	2610001	2640000	0.0043901083634342	17995	79	17995	1
PflaKGBDf	OZ251424.1	2640001	2670000	0.0083553738879538	16636	139	16636	0
PflaHELEm	OZ251424.1	2640001	2670000	0.0086559269055061	16636	144	16636	0
PflaKGBHm	OZ251424.1	2640001	2670000	0.0006011060351045	16636	10	16636	0
PflaHELAf	OZ251424.1	2640001	2670000	0.0006011060351045	16636	10	16636	0
PflaHELAf	OZ251424.1	2670001	2700000	0.000437527345459	15999	7	15999	40
PflaKGBDf	OZ251424.1	2670001	2700000	0.0098509882162229	16039	158	16039	0
PflaHELEm	OZ251424.1	2670001	2700000	0.009726292162853	16039	156	16039	0
PflaKGBHm	OZ251424.1	2670001	2700000	0.0008728723735893	16039	14	16039	0
PflaHELAf	OZ251424.1	2700001	2730000	0.0001480823337775	13506	2	13506	0
PflaKGBDf	OZ251424.1	2700001	2730000	0.0037760995113282	13506	51	13506	0
PflaHELEm	OZ251424.1	2700001	2730000	0.0054050051828816	13506	73	13506	0
PflaKGBHm	OZ251424.1	2700001	2730000	0.0004442798963346	13505	6	13505	1
PflaHELEm	OZ251424.1	2730001	2760000	0.0059419147517128	16493	98	16493	0
PflaKGBHm	OZ251424.1	2730001	2760000	0.0010307403140726	16493	17	16493	0
PflaKGBDf	OZ251424.1	2730001	2760000	0.0047899108712787	16493	79	16493	0
PflaHELAf	OZ251424.1	2730001	2760000	0.0001212635663614	16493	2	16493	0
PflaKGBDf	OZ251424.1	2760001	2790000	0.0012012436404748	14152	17	14152	0
PflaHELEm	OZ251424.1	2760001	2790000	0.0043103448275862	14152	61	14152	0
PflaKGBHm	OZ251424.1	2760001	2790000	0.0002826455624646	14152	4	14152	0
PflaHELAf	OZ251424.1	2760001	2790000	0.0026851328434143	14152	38	14152	0
PflaHELAf	OZ251424.1	2790001	2820000	0.0041986687147977	19530	82	19530	0
PflaKGBDf	OZ251424.1	2790001	2820000	0.0030721966205837	19530	60	19530	0
PflaHELEm	OZ251424.1	2790001	2820000	0.0065028161802355	19530	127	19530	0
PflaKGBHm	OZ251424.1	2790001	2820000	0.0013312852022529	19530	26	19530	0
PflaKGBHm	OZ251424.1	2820001	2850000	0.0050852245974197	10619	54	10619	31
PflaHELEm	OZ251424.1	2820001	2850000	0.0103286384976525	10650	110	10650	0
PflaHELAf	OZ251424.1	2820001	2850000	0.0097652582159624	10650	104	10650	0
PflaKGBDf	OZ251424.1	2820001	2850000	0.0092957746478873	10650	99	10650	0
PflaHELAf	OZ251424.1	2850001	2880000	0.0058673592074255	20793	122	20793	0
PflaKGBHm	OZ251424.1	2850001	2880000	0.0059635454239407	20793	124	20793	0
PflaHELEm	OZ251424.1	2850001	2880000	0.0092338767854566	20793	192	20793	0
PflaKGBDf	OZ251424.1	2850001	2880000	0.0072620593468955	20793	151	20793	0
PflaKGBHm	OZ251424.1	2880001	2910000	0.0040492387431162	12348	50	12348	12
PflaHELEm	OZ251424.1	2880001	2910000	0.0065533980582524	12360	81	12360	0
PflaKGBDf	OZ251424.1	2880001	2910000	0.0050970873786407	12360	63	12360	0
PflaHELAf	OZ251424.1	2880001	2910000	0.0048543689320388	12360	60	12360	0
PflaKGBDf	OZ251424.1	2910001	2940000	0.0042901716068642	15384	66	15384	0
PflaHELAf	OZ251424.1	2910001	2940000	0.0020830621012888	15362	32	15362	22
PflaHELEm	OZ251424.1	2910001	2940000	0.0037051482059282	15384	57	15384	0
PflaKGBHm	OZ251424.1	2910001	2940000	0.0030551222048881	15384	47	15384	0
PflaHELAf	OZ251424.1	2940001	2970000	0.0021128511061396	16092	34	16092	0
PflaKGBDf	OZ251424.1	2940001	2970000	0.0037907034551329	16092	61	16092	0
PflaHELEm	OZ251424.1	2940001	2970000	0.0055928411633109	16092	90	16092	0
PflaKGBHm	OZ251424.1	2940001	2970000	0.0048471290082028	16092	78	16092	0
PflaHELAf	OZ251424.1	2970001	3000000	0.0061916019362827	17766	110	17766	0
PflaKGBHm	OZ251424.1	2970001	3000000	0.0050154973231896	17745	89	17745	21
PflaHELEm	OZ251424.1	2970001	3000000	0.0054304785609231	17678	96	17678	88
PflaKGBDf	OZ251424.1	2970001	3000000	0.0070363073459048	17765	125	17765	1
PflaHELEm	OZ251424.1	3000001	3030000	0.0023355391202802	15414	36	15414	0
PflaKGBHm	OZ251424.1	3000001	3030000	0.0034384325937459	15414	53	15414	0
PflaHELAf	OZ251424.1	3000001	3030000	0.001297521733489	15414	20	15414	0
PflaKGBDf	OZ251424.1	3000001	3030000	0.0043466978071882	15414	67	15414	0
PflaHELAf	OZ251424.1	3030001	3060000	0.0029943934760448	15696	47	15696	4
PflaKGBDf	OZ251424.1	3030001	3060000	0.0059872611464968	15700	94	15700	0
PflaHELEm	OZ251424.1	3030001	3060000	0.0059872611464968	15700	94	15700	0
PflaKGBHm	OZ251424.1	3030001	3060000	0.0047133757961783	15700	74	15700	0
PflaHELEm	OZ251424.1	3060001	3090000	0.0091915398300059	10118	93	10118	0
PflaHELAf	OZ251424.1	3060001	3090000	0.008796204783554	10118	89	10118	0
PflaKGBDf	OZ251424.1	3060001	3090000	0.0062265269816169	10118	63	10118	0
PflaKGBHm	OZ251424.1	3060001	3090000	0.0083020359754892	10118	84	10118	0
PflaHELAf	OZ251424.1	3090001	3120000	0.005388524891311	16331	88	16331	15
PflaKGBDf	OZ251424.1	3090001	3120000	0.0053835800807537	16346	88	16346	0
PflaHELEm	OZ251424.1	3090001	3120000	0.0056894653126147	16346	93	16346	0
PflaKGBHm	OZ251424.1	3090001	3120000	0.0029440628066732	16304	48	16304	42
PflaHELAf	OZ251424.1	3120001	3150000	0.0050003246964088	15399	77	15399	0
PflaKGBDf	OZ251424.1	3120001	3150000	0.0063640496136112	15399	98	15399	0
PflaHELEm	OZ251424.1	3120001	3150000	0.0079225923761283	15399	122	15399	0
PflaKGBHm	OZ251424.1	3120001	3150000	0.0057795960776673	15399	89	15399	0
PflaHELAf	OZ251424.1	3150001	3180000	0.006497229122874	15699	102	15699	0
PflaKGBDf	OZ251424.1	3150001	3180000	0.0039492961335116	15699	62	15699	0
PflaKGBHm	OZ251424.1	3150001	3180000	0.0061150391744697	15699	96	15699	0
PflaHELEm	OZ251424.1	3150001	3180000	0.0066632496155817	15608	104	15608	91
PflaHELEm	OZ251424.1	3180001	3210000	0.0040849673202614	14688	60	14688	27
PflaKGBHm	OZ251424.1	3180001	3210000	0.0033978933061501	14715	50	14715	0
PflaHELAf	OZ251424.1	3180001	3210000	0.0033978933061501	14715	50	14715	0
PflaKGBDf	OZ251424.1	3180001	3210000	0.0022426095820591	14715	33	14715	0
PflaHELAf	OZ251424.1	3210001	3240000	0.000574492531597	10444	6	10444	0
PflaKGBDf	OZ251424.1	3210001	3240000	0.0043086939869781	10444	45	10444	0
PflaHELEm	OZ251424.1	3210001	3240000	0.0060321715817694	10444	63	10444	0
PflaKGBHm	OZ251424.1	3210001	3240000	0.0030639601685178	10444	32	10444	0
PflaHELAf	OZ251424.1	3240001	3270000	0.006291991041911	9377	59	9377	0
PflaKGBHm	OZ251424.1	3240001	3270000	0.0060787032099818	9377	57	9377	0
PflaHELEm	OZ251424.1	3240001	3270000	0.0053321957982297	9377	50	9377	0
PflaKGBDf	OZ251424.1	3240001	3270000	0.005758771462088	9377	54	9377	0
PflaKGBHm	OZ251424.1	3270001	3300000	0.0020969635967119	11922	25	11922	0
PflaKGBDf	OZ251424.1	3270001	3300000	0.0064586478778728	11922	77	11922	0
PflaHELAf	OZ251424.1	3270001	3300000	0.0064705882352941	11900	77	11900	22
PflaHELEm	OZ251424.1	3270001	3300000	0.0064586478778728	11922	77	11922	0
PflaKGBHm	OZ251424.1	3300001	3330000	0.0007520917551941	10637	8	10637	136
PflaKGBDf	OZ251424.1	3300001	3330000	0.0039000835732194	10769	42	10769	4
PflaHELAf	OZ251424.1	3300001	3330000	0.003434512206442	10773	37	10773	0
PflaHELEm	OZ251424.1	3300001	3330000	0.0033463469046291	10758	36	10758	15
PflaHELEm	OZ251424.1	3330001	3360000	0.0075203823446724	14228	107	14228	0
PflaHELAf	OZ251424.1	3330001	3360000	0.0046387405116671	14228	66	14228	0
PflaKGBDf	OZ251424.1	3330001	3360000	0.0007028394714647	14228	10	14228	0
PflaKGBHm	OZ251424.1	3330001	3360000	0.0055524318245712	14228	79	14228	0
PflaKGBHm	OZ251424.1	3360001	3390000	0.0037023977433004	17016	63	17016	0
PflaHELEm	OZ251424.1	3360001	3390000	0.005171603196991	17016	88	17016	0
PflaKGBDf	OZ251424.1	3360001	3390000	0.0045251527973671	17016	77	17016	0
PflaHELAf	OZ251424.1	3360001	3390000	0.0026622493048571	16903	45	16903	113
PflaKGBHm	OZ251424.1	3390001	3420000	0.0074924725159302	14281	107	14281	0
PflaHELEm	OZ251424.1	3390001	3420000	0.0093130733141936	14281	133	14281	0
PflaKGBDf	OZ251424.1	3390001	3420000	0.0038650737877723	14230	55	14230	51
PflaHELAf	OZ251424.1	3390001	3420000	0.0073524263006792	14281	105	14281	0
PflaKGBHm	OZ251424.1	3420001	3450000	0.0052267269388331	14158	74	14158	0
PflaHELEm	OZ251424.1	3420001	3450000	0.0061449357253849	14158	87	14158	0
PflaKGBDf	OZ251424.1	3420001	3450000	0.0046620046620046	14157	66	14157	1
PflaHELAf	OZ251424.1	3420001	3450000	0.0036022037010877	14158	51	14158	0
PflaHELEm	OZ251424.1	3450001	3480000	0.0040019468930831	18491	74	18491	0
PflaHELAf	OZ251424.1	3450001	3480000	0.0008658477190324	18479	16	18479	12
PflaKGBDf	OZ251424.1	3450001	3480000	0.0024876967173219	18491	46	18491	0
PflaKGBHm	OZ251424.1	3450001	3480000	0.0027040181710021	18491	50	18491	0
PflaKGBHm	OZ251424.1	3480001	3510000	0.0025896526487642	17763	46	17763	0
PflaHELEm	OZ251424.1	3480001	3510000	0.0070933963857456	17763	126	17763	0
PflaKGBDf	OZ251424.1	3480001	3510000	0.0037155885830096	17763	66	17763	0
PflaHELAf	OZ251424.1	3480001	3510000	0.001914091088217	17763	34	17763	0
PflaKGBHm	OZ251424.1	3510001	3540000	0.0043382543382543	15444	67	15444	0
PflaHELAf	OZ251424.1	3510001	3540000	0.0045972545972545	15444	71	15444	0
PflaKGBDf	OZ251424.1	3510001	3540000	0.0042087542087542	15444	65	15444	0
PflaHELEm	OZ251424.1	3510001	3540000	0.005050505050505	15444	78	15444	0
PflaKGBHm	OZ251424.1	3540001	3570000	0.0034484708010628	17689	61	17689	0
PflaHELEm	OZ251424.1	3540001	3570000	0.0052009723557012	17689	92	17689	0
PflaHELAf	OZ251424.1	3540001	3570000	0.0039018321646686	17684	69	17684	5
PflaKGBDf	OZ251424.1	3540001	3570000	0.0044095200407032	17689	78	17689	0
PflaHELAf	OZ251424.1	3570001	3600000	0.0046374918354016	15310	71	15310	0
PflaKGBDf	OZ251424.1	3570001	3600000	0.0059438275636838	15310	91	15310	0
PflaHELEm	OZ251424.1	3570001	3600000	0.0037883736120182	15310	58	15310	0
PflaKGBHm	OZ251424.1	3570001	3600000	0.0007185785210347	15308	11	15308	2
PflaKGBHm	OZ251424.1	3600001	3630000	0.0015378443434073	14956	23	14956	0
PflaHELEm	OZ251424.1	3600001	3630000	0.0051484354105375	14956	77	14956	0
PflaKGBDf	OZ251424.1	3600001	3630000	0.0050815726129981	14956	76	14956	0
PflaHELAf	OZ251424.1	3600001	3630000	0.0048809842203797	14956	73	14956	0
PflaHELEm	OZ251424.1	3630001	3660000	0.0042897327707454	14220	61	14220	0
PflaKGBDf	OZ251424.1	3630001	3660000	0.0042897327707454	14220	61	14220	0
PflaHELAf	OZ251424.1	3630001	3660000	0.0033052039381153	14220	47	14220	0
PflaKGBHm	OZ251424.1	3630001	3660000	0.0040084388185654	14220	57	14220	0
PflaKGBHm	OZ251424.1	3660001	3690000	0.0098014256619144	7856	77	7856	973
PflaHELEm	OZ251424.1	3660001	3690000	0.0077018914939404	8829	68	8829	0
PflaKGBDf	OZ251424.1	3660001	3690000	0.0044172612979952	8829	39	8829	0
PflaHELAf	OZ251424.1	3660001	3690000	0.0021519990938951	8829	19	8829	0
PflaKGBDf	OZ251424.1	3690001	3720000	0.0017787468441588	17428	31	17428	0
PflaHELEm	OZ251424.1	3690001	3720000	0.0014344732614184	17428	25	17428	0
PflaKGBHm	OZ251424.1	3690001	3720000	0.0010490177379362	10486	11	10486	6942
PflaHELAf	OZ251424.1	3690001	3720000	0.0018935047050722	17428	33	17428	0
PflaHELAf	OZ251424.1	3720001	3750000	0.0111321648507816	8444	94	8444	0
PflaKGBDf	OZ251424.1	3720001	3750000	0.0074609189957366	8444	63	8444	0
PflaHELEm	OZ251424.1	3720001	3750000	0.0098294647086688	8444	83	8444	0
PflaKGBHm	OZ251424.1	3720001	3750000	0.0036190476190476	5250	19	5250	3194
PflaKGBDf	OZ251424.1	3750001	3780000	0.001978324445209	11626	23	11626	0
PflaHELEm	OZ251424.1	3750001	3780000	0.0055909169103733	11626	65	11626	0
PflaKGBHm	OZ251424.1	3750001	3780000	0.0026599113362887	7895	21	7895	3731
PflaHELAf	OZ251424.1	3750001	3780000	0.0046447617409255	11626	54	11626	0
PflaHELAf	OZ251424.1	3780001	3810000	0.007125385515261	9403	67	9403	0
PflaKGBHm	OZ251424.1	3780001	3810000	0.0067151034786437	9084	61	9084	319
PflaKGBDf	OZ251424.1	3780001	3810000	0.0066999893650962	9403	63	9403	0
PflaHELEm	OZ251424.1	3780001	3810000	0.007125385515261	9403	67	9403	0
PflaKGBHm	OZ251424.1	3810001	3840000	0.0022955279714334	11762	27	11762	8
PflaHELEm	OZ251424.1	3810001	3840000	0.0050977060322854	11770	60	11770	0
PflaKGBDf	OZ251424.1	3810001	3840000	0.0050127442650807	11770	59	11770	0
PflaHELAf	OZ251424.1	3810001	3840000	0.0051826677994902	11770	61	11770	0
PflaKGBDf	OZ251424.1	3840001	3870000	0.0004975831674722	14068	7	14068	0
PflaKGBHm	OZ251424.1	3840001	3870000	0.0031276656241114	14068	44	14068	0
PflaHELEm	OZ251424.1	3840001	3870000	0.0027722490759169	14068	39	14068	0
PflaHELAf	OZ251424.1	3840001	3870000	0.0022035825988058	14068	31	14068	0
PflaHELEm	OZ251424.1	3870001	3900000	0.0067577828397873	13170	89	13170	3
PflaKGBDf	OZ251424.1	3870001	3900000	0.0039474683063842	13173	52	13173	0
PflaHELAf	OZ251424.1	3870001	3900000	0.0052724077328646	13087	69	13087	86
PflaKGBHm	OZ251424.1	3870001	3900000	0.005086161087072	13173	67	13173	0
PflaHELEm	OZ251424.1	3900001	3930000	0.0054264134340397	13637	74	13637	0
PflaKGBHm	OZ251424.1	3900001	3930000	0.0054997433453105	13637	75	13637	0
PflaHELAf	OZ251424.1	3900001	3930000	0.0063063723692894	13637	86	13637	0
PflaKGBDf	OZ251424.1	3900001	3930000	0.0021998973381242	13637	30	13637	0
PflaKGBHm	OZ251424.1	3930001	3960000	0.0027954651343376	12878	36	12878	0
PflaHELEm	OZ251424.1	3930001	3960000	0.0010871253300201	12878	14	12878	0
PflaKGBDf	OZ251424.1	3930001	3960000	0.0020263424518743	12831	26	12831	47
PflaHELAf	OZ251424.1	3930001	3960000	0.0041155458922192	12878	53	12878	0
PflaHELEm	OZ251424.1	3960001	3990000	0.0052706263936752	14799	78	14799	0
PflaKGBDf	OZ251424.1	3960001	3990000	0.0051354821271707	14799	76	14799	0
PflaHELAf	OZ251424.1	3960001	3990000	0.0020982807635034	14774	31	14774	25
PflaKGBHm	OZ251424.1	3960001	3990000	0.0058112034596932	14799	86	14799	0
PflaHELEm	OZ251424.1	3990001	4020000	0.0075748011614695	15842	120	15842	0
PflaKGBHm	OZ251424.1	3990001	4020000	0.0050498674409796	15842	80	15842	0
PflaHELAf	OZ251424.1	3990001	4020000	0.0015780835753061	15842	25	15842	0
PflaKGBDf	OZ251424.1	3990001	4020000	0.0072591844464082	15842	115	15842	0
PflaKGBHm	OZ251424.1	4020001	4050000	0.0027126216690601	18801	51	18801	0
PflaKGBDf	OZ251424.1	4020001	4050000	0.0039891495133237	18801	75	18801	0
PflaHELEm	OZ251424.1	4020001	4050000	0.0017552257858624	18801	33	18801	0
PflaHELAf	OZ251424.1	4020001	4050000	0.0022339237274613	18801	42	18801	0
PflaKGBHm	OZ251424.1	4050001	4080000	0.0018045112781954	16625	30	16625	0
PflaHELEm	OZ251424.1	4050001	4080000	0.0037293233082706	16625	62	16625	0
PflaKGBDf	OZ251424.1	4050001	4080000	0.0036691729323308	16625	61	16625	0
PflaHELAf	OZ251424.1	4050001	4080000	0.0034887218045112	16625	58	16625	0
PflaHELAf	OZ251424.1	4080001	4110000	0.0071743566115974	15193	109	15193	0
PflaHELEm	OZ251424.1	4080001	4110000	0.0041466464819324	15193	63	15193	0
PflaKGBHm	OZ251424.1	4080001	4110000	0.0001316395708549	15193	2	15193	0
PflaKGBDf	OZ251424.1	4080001	4110000	0.0013163957085499	15193	20	15193	0
PflaHELAf	OZ251424.1	4110001	4140000	0.0045571211565659	19091	87	19091	1
PflaKGBHm	OZ251424.1	4110001	4140000	0.0037712130735386	19092	72	19092	0
PflaHELEm	OZ251424.1	4110001	4140000	0.0060234653257909	19092	115	19092	0
PflaKGBDf	OZ251424.1	4110001	4140000	0.0064948669599832	19092	124	19092	0
PflaKGBDf	OZ251424.1	4140001	4170000	0.0022796847521657	15353	35	15353	0
PflaHELAf	OZ251424.1	4140001	4170000	0.0020191493519181	15353	31	15353	0
PflaHELEm	OZ251424.1	4140001	4170000	0.0028658894027225	15353	44	15353	0
PflaKGBHm	OZ251424.1	4140001	4170000	0.0026704878525369	15353	41	15353	0
PflaHELAf	OZ251424.1	4170001	4200000	0.0029649151704826	12142	36	12142	0
PflaKGBDf	OZ251424.1	4170001	4200000	0.006423982869379	12142	78	12142	0
PflaHELEm	OZ251424.1	4170001	4200000	0.0017295338494481	12142	21	12142	0
PflaKGBHm	OZ251424.1	4170001	4200000	0.007082852907264	12142	86	12142	0
PflaKGBHm	OZ251424.1	4200001	4230000	0.0049044914816726	15496	76	15496	229
PflaHELEm	OZ251424.1	4200001	4230000	0.005660137369626	15724	89	15724	1
PflaKGBDf	OZ251424.1	4200001	4230000	0.0059209269752339	15707	93	15707	18
PflaHELAf	OZ251424.1	4200001	4230000	0.0067408585055643	15725	106	15725	0
PflaKGBDf	OZ251424.1	4230001	4260000	0.0016497566608925	12123	20	12123	0
PflaHELAf	OZ251424.1	4230001	4260000	0.0023923444976076	12122	29	12122	1
PflaKGBHm	OZ251424.1	4230001	4260000	0.0023096593252495	12123	28	12123	0
PflaHELEm	OZ251424.1	4230001	4260000	0.0052796568223065	12122	64	12122	1
PflaHELAf	OZ251424.1	4260001	4290000	0.0070668135095447	10896	77	10896	0
PflaHELEm	OZ251424.1	4260001	4290000	0.0058737151248164	10896	64	10896	0
PflaKGBHm	OZ251424.1	4260001	4290000	0.0053230543318649	10896	58	10896	0
PflaKGBDf	OZ251424.1	4260001	4290000	0.0057819383259911	10896	63	10896	0
PflaKGBHm	OZ251424.1	4290001	4320000	0.0089331291475242	3918	35	3918	3
PflaHELAf	OZ251424.1	4290001	4320000	0.0099464422341239	3921	39	3921	0
PflaKGBDf	OZ251424.1	4290001	4320000	0.0089262943126753	3921	35	3921	0
PflaHELEm	OZ251424.1	4290001	4320000	0.0079061463912267	3921	31	3921	0
PflaHELAf	OZ251424.1	4320001	4350000	0.0052719200887902	7208	38	7208	0
PflaKGBDf	OZ251424.1	4320001	4350000	0.0051331853496115	7208	37	7208	0
PflaHELEm	OZ251424.1	4320001	4350000	0.0049944506104328	7208	36	7208	0
PflaKGBHm	OZ251424.1	4320001	4350000	0.0047169811320754	7208	34	7208	0
PflaHELAf	OZ251424.1	4350001	4380000	0.0057097179399337	8757	50	8757	0
PflaKGBDf	OZ251424.1	4350001	4380000	0.0071207074767428	8707	62	8707	50
PflaHELEm	OZ251424.1	4350001	4380000	0.0067374671691218	8757	59	8757	0
PflaKGBHm	OZ251424.1	4350001	4380000	0.00652248541023	8739	57	8739	18
PflaHELAf	OZ251424.1	4380001	4410000	0.0024457850970161	12266	30	12266	0
PflaKGBDf	OZ251424.1	4380001	4410000	0.0020381542475134	12266	25	12266	0
PflaHELEm	OZ251424.1	4380001	4410000	0.0030979944562204	12266	38	12266	0
PflaKGBHm	OZ251424.1	4380001	4410000	0.0008183306055646	12220	10	12220	46
PflaHELAf	OZ251424.1	4410001	4440000	0.0040104458123484	10722	43	10722	0
PflaHELEm	OZ251424.1	4410001	4440000	0.0034508487222533	10722	37	10722	0
PflaKGBDf	OZ251424.1	4410001	4440000	0.0010259279985077	10722	11	10722	0
PflaKGBHm	OZ251424.1	4410001	4440000	0.0006528632717776	10722	7	10722	0
PflaHELAf	OZ251424.1	4440001	4470000	0.003388816904216	10033	34	10033	6
PflaKGBHm	OZ251424.1	4440001	4470000	0.0003984460603645	10039	4	10039	0
PflaHELEm	OZ251424.1	4440001	4470000	0.005578244845104	10039	56	10039	0
PflaKGBDf	OZ251424.1	4440001	4470000	0.0008965036358203	10039	9	10039	0
PflaKGBHm	OZ251424.1	4470001	4500000	0.0006173383896287	11339	7	11339	0
PflaKGBDf	OZ251424.1	4470001	4500000	0.0007055295881471	11339	8	11339	0
PflaHELEm	OZ251424.1	4470001	4500000	0.0038896746817538	11312	44	11312	27
PflaHELAf	OZ251424.1	4470001	4500000	0.0062615750948055	11339	71	11339	0
PflaHELAf	OZ251424.1	4500001	4530000	0.0030725419664268	13344	41	13344	0
PflaKGBDf	OZ251424.1	4500001	4530000	0.000599520383693	13344	8	13344	0
PflaHELEm	OZ251424.1	4500001	4530000	0.005470623501199	13344	73	13344	0
PflaKGBHm	OZ251424.1	4500001	4530000	0.0038219424460431	13344	51	13344	0
PflaKGBHm	OZ251424.1	4530001	4560000	0.0042443408788282	12016	51	12016	1
PflaHELAf	OZ251424.1	4530001	4560000	0.0007489390030789	12017	9	12017	0
PflaKGBDf	OZ251424.1	4530001	4560000	0.0017475243405176	12017	21	12017	0
PflaHELEm	OZ251424.1	4530001	4560000	0.005575434800699	12017	67	12017	0
PflaHELEm	OZ251424.1	4560001	4590000	0.0065054339507117	13066	85	13066	0
PflaKGBHm	OZ251424.1	4560001	4590000	0.0039797948874942	13066	52	13066	0
PflaHELAf	OZ251424.1	4560001	4590000	0.0034440532680238	13066	45	13066	0
PflaKGBDf	OZ251424.1	4560001	4590000	0.0041328639216286	13066	54	13066	0
PflaHELAf	OZ251424.1	4590001	4620000	0.0045017212463589	11329	51	11329	0
PflaKGBDf	OZ251424.1	4590001	4620000	0.0046782593344514	11329	53	11329	0
PflaHELEm	OZ251424.1	4590001	4620000	0.0057374878630064	11329	65	11329	0
PflaKGBHm	OZ251424.1	4590001	4620000	0.0016771118368788	11329	19	11329	0
PflaHELEm	OZ251424.1	4620001	4650000	0.0063314711359404	10740	68	10740	0
PflaKGBHm	OZ251424.1	4620001	4650000	0.0024208566108007	10740	26	10740	0
PflaHELAf	OZ251424.1	4620001	4650000	0.0054003724394785	10740	58	10740	0
PflaKGBDf	OZ251424.1	4620001	4650000	0.004940803579752	10727	53	10727	13
PflaKGBDf	OZ251424.1	4650001	4680000	0.0026881720430107	10416	28	10416	17
PflaHELEm	OZ251424.1	4650001	4680000	0.0082430748586216	10433	86	10433	0
PflaKGBHm	OZ251424.1	4650001	4680000	0.0058468321671618	10433	61	10433	0
PflaHELAf	OZ251424.1	4650001	4680000	0.0016294450301926	10433	17	10433	0
PflaHELAf	OZ251424.1	4680001	4710000	0.0066344993968636	6632	44	6632	0
PflaKGBDf	OZ251424.1	4680001	4710000	0.0048250904704463	6632	32	6632	0
PflaHELEm	OZ251424.1	4680001	4710000	0.0072376357056694	6632	48	6632	0
PflaKGBHm	OZ251424.1	4680001	4710000	0.0090470446320868	6632	60	6632	0
PflaHELEm	OZ251424.1	4710001	4740000	0.0098265895953757	6920	68	6920	0
PflaKGBHm	OZ251424.1	4710001	4740000	0.0039341395891009	6863	27	6863	57
PflaKGBDf	OZ251424.1	4710001	4740000	0.013150289017341	6920	91	6920	0
PflaHELAf	OZ251424.1	4710001	4740000	0.0046256143394044	6918	32	6918	2
PflaHELAf	OZ251424.1	4740001	4770000	0.0036486838676048	15348	56	15348	0
PflaKGBDf	OZ251424.1	4740001	4770000	0.0064503518373729	15348	99	15348	0
PflaHELEm	OZ251424.1	4740001	4770000	0.0063851967683085	15348	98	15348	0
PflaKGBHm	OZ251424.1	4740001	4770000	0.0015296621441872	15036	23	15036	312
PflaKGBHm	OZ251424.1	4770001	4800000	0.0023856858846918	12575	30	12575	0
PflaHELAf	OZ251424.1	4770001	4800000	0.0027833001988071	12575	35	12575	0
PflaKGBDf	OZ251424.1	4770001	4800000	0.003976143141153	12575	50	12575	0
PflaHELEm	OZ251424.1	4770001	4800000	0.0034990059642147	12575	44	12575	0
PflaKGBHm	OZ251424.1	4800001	4830000	0.0040298800864949	10174	41	10174	0
PflaHELEm	OZ251424.1	4800001	4830000	0.0048166715816376	10173	49	10173	1
PflaHELAf	OZ251424.1	4800001	4830000	0.0024630541871921	10150	25	10150	24
PflaKGBDf	OZ251424.1	4800001	4830000	0.0038333005700805	10174	39	10174	0
PflaHELEm	OZ251424.1	4830001	4860000	0.0053398598286794	8989	48	8989	0
PflaHELAf	OZ251424.1	4830001	4860000	0.002892424073868	8989	26	8989	0
PflaKGBDf	OZ251424.1	4830001	4860000	0.0066748247858493	8989	60	8989	0
PflaKGBHm	OZ251424.1	4830001	4860000	0.0045611302703304	8989	41	8989	0
PflaKGBHm	OZ251424.1	4860001	4890000	0.0044011045909561	11588	51	11588	0
PflaHELEm	OZ251424.1	4860001	4890000	0.0062996202968588	11588	73	11588	0
PflaHELAf	OZ251424.1	4860001	4890000	0.0060407317915084	11588	70	11588	0
PflaKGBDf	OZ251424.1	4860001	4890000	0.002420261042441	11569	28	11569	19
PflaHELAf	OZ251424.1	4890001	4920000	0.0020843672456575	10075	21	10075	0
PflaKGBDf	OZ251424.1	4890001	4920000	0.0054590570719602	10075	55	10075	0
PflaHELEm	OZ251424.1	4890001	4920000	0.0024813895781637	10075	25	10075	0
PflaKGBHm	OZ251424.1	4890001	4920000	0.0038709677419354	10075	39	10075	0
PflaHELAf	OZ251424.1	4920001	4950000	0.0041879554401541	11939	50	11939	0
PflaKGBHm	OZ251424.1	4920001	4950000	0.0045233707488691	11938	54	11938	1
PflaHELEm	OZ251424.1	4920001	4950000	0.0056118602898065	11939	67	11939	0
PflaKGBDf	OZ251424.1	4920001	4950000	0.0040204372225479	11939	48	11939	0
PflaKGBDf	OZ251424.1	4950001	4980000	0.0042770999859767	14262	61	14262	0
PflaHELAf	OZ251424.1	4950001	4980000	0.004139188999579	14254	59	14254	8
PflaHELEm	OZ251424.1	4950001	4980000	0.0051184967045295	14262	73	14262	0
PflaKGBHm	OZ251424.1	4950001	4980000	0.0056794278502313	14262	81	14262	0
PflaKGBHm	OZ251424.1	4980001	5010000	0.002501293772641	11594	29	11594	0
PflaHELEm	OZ251424.1	4980001	5010000	0.005002587545282	11594	58	11594	0
PflaKGBDf	OZ251424.1	4980001	5010000	0.0035363118854579	11594	41	11594	0
PflaHELAf	OZ251424.1	4980001	5010000	0.0037983425414364	11584	44	11584	10
PflaKGBHm	OZ251424.1	5010001	5040000	0.000634444572615	17338	11	17338	4
PflaHELEm	OZ251424.1	5010001	5040000	0.0054780302156614	17342	95	17342	0
PflaKGBDf	OZ251424.1	5010001	5040000	0.0044977511244377	17342	78	17342	0
PflaHELAf	OZ251424.1	5010001	5040000	0.0031714911774881	17342	55	17342	0
PflaKGBDf	OZ251424.1	5040001	5070000	0.008133704735376	8975	73	8975	134
PflaHELAf	OZ251424.1	5040001	5070000	0.0016769144773616	8945	15	8945	164
PflaHELEm	OZ251424.1	5040001	5070000	0.0098955470038482	9095	90	9095	14
PflaKGBHm	OZ251424.1	5040001	5070000	0.0068327088384394	9074	62	9074	35
PflaHELEm	OZ251424.1	5070001	5100000	0.0048166978860048	11211	54	11211	0
PflaKGBDf	OZ251424.1	5070001	5100000	0.0034905575942003	11173	39	11173	38
PflaHELAf	OZ251424.1	5070001	5100000	0.0013379716350013	11211	15	11211	0
PflaKGBHm	OZ251424.1	5070001	5100000	0.0038355186870038	11211	43	11211	0
PflaHELEm	OZ251424.1	5100001	5130000	0.0018148820326678	5510	10	5510	0
PflaKGBHm	OZ251424.1	5100001	5130000	0.0	5510	0	5510	0
PflaKGBDf	OZ251424.1	5100001	5130000	0.0036297640653357	5510	20	5510	0
PflaHELAf	OZ251424.1	5100001	5130000	0.0010889292196007	5510	6	5510	0
PflaHELEm	OZ251424.1	5130001	5160000	0.0072048125349748	14296	103	14296	0
PflaKGBHm	OZ251424.1	5130001	5160000	0.0033575825405707	14296	48	14296	0
PflaHELAf	OZ251424.1	5130001	5160000	0.0027979854504756	14296	40	14296	0
PflaKGBDf	OZ251424.1	5130001	5160000	0.0055260212646894	14296	79	14296	0
PflaKGBHm	OZ251424.1	5160001	5190000	0.0021114594663766	15629	33	15629	0
PflaHELEm	OZ251424.1	5160001	5190000	0.0067822637404824	15629	106	15629	0
PflaKGBDf	OZ251424.1	5160001	5190000	0.005566574956811	15629	87	15629	0
PflaHELAf	OZ251424.1	5160001	5190000	0.0019834922259901	15629	31	15629	0
PflaKGBHm	OZ251424.1	5190001	5220000	0.0026954177897574	6307	17	6307	0
PflaHELEm	OZ251424.1	5190001	5220000	0.0076105914063738	6307	48	6307	0
PflaKGBDf	OZ251424.1	5190001	5220000	0.0060250515300459	6307	38	6307	0
PflaHELAf	OZ251424.1	5190001	5220000	0.0	6299	0	6299	8
PflaKGBHm	OZ251424.1	5220001	5250000	0.0060819462227912	9372	57	9372	0
PflaHELAf	OZ251424.1	5220001	5250000	0.0019206145966709	9372	18	9372	0
PflaKGBDf	OZ251424.1	5220001	5250000	0.0050149381135296	9372	47	9372	0
PflaHELEm	OZ251424.1	5220001	5250000	0.0061886470337174	9372	58	9372	0
PflaKGBHm	OZ251424.1	5250001	5280000	0.0015929002161793	8789	14	8789	0
PflaHELAf	OZ251424.1	5250001	5280000	0.004437364887928	8789	39	8789	0
PflaKGBDf	OZ251424.1	5250001	5280000	0.0048253676470588	8704	42	8704	85
PflaHELEm	OZ251424.1	5250001	5280000	0.0040960291273182	8789	36	8789	0
PflaHELAf	OZ251424.1	5280001	5310000	0.0035128805620608	12810	45	12810	0
PflaKGBDf	OZ251424.1	5280001	5310000	0.0018735362997658	12810	24	12810	0
PflaHELEm	OZ251424.1	5280001	5310000	0.0073380171740827	12810	94	12810	0
PflaKGBHm	OZ251424.1	5280001	5310000	0.0003123535842573	12806	4	12806	4
PflaHELAf	OZ251424.1	5310001	5340000	0.0048885179444378	8387	41	8387	1100
PflaHELEm	OZ251424.1	5310001	5340000	0.004458125464388	9421	42	9421	66
PflaKGBDf	OZ251424.1	5310001	5340000	0.0012648887951934	9487	12	9487	0
PflaKGBHm	OZ251424.1	5310001	5340000	0.0008432591967956	9487	8	9487	0
PflaKGBHm	OZ251424.1	5340001	5370000	0.0004040131977644	14851	6	14851	2
PflaHELAf	OZ251424.1	5340001	5370000	0.0023564263111829	14853	35	14853	0
PflaKGBDf	OZ251424.1	5340001	5370000	0.0005386117282703	14853	8	14853	0
PflaHELEm	OZ251424.1	5340001	5370000	0.003298996835656	14853	49	14853	0
PflaKGBDf	OZ251424.1	5370001	5400000	0.0002795951462282	17883	5	17883	0
PflaHELAf	OZ251424.1	5370001	5400000	0.002404518257563	17883	43	17883	0
PflaKGBHm	OZ251424.1	5370001	5400000	0.0004473772508667	17882	8	17882	1
PflaHELEm	OZ251424.1	5370001	5400000	0.001118380584913	17883	20	17883	0
PflaKGBHm	OZ251424.1	5400001	5430000	0.0025761576608488	15527	40	15527	0
PflaHELEm	OZ251424.1	5400001	5430000	0.0011618150132317	15493	18	15493	34
PflaKGBDf	OZ251424.1	5400001	5430000	0.00264056160237	15527	41	15527	0
PflaHELAf	OZ251424.1	5400001	5430000	0.0020014203628381	15489	31	15489	38
PflaHELAf	OZ251424.1	5430001	5460000	0.0004542504866969	15410	7	15410	35
PflaHELEm	OZ251424.1	5430001	5460000	0.001748138556167	15445	27	15445	0
PflaKGBDf	OZ251424.1	5430001	5460000	0.0055681450307542	15445	86	15445	0
PflaKGBHm	OZ251424.1	5430001	5460000	0.0055033991583036	15445	85	15445	0
PflaKGBDf	OZ251424.1	5460001	5490000	0.0012796261266273	17974	23	17974	28
PflaHELEm	OZ251424.1	5460001	5490000	0.0034996111543161	18002	63	18002	0
PflaKGBHm	OZ251424.1	5460001	5490000	0.0011127183709803	17974	20	17974	28
PflaHELAf	OZ251424.1	5460001	5490000	0.000333296300411	18002	6	18002	0
PflaHELAf	OZ251424.1	5490001	5520000	0.0050188205771643	19128	96	19128	0
PflaHELEm	OZ251424.1	5490001	5520000	0.0054893350062735	19128	105	19128	0
PflaKGBHm	OZ251424.1	5490001	5520000	0.0035549979088247	19128	68	19128	0
PflaKGBDf	OZ251424.1	5490001	5520000	0.0031890422417398	19128	61	19128	0
PflaHELEm	OZ251424.1	5520001	5550000	0.0039195637355146	5868	23	5868	0
PflaKGBHm	OZ251424.1	5520001	5550000	0.0034083162917518	5868	20	5868	0
PflaKGBDf	OZ251424.1	5520001	5550000	0.003749147920927	5868	22	5868	0
PflaHELAf	OZ251424.1	5520001	5550000	0.0027266530334014	5868	16	5868	0
PflaHELAf	OZ251424.1	5550001	5580000	0.0038716814159292	9040	35	9040	0
PflaKGBDf	OZ251424.1	5550001	5580000	0.0070796460176991	9040	64	9040	0
PflaHELEm	OZ251424.1	5550001	5580000	0.0078670360110803	9025	71	9025	15
PflaKGBHm	OZ251424.1	5550001	5580000	0.0059734513274336	9040	54	9040	0
PflaKGBDf	OZ251424.1	5580001	5610000	0.0042222038248199	12079	51	12079	12
PflaKGBHm	OZ251424.1	5580001	5610000	0.0040526011082623	12091	49	12091	0
PflaHELAf	OZ251424.1	5580001	5610000	0.0036390703829294	12091	44	12091	0
PflaHELEm	OZ251424.1	5580001	5610000	0.0097593251178562	12091	118	12091	0
PflaHELAf	OZ251424.1	5610001	5640000	0.0074972436604189	13605	102	13605	0
PflaKGBDf	OZ251424.1	5610001	5640000	0.0077177508269018	13605	105	13605	0
PflaHELEm	OZ251424.1	5610001	5640000	0.0094096890391825	13603	128	13603	2
PflaKGBHm	OZ251424.1	5610001	5640000	0.0049246600514516	13605	67	13605	0
PflaKGBHm	OZ251424.1	5640001	5670000	0.0042570864915377	9631	41	9631	0
PflaHELAf	OZ251424.1	5640001	5670000	0.0047762433807496	9631	46	9631	0
PflaKGBDf	OZ251424.1	5640001	5670000	0.0032187727131139	9631	31	9631	0
PflaHELEm	OZ251424.1	5640001	5670000	0.0047762433807496	9631	46	9631	0
PflaKGBHm	OZ251424.1	5670001	5700000	0.0060387486370879	11923	72	11923	11
PflaHELEm	OZ251424.1	5670001	5700000	0.003269343616397	11929	39	11929	5
PflaKGBDf	OZ251424.1	5670001	5700000	0.006116976705212	11934	73	11934	0
PflaHELAf	OZ251424.1	5670001	5700000	0.002597620244679	11934	31	11934	0
PflaHELEm	OZ251424.1	5700001	5730000	0.0015354693417954	9769	15	9769	0
PflaKGBHm	OZ251424.1	5700001	5730000	0.0050156041016495	8972	45	8972	797
PflaHELAf	OZ251424.1	5700001	5730000	0.0009212816050772	9769	9	9769	0
PflaKGBDf	OZ251424.1	5700001	5730000	0.0042478242851222	9652	41	9652	117
PflaHELAf	OZ251424.1	5730001	5760000	0.0035494310470821	9579	34	9579	0
PflaKGBDf	OZ251424.1	5730001	5760000	0.0043845912934544	9579	42	9579	0
PflaKGBHm	OZ251424.1	5730001	5760000	0.0053241465706232	9579	51	9579	0
PflaHELEm	OZ251424.1	5730001	5760000	0.0018791105543376	9579	18	9579	0
PflaHELAf	OZ251424.1	5760001	5790000	0.0040839585905594	10529	43	10529	0
PflaKGBHm	OZ251424.1	5760001	5790000	0.0075030867128882	10529	79	10529	0
PflaHELEm	OZ251424.1	5760001	5790000	0.0044638617152626	10529	47	10529	0
PflaKGBDf	OZ251424.1	5760001	5790000	0.0072181593693608	10529	76	10529	0
PflaKGBHm	OZ251424.1	5790001	5820000	0.0040331371266623	9174	37	9174	1
PflaHELEm	OZ251424.1	5790001	5820000	0.0044750054573237	9162	41	9162	13
PflaKGBDf	OZ251424.1	5790001	5820000	0.0049046321525885	9175	45	9175	0
PflaHELAf	OZ251424.1	5790001	5820000	0.0036053752867912	9153	33	9153	22
PflaKGBHm	OZ251424.1	5820001	5850000	0.0045921123716909	11106	51	11106	0
PflaHELEm	OZ251424.1	5820001	5850000	0.0054078413699864	11095	60	11095	11
PflaKGBDf	OZ251424.1	5820001	5850000	0.0042319466954799	11106	47	11106	0
PflaHELAf	OZ251424.1	5820001	5850000	0.0054024851431658	11106	60	11106	0
PflaKGBDf	OZ251424.1	5850001	5880000	0.0048659384309831	10070	49	10070	0
PflaHELEm	OZ251424.1	5850001	5880000	0.0041708043694141	10070	42	10070	0
PflaHELAf	OZ251424.1	5850001	5880000	0.0033763654419066	10070	34	10070	0
PflaKGBHm	OZ251424.1	5850001	5880000	0.0051638530287984	10070	52	10070	0
PflaHELAf	OZ251424.1	5880001	5910000	0.0058346518987341	10112	59	10112	0
PflaKGBDf	OZ251424.1	5880001	5910000	0.001384493670886	10112	14	10112	0
PflaHELEm	OZ251424.1	5880001	5910000	0.0049446202531645	10112	50	10112	0
PflaKGBHm	OZ251424.1	5880001	5910000	0.0063291139240506	10112	64	10112	0
PflaKGBHm	OZ251424.1	5910001	5940000	0.0041538739389561	5537	23	5537	0
PflaHELEm	OZ251424.1	5910001	5940000	0.0036120642947444	5537	20	5537	0
PflaHELAf	OZ251424.1	5910001	5940000	0.0050568900126422	5537	28	5537	0
PflaKGBDf	OZ251424.1	5910001	5940000	0.0010917030567685	5496	6	5496	41
PflaKGBHm	OZ251424.1	5940001	5970000	0.0035188739603326	9378	33	9378	0
PflaHELEm	OZ251424.1	5940001	5970000	0.0011729579867775	9378	11	9378	0
PflaKGBDf	OZ251424.1	5940001	5970000	0.0015015015015015	9324	14	9324	54
PflaHELAf	OZ251424.1	5940001	5970000	0.0036255065045851	9378	34	9378	0
PflaKGBHm	OZ251424.1	5970001	6000000	0.0034145026507323	11129	38	11129	0
PflaHELAf	OZ251424.1	5970001	6000000	0.0018869619911941	11129	21	11129	0
PflaKGBDf	OZ251424.1	5970001	6000000	0.0027225701061802	11019	30	11019	110
PflaHELEm	OZ251424.1	5970001	6000000	0.0023362386557642	11129	26	11129	0
PflaHELAf	OZ251424.1	6000001	6030000	0.0030802681645225	11038	34	11038	22
PflaHELEm	OZ251424.1	6000001	6030000	0.0063291139240506	11060	70	11060	0
PflaKGBHm	OZ251424.1	6000001	6030000	0.0047016274864376	11060	52	11060	0
PflaKGBDf	OZ251424.1	6000001	6030000	0.0049728752260397	11060	55	11060	0
PflaHELAf	OZ251424.1	6030001	6060000	0.0026755369151782	13829	37	13829	0
PflaKGBDf	OZ251424.1	6030001	6060000	0.0015910898965791	13827	22	13827	2
PflaKGBHm	OZ251424.1	6030001	6060000	0.0040494612770265	13829	56	13829	0
PflaHELEm	OZ251424.1	6030001	6060000	0.0038325258514715	13829	53	13829	0
PflaKGBHm	OZ251424.1	6060001	6090000	0.0013519603424966	15533	21	15533	0
PflaHELEm	OZ251424.1	6060001	6090000	0.0012232022146397	15533	19	15533	0
PflaKGBDf	OZ251424.1	6060001	6090000	0.0010944440867829	15533	17	15533	0
PflaHELAf	OZ251424.1	6060001	6090000	0.0013519603424966	15533	21	15533	0
PflaHELAf	OZ251424.1	6090001	6120000	0.0053720333547145	12472	67	12472	0
PflaKGBHm	OZ251424.1	6090001	6120000	0.005612572161642	12472	70	12472	0
PflaKGBDf	OZ251424.1	6090001	6120000	0.0056927517639512	12472	71	12472	0
PflaHELEm	OZ251424.1	6090001	6120000	0.005131494547787	12472	64	12472	0
PflaKGBDf	OZ251424.1	6120001	6150000	0.0028633990230756	5937	17	5937	0
PflaKGBHm	OZ251424.1	6120001	6150000	0.0030318342597271	5937	18	5937	0
PflaHELEm	OZ251424.1	6120001	6150000	0.0035371399696816	5937	21	5937	0
PflaHELAf	OZ251424.1	6120001	6150000	0.0065689742294087	5937	39	5937	0
PflaHELAf	OZ251424.1	6150001	6180000	0.0062830215621876	7003	44	7003	0
PflaKGBHm	OZ251424.1	6150001	6180000	0.0005711837783806	7003	4	7003	0
PflaHELEm	OZ251424.1	6150001	6180000	0.00414108239326	7003	29	7003	0
PflaKGBDf	OZ251424.1	6150001	6180000	0.0042838783378552	7003	30	7003	0
PflaKGBHm	OZ251424.1	6180001	6210000	0.0016642011834319	10816	18	10816	0
PflaHELEm	OZ251424.1	6180001	6210000	0.00573224852071	10816	62	10816	0
PflaKGBDf	OZ251424.1	6180001	6210000	0.0060096153846153	10816	65	10816	0
PflaHELAf	OZ251424.1	6180001	6210000	0.0047152366863905	10816	51	10816	0
PflaHELAf	OZ251424.1	6210001	6240000	0.0008438027376711	10666	9	10666	0
PflaKGBHm	OZ251424.1	6210001	6240000	9.375585974123384e-05	10666	1	10666	0
PflaHELEm	OZ251424.1	6210001	6240000	0.0059066191636977	10666	63	10666	0
PflaKGBDf	OZ251424.1	6210001	6240000	0.0054572826496048	10628	58	10628	38
PflaHELAf	OZ251424.1	6240001	6270000	0.00303170443451	19461	59	19461	904
PflaKGBDf	OZ251424.1	6240001	6270000	0.0056469432850478	20365	115	20365	0
PflaKGBHm	OZ251424.1	6240001	6270000	0.002749815860545	20365	56	20365	0
PflaHELEm	OZ251424.1	6240001	6270000	0.0053032163024797	20365	108	20365	0
PflaKGBHm	OZ251424.1	6270001	6300000	0.0032974910394265	13950	46	13950	0
PflaKGBDf	OZ251424.1	6270001	6300000	0.005089605734767	13950	71	13950	0
PflaHELEm	OZ251424.1	6270001	6300000	0.0042345510658149	13933	59	13933	17
PflaHELAf	OZ251424.1	6270001	6300000	0.0014457134595923	13834	20	13834	116
PflaHELAf	OZ251424.1	6300001	6330000	0.0011706555671175	15376	18	15376	0
PflaKGBDf	OZ251424.1	6300001	6330000	0.0028616024973985	15376	44	15376	0
PflaHELEm	OZ251424.1	6300001	6330000	0.0020811654526534	15376	32	15376	0
PflaKGBHm	OZ251424.1	6300001	6330000	0.0025364203954214	15376	39	15376	0
PflaKGBHm	OZ251424.1	6330001	6360000	0.0050107372942018	9779	49	9779	0
PflaHELAf	OZ251424.1	6330001	6360000	0.006340116576337	9779	62	9779	0
PflaKGBDf	OZ251424.1	6330001	6360000	0.0047039574598629	9779	46	9779	0
PflaHELEm	OZ251424.1	6330001	6360000	0.0048062174046426	9779	47	9779	0
PflaKGBHm	OZ251424.1	6360001	6390000	0.0103173058205178	10274	106	10274	0
PflaHELEm	OZ251424.1	6360001	6390000	0.0063328137178487	10264	65	10264	10
PflaHELAf	OZ251424.1	6360001	6390000	0.007883978976056	10274	81	10274	0
PflaKGBDf	OZ251424.1	6360001	6390000	0.0108039711894101	10274	111	10274	0
PflaHELAf	OZ251424.1	6390001	6420000	0.0030999270605397	16452	51	16452	0
PflaKGBDf	OZ251424.1	6390001	6420000	0.0020666180403598	16452	34	16452	0
PflaHELEm	OZ251424.1	6390001	6420000	0.0027960126428397	16452	46	16452	0
PflaKGBHm	OZ251424.1	6390001	6420000	0.0026744468757597	16452	44	16452	0
PflaKGBHm	OZ251424.1	6420001	6450000	0.0022293782511766	8074	18	8074	0
PflaHELEm	OZ251424.1	6420001	6450000	0.0023532325984642	8074	19	8074	0
PflaKGBDf	OZ251424.1	6420001	6450000	0.0018578152093138	8074	15	8074	0
PflaHELAf	OZ251424.1	6420001	6450000	0.0017339608620262	8074	14	8074	0
PflaHELAf	OZ251424.1	6450001	6480000	0.0014988595633756	15345	23	15345	0
PflaHELEm	OZ251424.1	6450001	6480000	0.0019550342130987	15345	30	15345	0
PflaKGBHm	OZ251424.1	6450001	6480000	0.0018246985988921	15345	28	15345	0
PflaKGBDf	OZ251424.1	6450001	6480000	0.0015640273704789	15345	24	15345	0
PflaHELAf	OZ251424.1	6480001	6510000	0.0027195747574015	16179	44	16179	0
PflaKGBDf	OZ251424.1	6480001	6510000	0.0025341492057605	16179	41	16179	0
PflaHELEm	OZ251424.1	6480001	6510000	0.0027195747574015	16179	44	16179	0
PflaKGBHm	OZ251424.1	6480001	6510000	0.0024105321713332	16179	39	16179	0
PflaHELAf	OZ251424.1	6510001	6540000	0.0013880126182965	15850	22	15850	20
PflaHELEm	OZ251424.1	6510001	6540000	0.0020793950850661	15870	33	15870	0
PflaKGBDf	OZ251424.1	6510001	6540000	0.0021424070573408	15870	34	15870	0
PflaKGBHm	OZ251424.1	6510001	6540000	0.0020795261201083	15869	33	15869	1
PflaHELAf	OZ251424.1	6540001	6570000	0.0035907699552625	16988	61	16988	6
PflaHELEm	OZ251424.1	6540001	6570000	0.003589502177239	16994	61	16994	0
PflaKGBHm	OZ251424.1	6540001	6570000	0.002415458937198	16974	41	16974	20
PflaKGBDf	OZ251424.1	6540001	6570000	0.0033574836543558	16977	57	16977	17
PflaHELEm	OZ251424.1	6570001	6600000	0.0017250530785562	15072	26	15072	1
PflaKGBHm	OZ251424.1	6570001	6600000	0.0019903138061434	15073	30	15073	0
PflaKGBDf	OZ251424.1	6570001	6600000	0.0019903138061434	15073	30	15073	0
PflaHELAf	OZ251424.1	6570001	6600000	0.0020566575996815	15073	31	15073	0
PflaKGBDf	OZ251424.1	6600001	6630000	0.0048305223514	12214	59	12214	0
PflaHELAf	OZ251424.1	6600001	6630000	0.0069592271164237	12214	85	12214	0
PflaKGBHm	OZ251424.1	6600001	6630000	0.0058948747339119	12214	72	12214	0
PflaHELEm	OZ251424.1	6600001	6630000	0.0062223677746847	12214	76	12214	0
PflaKGBDf	OZ251424.1	6630001	6660000	0.0026398284111532	12122	32	12122	317
PflaKGBHm	OZ251424.1	6630001	6660000	0.0025725540638314	12439	32	12439	0
PflaHELAf	OZ251424.1	6630001	6660000	0.0031353002652946	12439	39	12439	0
PflaHELEm	OZ251424.1	6630001	6660000	0.0046627542406945	12439	58	12439	0
PflaKGBDf	OZ251424.1	6660001	6690000	0.0049120300080378	11197	55	11197	4
PflaHELEm	OZ251424.1	6660001	6690000	0.0011606106597625	11201	13	11201	0
PflaKGBHm	OZ251424.1	6660001	6690000	0.0036659513590844	11184	41	11184	17
PflaHELAf	OZ251424.1	6660001	6690000	0.0013391661458798	11201	15	11201	0
PflaKGBHm	OZ251424.1	6690001	6720000	0.0017937219730941	1115	2	1115	0
PflaHELEm	OZ251424.1	6690001	6720000	0.0035874439461883	1115	4	1115	0
PflaKGBDf	OZ251424.1	6690001	6720000	0.0017937219730941	1115	2	1115	0
PflaHELAf	OZ251424.1	6690001	6720000	0.000896860986547	1115	1	1115	0
PflaKGBHm	OZ251424.1	6720001	6750000	0.0132802124833997	6024	80	6024	0
PflaHELEm	OZ251424.1	6720001	6750000	0.0089641434262948	6024	54	6024	0
PflaHELAf	OZ251424.1	6720001	6750000	0.0069721115537848	6024	42	6024	0
PflaKGBDf	OZ251424.1	6720001	6750000	0.0094621513944223	6024	57	6024	0
PflaKGBDf	OZ251424.1	6750001	6780000	0.0090272660280029	10856	98	10856	0
PflaHELEm	OZ251424.1	6750001	6780000	0.008382461311717	10856	91	10856	0
PflaKGBHm	OZ251424.1	6750001	6780000	0.0057111274871039	10856	62	10856	0
PflaHELAf	OZ251424.1	6750001	6780000	0.0069086219602063	10856	75	10856	0
PflaKGBHm	OZ251424.1	6780001	6810000	0.0067126965861143	10428	70	10428	12
PflaHELEm	OZ251424.1	6780001	6810000	0.0040229885057471	10440	42	10440	0
PflaHELAf	OZ251424.1	6780001	6810000	0.0016283524904214	10440	17	10440	0
PflaKGBDf	OZ251424.1	6780001	6810000	0.0066091954022988	10440	69	10440	0
PflaHELAf	OZ251424.1	6810001	6840000	0.0003516792685071	11374	4	11374	0
PflaKGBDf	OZ251424.1	6810001	6840000	0.0006161971830985	11360	7	11360	14
PflaHELEm	OZ251424.1	6810001	6840000	0.0013189132155104	11373	15	11373	1
PflaKGBHm	OZ251424.1	6810001	6840000	0.0010559662090813	11364	12	11364	10
PflaKGBHm	OZ251424.1	6840001	6870000	0.0019925989183034	10539	21	10539	10
PflaHELEm	OZ251424.1	6840001	6870000	9.479571523367145e-05	10549	1	10549	0
PflaHELAf	OZ251424.1	6840001	6870000	0.0001895914304673	10549	2	10549	0
PflaKGBDf	OZ251424.1	6840001	6870000	0.001706322874206	10549	18	10549	0
PflaHELAf	OZ251424.1	6870001	6900000	0.0036781969009234	12778	47	12778	0
PflaKGBDf	OZ251424.1	6870001	6900000	0.0062607606824229	12778	80	12778	0
PflaHELEm	OZ251424.1	6870001	6900000	0.003286899358272	12778	42	12778	0
PflaKGBHm	OZ251424.1	6870001	6900000	0.0068123091378905	12771	87	12771	7
PflaKGBHm	OZ251424.1	6900001	6930000	0.0045314900153609	13020	59	13020	0
PflaHELEm	OZ251424.1	6900001	6930000	0.0008454384751364	13011	11	13011	9
PflaKGBDf	OZ251424.1	6900001	6930000	0.0034578146611341	13014	45	13014	6
PflaHELAf	OZ251424.1	6900001	6930000	0.0012288786482334	13020	16	13020	0
PflaHELAf	OZ251424.1	6930001	6960000	0.0042204995693367	11610	49	11610	0
PflaHELEm	OZ251424.1	6930001	6960000	0.0024978466838931	11610	29	11610	0
PflaKGBHm	OZ251424.1	6930001	6960000	0.0049956933677863	11610	58	11610	0
PflaKGBDf	OZ251424.1	6930001	6960000	0.0034453057708871	11610	40	11610	0
PflaHELAf	OZ251424.1	6960001	6990000	0.0016153954207051	14238	23	14238	0
PflaKGBDf	OZ251424.1	6960001	6990000	0.0017558645877229	14238	25	14238	0
PflaHELEm	OZ251424.1	6960001	6990000	0.0007023458350891	14238	10	14238	0
PflaKGBHm	OZ251424.1	6960001	6990000	0.0017558645877229	14238	25	14238	0
PflaHELAf	OZ251424.1	6990001	7020000	0.0013923013923013	12210	17	12210	0
PflaKGBDf	OZ251424.1	6990001	7020000	0.0031941031941031	12210	39	12210	0
PflaHELEm	OZ251424.1	6990001	7020000	0.0016655562958027	12008	20	12008	202
PflaKGBHm	OZ251424.1	6990001	7020000	0.0033579033579033	12210	41	12210	0
PflaKGBHm	OZ251424.1	7020001	7050000	0.0025254582484725	12275	31	12275	0
PflaKGBDf	OZ251424.1	7020001	7050000	0.0026883910386965	12275	33	12275	0
PflaHELAf	OZ251424.1	7020001	7050000	0.0008961303462321	12275	11	12275	0
PflaHELEm	OZ251424.1	7020001	7050000	0.000488798370672	12275	6	12275	0
PflaKGBHm	OZ251424.1	7050001	7080000	0.0008250825082508	15756	13	15756	0
PflaHELEm	OZ251424.1	7050001	7080000	0.0008250825082508	15756	13	15756	0
PflaKGBDf	OZ251424.1	7050001	7080000	0.0012693577050012	15756	20	15756	0
PflaHELAf	OZ251424.1	7050001	7080000	0.0006346788525006	15756	10	15756	0
PflaHELAf	OZ251424.1	7080001	7110000	0.0015990573977444	11882	19	11882	0
PflaKGBDf	OZ251424.1	7080001	7110000	0.0015148964820737	11882	18	11882	0
PflaKGBHm	OZ251424.1	7080001	7110000	0.0007574482410368	11882	9	11882	0
PflaHELEm	OZ251424.1	7080001	7110000	0.0010099309880491	11882	12	11882	0
PflaKGBDf	OZ251424.1	7110001	7140000	0.0014082618025751	14912	21	14912	0
PflaHELAf	OZ251424.1	7110001	7140000	0.0059683476394849	14912	89	14912	0
PflaKGBHm	OZ251424.1	7110001	7140000	0.0026824034334763	14912	40	14912	0
PflaHELEm	OZ251424.1	7110001	7140000	0.0034200643776824	14912	51	14912	0
PflaKGBHm	OZ251424.1	7140001	7170000	0.00099179514922	11091	11	11091	32
PflaHELAf	OZ251424.1	7140001	7170000	0.0052144205699901	11123	58	11123	0
PflaKGBDf	OZ251424.1	7140001	7170000	0.0015283646498246	11123	17	11123	0
PflaHELEm	OZ251424.1	7140001	7170000	0.0023374988762024	11123	26	11123	0
PflaHELAf	OZ251424.1	7170001	7200000	0.0038914832110295	8994	35	8994	0
PflaKGBDf	OZ251424.1	7170001	7200000	0.0037802979764287	8994	34	8994	0
PflaHELEm	OZ251424.1	7170001	7200000	0.0042250389148321	8994	38	8994	0
PflaKGBHm	OZ251424.1	7170001	7200000	0.0026699299143397	8989	24	8989	5
PflaHELEm	OZ251424.1	7200001	7230000	0.0053859964093357	6127	33	6127	0
PflaKGBHm	OZ251424.1	7200001	7230000	0.0045699363473151	6127	28	6127	0
PflaKGBDf	OZ251424.1	7200001	7230000	0.0042435123225069	6127	26	6127	0
PflaHELAf	OZ251424.1	7200001	7230000	0.0045699363473151	6127	28	6127	0
PflaHELEm	OZ251424.1	7230001	7260000	0.0029648727038349	15515	46	15515	0
PflaKGBHm	OZ251424.1	7230001	7260000	0.0037383177570093	15515	58	15515	0
PflaHELAf	OZ251424.1	7230001	7260000	0.0038672252658717	15515	60	15515	0
PflaKGBDf	OZ251424.1	7230001	7260000	0.0022558814050918	15515	35	15515	0
PflaHELAf	OZ251424.1	7260001	7290000	0.0017084282460136	14048	24	14048	9
PflaKGBDf	OZ251424.1	7260001	7290000	0.002784123358081	14008	39	14008	49
PflaHELEm	OZ251424.1	7260001	7290000	0.0033435299139218	14057	47	14057	0
PflaKGBHm	OZ251424.1	7260001	7290000	0.0024948321334378	14029	35	14029	28
PflaHELEm	OZ251424.1	7290001	7320000	0.0017749378771742	11268	20	11268	0
PflaHELAf	OZ251424.1	7290001	7320000	0.0019524316648917	11268	22	11268	0
PflaKGBDf	OZ251424.1	7290001	7320000	0.0039936102236421	11268	45	11268	0
PflaKGBHm	OZ251424.1	7290001	7320000	0.004969826056088	11268	56	11268	0
PflaKGBDf	OZ251424.1	7320001	7350000	0.0032440056417489	14180	46	14180	4
PflaHELEm	OZ251424.1	7320001	7350000	0.0016920473773265	14184	24	14184	0
PflaKGBHm	OZ251424.1	7320001	7350000	0.0017625493513818	14184	25	14184	0
PflaHELAf	OZ251424.1	7320001	7350000	0.0016215454032712	14184	23	14184	0
PflaHELAf	OZ251424.1	7350001	7380000	0.0023683477291724	7178	17	7178	0
PflaKGBDf	OZ251424.1	7350001	7380000	0.0023683477291724	7178	17	7178	0
PflaHELEm	OZ251424.1	7350001	7380000	0.001672007802703	7177	12	7177	1
PflaKGBHm	OZ251424.1	7350001	7380000	0.0029256060183895	7178	21	7178	0
PflaHELEm	OZ251424.1	7380001	7410000	0.004350465398624	9884	43	9884	0
PflaKGBDf	OZ251424.1	7380001	7410000	0.0006181743251596	9706	6	9706	178
PflaHELAf	OZ251424.1	7380001	7410000	0.0013152569809793	9884	13	9884	0
PflaKGBHm	OZ251424.1	7380001	7410000	0.0006070416835289	9884	6	9884	0
PflaKGBHm	OZ251424.1	7410001	7440000	0.0003382949932341	5912	2	5912	0
PflaHELAf	OZ251424.1	7410001	7440000	0.0011854360711261	5905	7	5905	7
PflaKGBDf	OZ251424.1	7410001	7440000	0.0005074424898511	5912	3	5912	0
PflaHELEm	OZ251424.1	7410001	7440000	0.0023680649526387	5912	14	5912	0
PflaKGBDf	OZ251424.1	7440001	7470000	0.004123503972644	9943	41	9943	0
PflaHELAf	OZ251424.1	7440001	7470000	0.0058332495222769	9943	58	9943	0
PflaKGBHm	OZ251424.1	7440001	7470000	0.0045257970431459	9943	45	9943	0
PflaHELEm	OZ251424.1	7440001	7470000	0.0045257970431459	9943	45	9943	0
PflaHELAf	OZ251424.1	7470001	7500000	0.0010459256441951	10517	11	10517	0
PflaKGBDf	OZ251424.1	7470001	7500000	0.0	10419	0	10419	98
PflaHELEm	OZ251424.1	7470001	7500000	0.0011410097936673	10517	12	10517	0
PflaKGBHm	OZ251424.1	7470001	7500000	0.0002857414991903	10499	3	10499	18
PflaHELEm	OZ251424.1	7500001	7530000	0.001816347124117	9910	18	9910	0
PflaKGBHm	OZ251424.1	7500001	7530000	0.0002018163471241	9910	2	9910	0
PflaHELAf	OZ251424.1	7500001	7530000	0.0015139281388776	9908	15	9908	2
PflaKGBDf	OZ251424.1	7500001	7530000	0.0	9910	0	9910	0
PflaKGBHm	OZ251424.1	7530001	7560000	8.638562543192812e-05	11576	1	11576	0
PflaHELEm	OZ251424.1	7530001	7560000	0.0008638562543192	11576	10	11576	0
PflaKGBDf	OZ251424.1	7530001	7560000	0.0	11576	0	11576	0
PflaHELAf	OZ251424.1	7530001	7560000	0.0017277125086385	11576	20	11576	0
PflaHELEm	OZ251424.1	7560001	7590000	0.0012579547136303	13514	17	13514	0
PflaKGBDf	OZ251424.1	7560001	7590000	0.0002219920082877	13514	3	13514	0
PflaHELAf	OZ251424.1	7560001	7590000	0.0016279413941098	13514	22	13514	0
PflaKGBHm	OZ251424.1	7560001	7590000	0.0003699866804795	13514	5	13514	0
PflaKGBDf	OZ251424.1	7590001	7620000	0.0003457575548025	14461	5	14461	0
PflaHELAf	OZ251424.1	7590001	7620000	0.002213154436683	14459	32	14459	2
PflaKGBHm	OZ251424.1	7590001	7620000	0.00027721948853	14429	4	14429	32
PflaHELEm	OZ251424.1	7590001	7620000	0.0016596362630523	14461	24	14461	0
PflaHELAf	OZ251424.1	7620001	7650000	0.0006771244780498	17722	12	17722	0
PflaKGBDf	OZ251424.1	7620001	7650000	5.6427039837490125e-05	17722	1	17722	0
PflaKGBHm	OZ251424.1	7620001	7650000	0.0004514163186999	17722	8	17722	0
PflaHELEm	OZ251424.1	7620001	7650000	0.0006206974382123	17722	11	17722	0
PflaHELAf	OZ251424.1	7650001	7680000	0.0040620919773683	13786	56	13786	0
PflaKGBDf	OZ251424.1	7650001	7680000	0.0016094813080693	13669	22	13669	117
PflaKGBHm	OZ251424.1	7650001	7680000	0.0021816595156715	13751	30	13751	35
PflaHELEm	OZ251424.1	7650001	7680000	0.0042797040475845	13786	59	13786	0
PflaKGBHm	OZ251424.1	7680001	7710000	0.0021686328938237	11528	25	11528	5
PflaHELEm	OZ251424.1	7680001	7710000	0.0057227087488077	11533	66	11533	0
PflaKGBDf	OZ251424.1	7680001	7710000	0.001561415683553	11528	18	11528	5
PflaHELAf	OZ251424.1	7680001	7710000	0.004855631665655	11533	56	11533	0
PflaHELEm	OZ251424.1	7710001	7740000	0.0021700160392489	10599	23	10599	0
PflaHELAf	OZ251424.1	7710001	7740000	0.0014153613889413	10598	15	10598	1
PflaKGBDf	OZ251424.1	7710001	7740000	9.434852344560808e-05	10599	1	10599	0
PflaKGBHm	OZ251424.1	7710001	7740000	0.0001890001890001	10582	2	10582	17
PflaHELEm	OZ251424.1	7740001	7770000	0.001552945743958	10303	16	10303	0
PflaKGBDf	OZ251424.1	7740001	7770000	0.0005823546539842	10303	6	10303	0
PflaKGBHm	OZ251424.1	7740001	7770000	0.0005823546539842	10303	6	10303	0
PflaHELAf	OZ251424.1	7740001	7770000	0.0014558866349606	10303	15	10303	0
PflaHELAf	OZ251424.1	7770001	7800000	0.0025240267935151	10301	26	10301	0
PflaKGBHm	OZ251424.1	7770001	7800000	0.0006795456751771	10301	7	10301	0
PflaHELEm	OZ251424.1	7770001	7800000	0.0027181827007086	10301	28	10301	0
PflaKGBDf	OZ251424.1	7770001	7800000	0.0004854840275754	10299	5	10299	2
PflaHELAf	OZ251424.1	7800001	7830000	0.0013665260531162	16831	23	16831	0
PflaKGBDf	OZ251424.1	7800001	7830000	0.0003564850573346	16831	6	16831	0
PflaKGBHm	OZ251424.1	7800001	7830000	0.0001782425286673	16831	3	16831	0
PflaHELEm	OZ251424.1	7800001	7830000	0.0019038553069966	16808	32	16808	23
PflaKGBDf	OZ251424.1	7830001	7860000	0.000382299531683	20926	8	20926	4
PflaHELEm	OZ251424.1	7830001	7860000	0.0011944577161968	20930	25	20930	0
PflaKGBHm	OZ251424.1	7830001	7860000	0.0001911132345914	20930	4	20930	0
PflaHELAf	OZ251424.1	7830001	7860000	0.0012900143334925	20930	27	20930	0
PflaKGBDf	OZ251424.1	7860001	7890000	0.0010449866764198	19139	20	19139	0
PflaHELEm	OZ251424.1	7860001	7890000	0.0023512200219447	19139	45	19139	0
PflaKGBHm	OZ251424.1	7860001	7890000	0.0008359893411359	19139	16	19139	0
PflaHELAf	OZ251424.1	7860001	7890000	0.0040754480380375	19139	78	19139	0
PflaKGBHm	OZ251424.1	7890001	7920000	0.0003044140030441	16425	5	16425	0
PflaHELAf	OZ251424.1	7890001	7920000	0.003165905631659	16425	52	16425	0
PflaKGBDf	OZ251424.1	7890001	7920000	0.0003652968036529	16425	6	16425	0
PflaHELEm	OZ251424.1	7890001	7920000	0.0010958904109589	16425	18	16425	0
PflaKGBHm	OZ251424.1	7920001	7950000	0.0	12773	0	12773	0
PflaHELAf	OZ251424.1	7920001	7950000	0.0041493775933609	12773	53	12773	0
PflaKGBDf	OZ251424.1	7920001	7950000	7.829014327096219e-05	12773	1	12773	0
PflaHELEm	OZ251424.1	7920001	7950000	0.0009394817192515	12773	12	12773	0
PflaHELAf	OZ251424.1	7950001	7980000	0.0050153531218014	9770	49	9770	0
PflaKGBDf	OZ251424.1	7950001	7980000	0.004503582395087	9770	44	9770	0
PflaHELEm	OZ251424.1	7950001	7980000	0.0044012282497441	9770	43	9770	0
PflaKGBHm	OZ251424.1	7950001	7980000	0.0025588536335721	9770	25	9770	0
PflaKGBHm	OZ251424.1	7980001	8010000	0.0004177458434288	11969	5	11969	0
PflaHELEm	OZ251424.1	7980001	8010000	0.0007519425181719	11969	9	11969	0
PflaKGBDf	OZ251424.1	7980001	8010000	0.000334196674743	11969	4	11969	0
PflaHELAf	OZ251424.1	7980001	8010000	0.00217227838583	11969	26	11969	0
PflaKGBDf	OZ251424.1	8010001	8040000	0.0015329194450831	13047	20	13047	0
PflaHELAf	OZ251424.1	8010001	8040000	0.0033724227791829	13047	44	13047	0
PflaHELEm	OZ251424.1	8010001	8040000	0.0016126555060666	13022	21	13022	25
PflaKGBHm	OZ251424.1	8010001	8040000	0.001456273472829	13047	19	13047	0
PflaKGBDf	OZ251424.1	8040001	8070000	0.0013712047012732	5105	7	5105	334
PflaHELEm	OZ251424.1	8040001	8070000	0.0020224305938591	5439	11	5439	0
PflaKGBHm	OZ251424.1	8040001	8070000	0.0019538882375928	5118	10	5118	321
PflaHELAf	OZ251424.1	8040001	8070000	0.0036771465342893	5439	20	5439	0
PflaKGBHm	OZ251424.1	8070001	8100000	NA	0	NA	NA	NA
PflaKGBDf	OZ251424.1	8070001	8100000	NA	0	NA	NA	NA
PflaHELEm	OZ251424.1	8070001	8100000	NA	0	NA	NA	NA
PflaHELAf	OZ251424.1	8070001	8100000	NA	0	NA	NA	NA
PflaKGBHm	OZ251424.1	8100001	8130000	NA	0	NA	NA	NA
PflaKGBDf	OZ251424.1	8100001	8130000	NA	0	NA	NA	NA
PflaHELAf	OZ251424.1	8100001	8130000	NA	0	NA	NA	NA
PflaHELEm	OZ251424.1	8100001	8130000	NA	0	NA	NA	NA
PflaHELAf	OZ251424.1	8130001	8160000	0.0089670014347202	8364	75	8364	0
PflaHELEm	OZ251424.1	8130001	8160000	0.0086083213773314	8364	72	8364	0
PflaKGBHm	OZ251424.1	8130001	8160000	0.0069344811095169	8364	58	8364	0
PflaKGBDf	OZ251424.1	8130001	8160000	0.0066953610712577	8364	56	8364	0
PflaHELAf	OZ251424.1	8160001	8190000	0.0027716994894237	13710	38	13710	0
PflaKGBDf	OZ251424.1	8160001	8190000	0.0004376367614879	13710	6	13710	0
PflaHELEm	OZ251424.1	8160001	8190000	0.0040846097738876	13710	56	13710	0
PflaKGBHm	OZ251424.1	8160001	8190000	0.0003649635036496	13700	5	13700	10
PflaKGBDf	OZ251424.1	8190001	8220000	0.0003949759064697	12659	5	12659	0
PflaKGBHm	OZ251424.1	8190001	8220000	0.0003159807251757	12659	4	12659	0
PflaHELEm	OZ251424.1	8190001	8220000	0.0045030810554589	12658	57	12658	1
PflaHELAf	OZ251424.1	8190001	8220000	0.0028438265265818	12659	36	12659	0
PflaHELAf	OZ251424.1	8220001	8250000	0.002004555808656	10975	22	10975	0
PflaKGBDf	OZ251424.1	8220001	8250000	0.0002733485193621	10975	3	10975	0
PflaHELEm	OZ251424.1	8220001	8250000	0.0052847380410022	10975	58	10975	0
PflaKGBHm	OZ251424.1	8220001	8250000	0.0009111617312072	10975	10	10975	0
PflaHELAf	OZ251424.1	8250001	8280000	0.0028180687940323	12065	34	12065	3
PflaKGBDf	OZ251424.1	8250001	8280000	0.00074577394763	12068	9	12068	0
PflaHELEm	OZ251424.1	8250001	8280000	0.0050546900894928	12068	61	12068	0
PflaKGBHm	OZ251424.1	8250001	8280000	0.0033988228467213	12063	41	12063	5
PflaKGBHm	OZ251424.1	8280001	8310000	0.0027115741401455	14014	38	14014	0
PflaHELAf	OZ251424.1	8280001	8310000	0.0039960039960039	14014	56	14014	0
PflaKGBDf	OZ251424.1	8280001	8310000	7.135721421435707e-05	14014	1	14014	0
PflaHELEm	OZ251424.1	8280001	8310000	0.0057799343513629	14014	81	14014	0
PflaKGBDf	OZ251424.1	8310001	8340000	0.0003492107836289	14318	5	14318	0
PflaKGBHm	OZ251424.1	8310001	8340000	0.0004888950970805	14318	7	14318	0
PflaHELEm	OZ251424.1	8310001	8340000	0.0055426927664351	14253	79	14253	65
PflaHELAf	OZ251424.1	8310001	8340000	0.0049587931275317	14318	71	14318	0
PflaKGBHm	OZ251424.1	8340001	8370000	0.002205150092474	14058	31	14058	14
PflaHELEm	OZ251424.1	8340001	8370000	0.0056850483229107	14072	80	14072	0
PflaKGBDf	OZ251424.1	8340001	8370000	0.0013503909026297	14070	19	14070	2
PflaHELAf	OZ251424.1	8340001	8370000	0.0029135872654917	14072	41	14072	0
PflaKGBHm	OZ251424.1	8370001	8400000	0.0009928637914986	16115	16	16115	0
PflaHELEm	OZ251424.1	8370001	8400000	0.0052125349053676	16115	84	16115	0
PflaKGBDf	OZ251424.1	8370001	8400000	0.0009928637914986	16115	16	16115	0
PflaHELAf	OZ251424.1	8370001	8400000	0.0004964318957493	16115	8	16115	0
PflaHELEm	OZ251424.1	8400001	8430000	0.0072972524738791	18089	132	18089	0
PflaKGBHm	OZ251424.1	8400001	8430000	0.0003869755099784	18089	7	18089	0
PflaHELAf	OZ251424.1	8400001	8430000	0.0016069152767773	18047	29	18047	42
PflaKGBDf	OZ251424.1	8400001	8430000	0.0010503620985129	18089	19	18089	0
PflaKGBHm	OZ251424.1	8430001	8460000	0.0001099807533681	18185	2	18185	0
PflaHELAf	OZ251424.1	8430001	8460000	0.0020349796502034	18182	37	18182	3
PflaKGBDf	OZ251424.1	8430001	8460000	0.0001099807533681	18185	2	18185	0
PflaHELEm	OZ251424.1	8430001	8460000	0.0032444322243607	18185	59	18185	0
PflaHELAf	OZ251424.1	8460001	8490000	0.0049421163089838	14771	73	14771	3
PflaKGBDf	OZ251424.1	8460001	8490000	0.0011512155481817	14767	17	14767	7
PflaHELEm	OZ251424.1	8460001	8490000	0.0061594693380262	14774	91	14774	0
PflaKGBHm	OZ251424.1	8460001	8490000	0.0011506700961147	14774	17	14774	0
PflaHELAf	OZ251424.1	8490001	8520000	0.0029796681467632	17116	51	17116	0
PflaKGBDf	OZ251424.1	8490001	8520000	0.0003505491937368	17116	6	17116	0
PflaHELEm	OZ251424.1	8490001	8520000	0.0051413881748071	17116	88	17116	0
PflaKGBHm	OZ251424.1	8490001	8520000	0.0035808629292632	17035	61	17035	81
PflaHELAf	OZ251424.1	8520001	8550000	0.0037949703992308	19763	75	19763	0
PflaHELEm	OZ251424.1	8520001	8550000	0.0057180447323145	19762	113	19762	1
PflaKGBHm	OZ251424.1	8520001	8550000	0.0021765539582911	19756	43	19756	7
PflaKGBDf	OZ251424.1	8520001	8550000	0.0002529980266153	19763	5	19763	0
PflaHELAf	OZ251424.1	8550001	8580000	0.0008057584873227	18616	15	18616	24
PflaKGBDf	OZ251424.1	8550001	8580000	0.0001610133104336	18632	3	18632	8
PflaHELEm	OZ251424.1	8550001	8580000	0.0036480686695278	18640	68	18640	0
PflaKGBHm	OZ251424.1	8550001	8580000	0.0033261802575107	18640	62	18640	0
PflaHELAf	OZ251424.1	8580001	8610000	5.759705103098721e-05	17362	1	17362	0
PflaKGBDf	OZ251424.1	8580001	8610000	0.0002879852551549	17362	5	17362	0
PflaHELEm	OZ251424.1	8580001	8610000	0.0018431056329915	17362	32	17362	0
PflaKGBHm	OZ251424.1	8580001	8610000	0.0023614790922704	17362	41	17362	0
PflaKGBHm	OZ251424.1	8610001	8640000	0.002892402622445	15558	45	15558	2
PflaHELAf	OZ251424.1	8610001	8640000	0.0005169962517771	15474	8	15474	86
PflaKGBDf	OZ251424.1	8610001	8640000	0.0002570694087403	15560	4	15560	0
PflaHELEm	OZ251424.1	8610001	8640000	0.0044987146529562	15560	70	15560	0
PflaHELAf	OZ251424.1	8640001	8670000	0.003123605533244	8964	28	8964	0
PflaKGBDf	OZ251424.1	8640001	8670000	0.0	8964	0	8964	0
PflaHELEm	OZ251424.1	8640001	8670000	0.002565818830879	8964	23	8964	0
PflaKGBHm	OZ251424.1	8640001	8670000	0.000111557340473	8964	1	8964	0
PflaKGBHm	OZ251424.1	8670001	8700000	0.0043813696542527	10499	46	10499	0
PflaHELAf	OZ251424.1	8670001	8700000	0.0040971891376846	10495	43	10495	4
PflaKGBDf	OZ251424.1	8670001	8700000	0.0007619773311743	10499	8	10499	0
PflaHELEm	OZ251424.1	8670001	8700000	0.0044770432463326	10498	47	10498	1
PflaKGBHm	OZ251424.1	8700001	8730000	0.000825900231252	12108	10	12108	2
PflaHELEm	OZ251424.1	8700001	8730000	0.0016515276630883	12110	20	12110	0
PflaKGBDf	OZ251424.1	8700001	8730000	0.0002477291494632	12110	3	12110	0
PflaHELAf	OZ251424.1	8700001	8730000	0.0026424442609413	12110	32	12110	0
PflaHELAf	OZ251424.1	8730001	8760000	0.0034845496383957	15210	53	15210	0
PflaKGBHm	OZ251424.1	8730001	8760000	0.0003952048478461	15182	6	15182	28
PflaHELEm	OZ251424.1	8730001	8760000	0.0019723865877712	15210	30	15210	0
PflaKGBDf	OZ251424.1	8730001	8760000	0.0001972386587771	15210	3	15210	0
PflaHELAf	OZ251424.1	8760001	8790000	0.0044238576038305	19214	85	19214	0
PflaKGBHm	OZ251424.1	8760001	8790000	0.0004684084521702	19214	9	19214	0
PflaHELEm	OZ251424.1	8760001	8790000	0.0033309045487665	19214	64	19214	0
PflaKGBDf	OZ251424.1	8760001	8790000	0.0004163630685958	19214	8	19214	0
PflaKGBDf	OZ251424.1	8790001	8820000	0.0020336476243298	10818	22	10818	0
PflaHELAf	OZ251424.1	8790001	8820000	0.0042521723054168	10818	46	10818	0
PflaHELEm	OZ251424.1	8790001	8820000	0.0036051026067665	10818	39	10818	0
PflaKGBHm	OZ251424.1	8790001	8820000	0.0024034017378443	10818	26	10818	0
PflaHELAf	OZ251424.1	8820001	8850000	0.0032146539697943	16487	53	16487	0
PflaHELEm	OZ251424.1	8820001	8850000	0.0057621156062352	16487	95	16487	0
PflaKGBHm	OZ251424.1	8820001	8850000	0.0041247118767439	16486	68	16486	1
PflaKGBDf	OZ251424.1	8820001	8850000	0.0048523078789349	16487	80	16487	0
PflaHELAf	OZ251424.1	8850001	8880000	0.0010239781551326	11719	12	11719	0
PflaKGBDf	OZ251424.1	8850001	8880000	0.0031572659783257	11719	37	11719	0
PflaHELEm	OZ251424.1	8850001	8880000	0.0033279290041812	11719	39	11719	0
PflaKGBHm	OZ251424.1	8850001	8880000	0.0040959126205307	11719	48	11719	0
PflaKGBHm	OZ251424.1	8880001	8910000	0.003681506849315	11680	43	11680	0
PflaHELEm	OZ251424.1	8880001	8910000	0.0038527397260273	11680	45	11680	0
PflaHELAf	OZ251424.1	8880001	8910000	0.0037671232876712	11680	44	11680	0
PflaKGBDf	OZ251424.1	8880001	8910000	0.0033390410958904	11680	39	11680	0
PflaHELEm	OZ251424.1	8910001	8940000	0.0033630401883302	17841	60	17841	0
PflaKGBHm	OZ251424.1	8910001	8940000	0.0030831324625819	17839	55	17839	2
PflaKGBDf	OZ251424.1	8910001	8940000	0.0025222801412476	17841	45	17841	0
PflaHELAf	OZ251424.1	8910001	8940000	0.0029146348298862	17841	52	17841	0
PflaKGBDf	OZ251424.1	8940001	8970000	0.0043147579347667	13674	59	13674	0
PflaHELAf	OZ251424.1	8940001	8970000	0.0032909170688898	13674	45	13674	0
PflaKGBHm	OZ251424.1	8940001	8970000	0.0040956629854457	13673	56	13673	1
PflaHELEm	OZ251424.1	8940001	8970000	0.0050464418927813	13673	69	13673	1
PflaKGBHm	OZ251424.1	8970001	9000000	0.0039285012767629	20364	80	20364	0
PflaHELEm	OZ251424.1	8970001	9000000	0.0063838145747397	20364	130	20364	0
PflaKGBDf	OZ251424.1	8970001	9000000	0.0044195639363582	20364	90	20364	0
PflaHELAf	OZ251424.1	8970001	9000000	0.0039285012767629	20364	80	20364	0
PflaHELEm	OZ251424.1	9000001	9030000	0.0041490857946554	14220	59	14220	0
PflaHELAf	OZ251424.1	9000001	9030000	0.0050632911392405	14220	72	14220	0
PflaKGBHm	OZ251424.1	9000001	9030000	0.0036568213783403	14220	52	14220	0
PflaKGBDf	OZ251424.1	9000001	9030000	0.0027426160337552	14220	39	14220	0
PflaKGBHm	OZ251424.1	9030001	9060000	0.0045771578029642	13764	63	13764	0
PflaHELAf	OZ251424.1	9030001	9060000	0.0021070987430066	13763	29	13763	1
PflaKGBDf	OZ251424.1	9030001	9060000	0.004940424295263	13764	68	13764	0
PflaHELEm	OZ251424.1	9030001	9060000	0.0032693984306887	13764	45	13764	0
PflaKGBHm	OZ251424.1	9060001	9090000	0.0040497268788849	10618	43	10618	0
PflaHELEm	OZ251424.1	9060001	9090000	0.0045206253531738	10618	48	10618	0
PflaKGBDf	OZ251424.1	9060001	9090000	0.0039555471840271	10618	42	10618	0
PflaHELAf	OZ251424.1	9060001	9090000	0.0063100395554718	10618	67	10618	0
PflaKGBHm	OZ251424.1	9090001	9120000	0.0049662668665667	21344	106	21344	7
PflaHELEm	OZ251424.1	9090001	9120000	0.0051534317170297	21345	110	21345	6
PflaKGBDf	OZ251424.1	9090001	9120000	0.0035128805620608	21350	75	21350	1
PflaHELAf	OZ251424.1	9090001	9120000	0.0022013020467425	21351	47	21351	0
PflaKGBDf	OZ251424.1	9120001	9150000	0.0001506402209389	19915	3	19915	0
PflaKGBHm	OZ251424.1	9120001	9150000	0.0016570424303288	19915	33	19915	0
PflaHELEm	OZ251424.1	9120001	9150000	0.0052724077328646	19915	105	19915	0
PflaHELAf	OZ251424.1	9120001	9150000	0.0009038413256339	19915	18	19915	0
PflaHELAf	OZ251424.1	9150001	9180000	0.0004156275976724	12030	5	12030	0
PflaKGBDf	OZ251424.1	9150001	9180000	0.0017648541894276	11899	21	11899	131
PflaHELEm	OZ251424.1	9150001	9180000	0.0059019118869492	12030	71	12030	0
PflaKGBHm	OZ251424.1	9150001	9180000	0.0007481296758104	12030	9	12030	0
PflaKGBHm	OZ251424.1	9180001	9210000	0.0014971927635683	8015	12	8015	0
PflaHELEm	OZ251424.1	9180001	9210000	0.0056151734464686	8014	45	8014	1
PflaHELAf	OZ251424.1	9180001	9210000	0.0004990642545227	8015	4	8015	0
PflaKGBDf	OZ251424.1	9180001	9210000	0.000374298190892	8015	3	8015	0
PflaKGBDf	OZ251424.1	9210001	9240000	0.0002863415099742	10477	3	10477	0
PflaHELEm	OZ251424.1	9210001	9240000	0.0056319205803741	10476	59	10476	1
PflaKGBHm	OZ251424.1	9210001	9240000	0.0033406509496993	10477	35	10477	0
PflaHELAf	OZ251424.1	9210001	9240000	0.0026735414876348	10473	28	10473	4
PflaHELAf	OZ251424.1	9240001	9270000	0.0057699705090396	7799	45	7799	0
PflaKGBDf	OZ251424.1	9240001	9270000	0.0008975509680728	7799	7	7799	0
PflaHELEm	OZ251424.1	9240001	9270000	0.0053853058084369	7799	42	7799	0
PflaKGBHm	OZ251424.1	9240001	9270000	0.0052570842415694	7799	41	7799	0
PflaKGBDf	OZ251424.1	9270001	9300000	0.0008944543828264	10062	9	10062	17
PflaHELAf	OZ251424.1	9270001	9300000	0.0053576743724575	10079	54	10079	0
PflaKGBHm	OZ251424.1	9270001	9300000	0.0055572094869504	10077	56	10077	2
PflaHELEm	OZ251424.1	9270001	9300000	0.0050600257962099	10079	51	10079	0
PflaKGBDf	OZ251424.1	9300001	9330000	0.0006582195162086	12154	8	12154	0
PflaHELEm	OZ251424.1	9300001	9330000	0.0038670396577258	12154	47	12154	0
PflaKGBHm	OZ251424.1	9300001	9330000	0.0031265427019911	12154	38	12154	0
PflaHELAf	OZ251424.1	9300001	9330000	0.0035379298996215	12154	43	12154	0
PflaHELAf	OZ251424.1	9330001	9360000	0.0045134638922888	13072	59	13072	0
PflaKGBDf	OZ251424.1	9330001	9360000	0.0001529987760097	13072	2	13072	0
PflaHELEm	OZ251424.1	9330001	9360000	0.0057374541003671	13072	75	13072	0
PflaKGBHm	OZ251424.1	9330001	9360000	0.0046664626682986	13072	61	13072	0
PflaKGBHm	OZ251424.1	9360001	9390000	0.0022419791264012	12935	29	12935	0
PflaHELEm	OZ251424.1	9360001	9390000	0.0023965983764978	12935	31	12935	0
PflaHELAf	OZ251424.1	9360001	9390000	0.0015461925009663	12935	20	12935	0
PflaKGBDf	OZ251424.1	9360001	9390000	0.0013142636258214	12935	17	12935	0
PflaHELEm	OZ251424.1	9390001	9420000	0.0023935971276834	13369	32	13369	0
PflaKGBDf	OZ251424.1	9390001	9420000	0.0016481869943062	13348	22	13348	21
PflaHELAf	OZ251424.1	9390001	9420000	0.0036709619418639	13348	49	13348	21
PflaKGBHm	OZ251424.1	9390001	9420000	0.004188794973446	13369	56	13369	0
PflaHELEm	OZ251424.1	9420001	9450000	0.0022206360536124	12609	28	12609	0
PflaKGBHm	OZ251424.1	9420001	9450000	0.0028551034975017	12609	36	12609	0
PflaKGBDf	OZ251424.1	9420001	9450000	0.0004827419744146	12429	6	12429	180
PflaHELAf	OZ251424.1	9420001	9450000	0.0023792529145848	12609	30	12609	0
PflaKGBHm	OZ251424.1	9450001	9480000	0.0051682843816967	7933	41	7933	0
PflaHELEm	OZ251424.1	9450001	9480000	0.0060506743980839	7933	48	7933	0
PflaKGBDf	OZ251424.1	9450001	9480000	0.0003781671498802	7933	3	7933	0
PflaHELAf	OZ251424.1	9450001	9480000	0.0041598386486827	7933	33	7933	0
PflaKGBHm	OZ251424.1	9480001	9510000	0.0035080685576826	9977	35	9977	0
PflaHELAf	OZ251424.1	9480001	9510000	0.0035080685576826	9977	35	9977	0
PflaKGBDf	OZ251424.1	9480001	9510000	0.000601383181317	9977	6	9977	0
PflaHELEm	OZ251424.1	9480001	9510000	0.0042096822692192	9977	42	9977	0
PflaKGBHm	OZ251424.1	9510001	9540000	0.0022020611292169	11353	25	11353	0
PflaHELEm	OZ251424.1	9510001	9540000	0.0035232978067471	11353	40	11353	0
PflaKGBDf	OZ251424.1	9510001	9540000	0.0008808244516867	11353	10	11353	0
PflaHELAf	OZ251424.1	9510001	9540000	0.0033471329164097	11353	38	11353	0
PflaHELAf	OZ251424.1	9540001	9570000	0.0030936765251825	8081	25	8081	0
PflaKGBDf	OZ251424.1	9540001	9570000	0.0009899764880584	8081	8	8081	0
PflaHELEm	OZ251424.1	9540001	9570000	0.0047023883182774	8081	38	8081	0
PflaKGBHm	OZ251424.1	9540001	9570000	0.0028504151691659	8069	23	8069	12
PflaHELEm	OZ251424.1	9570001	9600000	0.0116159890673044	2927	34	2927	0
PflaKGBHm	OZ251424.1	9570001	9600000	0.0061559507523939	2924	18	2924	3
PflaKGBDf	OZ251424.1	9570001	9600000	0.0092244619063887	2927	27	2927	0
PflaHELAf	OZ251424.1	9570001	9600000	0.0081995216945678	2927	24	2927	0
PflaHELAf	OZ251424.1	9600001	9630000	0.0048737261852015	9028	44	9028	2
PflaKGBDf	OZ251424.1	9600001	9630000	0.0057585825027685	9030	52	9030	0
PflaKGBHm	OZ251424.1	9600001	9630000	0.0042081949058693	9030	38	9030	0
PflaHELEm	OZ251424.1	9600001	9630000	0.0046511627906976	9030	42	9030	0
PflaKGBHm	OZ251424.1	9630001	9660000	0.001025851456709	14622	15	14622	0
PflaHELAf	OZ251424.1	9630001	9660000	0.0023252633018738	14622	34	14622	0
PflaKGBDf	OZ251424.1	9630001	9660000	0.0031459444672411	14622	46	14622	0
PflaHELEm	OZ251424.1	9630001	9660000	0.0047879616963064	14620	70	14620	2
PflaKGBHm	OZ251424.1	9660001	9690000	0.0004515692029803	13287	6	13287	0
PflaHELEm	OZ251424.1	9660001	9690000	0.003547437542456	13249	47	13249	38
PflaKGBDf	OZ251424.1	9660001	9690000	0.0024836306163919	13287	33	13287	0
PflaHELAf	OZ251424.1	9660001	9690000	0.0001505230676601	13287	2	13287	0
PflaKGBDf	OZ251424.1	9690001	9720000	0.0015571473061351	9633	15	9633	1
PflaHELEm	OZ251424.1	9690001	9720000	0.0065393398380734	9634	63	9634	0
PflaHELAf	OZ251424.1	9690001	9720000	0.0010403662089055	9612	10	9612	22
PflaKGBHm	OZ251424.1	9690001	9720000	0.0010485477613505	9537	10	9537	97
PflaKGBDf	OZ251424.1	9720001	9750000	0.0006256703611011	11188	7	11188	0
PflaKGBHm	OZ251424.1	9720001	9750000	0.0012515644555694	11186	14	11186	2
PflaHELEm	OZ251424.1	9720001	9750000	0.0041115480872363	11188	46	11188	0
PflaHELAf	OZ251424.1	9720001	9750000	0.0032177332856632	11188	36	11188	0
PflaKGBHm	OZ251424.1	9750001	9780000	0.002331455216631	10294	24	10294	33
PflaHELEm	OZ251424.1	9750001	9780000	0.0043575094412704	10327	45	10327	0
PflaHELAf	OZ251424.1	9750001	9780000	0.0044543429844097	10327	46	10327	0
PflaKGBDf	OZ251424.1	9750001	9780000	0.0011620025176721	10327	12	10327	0
PflaKGBHm	OZ251424.1	9780001	9810000	0.0010904276033959	12839	14	12839	0
PflaHELEm	OZ251424.1	9780001	9810000	0.0045174857854973	12839	58	12839	0
PflaKGBDf	OZ251424.1	9780001	9810000	0.0021029675208349	12839	27	12839	0
PflaHELAf	OZ251424.1	9780001	9810000	0.0028039566944466	12839	36	12839	0
PflaHELEm	OZ251424.1	9810001	9840000	0.0050461538461538	16250	82	16250	0
PflaHELAf	OZ251424.1	9810001	9840000	0.0043076923076923	16250	70	16250	0
PflaKGBHm	OZ251424.1	9810001	9840000	0.0009846153846153	16250	16	16250	0
PflaKGBDf	OZ251424.1	9810001	9840000	0.0032615384615384	16250	53	16250	0
PflaHELAf	OZ251424.1	9840001	9870000	0.0021998166819431	10910	24	10910	0
PflaKGBDf	OZ251424.1	9840001	9870000	0.0028414298808432	10910	31	10910	0
PflaKGBHm	OZ251424.1	9840001	9870000	0.0	10890	0	10890	20
PflaHELEm	OZ251424.1	9840001	9870000	0.0032997250229147	10910	36	10910	0
PflaHELAf	OZ251424.1	9870001	9900000	0.0032352327280317	9582	31	9582	11
PflaHELEm	OZ251424.1	9870001	9900000	0.0066715313249244	9593	64	9593	0
PflaKGBHm	OZ251424.1	9870001	9900000	0.0006254560617116	9593	6	9593	0
PflaKGBDf	OZ251424.1	9870001	9900000	0.0039612217241738	9593	38	9593	0
PflaKGBDf	OZ251424.1	9900001	9930000	0.00467648495847	14327	67	14327	0
PflaKGBHm	OZ251424.1	9900001	9930000	0.0002791931318489	14327	4	14327	0
PflaHELEm	OZ251424.1	9900001	9930000	0.0026540019555803	14318	38	14318	9
PflaHELAf	OZ251424.1	9900001	9930000	0.002597949726162	14242	37	14242	85
PflaHELAf	OZ251424.1	9930001	9960000	0.0006773690984217	14763	10	14763	80
PflaKGBDf	OZ251424.1	9930001	9960000	0.00417705315637	14843	62	14843	0
PflaHELEm	OZ251424.1	9930001	9960000	0.0010126240464456	14813	15	14813	30
PflaKGBHm	OZ251424.1	9930001	9960000	0.0007441482884589	14782	11	14782	61
PflaHELAf	OZ251424.1	9960001	9990000	0.0024615384615384	13000	32	13000	13
PflaHELEm	OZ251424.1	9960001	9990000	0.0016142670458913	13009	21	13009	4
PflaKGBHm	OZ251424.1	9960001	9990000	7.684623069238454e-05	13013	1	13013	0
PflaKGBDf	OZ251424.1	9960001	9990000	0.0020748482286943	13013	27	13013	0
PflaHELAf	OZ251424.1	9990001	10020000	0.0041455550437586	15197	63	15197	0
PflaKGBHm	OZ251424.1	9990001	10020000	0.0003301419610432	15145	5	15145	52
PflaHELEm	OZ251424.1	9990001	10020000	0.0028953082845298	15197	44	15197	0
PflaKGBDf	OZ251424.1	9990001	10020000	0.0039481476607225	15197	60	15197	0
PflaKGBHm	OZ251424.1	10020001	10050000	5.7636887608069166e-05	17350	1	17350	0
PflaHELEm	OZ251424.1	10020001	10050000	0.0012103746397694	17350	21	17350	0
PflaKGBDf	OZ251424.1	10020001	10050000	0.0040345821325648	17350	70	17350	0
PflaHELAf	OZ251424.1	10020001	10050000	0.0021325648414985	17350	37	17350	0
PflaKGBDf	OZ251424.1	10050001	10080000	0.0014983863531581	17352	26	17352	18
PflaHELEm	OZ251424.1	10050001	10080000	0.0021301093839953	17370	37	17370	0
PflaHELAf	OZ251424.1	10050001	10080000	0.002705814622913	17370	47	17370	0
PflaKGBHm	OZ251424.1	10050001	10080000	0.0012665515256188	17370	22	17370	0
PflaHELAf	OZ251424.1	10080001	10110000	0.0026399803536345	16288	43	16288	0
PflaKGBDf	OZ251424.1	10080001	10110000	0.0017804518664047	16288	29	16288	0
PflaHELEm	OZ251424.1	10080001	10110000	0.0039292730844793	16288	64	16288	0
PflaKGBHm	OZ251424.1	10080001	10110000	6.139489194499017e-05	16288	1	16288	0
PflaKGBDf	OZ251424.1	10110001	10140000	0.0041020966271649	15358	63	15358	0
PflaKGBHm	OZ251424.1	10110001	10140000	0.0005866249511145	15342	9	15342	16
PflaHELEm	OZ251424.1	10110001	10140000	0.0054043495246776	15358	83	15358	0
PflaHELAf	OZ251424.1	10110001	10140000	0.0052741242349264	15358	81	15358	0
PflaHELEm	OZ251424.1	10140001	10170000	0.0057456254896839	3829	22	3829	0
PflaKGBDf	OZ251424.1	10140001	10170000	0.0060067902846696	3829	23	3829	0
PflaHELAf	OZ251424.1	10140001	10170000	0.0065291198746408	3829	25	3829	0
PflaKGBHm	OZ251424.1	10140001	10170000	0.0023904382470119	3765	9	3765	64
PflaHELAf	OZ251424.1	10170001	10200000	0.0052338894340857	6114	32	6114	0
PflaKGBDf	OZ251424.1	10170001	10200000	0.0037618580307491	6114	23	6114	0
PflaHELEm	OZ251424.1	10170001	10200000	0.0085050703303892	6114	52	6114	0
PflaKGBHm	OZ251424.1	10170001	10200000	0.0014965081476554	6014	9	6014	100
PflaHELAf	OZ251424.1	10200001	10230000	0.0044693955415054	18347	82	18347	0
PflaHELEm	OZ251424.1	10200001	10230000	0.0037063280100288	18347	68	18347	0
PflaKGBDf	OZ251424.1	10200001	10230000	0.0050144437782743	18347	92	18347	0
PflaKGBHm	OZ251424.1	10200001	10230000	0.0002180192947075	18347	4	18347	0
PflaHELAf	OZ251424.1	10230001	10260000	0.0054893053189475	15849	87	15849	1
PflaKGBHm	OZ251424.1	10230001	10260000	0.0002523659305993	15850	4	15850	0
PflaHELEm	OZ251424.1	10230001	10260000	0.0080762193198309	15849	128	15849	1
PflaKGBDf	OZ251424.1	10230001	10260000	0.0066246056782334	15850	105	15850	0
PflaHELEm	OZ251424.1	10260001	10290000	0.0060666619085004	14011	85	14011	2
PflaKGBDf	OZ251424.1	10260001	10290000	0.0034967530150574	14013	49	14013	0
PflaHELAf	OZ251424.1	10260001	10290000	0.004709912224363	14013	66	14013	0
PflaKGBHm	OZ251424.1	10260001	10290000	0.001926782273603	14013	27	14013	0
PflaHELEm	OZ251424.1	10290001	10320000	0.0081555377557707	13733	112	13733	0
PflaKGBHm	OZ251424.1	10290001	10320000	0.0052428457001383	13733	72	13733	0
PflaHELAf	OZ251424.1	10290001	10320000	0.006116653316828	13733	84	13733	0
PflaKGBDf	OZ251424.1	10290001	10320000	0.003422413165368	13733	47	13733	0
PflaKGBDf	OZ251424.1	10320001	10350000	0.0052070864256643	16708	87	16708	0
PflaKGBHm	OZ251424.1	10320001	10350000	0.0040100550634426	16708	67	16708	0
PflaHELEm	OZ251424.1	10320001	10350000	0.0055063442662197	16708	92	16708	0
PflaHELAf	OZ251424.1	10320001	10350000	0.0058654536748862	16708	98	16708	0
PflaKGBHm	OZ251424.1	10350001	10380000	0.0004741134079271	10546	5	10546	0
PflaHELEm	OZ251424.1	10350001	10380000	0.0012326948606106	10546	13	10546	0
PflaKGBDf	OZ251424.1	10350001	10380000	0.0004741134079271	10546	5	10546	0
PflaHELAf	OZ251424.1	10350001	10380000	0.0023705670396358	10546	25	10546	0
PflaHELEm	OZ251424.1	10380001	10410000	0.0031013342949873	13865	43	13865	0
PflaKGBDf	OZ251424.1	10380001	10410000	0.0020915975477821	13865	29	13865	0
PflaHELAf	OZ251424.1	10380001	10410000	7.21240533717995e-05	13865	1	13865	0
PflaKGBHm	OZ251424.1	10380001	10410000	0.0027407140281283	13865	38	13865	0
PflaKGBHm	OZ251424.1	10410001	10440000	0.0002024701356549	14817	3	14817	0
PflaHELEm	OZ251424.1	10410001	10440000	0.0024296416278598	14817	36	14817	0
PflaKGBDf	OZ251424.1	10410001	10440000	0.0041843828035364	14817	62	14817	0
PflaHELAf	OZ251424.1	10410001	10440000	0.0037794425322264	14817	56	14817	0
PflaKGBHm	OZ251424.1	10440001	10470000	0.0004906771344455	12228	6	12228	0
PflaHELEm	OZ251424.1	10440001	10470000	0.0060516846581615	12228	74	12228	0
PflaKGBDf	OZ251424.1	10440001	10470000	0.0063788027477919	12228	78	12228	0
PflaHELAf	OZ251424.1	10440001	10470000	0.006951259404645	12228	85	12228	0
PflaHELAf	OZ251424.1	10470001	10500000	0.0060691241295598	15653	95	15653	0
PflaHELEm	OZ251424.1	10470001	10500000	0.0039609020635022	15653	62	15653	0
PflaKGBDf	OZ251424.1	10470001	10500000	0.0042803296492685	15653	67	15653	0
PflaKGBHm	OZ251424.1	10470001	10500000	0.0021721075832108	15653	34	15653	0
PflaHELAf	OZ251424.1	10500001	10530000	0.0049828421003149	21273	106	21273	0
PflaKGBHm	OZ251424.1	10500001	10530000	0.0027264607718704	21273	58	21273	0
PflaHELEm	OZ251424.1	10500001	10530000	0.0078503267052131	21273	167	21273	0
PflaKGBDf	OZ251424.1	10500001	10530000	0.0053118977107131	21273	113	21273	0
PflaHELAf	OZ251424.1	10530001	10560000	0.0046644350546013	18223	85	18223	12
PflaKGBHm	OZ251424.1	10530001	10560000	0.0064710721140663	18235	118	18235	0
PflaKGBDf	OZ251424.1	10530001	10560000	0.001261310666301	18235	23	18235	0
PflaHELEm	OZ251424.1	10530001	10560000	0.0144228132711817	18235	263	18235	0
PflaHELAf	OZ251424.1	10560001	10590000	0.0088134780262605	16679	147	16679	0
PflaKGBHm	OZ251424.1	10560001	10590000	0.0062361335971697	16677	104	16677	2
PflaHELEm	OZ251424.1	10560001	10590000	0.0110331594411464	16677	184	16677	2
PflaKGBDf	OZ251424.1	10560001	10590000	0.0023386903334132	16676	39	16676	3
PflaKGBHm	OZ251424.1	10590001	10620000	0.0060292850990525	12771	77	12771	0
PflaKGBDf	OZ251424.1	10590001	10620000	0.0054811682718659	12771	70	12771	0
PflaHELEm	OZ251424.1	10590001	10620000	0.0114321509670346	12771	146	12771	0
PflaHELAf	OZ251424.1	10590001	10620000	0.0069689139456581	12771	89	12771	0
PflaKGBDf	OZ251424.1	10620001	10650000	0.0066889632107023	13156	88	13156	0
PflaKGBHm	OZ251424.1	10620001	10650000	0.0085132259045302	13156	112	13156	0
PflaHELEm	OZ251424.1	10620001	10650000	0.0076771055031924	13156	101	13156	0
PflaHELAf	OZ251424.1	10620001	10650000	0.0025167785234899	13112	33	13112	44
PflaKGBHm	OZ251424.1	10650001	10680000	0.0019749835418038	16709	33	16709	21
PflaHELEm	OZ251424.1	10650001	10680000	0.0089061566049013	16730	149	16730	0
PflaHELAf	OZ251424.1	10650001	10680000	0.0051410808225729	16728	86	16728	2
PflaKGBDf	OZ251424.1	10650001	10680000	0.0059175134488942	16730	99	16730	0
PflaKGBDf	OZ251424.1	10680001	10710000	0.0060263419483101	16096	97	16096	0
PflaKGBHm	OZ251424.1	10680001	10710000	0.0006212723658051	16096	10	16096	0
PflaHELEm	OZ251424.1	10680001	10710000	0.0088226157191674	16095	142	16095	1
PflaHELAf	OZ251424.1	10680001	10710000	0.003727634194831	16096	60	16096	0
PflaHELAf	OZ251424.1	10710001	10740000	0.00738426583357	10563	78	10563	155
PflaKGBDf	OZ251424.1	10710001	10740000	0.0020526217577906	10718	22	10718	0
PflaHELEm	OZ251424.1	10710001	10740000	0.0092367979100578	10718	99	10718	0
PflaKGBHm	OZ251424.1	10710001	10740000	0.0060793116348671	10692	65	10692	26
PflaHELAf	OZ251424.1	10740001	10770000	0.0056441156280985	13111	74	13111	2
PflaKGBDf	OZ251424.1	10740001	10770000	0.0016797739940444	13097	22	13097	16
PflaHELEm	OZ251424.1	10740001	10770000	0.0069396781819568	13113	91	13113	0
PflaKGBHm	OZ251424.1	10740001	10770000	0.0032819416882918	13102	43	13102	11
PflaHELEm	OZ251424.1	10770001	10800000	0.007540571553467	18301	138	18301	0
PflaKGBHm	OZ251424.1	10770001	10800000	0.0049876678542066	18245	91	18245	56
PflaHELAf	OZ251424.1	10770001	10800000	0.0075599868521967	18254	138	18254	47
PflaKGBDf	OZ251424.1	10770001	10800000	0.0012054134020053	18251	22	18251	50
PflaKGBHm	OZ251424.1	10800001	10830000	0.0025149640360142	19881	50	19881	0
PflaHELAf	OZ251424.1	10800001	10830000	0.0086514762838891	19881	172	19881	0
PflaKGBDf	OZ251424.1	10800001	10830000	0.0050304341264651	19879	100	19879	2
PflaHELEm	OZ251424.1	10800001	10830000	0.0081987827574065	19881	163	19881	0
PflaKGBHm	OZ251424.1	10830001	10860000	0.0022878162569531	22292	51	22292	27
PflaHELEm	OZ251424.1	10830001	10860000	0.0103051211971862	22319	230	22319	0
PflaKGBDf	OZ251424.1	10830001	10860000	0.0069447555894081	22319	155	22319	0
PflaHELAf	OZ251424.1	10830001	10860000	0.0017473901160446	22319	39	22319	0
PflaKGBDf	OZ251424.1	10860001	10890000	0.007598882899266	15397	117	15397	0
PflaHELEm	OZ251424.1	10860001	10890000	0.0077287783334415	15397	119	15397	0
PflaKGBHm	OZ251424.1	10860001	10890000	0.0065703877179287	15372	101	15372	25
PflaHELAf	OZ251424.1	10860001	10890000	0.0078089412377171	15367	120	15367	30
PflaHELEm	OZ251424.1	10890001	10920000	0.0079164027865737	9474	75	9474	0
PflaHELAf	OZ251424.1	10890001	10920000	0.0066561014263074	9465	63	9465	9
PflaKGBDf	OZ251424.1	10890001	10920000	0.006333122229259	9474	60	9474	0
PflaKGBHm	OZ251424.1	10890001	10920000	0.0048553937090985	9474	46	9474	0
PflaHELAf	OZ251424.1	10920001	10950000	0.0093245666467423	8365	78	8365	0
PflaKGBDf	OZ251424.1	10920001	10950000	0.0078909612625538	8364	66	8364	1
PflaHELEm	OZ251424.1	10920001	10950000	0.0094441123729826	8365	79	8365	0
PflaKGBHm	OZ251424.1	10920001	10950000	0.0071727435744172	8365	60	8365	0
PflaHELAf	OZ251424.1	10950001	10980000	0.0053590568060021	12129	65	12129	0
PflaKGBDf	OZ251424.1	10950001	10980000	0.00585373897271	12129	71	12129	0
PflaHELEm	OZ251424.1	10950001	10980000	0.0064308681672025	12129	78	12129	0
PflaKGBHm	OZ251424.1	10950001	10980000	0.007502679528403	12129	91	12129	0
PflaKGBHm	OZ251424.1	10980001	11010000	0.0057442734557832	14101	81	14101	0
PflaHELEm	OZ251424.1	10980001	11010000	0.005389688674562	14101	76	14101	0
PflaKGBDf	OZ251424.1	10980001	11010000	0.0070207786681795	14101	99	14101	0
PflaHELAf	OZ251424.1	10980001	11010000	0.006878944755691	14101	97	14101	0
PflaHELEm	OZ251424.1	11010001	11040000	0.0064373226275351	14447	93	14447	0
PflaKGBDf	OZ251424.1	11010001	11040000	0.0070602893334256	14447	102	14447	0
PflaHELAf	OZ251424.1	11010001	11040000	0.0060912300131515	14447	88	14447	0
PflaKGBHm	OZ251424.1	11010001	11040000	0.0083754412680833	14447	121	14447	0
PflaKGBHm	OZ251424.1	11040001	11070000	0.0068135563224493	11301	77	11301	0
PflaKGBDf	OZ251424.1	11040001	11070000	0.007432970533581	11301	84	11301	0
PflaHELEm	OZ251424.1	11040001	11070000	0.0067250685780019	11301	76	11301	0
PflaHELAf	OZ251424.1	11040001	11070000	0.0076099460224758	11301	86	11301	0
PflaKGBHm	OZ251424.1	11070001	11100000	0.0045224793828145	11277	51	11277	32
PflaHELEm	OZ251424.1	11070001	11100000	0.0075161375895304	11309	85	11309	0
PflaKGBDf	OZ251424.1	11070001	11100000	0.0038022813688212	11309	43	11309	0
PflaHELAf	OZ251424.1	11070001	11100000	0.0063943161634103	11260	72	11260	49
PflaKGBHm	OZ251424.1	11100001	11130000	0.0072661217075386	12111	88	12111	0
PflaHELEm	OZ251424.1	11100001	11130000	0.0080971659919028	12103	98	12103	8
PflaKGBDf	OZ251424.1	11100001	11130000	0.0064784053156146	12040	78	12040	71
PflaHELAf	OZ251424.1	11100001	11130000	0.0064441506939854	12104	78	12104	7
PflaKGBDf	OZ251424.1	11130001	11160000	0.0060175054704595	9140	55	9140	0
PflaHELAf	OZ251424.1	11130001	11160000	0.0064551422319474	9140	59	9140	0
PflaKGBHm	OZ251424.1	11130001	11160000	0.0046088006145067	9113	42	9113	27
PflaHELEm	OZ251424.1	11130001	11160000	0.011487964989059	9140	105	9140	0
PflaHELAf	OZ251424.1	11160001	11190000	0.0066155988857938	14360	95	14360	0
PflaKGBDf	OZ251424.1	11160001	11190000	0.00508356545961	14360	73	14360	0
PflaKGBHm	OZ251424.1	11160001	11190000	0.0045264623955431	14360	65	14360	0
PflaHELEm	OZ251424.1	11160001	11190000	0.0099582172701949	14360	143	14360	0
PflaKGBHm	OZ251424.1	11190001	11220000	0.0066439051397988	10837	72	10837	0
PflaKGBDf	OZ251424.1	11190001	11220000	0.0082126049644735	10837	89	10837	0
PflaHELAf	OZ251424.1	11190001	11220000	0.0073821168219987	10837	80	10837	0
PflaHELEm	OZ251424.1	11190001	11220000	0.0080280520439235	10837	87	10837	0
PflaHELAf	OZ251424.1	11220001	11250000	0.0082520178291772	16602	137	16602	0
PflaHELEm	OZ251424.1	11220001	11250000	0.0121069750632453	16602	201	16602	0
PflaKGBHm	OZ251424.1	11220001	11250000	0.0045366561819501	16532	75	16532	70
PflaKGBDf	OZ251424.1	11220001	11250000	0.0069268762799662	16602	115	16602	0
PflaHELAf	OZ251424.1	11250001	11280000	0.0059606596463341	15099	90	15099	0
PflaKGBDf	OZ251424.1	11250001	11280000	0.0064242665077157	15099	97	15099	0
PflaHELEm	OZ251424.1	11250001	11280000	0.0120537783959202	15099	182	15099	0
PflaKGBHm	OZ251424.1	11250001	11280000	0.0063580369560898	15099	96	15099	0
PflaHELAf	OZ251424.1	11280001	11310000	0.0062841248583496	9707	61	9707	0
PflaHELEm	OZ251424.1	11280001	11310000	0.0086535489852683	9707	84	9707	0
PflaKGBDf	OZ251424.1	11280001	11310000	0.006078087977748	9707	59	9707	0
PflaKGBHm	OZ251424.1	11280001	11310000	0.0045328113732358	9707	44	9707	0
PflaHELAf	OZ251424.1	11310001	11340000	0.0034947578632051	14021	49	14021	0
PflaHELEm	OZ251424.1	11310001	11340000	0.0064902646030953	14021	91	14021	0
PflaKGBHm	OZ251424.1	11310001	11340000	0.0099193605937343	14013	139	14013	8
PflaKGBDf	OZ251424.1	11310001	11340000	0.0043608807549328	13988	61	13988	33
PflaHELAf	OZ251424.1	11340001	11370000	0.0079022018100769	14806	117	14806	0
PflaKGBDf	OZ251424.1	11340001	11370000	0.0047953532351749	14806	71	14806	0
PflaHELEm	OZ251424.1	11340001	11370000	0.0092530055382952	14806	137	14806	0
PflaKGBHm	OZ251424.1	11340001	11370000	0.002363906524382	14806	35	14806	0
PflaKGBHm	OZ251424.1	11370001	11400000	0.0049257232212666	12790	63	12790	0
PflaKGBDf	OZ251424.1	11370001	11400000	0.0064112587959343	12790	82	12790	0
PflaHELAf	OZ251424.1	11370001	11400000	0.0065676309616888	12790	84	12790	0
PflaHELEm	OZ251424.1	11370001	11400000	0.0132916340891321	12790	170	12790	0
PflaHELAf	OZ251424.1	11400001	11430000	0.0038514714596089	10126	39	10126	20
PflaKGBDf	OZ251424.1	11400001	11430000	0.0068992706485314	10146	70	10146	0
PflaHELEm	OZ251424.1	11400001	11430000	0.0087719298245614	10146	89	10146	0
PflaKGBHm	OZ251424.1	11400001	11430000	0.0069978316577961	10146	71	10146	0
PflaHELAf	OZ251424.1	11430001	11460000	0.0031647700491549	14851	47	14851	0
PflaKGBDf	OZ251424.1	11430001	11460000	0.0035019193211664	14849	52	14849	2
PflaHELEm	OZ251424.1	11430001	11460000	0.007339573092721	14851	109	14851	0
PflaKGBHm	OZ251424.1	11430001	11460000	0.0047808228402127	14851	71	14851	0
PflaHELAf	OZ251424.1	11460001	11490000	0.0075331684281538	8894	67	8894	0
PflaKGBDf	OZ251424.1	11460001	11490000	0.0058466381830447	8894	52	8894	0
PflaKGBHm	OZ251424.1	11460001	11490000	0.0083220872694556	8892	74	8892	2
PflaHELEm	OZ251424.1	11460001	11490000	0.0078704744771756	8894	70	8894	0
PflaKGBDf	OZ251424.1	11490001	11520000	0.0068896225061001	13934	96	13934	0
PflaHELEm	OZ251424.1	11490001	11520000	0.0091861633414669	13934	128	13934	0
PflaKGBHm	OZ251424.1	11490001	11520000	0.0109085689679919	13934	152	13934	0
PflaHELAf	OZ251424.1	11490001	11520000	0.0134921774077795	13934	188	13934	0
PflaHELAf	OZ251424.1	11520001	11550000	0.0064272211720226	7935	51	7935	68
PflaKGBDf	OZ251424.1	11520001	11550000	0.0089966262651505	8003	72	8003	0
PflaHELEm	OZ251424.1	11520001	11550000	0.0117455954017243	8003	94	8003	0
PflaKGBHm	OZ251424.1	11520001	11550000	0.0102461576908659	8003	82	8003	0
PflaHELAf	OZ251424.1	11550001	11580000	0.0072848277722816	11119	81	11119	0
PflaKGBDf	OZ251424.1	11550001	11580000	0.0039571903948196	11119	44	11119	0
PflaHELEm	OZ251424.1	11550001	11580000	0.0076445723536289	11119	85	11119	0
PflaKGBHm	OZ251424.1	11550001	11580000	0.0086338699523338	11119	96	11119	0
PflaHELEm	OZ251424.1	11580001	11610000	0.0087575707971844	12218	107	12218	0
PflaKGBHm	OZ251424.1	11580001	11610000	0.0054018660991979	12218	66	12218	0
PflaKGBDf	OZ251424.1	11580001	11610000	0.0021280078572597	12218	26	12218	0
PflaHELAf	OZ251424.1	11580001	11610000	0.0063840235717793	12218	78	12218	0
PflaHELAf	OZ251424.1	11610001	11640000	0.0073283415644416	12554	92	12554	0
PflaKGBDf	OZ251424.1	11610001	11640000	0.0079655886570017	12554	100	12554	0
PflaKGBHm	OZ251424.1	11610001	11640000	0.0047000716960089	12553	59	12553	1
PflaHELEm	OZ251424.1	11610001	11640000	0.0099569858212521	12554	125	12554	0
PflaHELAf	OZ251424.1	11640001	11670000	0.009180054245775	9586	88	9586	0
PflaKGBHm	OZ251424.1	11640001	11670000	0.0045900271228875	9586	44	9586	0
PflaKGBDf	OZ251424.1	11640001	11670000	0.0098059670352597	9586	94	9586	0
PflaHELEm	OZ251424.1	11640001	11670000	0.0094199830651989	9448	89	9448	138
PflaHELAf	OZ251424.1	11670001	11700000	0.0074153741650628	17666	131	17666	25
PflaKGBHm	OZ251424.1	11670001	11700000	0.0054830139619015	17691	97	17691	0
PflaHELEm	OZ251424.1	11670001	11700000	0.0102311910010739	17691	181	17691	0
PflaKGBDf	OZ251424.1	11670001	11700000	0.0044655474535074	17691	79	17691	0
PflaKGBHm	OZ251424.1	11700001	11730000	0.0049365838839523	13167	65	13167	0
PflaHELEm	OZ251424.1	11700001	11730000	0.0081263765474291	13167	107	13167	0
PflaKGBDf	OZ251424.1	11700001	11730000	0.0044808992177413	13167	59	13167	0
PflaHELAf	OZ251424.1	11700001	11730000	0.0069112174375332	13167	91	13167	0
PflaHELEm	OZ251424.1	11730001	11760000	0.0102560524663364	14333	147	14333	67
PflaKGBDf	OZ251424.1	11730001	11760000	0.0043055555555555	14400	62	14400	0
PflaHELAf	OZ251424.1	11730001	11760000	0.0046598970649603	14378	67	14378	22
PflaKGBHm	OZ251424.1	11730001	11760000	0.0056465667479958	14345	81	14345	55
PflaKGBDf	OZ251424.1	11760001	11790000	0.0077606096623086	14303	111	14303	0
PflaHELAf	OZ251424.1	11760001	11790000	0.0068517094315877	14303	98	14303	0
PflaKGBHm	OZ251424.1	11760001	11790000	0.0069216248339509	14303	99	14303	0
PflaHELEm	OZ251424.1	11760001	11790000	0.0087394252953925	14303	125	14303	0
PflaHELAf	OZ251424.1	11790001	11820000	0.0060385216033315	19210	116	19210	0
PflaKGBHm	OZ251424.1	11790001	11820000	0.0061426340447683	19210	118	19210	0
PflaHELEm	OZ251424.1	11790001	11820000	0.0090577824049973	19210	174	19210	0
PflaKGBDf	OZ251424.1	11790001	11820000	0.0077043206663196	19210	148	19210	0
PflaHELAf	OZ251424.1	11820001	11850000	0.0073064059686133	19435	142	19435	0
PflaKGBHm	OZ251424.1	11820001	11850000	0.0071520452791355	19435	139	19435	0
PflaKGBDf	OZ251424.1	11820001	11850000	0.0049909956264471	19435	97	19435	0
PflaHELEm	OZ251424.1	11820001	11850000	0.0088500128633907	19435	172	19435	0
PflaHELAf	OZ251424.1	11850001	11880000	0.0058366966780502	16105	94	16105	176
PflaKGBDf	OZ251424.1	11850001	11880000	0.003869541182974	16281	63	16281	0
PflaHELEm	OZ251424.1	11850001	11880000	0.0100116700448375	16281	163	16281	0
PflaKGBHm	OZ251424.1	11850001	11880000	0.004545175357779	16281	74	16281	0
PflaKGBHm	OZ251424.1	11880001	11910000	0.0068089430894308	19680	134	19680	0
PflaKGBDf	OZ251424.1	11880001	11910000	0.0072662601626016	19680	143	19680	0
PflaHELAf	OZ251424.1	11880001	11910000	0.0082317073170731	19680	162	19680	0
PflaHELEm	OZ251424.1	11880001	11910000	0.0105182926829268	19680	207	19680	0
PflaKGBHm	OZ251424.1	11910001	11940000	0.0050936575747617	18258	93	18258	0
PflaHELEm	OZ251424.1	11910001	11940000	0.0075583305948077	18258	138	18258	0
PflaKGBDf	OZ251424.1	11910001	11940000	0.0039982473436301	18258	73	18258	0
PflaHELAf	OZ251424.1	11910001	11940000	0.0048745755285354	18258	89	18258	0
PflaHELEm	OZ251424.1	11940001	11970000	0.0089517224348685	16198	145	16198	0
PflaKGBDf	OZ251424.1	11940001	11970000	0.0071613779478948	16198	116	16198	0
PflaHELAf	OZ251424.1	11940001	11970000	0.0075317940486479	16198	122	16198	0
PflaKGBHm	OZ251424.1	11940001	11970000	0.0074083220150635	16198	120	16198	0
PflaKGBDf	OZ251424.1	11970001	12000000	0.0069549648808704	14522	101	14522	0
PflaHELEm	OZ251424.1	11970001	12000000	0.0095716843409998	14522	139	14522	0
PflaHELAf	OZ251424.1	11970001	12000000	0.0058272632674297	14415	84	14415	107
PflaKGBHm	OZ251424.1	11970001	12000000	0.0029610246522517	14522	43	14522	0
PflaKGBHm	OZ251424.1	12000001	12030000	0.0046386353434086	20049	93	20049	0
PflaHELEm	OZ251424.1	12000001	12030000	0.0053369245348895	20049	107	20049	0
PflaKGBDf	OZ251424.1	12000001	12030000	0.0054865579330639	20049	110	20049	0
PflaHELAf	OZ251424.1	12000001	12030000	0.0079804479026385	20049	160	20049	0
PflaKGBHm	OZ251424.1	12030001	12060000	0.0061519676904292	21294	131	21294	0
PflaHELEm	OZ251424.1	12030001	12060000	0.008359162205316	21294	178	21294	0
PflaKGBDf	OZ251424.1	12030001	12060000	0.0061989292758523	21294	132	21294	0
PflaHELAf	OZ251424.1	12030001	12060000	0.0031464262233493	21294	67	21294	0
PflaKGBDf	OZ251424.1	12060001	12090000	0.0069694120250013	18079	126	18079	0
PflaHELAf	OZ251424.1	12060001	12090000	0.0053100282095248	18079	96	18079	0
PflaKGBHm	OZ251424.1	12060001	12090000	0.0052547154156756	18079	95	18079	0
PflaHELEm	OZ251424.1	12060001	12090000	0.0063609712926599	18079	115	18079	0
PflaHELAf	OZ251424.1	12090001	12120000	0.0048517520215633	22260	108	22260	0
PflaHELEm	OZ251424.1	12090001	12120000	0.0070979335130278	22260	158	22260	0
PflaKGBHm	OZ251424.1	12090001	12120000	0.0046722673974572	22259	104	22259	1
PflaKGBDf	OZ251424.1	12090001	12120000	0.0032345013477088	22260	72	22260	0
PflaKGBHm	OZ251424.1	12120001	12150000	0.0045275021674212	20762	94	20762	0
PflaHELEm	OZ251424.1	12120001	12150000	0.0055389654175898	20762	115	20762	0
PflaKGBDf	OZ251424.1	12120001	12150000	0.0025527405837587	20762	53	20762	0
PflaHELAf	OZ251424.1	12120001	12150000	0.0036605336672767	20762	76	20762	0
PflaKGBHm	OZ251424.1	12150001	12180000	0.003192547233998	19107	61	19107	38
PflaHELEm	OZ251424.1	12150001	12180000	0.0064246539566466	19145	123	19145	0
PflaKGBDf	OZ251424.1	12150001	12180000	0.0027706623451304	19129	53	19129	16
PflaHELAf	OZ251424.1	12150001	12180000	0.0058500914076782	19145	112	19145	0
PflaKGBDf	OZ251424.1	12180001	12210000	0.0006406149903907	18732	12	18732	0
PflaHELEm	OZ251424.1	12180001	12210000	0.0042721349994659	18726	80	18726	6
PflaHELAf	OZ251424.1	12180001	12210000	0.0044309203502028	18732	83	18732	0
PflaKGBHm	OZ251424.1	12180001	12210000	5.3384582532564594e-05	18732	1	18732	0
PflaKGBHm	OZ251424.1	12210001	12240000	8.364700961940611e-05	23910	2	23910	0
PflaHELEm	OZ251424.1	12210001	12240000	0.0023002927645336	23910	55	23910	0
PflaKGBDf	OZ251424.1	12210001	12240000	0.0004600585529067	23910	11	23910	0
PflaHELAf	OZ251424.1	12210001	12240000	0.0046005855290673	23910	110	23910	0
PflaKGBHm	OZ251424.1	12240001	12270000	0.0001126422107911	26633	3	26633	0
PflaHELEm	OZ251424.1	12240001	12270000	0.002778507866181	26633	74	26633	0
PflaKGBDf	OZ251424.1	12240001	12270000	0.0002252844215822	26633	6	26633	0
PflaHELAf	OZ251424.1	12240001	12270000	0.0020651071978372	26633	55	26633	0
PflaHELEm	OZ251424.1	12270001	12300000	0.0066052494350773	23012	152	23012	0
PflaKGBDf	OZ251424.1	12270001	12300000	0.0023900573613766	23012	55	23012	0
PflaHELAf	OZ251424.1	12270001	12300000	0.0043455588388666	23012	100	23012	0
PflaKGBHm	OZ251424.1	12270001	12300000	0.0026526352409114	22996	61	22996	16
PflaKGBHm	OZ251424.1	12300001	12330000	0.0035352469396369	18952	67	18952	0
PflaHELEm	OZ251424.1	12300001	12330000	0.0046433094132545	18952	88	18952	0
PflaKGBDf	OZ251424.1	12300001	12330000	0.0034824820599409	18952	66	18952	0
PflaHELAf	OZ251424.1	12300001	12330000	0.005012663571127	18952	95	18952	0
PflaKGBHm	OZ251424.1	12330001	12360000	0.0011045285671252	19918	22	19918	0
PflaHELEm	OZ251424.1	12330001	12360000	0.0072798473742343	19918	145	19918	0
PflaKGBDf	OZ251424.1	12330001	12360000	0.002761321417813	19918	55	19918	0
PflaHELAf	OZ251424.1	12330001	12360000	0.0024098805100913	19918	48	19918	0
PflaKGBHm	OZ251424.1	12360001	12390000	0.0021589982248236	20843	45	20843	0
PflaHELEm	OZ251424.1	12360001	12390000	0.0062371059828239	20843	130	20843	0
PflaKGBDf	OZ251424.1	12360001	12390000	0.0024468646548001	20843	51	20843	0
PflaHELAf	OZ251424.1	12360001	12390000	0.0051815957395768	20843	108	20843	0
PflaKGBHm	OZ251424.1	12390001	12420000	0.0048755452912496	19485	95	19485	0
PflaHELEm	OZ251424.1	12390001	12420000	0.0053374390556838	19485	104	19485	0
PflaKGBDf	OZ251424.1	12390001	12420000	0.0050808314087759	19485	99	19485	0
PflaHELAf	OZ251424.1	12390001	12420000	0.0073389787015653	19485	143	19485	0
PflaHELAf	OZ251424.1	12420001	12450000	0.004322033898305	23600	102	23600	0
PflaKGBDf	OZ251424.1	12420001	12450000	0.0070762711864406	23600	167	23600	0
PflaHELEm	OZ251424.1	12420001	12450000	0.005	23600	118	23600	0
PflaKGBHm	OZ251424.1	12420001	12450000	0.0002543234994913	23592	6	23592	8
PflaHELAf	OZ251424.1	12450001	12480000	0.0022771358691068	23714	54	23714	0
PflaKGBDf	OZ251424.1	12450001	12480000	0.0017289364932107	23714	41	23714	0
PflaHELEm	OZ251424.1	12450001	12480000	0.0012229063000759	23714	29	23714	0
PflaKGBHm	OZ251424.1	12450001	12480000	0.0	23714	0	23714	0
PflaKGBHm	OZ251424.1	12480001	12510000	0.0043705124202827	22423	98	22423	0
PflaHELEm	OZ251424.1	12480001	12510000	0.0046380948133612	22423	104	22423	0
PflaKGBDf	OZ251424.1	12480001	12510000	0.0057084243856754	22423	128	22423	0
PflaHELAf	OZ251424.1	12480001	12510000	0.0045934977478481	22423	103	22423	0
PflaKGBHm	OZ251424.1	12510001	12540000	0.0031988188976377	24384	78	24384	0
PflaHELEm	OZ251424.1	12510001	12540000	0.0034858923884514	24384	85	24384	0
PflaKGBDf	OZ251424.1	12510001	12540000	0.0029527559055118	24384	72	24384	0
PflaHELAf	OZ251424.1	12510001	12540000	0.0030757874015748	24384	75	24384	0
PflaHELEm	OZ251424.1	12540001	12570000	0.005955977557186	23170	138	23170	0
PflaKGBDf	OZ251424.1	12540001	12570000	0.0028916702632714	23170	67	23170	0
PflaKGBHm	OZ251424.1	12540001	12570000	0.0041001294777729	23170	95	23170	0
PflaHELAf	OZ251424.1	12540001	12570000	0.0044454035390591	23170	103	23170	0
PflaHELEm	OZ251424.1	12570001	12600000	0.0078452191352562	16953	133	16953	0
PflaKGBDf	OZ251424.1	12570001	12600000	0.0067834601545449	16953	115	16953	0
PflaHELAf	OZ251424.1	12570001	12600000	0.005662714563794	16953	96	16953	0
PflaKGBHm	OZ251424.1	12570001	12600000	0.0047779154132012	16953	81	16953	0
PflaHELAf	OZ251424.1	12600001	12630000	0.0053151575787893	15992	85	15992	0
PflaKGBDf	OZ251424.1	12600001	12630000	0.0036268134067033	15992	58	15992	0
PflaHELEm	OZ251424.1	12600001	12630000	0.0055652826413206	15992	89	15992	0
PflaKGBHm	OZ251424.1	12600001	12630000	0.0051275637818909	15992	82	15992	0
PflaHELAf	OZ251424.1	12630001	12660000	0.0076804196131691	21353	164	21353	0
PflaKGBDf	OZ251424.1	12630001	12660000	0.003137732402941	21353	67	21353	0
PflaHELEm	OZ251424.1	12630001	12660000	0.0085702243244508	21353	183	21353	0
PflaKGBHm	OZ251424.1	12630001	12660000	0.0053388282676907	21353	114	21353	0
PflaKGBHm	OZ251424.1	12660001	12690000	0.0060770623222136	15468	94	15468	0
PflaHELEm	OZ251424.1	12660001	12690000	0.0101499870700801	15468	157	15468	0
PflaHELAf	OZ251424.1	12660001	12690000	0.0072407551073183	15468	112	15468	0
PflaKGBDf	OZ251424.1	12660001	12690000	0.0049133695371088	15468	76	15468	0
PflaHELAf	OZ251424.1	12690001	12720000	0.0064113102087785	18249	117	18249	0
PflaKGBDf	OZ251424.1	12690001	12720000	0.0024110910186859	18249	44	18249	0
PflaHELEm	OZ251424.1	12690001	12720000	0.0084936160885527	18249	155	18249	0
PflaKGBHm	OZ251424.1	12690001	12720000	0.0041646117595484	18249	76	18249	0
PflaKGBDf	OZ251424.1	12720001	12750000	0.0026027047716254	19595	51	19595	76
PflaKGBHm	OZ251424.1	12720001	12750000	0.0065070408215139	19671	128	19671	0
PflaHELEm	OZ251424.1	12720001	12750000	0.009201362411672	19671	181	19671	0
PflaHELAf	OZ251424.1	12720001	12750000	0.0053886431803162	19671	106	19671	0
PflaHELEm	OZ251424.1	12750001	12780000	0.0062738537146442	19127	120	19127	0
PflaKGBDf	OZ251424.1	12750001	12780000	0.0013070528572175	19127	25	19127	0
PflaHELAf	OZ251424.1	12750001	12780000	0.0058555968003346	19127	112	19127	0
PflaKGBHm	OZ251424.1	12750001	12780000	0.0046008260574057	19127	88	19127	0
PflaKGBHm	OZ251424.1	12780001	12810000	0.0059159206324276	19101	113	19101	47
PflaHELEm	OZ251424.1	12780001	12810000	0.0076248172132859	19148	146	19148	0
PflaKGBDf	OZ251424.1	12780001	12810000	0.0072592437852517	19148	139	19148	0
PflaHELAf	OZ251424.1	12780001	12810000	0.0049714794076089	19109	95	19109	39
PflaHELAf	OZ251424.1	12810001	12840000	0.003962060271341	16658	66	16658	0
PflaHELEm	OZ251424.1	12810001	12840000	0.0057633427387884	16657	96	16657	1
PflaKGBHm	OZ251424.1	12810001	12840000	0.0026413735142273	16658	44	16658	0
PflaKGBDf	OZ251424.1	12810001	12840000	0.0037221588521342	16657	62	16657	1
PflaKGBHm	OZ251424.1	12840001	12870000	0.0057139687118606	18026	103	18026	0
PflaHELEm	OZ251424.1	12840001	12870000	0.0079329856873405	18026	143	18026	0
PflaKGBDf	OZ251424.1	12840001	12870000	0.0058326852571936	18002	105	18002	24
PflaHELAf	OZ251424.1	12840001	12870000	0.0058813738001442	18023	106	18023	3
PflaKGBHm	OZ251424.1	12870001	12900000	0.006269592476489	14036	88	14036	0
PflaHELEm	OZ251424.1	12870001	12900000	0.0084069535480193	14036	118	14036	0
PflaKGBDf	OZ251424.1	12870001	12900000	0.0071245369051011	14036	100	14036	0
PflaHELAf	OZ251424.1	12870001	12900000	0.0057708748931319	14036	81	14036	0
PflaKGBHm	OZ251424.1	12900001	12930000	0.0039916108517691	14781	59	14781	0
PflaKGBDf	OZ251424.1	12900001	12930000	0.0084568026520533	14781	125	14781	0
PflaHELEm	OZ251424.1	12900001	12930000	0.0093363101278668	14781	138	14781	0
PflaHELAf	OZ251424.1	12900001	12930000	0.0083214938096204	14781	123	14781	0
PflaHELAf	OZ251424.1	12930001	12960000	0.0041824069077172	14824	62	14824	0
PflaKGBDf	OZ251424.1	12930001	12960000	0.0064085267134376	14824	95	14824	0
PflaHELEm	OZ251424.1	12930001	12960000	0.0110631408526713	14824	164	14824	0
PflaKGBHm	OZ251424.1	12930001	12960000	0.0050593631948192	14824	75	14824	0
PflaHELAf	OZ251424.1	12960001	12990000	0.0061202185792349	13725	84	13725	0
PflaKGBHm	OZ251424.1	12960001	12990000	0.0068513119533527	13720	94	13720	5
PflaKGBDf	OZ251424.1	12960001	12990000	0.0083788706739526	13725	115	13725	0
PflaHELEm	OZ251424.1	12960001	12990000	0.0093989071038251	13725	129	13725	0
PflaHELAf	OZ251424.1	12990001	13020000	0.0035249927766541	17305	61	17305	23
PflaKGBDf	OZ251424.1	12990001	13020000	0.0092913204062788	17328	161	17328	0
PflaHELEm	OZ251424.1	12990001	13020000	0.0096952908587257	17328	168	17328	0
PflaKGBHm	OZ251424.1	12990001	13020000	0.0036490008688097	17265	63	17265	63
PflaKGBHm	OZ251424.1	13020001	13050000	0.0082284004488218	16042	132	16042	47
PflaHELEm	OZ251424.1	13020001	13050000	0.01031760830381	16089	166	16089	0
PflaKGBDf	OZ251424.1	13020001	13050000	0.0046798951703481	16026	75	16026	63
PflaHELAf	OZ251424.1	13020001	13050000	0.0039994921279837	15752	63	15752	337
PflaKGBDf	OZ251424.1	13050001	13080000	0.0038982736216818	16161	63	16161	93
PflaHELAf	OZ251424.1	13050001	13080000	0.0075682992862416	16252	123	16252	2
PflaKGBHm	OZ251424.1	13050001	13080000	0.0084286944752061	16254	137	16254	0
PflaHELEm	OZ251424.1	13050001	13080000	0.0110126738033714	16254	179	16254	0
PflaKGBHm	OZ251424.1	13080001	13110000	0.0064718014365976	14061	91	14061	0
PflaHELEm	OZ251424.1	13080001	13110000	0.0073267890169298	14058	103	14058	3
PflaKGBDf	OZ251424.1	13080001	13110000	0.0059739705568593	14061	84	14061	0
PflaHELAf	OZ251424.1	13080001	13110000	0.0043382405234336	14061	61	14061	0
PflaHELEm	OZ251424.1	13110001	13140000	0.0088035974412565	15789	139	15789	0
PflaKGBHm	OZ251424.1	13110001	13140000	0.0032934321362974	15789	52	15789	0
PflaHELAf	OZ251424.1	13110001	13140000	0.0039330119259071	15764	62	15764	25
PflaKGBDf	OZ251424.1	13110001	13140000	0.0059535119386914	15789	94	15789	0
PflaHELAf	OZ251424.1	13140001	13170000	0.0071283761689882	15291	109	15291	0
PflaKGBDf	OZ251424.1	13140001	13170000	0.0058858151854031	15291	90	15291	0
PflaHELEm	OZ251424.1	13140001	13170000	0.0052318357203583	15291	80	15291	0
PflaKGBHm	OZ251424.1	13140001	13170000	0.0039892747367732	15291	61	15291	0
PflaHELAf	OZ251424.1	13170001	13200000	0.0074074074074074	12960	96	12960	0
PflaKGBDf	OZ251424.1	13170001	13200000	0.0071759259259259	12960	93	12960	0
PflaHELEm	OZ251424.1	13170001	13200000	0.0056327160493827	12960	73	12960	0
PflaKGBHm	OZ251424.1	13170001	13200000	0.005787037037037	12960	75	12960	0
PflaKGBDf	OZ251424.1	13200001	13230000	0.0083446655952528	16178	135	16178	0
PflaHELEm	OZ251424.1	13200001	13230000	0.0067375448139448	16178	109	16178	0
PflaHELAf	OZ251424.1	13200001	13230000	0.0079227531567219	16156	128	16156	22
PflaKGBHm	OZ251424.1	13200001	13230000	0.0066139201384596	16178	107	16178	0
PflaKGBHm	OZ251424.1	13230001	13260000	0.0060429366551815	18865	114	18865	0
PflaHELEm	OZ251424.1	13230001	13260000	0.0078452160084813	18865	148	18865	0
PflaKGBDf	OZ251424.1	13230001	13260000	0.0051948051948051	18865	98	18865	0
PflaHELAf	OZ251424.1	13230001	13260000	0.0067042102440332	18645	125	18645	220
PflaKGBHm	OZ251424.1	13260001	13290000	0.0044739111686071	18552	83	18552	21
PflaHELEm	OZ251424.1	13260001	13290000	0.0062994669681796	18573	117	18573	0
PflaKGBDf	OZ251424.1	13260001	13290000	0.0071097705483141	18566	132	18566	7
PflaHELAf	OZ251424.1	13260001	13290000	0.0043073278414903	18573	80	18573	0
PflaKGBHm	OZ251424.1	13290001	13320000	0.0041530538789523	18059	75	18059	0
PflaHELEm	OZ251424.1	13290001	13320000	0.0064233899994462	18059	116	18059	0
PflaKGBDf	OZ251424.1	13290001	13320000	0.0034885652583199	18059	63	18059	0
PflaHELAf	OZ251424.1	13290001	13320000	0.0051509277208529	18055	93	18055	4
PflaHELEm	OZ251424.1	13320001	13350000	0.0106250370985932	16847	179	16847	0
PflaHELAf	OZ251424.1	13320001	13350000	0.0059357749154152	16847	100	16847	0
PflaKGBDf	OZ251424.1	13320001	13350000	0.0081913693832729	16847	138	16847	0
PflaKGBHm	OZ251424.1	13320001	13350000	0.0059357749154152	16847	100	16847	0
PflaHELAf	OZ251424.1	13350001	13380000	0.004190707561494	16465	69	16465	0
PflaKGBDf	OZ251424.1	13350001	13380000	0.0072274521712723	16465	119	16465	0
PflaHELEm	OZ251424.1	13350001	13380000	0.0103856665654418	16465	171	16465	0
PflaKGBHm	OZ251424.1	13350001	13380000	0.0043121773458852	16465	71	16465	0
PflaHELAf	OZ251424.1	13380001	13410000	0.004989270386266	18640	93	18640	0
PflaKGBDf	OZ251424.1	13380001	13410000	0.0058476394849785	18640	109	18640	0
PflaHELEm	OZ251424.1	13380001	13410000	0.010675965665236	18640	199	18640	0
PflaKGBHm	OZ251424.1	13380001	13410000	0.005632277281343	18465	104	18465	175
PflaKGBHm	OZ251424.1	13410001	13440000	0.0053846629943677	16157	87	16157	0
PflaHELAf	OZ251424.1	13410001	13440000	0.0053846629943677	16157	87	16157	0
PflaHELEm	OZ251424.1	13410001	13440000	0.0080460481525035	16157	130	16157	0
PflaKGBDf	OZ251424.1	13410001	13440000	0.0063130531658104	16157	102	16157	0
PflaHELAf	OZ251424.1	13440001	13470000	0.00489385622644	15121	74	15121	0
PflaKGBHm	OZ251424.1	13440001	13470000	0.0042986574961973	15121	65	15121	0
PflaHELEm	OZ251424.1	13440001	13470000	0.0110442431056147	15121	167	15121	0
PflaKGBDf	OZ251424.1	13440001	13470000	0.0064810528404206	15121	98	15121	0
PflaHELAf	OZ251424.1	13470001	13500000	0.001592119010896	20099	32	20099	199
PflaHELEm	OZ251424.1	13470001	13500000	0.0082766775051729	20298	168	20298	0
PflaKGBDf	OZ251424.1	13470001	13500000	0.0039412750024632	20298	80	20298	0
PflaKGBHm	OZ251424.1	13470001	13500000	0.0037442112523401	20298	76	20298	0
PflaHELAf	OZ251424.1	13500001	13530000	0.0049387071170297	22678	112	22678	0
PflaKGBDf	OZ251424.1	13500001	13530000	0.0032189787459211	22678	73	22678	0
PflaHELEm	OZ251424.1	13500001	13530000	0.0061292882970279	22678	139	22678	0
PflaKGBHm	OZ251424.1	13500001	13530000	0.003659934738513	22678	83	22678	0
PflaKGBHm	OZ251424.1	13530001	13560000	0.0003740834954361	13366	5	13366	0
PflaHELEm	OZ251424.1	13530001	13560000	0.0075564866078108	13366	101	13366	0
PflaKGBDf	OZ251424.1	13530001	13560000	0.0017956007780936	13366	24	13366	0
PflaHELAf	OZ251424.1	13530001	13560000	0.005386802334281	13366	72	13366	0
PflaHELAf	OZ251424.1	13560001	13590000	0.0074387050702213	16804	125	16804	0
PflaKGBDf	OZ251424.1	13560001	13590000	0.0032135205903356	16804	54	16804	0
PflaHELEm	OZ251424.1	13560001	13590000	0.0063675315401094	16804	107	16804	0
PflaKGBHm	OZ251424.1	13560001	13590000	0.0003570578433706	16804	6	16804	0
PflaHELAf	OZ251424.1	13590001	13620000	0.0038271962887793	17245	66	17245	0
PflaKGBDf	OZ251424.1	13590001	13620000	0.0024934763699623	17245	43	17245	0
PflaHELEm	OZ251424.1	13590001	13620000	0.0086421901281828	17241	149	17241	4
PflaKGBHm	OZ251424.1	13590001	13620000	0.004416550441655	17208	76	17208	37
PflaKGBHm	OZ251424.1	13620001	13650000	0.0045823913973238	16367	75	16367	0
PflaHELEm	OZ251424.1	13620001	13650000	0.0053155740208957	16367	87	16367	0
PflaHELAf	OZ251424.1	13620001	13650000	0.0043990957414309	16367	72	16367	0
PflaKGBDf	OZ251424.1	13620001	13650000	0.0036048145658947	16367	59	16367	0
PflaHELAf	OZ251424.1	13650001	13680000	0.0055287613221973	17002	94	17002	0
PflaKGBDf	OZ251424.1	13650001	13680000	0.0044112457357957	17002	75	17002	0
PflaHELEm	OZ251424.1	13650001	13680000	0.0088224914715915	17002	150	17002	0
PflaKGBHm	OZ251424.1	13650001	13680000	0.0041171626867427	17002	70	17002	0
PflaKGBHm	OZ251424.1	13680001	13710000	0.003848296116259	19749	76	19749	15
PflaHELEm	OZ251424.1	13680001	13710000	0.0048067192875936	19764	95	19764	0
PflaHELAf	OZ251424.1	13680001	13710000	0.0052114956486541	19764	103	19764	0
PflaKGBDf	OZ251424.1	13680001	13710000	0.0045035927537698	19762	89	19762	2
PflaKGBHm	OZ251424.1	13710001	13740000	0.0036064536539069	15805	57	15805	0
PflaHELEm	OZ251424.1	13710001	13740000	0.0070863650743435	15805	112	15805	0
PflaKGBDf	OZ251424.1	13710001	13740000	0.0071496361910787	15805	113	15805	0
PflaHELAf	OZ251424.1	13710001	13740000	0.0051382897741689	15764	81	15764	41
PflaKGBHm	OZ251424.1	13740001	13770000	0.0045392022008253	14540	66	14540	0
PflaHELEm	OZ251424.1	13740001	13770000	0.0026134800550206	14540	38	14540	0
PflaKGBDf	OZ251424.1	13740001	13770000	0.0046767537826685	14540	68	14540	0
PflaHELAf	OZ251424.1	13740001	13770000	0.0019944979367262	14540	29	14540	0
PflaKGBHm	OZ251424.1	13770001	13800000	0.000756781930376	17178	13	17178	0
PflaHELEm	OZ251424.1	13770001	13800000	0.0064617534055186	17178	111	17178	0
PflaKGBDf	OZ251424.1	13770001	13800000	0.0066946093840959	17178	115	17178	0
PflaHELAf	OZ251424.1	13770001	13800000	0.0041914076143905	17178	72	17178	0
PflaHELEm	OZ251424.1	13800001	13830000	0.0052116435744248	15734	82	15734	0
PflaKGBHm	OZ251424.1	13800001	13830000	0.0039405109952968	15734	62	15734	0
PflaKGBDf	OZ251424.1	13800001	13830000	0.0061014363798144	15734	96	15734	0
PflaHELAf	OZ251424.1	13800001	13830000	0.0065500794912559	15725	103	15725	9
PflaKGBHm	OZ251424.1	13830001	13860000	0.0002639567110993	15154	4	15154	0
PflaHELEm	OZ251424.1	13830001	13860000	0.0098356327150306	15149	149	15149	5
PflaHELAf	OZ251424.1	13830001	13860000	0.0079846905107562	15154	121	15154	0
PflaKGBDf	OZ251424.1	13830001	13860000	0.0007261684710852	15148	11	15148	6
PflaHELAf	OZ251424.1	13860001	13890000	0.0047316124283686	19021	90	19021	0
PflaHELEm	OZ251424.1	13860001	13890000	0.009252930971032	19021	176	19021	0
PflaKGBHm	OZ251424.1	13860001	13890000	0.0010514694285263	19021	20	19021	0
PflaKGBDf	OZ251424.1	13860001	13890000	0.0043635981283844	19021	83	19021	0
PflaHELAf	OZ251424.1	13890001	13920000	0.0038018074166406	16045	61	16045	45
PflaKGBDf	OZ251424.1	13890001	13920000	0.0071472964574269	16090	115	16090	0
PflaHELEm	OZ251424.1	13890001	13920000	0.0073958980733374	16090	119	16090	0
PflaKGBHm	OZ251424.1	13890001	13920000	0.0008082064034815	16085	13	16085	5
PflaHELAf	OZ251424.1	13920001	13950000	0.0077675033025099	18925	147	18925	0
PflaHELEm	OZ251424.1	13920001	13950000	0.0083487450462351	18925	158	18925	0
PflaKGBHm	OZ251424.1	13920001	13950000	0.0015852047556142	18925	30	18925	0
PflaKGBDf	OZ251424.1	13920001	13950000	0.006340819022457	18925	120	18925	0
PflaHELAf	OZ251424.1	13950001	13980000	0.0046467065868263	20875	97	20875	0
PflaKGBHm	OZ251424.1	13950001	13980000	0.0032095808383233	20875	67	20875	0
PflaHELEm	OZ251424.1	13950001	13980000	0.0062754491017964	20875	131	20875	0
PflaKGBDf	OZ251424.1	13950001	13980000	0.0013413173652694	20875	28	20875	0
PflaHELAf	OZ251424.1	13980001	14010000	0.0067558789138625	23091	156	23091	0
PflaKGBDf	OZ251424.1	13980001	14010000	0.0051117657251776	23084	118	23084	7
PflaHELEm	OZ251424.1	13980001	14010000	0.0078385518167251	23091	181	23091	0
PflaKGBHm	OZ251424.1	13980001	14010000	0.0034645532891602	23091	80	23091	0
PflaKGBHm	OZ251424.1	14010001	14040000	0.0024884607666064	24915	62	24915	0
PflaHELEm	OZ251424.1	14010001	14040000	0.007666064619707	24915	191	24915	0
PflaKGBDf	OZ251424.1	14010001	14040000	0.0032510535821794	24915	81	24915	0
PflaHELAf	OZ251424.1	14010001	14040000	0.0064619707003812	24915	161	24915	0
PflaHELAf	OZ251424.1	14040001	14070000	0.0062007784918982	22094	137	22094	0
PflaKGBDf	OZ251424.1	14040001	14070000	0.0057934280800217	22094	128	22094	0
PflaHELEm	OZ251424.1	14040001	14070000	0.0074228297275278	22094	164	22094	0
PflaKGBHm	OZ251424.1	14040001	14070000	0.0058410685985963	22085	129	22085	9
PflaHELAf	OZ251424.1	14070001	14100000	0.0050317796610169	26432	133	26432	0
PflaKGBHm	OZ251424.1	14070001	14100000	0.0021564769975786	26432	57	26432	0
PflaKGBDf	OZ251424.1	14070001	14100000	0.0041994552058111	26432	111	26432	0
PflaHELEm	OZ251424.1	14070001	14100000	0.0055614406779661	26432	147	26432	0
PflaKGBHm	OZ251424.1	14100001	14130000	0.0064323455088444	21765	140	21765	0
PflaKGBDf	OZ251424.1	14100001	14130000	0.0065242361589708	21765	142	21765	0
PflaHELAf	OZ251424.1	14100001	14130000	0.0061566735584654	21765	134	21765	0
PflaHELEm	OZ251424.1	14100001	14130000	0.0049161497817597	21765	107	21765	0
PflaKGBHm	OZ251424.1	14130001	14160000	0.0045182613061122	23903	108	23903	0
PflaHELEm	OZ251424.1	14130001	14160000	0.0066100489478308	23903	158	23903	0
PflaKGBDf	OZ251424.1	14130001	14160000	0.005062126092959	23903	121	23903	0
PflaHELAf	OZ251424.1	14130001	14160000	0.0046019328117809	23903	110	23903	0
PflaKGBDf	OZ251424.1	14160001	14190000	0.0051251388058426	23414	120	23414	0
PflaHELAf	OZ251424.1	14160001	14190000	0.0041428205347228	23414	97	23414	0
PflaKGBHm	OZ251424.1	14160001	14190000	0.0047407533954044	23414	111	23414	0
PflaHELEm	OZ251424.1	14160001	14190000	0.0049543008456479	23414	116	23414	0
PflaHELEm	OZ251424.1	14190001	14220000	0.0038661454529833	23279	90	23279	0
PflaKGBDf	OZ251424.1	14190001	14220000	0.0009880149490957	23279	23	23279	0
PflaHELAf	OZ251424.1	14190001	14220000	0.0024915159585892	23279	58	23279	0
PflaKGBHm	OZ251424.1	14190001	14220000	0.0031788307057863	23279	74	23279	0
PflaHELAf	OZ251424.1	14220001	14250000	0.0028846153846153	22880	66	22880	0
PflaHELEm	OZ251424.1	14220001	14250000	0.0045017482517482	22880	103	22880	0
PflaKGBDf	OZ251424.1	14220001	14250000	0.0022290209790209	22880	51	22880	0
PflaKGBHm	OZ251424.1	14220001	14250000	0.0027972027972027	22880	64	22880	0
PflaHELAf	OZ251424.1	14250001	14280000	0.0036705845601155	25609	94	25609	0
PflaKGBDf	OZ251424.1	14250001	14280000	0.0037486821039478	25609	96	25609	0
PflaKGBHm	OZ251424.1	14250001	14280000	0.0037486821039478	25609	96	25609	0
PflaHELEm	OZ251424.1	14250001	14280000	0.004763950173767	25609	122	25609	0
PflaKGBHm	OZ251424.1	14280001	14310000	0.0042157416663044	23009	97	23009	0
PflaHELEm	OZ251424.1	14280001	14310000	0.004737276717806	23009	109	23009	0
PflaKGBDf	OZ251424.1	14280001	14310000	0.0026077885952712	23008	60	23008	1
PflaHELAf	OZ251424.1	14280001	14310000	0.0003911512886261	23009	9	23009	0
PflaKGBHm	OZ251424.1	14310001	14340000	0.0015129286631212	21812	33	21812	14
PflaHELEm	OZ251424.1	14310001	14340000	0.0066892696783652	21826	146	21826	0
PflaKGBDf	OZ251424.1	14310001	14340000	0.0039402547420507	21826	86	21826	0
PflaHELAf	OZ251424.1	14310001	14340000	0.0036653532484193	21826	80	21826	0
PflaKGBHm	OZ251424.1	14340001	14370000	0.00540241881024	16289	88	16289	0
PflaHELEm	OZ251424.1	14340001	14370000	0.0090244950580146	16289	147	16289	0
PflaKGBDf	OZ251424.1	14340001	14370000	0.0064460678985818	16289	105	16289	0
PflaHELAf	OZ251424.1	14340001	14370000	0.0058935477929891	16289	96	16289	0
PflaHELAf	OZ251424.1	14370001	14400000	0.0041651851475593	19687	82	19687	0
PflaKGBHm	OZ251424.1	14370001	14400000	0.0039620053842637	19687	78	19687	0
PflaHELEm	OZ251424.1	14370001	14400000	0.0075684461827601	19687	149	19687	0
PflaKGBDf	OZ251424.1	14370001	14400000	0.0054858536089805	19687	108	19687	0
PflaHELAf	OZ251424.1	14400001	14430000	0.0035493473780627	17468	62	17468	0
PflaKGBDf	OZ251424.1	14400001	14430000	0.0016601786123196	17468	29	17468	0
PflaHELEm	OZ251424.1	14400001	14430000	0.0054385161438058	17468	95	17468	0
PflaKGBHm	OZ251424.1	14400001	14430000	0.0006911248056211	17363	12	17363	105
PflaKGBHm	OZ251424.1	14430001	14460000	0.0034801721769392	21838	76	21838	16
PflaHELEm	OZ251424.1	14430001	14460000	0.0053994692047222	21854	118	21854	0
PflaKGBDf	OZ251424.1	14430001	14460000	0.0032030749519538	21854	70	21854	0
PflaHELAf	OZ251424.1	14430001	14460000	0.000549098563192	21854	12	21854	0
PflaKGBDf	OZ251424.1	14460001	14490000	0.0035026269702276	22840	80	22840	0
PflaKGBHm	OZ251424.1	14460001	14490000	0.0051663747810858	22840	118	22840	0
PflaHELEm	OZ251424.1	14460001	14490000	0.0056042031523642	22840	128	22840	0
PflaHELAf	OZ251424.1	14460001	14490000	0.0026997123257357	22595	61	22595	245
PflaHELEm	OZ251424.1	14490001	14520000	0.0098192255400574	19859	195	19859	0
PflaKGBDf	OZ251424.1	14490001	14520000	0.005186565285261	19859	103	19859	0
PflaKGBHm	OZ251424.1	14490001	14520000	0.0046830152575658	19859	93	19859	0
PflaHELAf	OZ251424.1	14490001	14520000	0.0015106500830857	19859	30	19859	0
PflaKGBHm	OZ251424.1	14520001	14550000	0.003034199022885	19445	59	19445	157
PflaHELEm	OZ251424.1	14520001	14550000	0.0092847668605244	19602	182	19602	0
PflaKGBDf	OZ251424.1	14520001	14550000	0.0048858259617362	19444	95	19444	158
PflaHELAf	OZ251424.1	14520001	14550000	0.0081114172023262	19602	159	19602	0
PflaHELEm	OZ251424.1	14550001	14580000	0.0062594089216385	25242	158	25242	0
PflaKGBDf	OZ251424.1	14550001	14580000	0.0044780851232464	25234	113	25234	8
PflaHELAf	OZ251424.1	14550001	14580000	0.0048761149653121	25225	123	25225	17
PflaKGBHm	OZ251424.1	14550001	14580000	0.0032089374851438	25242	81	25242	0
PflaHELAf	OZ251424.1	14580001	14610000	0.0054269333450041	22849	124	22849	0
PflaKGBHm	OZ251424.1	14580001	14610000	0.0006127182808875	22849	14	22849	0
PflaHELEm	OZ251424.1	14580001	14610000	0.0072650881876668	22849	166	22849	0
PflaKGBDf	OZ251424.1	14580001	14610000	0.0038076064598013	22849	87	22849	0
PflaKGBDf	OZ251424.1	14610001	14640000	0.0027780745806175	18718	52	18718	23
PflaHELAf	OZ251424.1	14610001	14640000	0.0068833039859132	18741	129	18741	0
PflaKGBHm	OZ251424.1	14610001	14640000	0.0013355414284951	18719	25	18719	22
PflaHELEm	OZ251424.1	14610001	14640000	0.0093911744303932	18741	176	18741	0
PflaHELEm	OZ251424.1	14640001	14670000	0.0097749719987781	19642	192	19642	0
PflaKGBHm	OZ251424.1	14640001	14670000	0.0027492108746563	19642	54	19642	0
PflaKGBDf	OZ251424.1	14640001	14670000	0.0047856633744017	19642	94	19642	0
PflaHELAf	OZ251424.1	14640001	14670000	0.0053965991243254	19642	106	19642	0
PflaHELEm	OZ251424.1	14670001	14700000	0.0032124041632757	23347	75	23347	0
PflaKGBDf	OZ251424.1	14670001	14700000	0.0014562898873516	23347	34	23347	0
PflaHELAf	OZ251424.1	14670001	14700000	0.0044545337730757	23347	104	23347	0
PflaKGBHm	OZ251424.1	14670001	14700000	0.0018850948973908	23341	44	23341	6
PflaHELEm	OZ251424.1	14700001	14730000	0.0042439621981099	22856	97	22856	0
PflaKGBHm	OZ251424.1	14700001	14730000	0.0030189009450472	22856	69	22856	0
PflaHELAf	OZ251424.1	14700001	14730000	0.0032814140707035	22856	75	22856	0
PflaKGBDf	OZ251424.1	14700001	14730000	0.0026688834441722	22856	61	22856	0
PflaHELAf	OZ251424.1	14730001	14760000	0.0037885385821285	22964	87	22964	0
PflaKGBDf	OZ251424.1	14730001	14760000	0.0039191778435812	22964	90	22964	0
PflaHELEm	OZ251424.1	14730001	14760000	0.0064884166521511	22964	149	22964	0
PflaKGBHm	OZ251424.1	14730001	14760000	0.0017854032398536	22964	41	22964	0
PflaHELAf	OZ251424.1	14760001	14790000	0.0029050838968194	19965	58	19965	14
PflaKGBDf	OZ251424.1	14760001	14790000	0.0035537314179888	19979	71	19979	0
PflaHELEm	OZ251424.1	14760001	14790000	0.0036037839731718	19979	72	19979	0
PflaKGBHm	OZ251424.1	14760001	14790000	0.0071074628359777	19979	142	19979	0
PflaKGBHm	OZ251424.1	14790001	14820000	0.0031443544545021	20990	66	20990	0
PflaHELEm	OZ251424.1	14790001	14820000	0.0044783230109575	20990	94	20990	0
PflaHELAf	OZ251424.1	14790001	14820000	0.0012863268222963	20990	27	20990	0
PflaKGBDf	OZ251424.1	14790001	14820000	0.0023820867079561	20990	50	20990	0
PflaHELAf	OZ251424.1	14820001	14850000	0.0038127432097794	25441	97	25441	0
PflaKGBDf	OZ251424.1	14820001	14850000	0.0038913564718367	25441	99	25441	0
PflaHELEm	OZ251424.1	14820001	14850000	0.0031052238512637	25441	79	25441	0
PflaKGBHm	OZ251424.1	14820001	14850000	0.0032624503753783	25441	83	25441	0
PflaHELAf	OZ251424.1	14850001	14880000	0.0057610379550735	20656	119	20656	0
PflaKGBDf	OZ251424.1	14850001	14880000	0.0040666150271107	20656	84	20656	0
PflaHELEm	OZ251424.1	14850001	14880000	0.0050832687838884	20656	105	20656	0
PflaKGBHm	OZ251424.1	14850001	14880000	0.0025675806607886	20642	53	20642	14
PflaKGBHm	OZ251424.1	14880001	14910000	0.0026573189348108	17687	47	17687	2
PflaHELEm	OZ251424.1	14880001	14910000	0.0080275877664085	17689	142	17689	0
PflaKGBDf	OZ251424.1	14880001	14910000	0.0061620215953417	17689	109	17689	0
PflaHELAf	OZ251424.1	14880001	14910000	0.0053705692803437	17689	95	17689	0
PflaHELAf	OZ251424.1	14910001	14940000	0.0090368470149253	17152	155	17152	122
PflaKGBDf	OZ251424.1	14910001	14940000	0.006252170892671	17274	108	17274	0
PflaHELEm	OZ251424.1	14910001	14940000	0.0059048280653004	17274	102	17274	0
PflaKGBHm	OZ251424.1	14910001	14940000	0.0015630427231677	17274	27	17274	0
PflaHELAf	OZ251424.1	14940001	14970000	0.0003738317757009	18725	7	18725	0
PflaKGBDf	OZ251424.1	14940001	14970000	0.0062015503875968	18705	116	18705	20
PflaHELEm	OZ251424.1	14940001	14970000	0.0030453598333066	18717	57	18717	8
PflaKGBHm	OZ251424.1	14940001	14970000	0.0008544726301735	18725	16	18725	0
PflaHELEm	OZ251424.1	14970001	15000000	0.0018160651920838	21475	39	21475	0
PflaKGBHm	OZ251424.1	14970001	15000000	0.0033993015133876	21475	73	21475	0
PflaKGBDf	OZ251424.1	14970001	15000000	0.0058207217694994	21475	125	21475	0
PflaHELAf	OZ251424.1	14970001	15000000	0.0033061699650756	21475	71	21475	0
PflaHELAf	OZ251424.1	15000001	15030000	0.0013042218143174	20702	27	20702	0
PflaKGBDf	OZ251424.1	15000001	15030000	0.0031880977683315	20702	66	20702	0
PflaHELEm	OZ251424.1	15000001	15030000	0.0054101053038353	20702	112	20702	0
PflaKGBHm	OZ251424.1	15000001	15030000	0.0039126654429523	20702	81	20702	0
PflaHELAf	OZ251424.1	15030001	15060000	0.003929452618112	21886	86	21886	23
PflaKGBDf	OZ251424.1	15030001	15060000	0.0022365238030033	21909	49	21909	0
PflaHELEm	OZ251424.1	15030001	15060000	0.0048838376922725	21909	107	21909	0
PflaKGBHm	OZ251424.1	15030001	15060000	0.0031950340042904	21909	70	21909	0
PflaKGBHm	OZ251424.1	15060001	15090000	0.010214300020028	19972	204	19972	0
PflaHELEm	OZ251424.1	15060001	15090000	0.0114159823753254	19972	228	19972	0
PflaKGBDf	OZ251424.1	15060001	15090000	0.0109653514920889	19972	219	19972	0
PflaHELAf	OZ251424.1	15060001	15090000	0.0097636691367915	19972	195	19972	0
PflaHELAf	OZ251424.1	15090001	15120000	0.0059386009058882	19870	118	19870	0
PflaKGBDf	OZ251424.1	15090001	15120000	0.0013588324106693	19870	27	19870	0
PflaHELEm	OZ251424.1	15090001	15120000	0.0065928535480624	19870	131	19870	0
PflaKGBHm	OZ251424.1	15090001	15120000	0.0070457976849521	19870	140	19870	0
PflaKGBHm	OZ251424.1	15120001	15150000	0.0050094623177112	17966	90	17966	0
PflaKGBDf	OZ251424.1	15120001	15150000	0.0037897787437998	17943	68	17943	23
PflaHELAf	OZ251424.1	15120001	15150000	0.0093509963263943	17966	168	17966	0
PflaHELEm	OZ251424.1	15120001	15150000	0.0088574452676731	17951	159	17951	15
PflaHELEm	OZ251424.1	15150001	15180000	0.0042323817129167	25045	106	25045	0
PflaKGBHm	OZ251424.1	15150001	15180000	0.003753244160511	25045	94	25045	0
PflaKGBDf	OZ251424.1	15150001	15180000	0.0038730285486124	25045	97	25045	0
PflaHELAf	OZ251424.1	15150001	15180000	0.0037133160311439	25045	93	25045	0
PflaKGBHm	OZ251424.1	15180001	15210000	0.0030612244897959	19600	60	19600	0
PflaHELEm	OZ251424.1	15180001	15210000	0.0080612244897959	19600	158	19600	0
PflaKGBDf	OZ251424.1	15180001	15210000	0.0063775510204081	19600	125	19600	0
PflaHELAf	OZ251424.1	15180001	15210000	0.0079591836734693	19600	156	19600	0
PflaKGBHm	OZ251424.1	15210001	15240000	0.0054282267792521	19896	108	19896	0
PflaHELEm	OZ251424.1	15210001	15240000	0.0081926015279453	19896	163	19896	0
PflaKGBDf	OZ251424.1	15210001	15240000	0.0045235223160434	19896	90	19896	0
PflaHELAf	OZ251424.1	15210001	15240000	0.0073381584238037	19896	146	19896	0
PflaHELAf	OZ251424.1	15240001	15270000	0.0081674323634507	19590	160	19590	0
PflaKGBHm	OZ251424.1	15240001	15270000	0.004594180704441	19590	90	19590	0
PflaHELEm	OZ251424.1	15240001	15270000	0.0099540581929555	19590	195	19590	0
PflaKGBDf	OZ251424.1	15240001	15270000	0.0069933639612046	19590	137	19590	0
PflaKGBHm	OZ251424.1	15270001	15300000	0.0038520364810513	17653	68	17653	0
PflaHELEm	OZ251424.1	15270001	15300000	0.01076304310882	17653	190	17653	0
PflaKGBDf	OZ251424.1	15270001	15300000	0.0035687985045034	17653	63	17653	0
PflaHELAf	OZ251424.1	15270001	15300000	0.0081006061292698	17653	143	17653	0
PflaKGBHm	OZ251424.1	15300001	15330000	0.0033699976597238	21365	72	21365	0
PflaHELEm	OZ251424.1	15300001	15330000	0.0059443014275684	21365	127	21365	0
PflaKGBDf	OZ251424.1	15300001	15330000	0.0027615258600514	21365	59	21365	0
PflaHELAf	OZ251424.1	15300001	15330000	0.0051486075356892	21365	110	21365	0
PflaHELAf	OZ251424.1	15330001	15360000	0.0035487858367558	25079	89	25079	0
PflaKGBDf	OZ251424.1	15330001	15360000	0.0023126918936161	25079	58	25079	0
PflaHELEm	OZ251424.1	15330001	15360000	0.0055424857450456	25079	139	25079	0
PflaKGBHm	OZ251424.1	15330001	15360000	0.003110171856932	25079	78	25079	0
PflaKGBHm	OZ251424.1	15360001	15390000	0.0029528027813497	20997	62	20997	0
PflaHELEm	OZ251424.1	15360001	15390000	0.0045720817259608	20997	96	20997	0
PflaKGBDf	OZ251424.1	15360001	15390000	0.0021431633090441	20997	45	20997	0
PflaHELAf	OZ251424.1	15360001	15390000	0.0024289184169167	20997	51	20997	0
PflaHELAf	OZ251424.1	15390001	15420000	0.0045604256397263	23682	108	23682	0
PflaKGBDf	OZ251424.1	15390001	15420000	0.0046026518030571	23682	109	23682	0
PflaHELEm	OZ251424.1	15390001	15420000	0.0044337471497339	23682	105	23682	0
PflaKGBHm	OZ251424.1	15390001	15420000	0.0028320229943359	23658	67	23658	24
PflaHELAf	OZ251424.1	15420001	15450000	0.0040507052992756	20984	85	20984	37
PflaKGBDf	OZ251424.1	15420001	15450000	0.0055182912325769	21021	116	21021	0
PflaHELEm	OZ251424.1	15420001	15450000	0.0063270063270063	21021	133	21021	0
PflaKGBHm	OZ251424.1	15420001	15450000	0.0062318633747205	21021	131	21021	0
PflaHELAf	OZ251424.1	15450001	15480000	0.0033119033703487	25665	85	25665	0
PflaKGBDf	OZ251424.1	15450001	15480000	0.0022598870056497	25665	58	25665	0
PflaKGBHm	OZ251424.1	15450001	15480000	0.0044418468731735	25665	114	25665	0
PflaHELEm	OZ251424.1	15450001	15480000	0.0045587375803623	25665	117	25665	0
PflaHELAf	OZ251424.1	15480001	15510000	0.0035715600721676	27159	97	27159	0
PflaKGBDf	OZ251424.1	15480001	15510000	0.0031665377959424	27159	86	27159	0
PflaHELEm	OZ251424.1	15480001	15510000	0.0040134025553223	27159	109	27159	0
PflaKGBHm	OZ251424.1	15480001	15510000	0.0012150668286755	27159	33	27159	0
PflaKGBDf	OZ251424.1	15510001	15540000	0.0035298120268776	23514	83	23514	0
PflaHELAf	OZ251424.1	15510001	15540000	0.0051883984009526	23514	122	23514	0
PflaKGBHm	OZ251424.1	15510001	15540000	0.0001275835672365	23514	3	23514	0
PflaHELEm	OZ251424.1	15510001	15540000	0.0052309262566981	23514	123	23514	0
PflaHELAf	OZ251424.1	15540001	15570000	0.0011346921622189	23795	27	23795	198
PflaKGBDf	OZ251424.1	15540001	15570000	0.0027924811403325	23993	67	23993	0
PflaHELEm	OZ251424.1	15540001	15570000	0.0062935022714958	23993	151	23993	0
PflaKGBHm	OZ251424.1	15540001	15570000	0.0015069066555043	23890	36	23890	103
PflaHELAf	OZ251424.1	15570001	15600000	0.0035499869485773	19155	68	19155	1
PflaKGBHm	OZ251424.1	15570001	15600000	0.0031321779077051	19156	60	19156	0
PflaHELEm	OZ251424.1	15570001	15600000	0.0080392566297765	19156	154	19156	0
PflaKGBDf	OZ251424.1	15570001	15600000	0.0028222013170272	19134	54	19134	22
PflaHELAf	OZ251424.1	15600001	15630000	0.0070995345338285	21269	151	21269	0
PflaKGBHm	OZ251424.1	15600001	15630000	0.005642014199069	21269	120	21269	0
PflaHELEm	OZ251424.1	15600001	15630000	0.0068644506088673	21269	146	21269	0
PflaKGBDf	OZ251424.1	15600001	15630000	0.007381635243782	21269	157	21269	0
PflaKGBHm	OZ251424.1	15630001	15660000	0.0015346422929361	22155	34	22155	0
PflaHELEm	OZ251424.1	15630001	15660000	0.0097043556759196	22155	215	22155	0
PflaKGBDf	OZ251424.1	15630001	15660000	0.0066802076280749	22155	148	22155	0
PflaHELAf	OZ251424.1	15630001	15660000	0.0066802076280749	22155	148	22155	0
PflaHELAf	OZ251424.1	15660001	15690000	0.0039503386004514	17720	70	17720	0
PflaKGBHm	OZ251424.1	15660001	15690000	0.001805869074492	17720	32	17720	0
PflaHELEm	OZ251424.1	15660001	15690000	0.0064334085778781	17720	114	17720	0
PflaKGBDf	OZ251424.1	15660001	15690000	0.0032731376975169	17720	58	17720	0
PflaHELEm	OZ251424.1	15690001	15720000	0.0044929962117875	22702	102	22702	0
PflaKGBDf	OZ251424.1	15690001	15720000	0.0057263677209056	22702	130	22702	0
PflaHELAf	OZ251424.1	15690001	15720000	0.0059466126332481	22702	135	22702	0
PflaKGBHm	OZ251424.1	15690001	15720000	0.0036560655448859	22702	83	22702	0
PflaHELAf	OZ251424.1	15720001	15750000	0.0045948429644845	18499	85	18499	0
PflaKGBDf	OZ251424.1	15720001	15750000	0.0034596464673766	18499	64	18499	0
PflaKGBHm	OZ251424.1	15720001	15750000	0.004486729012379	18499	83	18499	0
PflaHELEm	OZ251424.1	15720001	15750000	0.0067571220065949	18499	125	18499	0
PflaKGBHm	OZ251424.1	15750001	15780000	0.0056815599290941	22001	125	22001	0
PflaHELEm	OZ251424.1	15750001	15780000	0.0049997727376028	22001	110	22001	0
PflaKGBDf	OZ251424.1	15750001	15780000	0.0050913719429039	21998	112	21998	3
PflaHELAf	OZ251424.1	15750001	15780000	0.0057724648879596	22001	127	22001	0
PflaHELAf	OZ251424.1	15780001	15810000	0.0052606857679661	21290	112	21290	0
PflaKGBHm	OZ251424.1	15780001	15810000	0.0020666979802724	21290	44	21290	0
PflaHELEm	OZ251424.1	15780001	15810000	0.0067637388445279	21290	144	21290	0
PflaKGBDf	OZ251424.1	15780001	15810000	0.0040396448870308	21289	86	21289	1
PflaHELAf	OZ251424.1	15810001	15840000	0.0048899755501222	23722	116	23722	0
PflaKGBDf	OZ251424.1	15810001	15840000	0.0004215496163898	23722	10	23722	0
PflaHELEm	OZ251424.1	15810001	15840000	0.0048056656268442	23722	114	23722	0
PflaKGBHm	OZ251424.1	15810001	15840000	0.0040468763173425	23722	96	23722	0
PflaHELAf	OZ251424.1	15840001	15870000	0.00551871997459	25187	139	25187	14
PflaKGBDf	OZ251424.1	15840001	15870000	0.0048410777350105	25201	122	25201	0
PflaHELEm	OZ251424.1	15840001	15870000	0.0076187452878854	25201	192	25201	0
PflaKGBHm	OZ251424.1	15840001	15870000	0.0025412960609911	25184	64	25184	17
PflaHELAf	OZ251424.1	15870001	15900000	0.0060970182465509	22470	137	22470	0
PflaKGBDf	OZ251424.1	15870001	15900000	0.0058299955496217	22470	131	22470	0
PflaHELEm	OZ251424.1	15870001	15900000	0.0092122830440587	22470	207	22470	0
PflaKGBHm	OZ251424.1	15870001	15900000	0.0050734312416555	22470	114	22470	0
PflaHELAf	OZ251424.1	15900001	15930000	0.0068387758591212	23396	160	23396	0
PflaKGBDf	OZ251424.1	15900001	15930000	0.005727474782014	23396	134	23396	0
PflaHELEm	OZ251424.1	15900001	15930000	0.0072234570011967	23396	169	23396	0
PflaKGBHm	OZ251424.1	15900001	15930000	0.0041460078645922	23396	97	23396	0
PflaKGBHm	OZ251424.1	15930001	15960000	0.0020320697554126	27066	55	27066	0
PflaHELEm	OZ251424.1	15930001	15960000	0.003399098499963	27066	92	27066	0
PflaKGBDf	OZ251424.1	15930001	15960000	0.0011822951304219	27066	32	27066	0
PflaHELAf	OZ251424.1	15930001	15960000	0.0015887090815044	27066	43	27066	0
PflaKGBHm	OZ251424.1	15960001	15990000	0.0059049834481524	22354	132	22354	0
PflaHELEm	OZ251424.1	15960001	15990000	0.0047418806477587	22354	106	22354	0
PflaKGBDf	OZ251424.1	15960001	15990000	0.0090864330155319	22341	203	22341	13
PflaHELAf	OZ251424.1	15960001	15990000	0.0075154334794667	22354	168	22354	0
PflaKGBHm	OZ251424.1	15990001	16020000	0.0004205037635086	23781	10	23781	0
PflaHELEm	OZ251424.1	15990001	16020000	0.0061814053235776	23781	147	23781	0
PflaKGBDf	OZ251424.1	15990001	16020000	0.0036163323661746	23781	86	23781	0
PflaHELAf	OZ251424.1	15990001	16020000	0.0063916572053319	23781	152	23781	0
PflaKGBDf	OZ251424.1	16020001	16050000	0.0024647206649913	20692	51	20692	0
PflaKGBHm	OZ251424.1	16020001	16050000	0.0021264256717572	20692	44	20692	0
PflaHELEm	OZ251424.1	16020001	16050000	0.0049777691861589	20692	103	20692	0
PflaHELAf	OZ251424.1	16020001	16050000	0.0069592112893872	20692	144	20692	0
PflaKGBHm	OZ251424.1	16050001	16080000	0.0004755337866755	21029	10	21029	0
PflaKGBDf	OZ251424.1	16050001	16080000	0.0055161919254363	21029	116	21029	0
PflaHELAf	OZ251424.1	16050001	16080000	0.0072281135574682	21029	152	21029	0
PflaHELEm	OZ251424.1	16050001	16080000	0.0045175709734176	21029	95	21029	0
PflaKGBDf	OZ251424.1	16080001	16110000	0.003619871848215	24034	87	24034	0
PflaKGBHm	OZ251424.1	16080001	16110000	0.0030789714571024	24034	74	24034	0
PflaHELEm	OZ251424.1	16080001	16110000	0.0049097112424065	24034	118	24034	0
PflaHELAf	OZ251424.1	16080001	16110000	0.0031205791794957	24034	75	24034	0
PflaKGBHm	OZ251424.1	16110001	16140000	0.0055944736330025	20556	115	20556	0
PflaHELEm	OZ251424.1	16110001	16140000	0.0097781669585522	20556	201	20556	0
PflaKGBDf	OZ251424.1	16110001	16140000	0.0062932969070153	20498	129	20498	58
PflaHELAf	OZ251424.1	16110001	16140000	0.0085133294415255	20556	175	20556	0
PflaHELEm	OZ251424.1	16140001	16170000	0.0057609217474795	20830	120	20830	0
PflaKGBDf	OZ251424.1	16140001	16170000	0.0034565530484877	20830	72	20830	0
PflaHELAf	OZ251424.1	16140001	16170000	0.0056649063850216	20830	118	20830	0
PflaKGBHm	OZ251424.1	16140001	16170000	0.0033125300048007	20830	69	20830	0
PflaHELAf	OZ251424.1	16170001	16200000	0.0054191550541915	18084	98	18084	0
PflaHELEm	OZ251424.1	16170001	16200000	0.0073545675735456	18084	133	18084	0
PflaKGBDf	OZ251424.1	16170001	16200000	0.0006635700066357	18084	12	18084	0
PflaKGBHm	OZ251424.1	16170001	16200000	0.0011059500110595	18084	20	18084	0
PflaHELAf	OZ251424.1	16200001	16230000	0.0041666666666666	25680	107	25680	0
PflaKGBDf	OZ251424.1	16200001	16230000	0.0027647975077881	25680	71	25680	0
PflaHELEm	OZ251424.1	16200001	16230000	0.0052959501557632	25680	136	25680	0
PflaKGBHm	OZ251424.1	16200001	16230000	0.0013629283489096	25680	35	25680	0
PflaKGBDf	OZ251424.1	16230001	16260000	0.0047484138701568	25061	119	25061	0
PflaKGBHm	OZ251424.1	16230001	16260000	0.0035912373807908	25061	90	25061	0
PflaHELEm	OZ251424.1	16230001	16260000	0.0059055903595227	25061	148	25061	0
PflaHELAf	OZ251424.1	16230001	16260000	0.005825785084394	25061	146	25061	0
PflaKGBHm	OZ251424.1	16260001	16290000	0.0004932463196236	26356	13	26356	3
PflaHELEm	OZ251424.1	16260001	16290000	0.0021624492583178	26359	57	26359	0
PflaKGBDf	OZ251424.1	16260001	16290000	0.0032247050343336	26359	85	26359	0
PflaHELAf	OZ251424.1	16260001	16290000	0.0031108919154747	26359	82	26359	0
PflaKGBHm	OZ251424.1	16290001	16320000	0.0025098166214629	24703	62	24703	0
PflaKGBDf	OZ251424.1	16290001	16320000	0.0041695340646884	24703	103	24703	0
PflaHELEm	OZ251424.1	16290001	16320000	0.0044529004574343	24703	110	24703	0
PflaHELAf	OZ251424.1	16290001	16320000	0.0021050074889689	24703	52	24703	0
PflaKGBHm	OZ251424.1	16320001	16350000	0.0044609987439906	23089	103	23089	0
PflaHELEm	OZ251424.1	16320001	16350000	0.0074061241283728	23089	171	23089	0
PflaKGBDf	OZ251424.1	16320001	16350000	0.0049807267529992	23089	115	23089	0
PflaHELAf	OZ251424.1	16320001	16350000	0.0067131534496946	23089	155	23089	0
PflaHELAf	OZ251424.1	16350001	16380000	0.0032692767721872	25082	82	25082	0
PflaKGBDf	OZ251424.1	16350001	16380000	0.0024320229646758	25082	61	25082	0
PflaHELEm	OZ251424.1	16350001	16380000	0.004983653616139	25082	125	25082	0
PflaKGBHm	OZ251424.1	16350001	16380000	0.0021130691332429	25082	53	25082	0
PflaHELEm	OZ251424.1	16380001	16410000	0.0043688790184585	27467	120	27467	0
PflaKGBHm	OZ251424.1	16380001	16410000	0.0013106637055375	27467	36	27467	0
PflaHELAf	OZ251424.1	16380001	16410000	0.0006189245276149	27467	17	27467	0
PflaKGBDf	OZ251424.1	16380001	16410000	0.0026577347362289	27467	73	27467	0
PflaHELEm	OZ251424.1	16410001	16440000	0.0009637125171429	26979	26	26979	0
PflaHELAf	OZ251424.1	16410001	16440000	0.0003335927943956	26979	9	26979	0
PflaKGBHm	OZ251424.1	16410001	16440000	0.0016709988860007	26930	45	26930	49
PflaKGBDf	OZ251424.1	16410001	16440000	0.0002965269283516	26979	8	26979	0
PflaKGBHm	OZ251424.1	16440001	16470000	0.0038766368022053	23216	90	23216	0
PflaHELEm	OZ251424.1	16440001	16470000	0.007710199862164	23216	179	23216	0
PflaKGBDf	OZ251424.1	16440001	16470000	0.0004738111647139	23216	11	23216	0
PflaHELAf	OZ251424.1	16440001	16470000	0.0035751206064782	23216	83	23216	0
PflaHELAf	OZ251424.1	16470001	16500000	0.0040052116006369	20723	83	20723	0
PflaKGBHm	OZ251424.1	16470001	16500000	0.0051150895140664	20723	106	20723	0
PflaHELEm	OZ251424.1	16470001	16500000	0.0082034454470877	20723	170	20723	0
PflaKGBDf	OZ251424.1	16470001	16500000	0.0029918448101143	20723	62	20723	0
PflaKGBDf	OZ251424.1	16500001	16530000	0.0037508524664696	26394	99	26394	0
PflaHELEm	OZ251424.1	16500001	16530000	0.0051905736152155	26394	137	26394	0
PflaKGBHm	OZ251424.1	16500001	16530000	0.0048495870273547	26394	128	26394	0
PflaHELAf	OZ251424.1	16500001	16530000	0.0043949382435401	26394	116	26394	0
PflaKGBDf	OZ251424.1	16530001	16560000	0.0058505487411233	24784	145	24784	0
PflaHELEm	OZ251424.1	16530001	16560000	0.0068189154293092	24784	169	24784	0
PflaKGBHm	OZ251424.1	16530001	16560000	0.0058102001291155	24784	144	24784	0
PflaHELAf	OZ251424.1	16530001	16560000	0.0056084570690768	24784	139	24784	0
PflaKGBHm	OZ251424.1	16560001	16590000	0.0041962412392303	22401	94	22401	0
PflaKGBDf	OZ251424.1	16560001	16590000	0.0026784518548279	22401	60	22401	0
PflaHELEm	OZ251424.1	16560001	16590000	0.007142538279541	22401	160	22401	0
PflaHELAf	OZ251424.1	16560001	16590000	0.005089058524173	22401	114	22401	0
PflaKGBHm	OZ251424.1	16590001	16620000	0.0025705504330818	17895	46	17895	0
PflaHELEm	OZ251424.1	16590001	16620000	0.0073763621123218	17895	132	17895	0
PflaKGBDf	OZ251424.1	16590001	16620000	0.0054205085219335	17895	97	17895	0
PflaHELAf	OZ251424.1	16590001	16620000	0.00480581167924	17895	86	17895	0
PflaKGBHm	OZ251424.1	16620001	16650000	0.0034179442070872	19895	68	19895	0
PflaHELEm	OZ251424.1	16620001	16650000	0.0053782357376225	19895	107	19895	0
PflaKGBDf	OZ251424.1	16620001	16650000	0.0017089721035436	19895	34	19895	0
PflaHELAf	OZ251424.1	16620001	16650000	0.0040211108318673	19895	80	19895	0
PflaHELAf	OZ251424.1	16650001	16680000	0.0055805756804386	10214	57	10214	0
PflaKGBDf	OZ251424.1	16650001	16680000	0.0035245741139612	10214	36	10214	0
PflaHELEm	OZ251424.1	16650001	16680000	0.0058742901899353	10214	60	10214	0
PflaKGBHm	OZ251424.1	16650001	16680000	0.0021539064029763	10214	22	10214	0
PflaHELEm	OZ251424.1	16680001	16710000	0.0056686128904257	17641	100	17641	0
PflaHELAf	OZ251424.1	16680001	16710000	0.0063488464372767	17641	112	17641	0
PflaKGBHm	OZ251424.1	16680001	16710000	0.0052151238591916	17641	92	17641	0
PflaKGBDf	OZ251424.1	16680001	16710000	0.002437503542883	17641	43	17641	0
PflaKGBDf	OZ251424.1	16710001	16740000	0.0009868623943748	16213	16	16213	0
PflaHELEm	OZ251424.1	16710001	16740000	0.0072164312588663	16213	117	16213	0
PflaKGBHm	OZ251424.1	16710001	16740000	0.0040091284771479	16213	65	16213	0
PflaHELAf	OZ251424.1	16710001	16740000	0.002590513785234	16213	42	16213	0
PflaHELAf	OZ251424.1	16740001	16770000	0.0015777395295467	20916	33	20916	0
PflaKGBDf	OZ251424.1	16740001	16770000	0.0036813922356091	20916	77	20916	0
PflaHELEm	OZ251424.1	16740001	16770000	0.0076974564926372	20916	161	20916	0
PflaKGBHm	OZ251424.1	16740001	16770000	0.0050200803212851	20916	105	20916	0
PflaHELEm	OZ251424.1	16770001	16800000	0.0050203818922977	23305	117	23305	0
PflaHELAf	OZ251424.1	16770001	16800000	0.0027891010512765	23305	65	23305	0
PflaKGBDf	OZ251424.1	16770001	16800000	0.0041192877065007	23305	96	23305	0
PflaKGBHm	OZ251424.1	16770001	16800000	0.0028749195451619	23305	67	23305	0
PflaHELAf	OZ251424.1	16800001	16830000	0.0027660945019135	26391	73	26391	0
PflaKGBDf	OZ251424.1	16800001	16830000	0.0025008525633738	26391	66	26391	0
PflaHELEm	OZ251424.1	16800001	16830000	0.0030313364404531	26391	80	26391	0
PflaKGBHm	OZ251424.1	16800001	16830000	0.0014783927217589	26380	39	26380	11
PflaHELAf	OZ251424.1	16830001	16860000	0.0033668715499354	25543	86	25543	0
PflaKGBDf	OZ251424.1	16830001	16860000	0.0026621775046	25543	68	25543	0
PflaHELEm	OZ251424.1	16830001	16860000	0.0050111576557178	25543	128	25543	0
PflaKGBHm	OZ251424.1	16830001	16860000	0.0022706808127471	25543	58	25543	0
PflaHELAf	OZ251424.1	16860001	16890000	0.0022570022570022	27027	61	27027	0
PflaKGBDf	OZ251424.1	16860001	16890000	0.0025530025530025	27027	69	27027	0
PflaHELEm	OZ251424.1	16860001	16890000	0.0031820031820031	27027	86	27027	0
PflaKGBHm	OZ251424.1	16860001	16890000	0.0018870018870018	27027	51	27027	0
PflaKGBHm	OZ251424.1	16890001	16920000	0.002389486260454	26784	64	26784	0
PflaHELEm	OZ251424.1	16890001	16920000	0.0043682795698924	26784	117	26784	0
PflaHELAf	OZ251424.1	16890001	16920000	0.0035468936678614	26784	95	26784	0
PflaKGBDf	OZ251424.1	16890001	16920000	0.0021281362007168	26784	57	26784	0
PflaHELAf	OZ251424.1	16920001	16950000	0.0024559217037498	27281	67	27281	0
PflaKGBDf	OZ251424.1	16920001	16950000	0.0022359884168468	27281	61	27281	0
PflaHELEm	OZ251424.1	16920001	16950000	0.0023092995124812	27281	63	27281	0
PflaKGBHm	OZ251424.1	16920001	16950000	0.0031890326600931	27281	87	27281	0
PflaHELAf	OZ251424.1	16950001	16980000	0.0008784344346298	20491	18	20491	0
PflaKGBDf	OZ251424.1	16950001	16980000	0.0005856229564198	20491	12	20491	0
PflaHELEm	OZ251424.1	16950001	16980000	0.0041969645210092	20491	86	20491	0
PflaKGBHm	OZ251424.1	16950001	16980000	0.0011224439998047	20491	23	20491	0
PflaHELAf	OZ251424.1	16980001	17010000	0.0028085032837884	23144	65	23144	0
PflaKGBDf	OZ251424.1	16980001	17010000	0.0023332181126857	23144	54	23144	0
PflaHELEm	OZ251424.1	16980001	17010000	0.0039751123401313	23144	92	23144	0
PflaKGBHm	OZ251424.1	16980001	17010000	0.0009937780850328	23144	23	23144	0
PflaHELEm	OZ251424.1	17010001	17040000	0.0065872918456691	24441	161	24441	0
PflaKGBHm	OZ251424.1	17010001	17040000	0.0040505707622437	24441	99	24441	0
PflaKGBDf	OZ251424.1	17010001	17040000	0.0020048279530297	24441	49	24441	0
PflaHELAf	OZ251424.1	17010001	17040000	0.0043369747555337	24441	106	24441	0
PflaHELAf	OZ251424.1	17040001	17070000	0.0053301151506008	19887	106	19887	0
PflaKGBDf	OZ251424.1	17040001	17070000	0.0057323879921556	19887	114	19887	0
PflaHELEm	OZ251424.1	17040001	17070000	0.0063357972544878	19887	126	19887	0
PflaKGBHm	OZ251424.1	17040001	17070000	0.0054809674661839	19887	109	19887	0
PflaHELAf	OZ251424.1	17070001	17100000	0.0057046831468624	22613	129	22613	15
PflaKGBDf	OZ251424.1	17070001	17100000	0.0033144776383242	22628	75	22628	0
PflaHELEm	OZ251424.1	17070001	17100000	0.006540569206293	22628	148	22628	0
PflaKGBHm	OZ251424.1	17070001	17100000	0.0056125154675623	22628	127	22628	0
PflaKGBHm	OZ251424.1	17100001	17130000	0.0054725320985055	23755	130	23755	0
PflaHELAf	OZ251424.1	17100001	17130000	0.0050094716901704	23755	119	23755	0
PflaKGBDf	OZ251424.1	17100001	17130000	0.0062302673121448	23755	148	23755	0
PflaHELEm	OZ251424.1	17100001	17130000	0.0065274151436031	23746	155	23746	9
PflaKGBHm	OZ251424.1	17130001	17160000	0.0036007201440288	24995	90	24995	0
PflaHELEm	OZ251424.1	17130001	17160000	0.003880776155231	24995	97	24995	0
PflaKGBDf	OZ251424.1	17130001	17160000	0.0024004800960192	24995	60	24995	0
PflaHELAf	OZ251424.1	17130001	17160000	0.0029605921184236	24995	74	24995	0
PflaKGBHm	OZ251424.1	17160001	17190000	0.005737330062778	24053	138	24053	0
PflaHELEm	OZ251424.1	17160001	17190000	0.0064441026067434	24053	155	24053	0
PflaKGBDf	OZ251424.1	17160001	17190000	0.0059452043404149	24053	143	24053	0
PflaHELAf	OZ251424.1	17160001	17190000	0.0005835278426142	23992	14	23992	61
PflaHELEm	OZ251424.1	17190001	17220000	0.0063732563732563	24948	159	24948	0
PflaKGBDf	OZ251424.1	17190001	17220000	0.0042889209555876	24948	107	24948	0
PflaHELAf	OZ251424.1	17190001	17220000	0.0044893378226711	24948	112	24948	0
PflaKGBHm	OZ251424.1	17190001	17220000	0.0048500881834215	24948	121	24948	0
PflaKGBHm	OZ251424.1	17220001	17250000	0.0014506976148824	23437	34	23437	0
PflaHELEm	OZ251424.1	17220001	17250000	0.0046507658830055	23437	109	23437	0
PflaKGBDf	OZ251424.1	17220001	17250000	0.0020053761146904	23437	47	23437	0
PflaHELAf	OZ251424.1	17220001	17250000	0.0047787686137304	23437	112	23437	0
PflaHELAf	OZ251424.1	17250001	17280000	0.0049622617905842	23981	119	23981	6
PflaKGBDf	OZ251424.1	17250001	17280000	0.0050443990494851	23987	121	23987	0
PflaHELEm	OZ251424.1	17250001	17280000	0.006753658231542	23987	162	23987	0
PflaKGBHm	OZ251424.1	17250001	17280000	0.0043773710759995	23987	105	23987	0
PflaHELAf	OZ251424.1	17280001	17310000	0.0024629563421125	25173	62	25173	0
PflaKGBDf	OZ251424.1	17280001	17310000	0.0038533349223374	25173	97	25173	0
PflaKGBHm	OZ251424.1	17280001	17310000	0.0027807571604496	25173	70	25173	0
PflaHELEm	OZ251424.1	17280001	17310000	0.0052834386048544	25173	133	25173	0
PflaKGBHm	OZ251424.1	17310001	17340000	0.0038492113300698	23901	92	23901	0
PflaKGBDf	OZ251424.1	17310001	17340000	0.0022174804401489	23901	53	23901	0
PflaHELAf	OZ251424.1	17310001	17340000	0.0031379440190786	23901	75	23901	0
PflaHELEm	OZ251424.1	17310001	17340000	0.0048951926697627	23901	117	23901	0
PflaKGBDf	OZ251424.1	17340001	17370000	0.0026533602629598	25251	67	25251	0
PflaHELEm	OZ251424.1	17340001	17370000	0.0078016712209417	25251	197	25251	0
PflaKGBHm	OZ251424.1	17340001	17370000	0.0051483109579818	25251	130	25251	0
PflaHELAf	OZ251424.1	17340001	17370000	0.0050691061740129	25251	128	25251	0
PflaKGBHm	OZ251424.1	17370001	17400000	0.001979463070642	24249	48	24249	0
PflaHELAf	OZ251424.1	17370001	17400000	0.00482494123469	24249	117	24249	0
PflaKGBDf	OZ251424.1	17370001	17400000	0.005402284630294	24249	131	24249	0
PflaHELEm	OZ251424.1	17370001	17400000	0.0064744937935584	24249	157	24249	0
PflaHELAf	OZ251424.1	17400001	17430000	0.0011209462332341	25871	29	25871	0
PflaKGBDf	OZ251424.1	17400001	17430000	0.0052181979822967	25871	135	25871	0
PflaHELEm	OZ251424.1	17400001	17430000	0.0061845309419813	25871	160	25871	0
PflaKGBHm	OZ251424.1	17400001	17430000	0.0033675246758273	25835	87	25835	36
PflaKGBHm	OZ251424.1	17430001	17460000	0.0005164527076877	27108	14	27108	119
PflaHELEm	OZ251424.1	17430001	17460000	0.0029015315679288	27227	79	27227	0
PflaKGBDf	OZ251424.1	17430001	17460000	0.004260476732655	27227	116	27227	0
PflaHELAf	OZ251424.1	17430001	17460000	0.0020200536232416	27227	55	27227	0
PflaKGBDf	OZ251424.1	17460001	17490000	0.0022281445235702	22889	51	22889	0
PflaHELAf	OZ251424.1	17460001	17490000	0.0044125999388352	22889	101	22889	0
PflaKGBHm	OZ251424.1	17460001	17490000	0.0024465900650967	22889	56	22889	0
PflaHELEm	OZ251424.1	17460001	17490000	0.0048494910218882	22889	111	22889	0
PflaHELEm	OZ251424.1	17490001	17520000	0.003976143141153	18108	72	18108	0
PflaKGBDf	OZ251424.1	17490001	17520000	0.001049259995582	18108	19	18108	0
PflaKGBHm	OZ251424.1	17490001	17520000	0.0016015020985199	18108	29	18108	0
PflaHELAf	OZ251424.1	17490001	17520000	0.003976143141153	18108	72	18108	0
PflaKGBHm	OZ251424.1	17520001	17550000	0.0045418113812449	26201	119	26201	0
PflaHELEm	OZ251424.1	17520001	17550000	0.0069081332773558	26201	181	26201	0
PflaKGBDf	OZ251424.1	17520001	17550000	0.0025189878248921	26201	66	26201	0
PflaHELAf	OZ251424.1	17520001	17550000	0.0044273119346589	26201	116	26201	0
PflaKGBHm	OZ251424.1	17550001	17580000	0.0043739748496446	25606	112	25606	0
PflaHELEm	OZ251424.1	17550001	17580000	0.0041396547684136	25606	106	25606	0
PflaKGBDf	OZ251424.1	17550001	17580000	0.0044130281965164	25606	113	25606	0
PflaHELAf	OZ251424.1	17550001	17580000	0.0046082949308755	25606	118	25606	0
PflaKGBHm	OZ251424.1	17580001	17610000	0.0036404916620997	25546	93	25546	0
PflaHELEm	OZ251424.1	17580001	17610000	0.0044233930948093	25546	113	25546	0
PflaKGBDf	OZ251424.1	17580001	17610000	0.0042668128082674	25546	109	25546	0
PflaHELAf	OZ251424.1	17580001	17610000	0.0036796367337352	25546	94	25546	0
PflaHELEm	OZ251424.1	17610001	17640000	0.0044215714699913	27592	122	27592	0
PflaKGBHm	OZ251424.1	17610001	17640000	0.0040591475790084	27592	112	27592	0
PflaKGBDf	OZ251424.1	17610001	17640000	0.0040591475790084	27592	112	27592	0
PflaHELAf	OZ251424.1	17610001	17640000	0.0042766019135981	27592	118	27592	0
PflaKGBHm	OZ251424.1	17640001	17670000	0.0006612116703859	24198	16	24198	0
PflaHELAf	OZ251424.1	17640001	17670000	0.0022729151169518	24198	55	24198	0
PflaHELEm	OZ251424.1	17640001	17670000	0.0036366641871229	24198	88	24198	0
PflaKGBDf	OZ251424.1	17640001	17670000	0.0017356806347632	24198	42	24198	0
PflaHELAf	OZ251424.1	17670001	17700000	0.0036646016926969	22922	84	22922	0
PflaKGBDf	OZ251424.1	17670001	17700000	0.0030103398630077	22921	69	22921	1
PflaHELEm	OZ251424.1	17670001	17700000	0.00427555516775	22921	98	22921	1
PflaKGBHm	OZ251424.1	17670001	17700000	0.0026175726376406	22922	60	22922	0
PflaHELEm	OZ251424.1	17700001	17730000	0.0059683219833193	26138	156	26138	0
PflaHELAf	OZ251424.1	17700001	17730000	0.0032519703114239	26138	85	26138	0
PflaKGBDf	OZ251424.1	17700001	17730000	0.002757564151666	26110	72	26110	28
PflaKGBHm	OZ251424.1	17700001	17730000	0.003328487259928	26138	87	26138	0
PflaHELAf	OZ251424.1	17730001	17760000	0.0021814352339401	26588	58	26588	0
PflaKGBDf	OZ251424.1	17730001	17760000	0.0017301038062283	26588	46	26588	0
PflaKGBHm	OZ251424.1	17730001	17760000	0.0006769971415676	26588	18	26588	0
PflaHELEm	OZ251424.1	17730001	17760000	0.0023318790431773	26588	62	26588	0
PflaKGBHm	OZ251424.1	17760001	17790000	0.0042406785085613	24996	106	24996	0
PflaHELEm	OZ251424.1	17760001	17790000	0.0060409665546487	24996	151	24996	0
PflaKGBDf	OZ251424.1	17760001	17790000	0.0050808129300688	24996	127	24996	0
PflaHELAf	OZ251424.1	17760001	17790000	0.0051608257321171	24996	129	24996	0
PflaKGBHm	OZ251424.1	17790001	17820000	0.0008673026886383	19601	17	19601	0
PflaHELEm	OZ251424.1	17790001	17820000	0.0038773531962654	19601	76	19601	0
PflaKGBDf	OZ251424.1	17790001	17820000	0.0041324422223355	19601	81	19601	0
PflaHELAf	OZ251424.1	17790001	17820000	0.0020917300137748	19601	41	19601	0
PflaHELAf	OZ251424.1	17820001	17850000	0.0009899939893222	28283	28	28283	0
PflaKGBHm	OZ251424.1	17820001	17850000	0.0006010677792313	28283	17	28283	0
PflaHELEm	OZ251424.1	17820001	17850000	0.0023689141887352	28283	67	28283	0
PflaKGBDf	OZ251424.1	17820001	17850000	0.000919280132942	28283	26	28283	0
PflaKGBDf	OZ251424.1	17850001	17880000	0.0014835747085835	28310	42	28310	0
PflaHELAf	OZ251424.1	17850001	17880000	0.0012716354645001	28310	36	28310	0
PflaKGBHm	OZ251424.1	17850001	17880000	0.0011303426351112	28310	32	28310	0
PflaHELEm	OZ251424.1	17850001	17880000	0.0013069586718474	28310	37	28310	0
PflaHELEm	OZ251424.1	17880001	17910000	0.0034018925471181	25574	87	25574	0
PflaKGBHm	OZ251424.1	17880001	17910000	0.0024243372174865	25574	62	25574	0
PflaKGBDf	OZ251424.1	17880001	17910000	0.0014858841010401	25574	38	25574	0
PflaHELAf	OZ251424.1	17880001	17910000	0.0016422929537811	25574	42	25574	0
PflaKGBDf	OZ251424.1	17910001	17940000	0.0027446388055331	27326	75	27326	0
PflaHELEm	OZ251424.1	17910001	17940000	0.0040254702481153	27326	110	27326	0
PflaKGBHm	OZ251424.1	17910001	17940000	0.0025616628851643	27326	70	27326	0
PflaHELAf	OZ251424.1	17910001	17940000	0.003256971382566	27326	89	27326	0
PflaHELAf	OZ251424.1	17940001	17970000	0.0024218326405205	27665	67	27665	0
PflaKGBHm	OZ251424.1	17940001	17970000	0.0028555937104644	27665	79	27665	0
PflaHELEm	OZ251424.1	17940001	17970000	0.0031086210012651	27665	86	27665	0
PflaKGBDf	OZ251424.1	17940001	17970000	0.0028194469546358	27665	78	27665	0
PflaKGBHm	OZ251424.1	17970001	18000000	0.0018856065367693	22274	42	22274	0
PflaHELEm	OZ251424.1	17970001	18000000	0.0048935979168537	22274	109	22274	0
PflaKGBDf	OZ251424.1	17970001	18000000	0.0016612041485206	22273	37	22273	1
PflaHELAf	OZ251424.1	17970001	18000000	0.0035467361048756	22274	79	22274	0
PflaHELAf	OZ251424.1	18000001	18030000	0.0011651616661811	27464	32	27464	0
PflaKGBDf	OZ251424.1	18000001	18030000	0.001820565103408	27464	50	27464	0
PflaHELEm	OZ251424.1	18000001	18030000	0.0014564520827264	27464	40	27464	0
PflaKGBHm	OZ251424.1	18000001	18030000	0.0023667346344305	27464	65	27464	0
PflaHELAf	OZ251424.1	18030001	18060000	0.0039402396979149	24364	96	24364	0
PflaKGBDf	OZ251424.1	18030001	18060000	0.0020522081759973	24364	50	24364	0
PflaKGBHm	OZ251424.1	18030001	18060000	0.0032424889180758	24364	79	24364	0
PflaHELEm	OZ251424.1	18030001	18060000	0.0037370128536815	24351	91	24351	13
PflaHELAf	OZ251424.1	18060001	18090000	0.0022856667913394	24063	55	24063	0
PflaKGBDf	OZ251424.1	18060001	18090000	0.000124672734073	24063	3	24063	0
PflaKGBHm	OZ251424.1	18060001	18090000	0.0016623031209741	24063	40	24063	0
PflaHELEm	OZ251424.1	18060001	18090000	0.0032414910858995	24063	78	24063	0
PflaKGBDf	OZ251424.1	18090001	18120000	0.0002823462977341	28334	8	28334	0
PflaKGBHm	OZ251424.1	18090001	18120000	0.000141173148867	28334	4	28334	0
PflaHELEm	OZ251424.1	18090001	18120000	0.0024352368179572	28334	69	28334	0
PflaHELAf	OZ251424.1	18090001	18120000	3.529328721677137e-05	28334	1	28334	0
PflaHELAf	OZ251424.1	18120001	18150000	0.0001093573433456	27433	3	27433	0
PflaKGBDf	OZ251424.1	18120001	18150000	0.000255167134473	27433	7	27433	0
PflaHELEm	OZ251424.1	18120001	18150000	0.0030984580614588	27433	85	27433	0
PflaKGBHm	OZ251424.1	18120001	18150000	7.29048955637371e-05	27433	2	27433	0
PflaKGBHm	OZ251424.1	18150001	18180000	0.0008198766620325	28053	23	28053	0
PflaHELEm	OZ251424.1	18150001	18180000	0.0029230385342031	28053	82	28053	0
PflaHELAf	OZ251424.1	18150001	18180000	0.0001425872455708	28053	4	28053	0
PflaKGBDf	OZ251424.1	18150001	18180000	0.0004277617367126	28053	12	28053	0
PflaKGBDf	OZ251424.1	18180001	18210000	0.0004790091353885	29227	14	29227	0
PflaHELEm	OZ251424.1	18180001	18210000	0.0031477743182673	29227	92	29227	0
PflaKGBHm	OZ251424.1	18180001	18210000	0.0002052896294522	29227	6	29227	0
PflaHELAf	OZ251424.1	18180001	18210000	0.0001368597529681	29227	4	29227	0
PflaHELAf	OZ251424.1	18210001	18240000	3.728560775540641e-05	26820	1	26820	0
PflaKGBDf	OZ251424.1	18210001	18240000	0.0022744220730797	26820	61	26820	0
PflaHELEm	OZ251424.1	18210001	18240000	0.0046979865771812	26820	126	26820	0
PflaKGBHm	OZ251424.1	18210001	18240000	0.0004101416853094	26820	11	26820	0
PflaHELAf	OZ251424.1	18240001	18270000	0.0049060904901134	20179	99	20179	0
PflaKGBHm	OZ251424.1	18240001	18270000	0.0062936716388324	20179	127	20179	0
PflaHELEm	OZ251424.1	18240001	18270000	0.0081776279922684	20177	165	20177	2
PflaKGBDf	OZ251424.1	18240001	18270000	0.0040636305069626	20179	82	20179	0
PflaKGBHm	OZ251424.1	18270001	18300000	0.0058754406580493	18722	110	18722	0
PflaHELEm	OZ251424.1	18270001	18300000	0.0047003525264394	18722	88	18722	0
PflaKGBDf	OZ251424.1	18270001	18300000	0.0036320905886123	18722	68	18722	0
PflaHELAf	OZ251424.1	18270001	18300000	0.0056083751735925	18722	105	18722	0
PflaHELAf	OZ251424.1	18300001	18330000	0.0031008345455937	26122	81	26122	0
PflaKGBDf	OZ251424.1	18300001	18330000	0.0021820687543067	26122	57	26122	0
PflaHELEm	OZ251424.1	18300001	18330000	0.0052063394839598	26122	136	26122	0
PflaKGBHm	OZ251424.1	18300001	18330000	0.0016461220427226	26122	43	26122	0
PflaHELAf	OZ251424.1	18330001	18360000	0.0038705997392438	24544	95	24544	0
PflaKGBDf	OZ251424.1	18330001	18360000	0.001222294654498	24544	30	24544	0
PflaHELEm	OZ251424.1	18330001	18360000	0.0044817470664928	24544	110	24544	0
PflaKGBHm	OZ251424.1	18330001	18360000	0.0002037157757496	24544	5	24544	0
PflaKGBDf	OZ251424.1	18360001	18390000	0.0037876795202272	19009	72	19009	0
PflaKGBHm	OZ251424.1	18360001	18390000	0.0041559261402493	19009	79	19009	0
PflaHELEm	OZ251424.1	18360001	18390000	0.0075753590404545	19009	144	19009	0
PflaHELAf	OZ251424.1	18360001	18390000	0.0053132726603187	19009	101	19009	0
PflaKGBHm	OZ251424.1	18390001	18420000	0.004727257779422	24327	115	24327	0
PflaHELEm	OZ251424.1	18390001	18420000	0.0064537345336457	24327	157	24327	0
PflaKGBDf	OZ251424.1	18390001	18420000	0.0030829942039708	24327	75	24327	0
PflaHELAf	OZ251424.1	18390001	18420000	0.004727257779422	24327	115	24327	0
PflaHELAf	OZ251424.1	18420001	18450000	0.0023334915361493	25284	59	25284	0
PflaKGBDf	OZ251424.1	18420001	18450000	0.0018193323841164	25284	46	25284	0
PflaKGBHm	OZ251424.1	18420001	18450000	0.0052997943363391	25284	134	25284	0
PflaHELEm	OZ251424.1	18420001	18450000	0.00640721404841	25284	162	25284	0
PflaKGBHm	OZ251424.1	18450001	18480000	0.0064134188455846	22297	143	22297	0
PflaHELAf	OZ251424.1	18450001	18480000	0.0067273624254383	22297	150	22297	0
PflaKGBDf	OZ251424.1	18450001	18480000	0.0074897968336547	22297	167	22297	0
PflaHELEm	OZ251424.1	18450001	18480000	0.0083419294075436	22297	186	22297	0
PflaKGBHm	OZ251424.1	18480001	18510000	0.0036752281176072	23672	87	23672	0
PflaHELAf	OZ251424.1	18480001	18510000	0.0052382561676241	23672	124	23672	0
PflaHELEm	OZ251424.1	18480001	18510000	0.0086177762757688	23672	204	23672	0
PflaKGBDf	OZ251424.1	18480001	18510000	0.0038019601216627	23672	90	23672	0
PflaHELEm	OZ251424.1	18510001	18540000	0.0114803625377643	21515	247	21515	0
PflaKGBHm	OZ251424.1	18510001	18540000	0.0028352312340227	21515	61	21515	0
PflaHELAf	OZ251424.1	18510001	18540000	0.0075761096909133	21515	163	21515	0
PflaKGBDf	OZ251424.1	18510001	18540000	0.0058563792702765	21515	126	21515	0
PflaHELAf	OZ251424.1	18540001	18570000	0.0042768418312321	26889	115	26889	0
PflaKGBDf	OZ251424.1	18540001	18570000	0.0022685856670013	26889	61	26889	0
PflaKGBHm	OZ251424.1	18540001	18570000	0.0047603109078061	26889	128	26889	0
PflaHELEm	OZ251424.1	18540001	18570000	0.0060247684926921	26889	162	26889	0
PflaHELAf	OZ251424.1	18570001	18600000	0.0047515343496337	25255	120	25255	0
PflaKGBHm	OZ251424.1	18570001	18600000	0.0030093050881013	25255	76	25255	0
PflaHELEm	OZ251424.1	18570001	18600000	0.0072064937636111	25255	182	25255	0
PflaKGBDf	OZ251424.1	18570001	18600000	0.0041971886755098	25255	106	25255	0
PflaHELEm	OZ251424.1	18600001	18630000	0.0061259093146638	18283	112	18283	0
PflaKGBDf	OZ251424.1	18600001	18630000	0.0043756495104742	18283	80	18283	0
PflaHELAf	OZ251424.1	18600001	18630000	0.0045944319859979	18283	84	18283	0
PflaKGBHm	OZ251424.1	18600001	18630000	0.0006016518076902	18283	11	18283	0
PflaHELEm	OZ251424.1	18630001	18660000	0.0	187	0	187	0
PflaKGBDf	OZ251424.1	18630001	18660000	0.0	187	0	187	0
PflaHELAf	OZ251424.1	18630001	18660000	0.0	187	0	187	0
PflaKGBHm	OZ251424.1	18630001	18660000	0.0	187	0	187	0
PflaHELAf	OZ251424.1	18660001	18690000	0.0052263182454503	10715	56	10715	0
PflaKGBHm	OZ251424.1	18660001	18690000	0.00727951469902	10715	78	10715	0
PflaHELEm	OZ251424.1	18660001	18690000	0.0057862809146056	10715	62	10715	0
PflaKGBDf	OZ251424.1	18660001	18690000	0.0092393840410639	10715	99	10715	0
PflaHELEm	OZ251424.1	18690001	18720000	0.0046333601933924	14892	69	14892	0
PflaKGBDf	OZ251424.1	18690001	18720000	0.0077222669889873	14892	115	14892	0
PflaHELAf	OZ251424.1	18690001	18720000	0.005305930552757	14889	79	14889	3
PflaKGBHm	OZ251424.1	18690001	18720000	0.0065135643298415	14892	97	14892	0
PflaHELAf	OZ251424.1	18720001	18750000	0.0022456382794955	5789	13	5789	0
PflaKGBDf	OZ251424.1	18720001	18750000	0.0048367593712212	5789	28	5789	0
PflaHELEm	OZ251424.1	18720001	18750000	0.0036275695284159	5789	21	5789	0
PflaKGBHm	OZ251424.1	18720001	18750000	0.0031093453100708	5789	18	5789	0
PflaKGBHm	OZ251424.1	18750001	18780000	0.0066314996232102	6635	44	6635	0
PflaHELEm	OZ251424.1	18750001	18780000	0.0061793519216277	6635	41	6635	0
PflaKGBDf	OZ251424.1	18750001	18780000	0.0069329314242652	6635	46	6635	0
PflaHELAf	OZ251424.1	18750001	18780000	0.0045214770158251	6635	30	6635	0
PflaHELAf	OZ251424.1	18780001	18810000	0.0050310590892756	19479	98	19479	0
PflaHELEm	OZ251424.1	18780001	18810000	0.0073925766209764	19479	144	19479	0
PflaKGBHm	OZ251424.1	18780001	18810000	0.005903793829252	19479	115	19479	0
PflaKGBDf	OZ251424.1	18780001	18810000	0.0047230350634016	19479	92	19479	0
PflaKGBHm	OZ251424.1	18810001	18840000	0.0018997647910258	22108	42	22108	0
PflaHELEm	OZ251424.1	18810001	18840000	0.0064682467884928	22108	143	22108	0
PflaHELAf	OZ251424.1	18810001	18840000	0.0042970870273204	22108	95	22108	0
PflaKGBDf	OZ251424.1	18810001	18840000	0.0025782522163922	22108	57	22108	0
PflaKGBDf	OZ251424.1	18840001	18870000	0.0026956869009584	20032	54	20032	0
PflaKGBHm	OZ251424.1	18840001	18870000	0.0049420926517571	20032	99	20032	0
PflaHELEm	OZ251424.1	18840001	18870000	0.010133785942492	20032	203	20032	0
PflaHELAf	OZ251424.1	18840001	18870000	0.0074380990415335	20032	149	20032	0
PflaKGBHm	OZ251424.1	18870001	18900000	0.0053156812597161	19941	106	19941	0
PflaHELEm	OZ251424.1	18870001	18900000	0.0081741136352239	19941	163	19941	0
PflaKGBDf	OZ251424.1	18870001	18900000	0.0033097638032194	19941	66	19941	0
PflaHELAf	OZ251424.1	18870001	18900000	0.0048144433299899	19940	96	19940	1
PflaHELAf	OZ251424.1	18900001	18930000	0.0015176809834572	26356	40	26356	0
PflaKGBDf	OZ251424.1	18900001	18930000	0.0044771589011989	26356	118	26356	0
PflaHELEm	OZ251424.1	18900001	18930000	0.0031871300652602	26356	84	26356	0
PflaKGBHm	OZ251424.1	18900001	18930000	0.0001517680983457	26356	4	26356	0
PflaKGBHm	OZ251424.1	18930001	18960000	0.0001459321415541	27410	4	27410	0
PflaHELEm	OZ251424.1	18930001	18960000	0.0043049981758482	27410	118	27410	0
PflaKGBDf	OZ251424.1	18930001	18960000	0.0050711419190076	27410	139	27410	0
PflaHELAf	OZ251424.1	18930001	18960000	0.002882159795695	27410	79	27410	0
PflaHELAf	OZ251424.1	18960001	18990000	0.0061806944191965	16503	102	16503	0
PflaKGBHm	OZ251424.1	18960001	18990000	0.0019390413864145	16503	32	16503	0
PflaHELEm	OZ251424.1	18960001	18990000	0.006786644852451	16503	112	16503	0
PflaKGBDf	OZ251424.1	18960001	18990000	0.0030903472095982	16503	51	16503	0
PflaKGBDf	OZ251424.1	18990001	19020000	0.0061700087547421	23987	148	23987	0
PflaHELAf	OZ251424.1	18990001	19020000	0.0046691958143994	23987	112	23987	0
PflaKGBHm	OZ251424.1	18990001	19020000	0.0025013549005711	23987	60	23987	0
PflaHELEm	OZ251424.1	18990001	19020000	0.0072956184599991	23987	175	23987	0
PflaHELAf	OZ251424.1	19020001	19050000	0.0054510371442354	20730	113	20730	0
PflaKGBDf	OZ251424.1	19020001	19050000	0.0030873130728412	20730	64	20730	0
PflaHELEm	OZ251424.1	19020001	19050000	0.0095996140858658	20730	199	20730	0
PflaKGBHm	OZ251424.1	19020001	19050000	0.0058851905451037	20730	122	20730	0
PflaHELAf	OZ251424.1	19050001	19080000	0.0063925362819626	17364	111	17364	0
PflaKGBHm	OZ251424.1	19050001	19080000	0.0059894033632803	17364	104	17364	0
PflaHELEm	OZ251424.1	19050001	19080000	0.0054710896106887	17364	95	17364	0
PflaKGBDf	OZ251424.1	19050001	19080000	0.0061621746141442	17364	107	17364	0
PflaHELEm	OZ251424.1	19080001	19110000	0.0042999517762417	24884	107	24884	0
PflaKGBDf	OZ251424.1	19080001	19110000	0.0054653592669988	24884	136	24884	0
PflaHELAf	OZ251424.1	19080001	19110000	0.0059877833145796	24884	149	24884	0
PflaKGBHm	OZ251424.1	19080001	19110000	0.0042195788458447	24884	105	24884	0
PflaHELAf	OZ251424.1	19110001	19140000	0.0061096500101153	24715	151	24715	0
PflaKGBDf	OZ251424.1	19110001	19140000	0.0027918268258142	24715	69	24715	0
PflaHELEm	OZ251424.1	19110001	19140000	0.007849484118956	24715	194	24715	0
PflaKGBHm	OZ251424.1	19110001	19140000	0.0016281341582546	24568	40	24568	147
PflaKGBHm	OZ251424.1	19140001	19170000	0.0085677034829577	21476	184	21476	0
PflaHELEm	OZ251424.1	19140001	19170000	0.0104302477183833	21476	224	21476	0
PflaHELAf	OZ251424.1	19140001	19170000	0.0090799031476997	21476	195	21476	0
PflaKGBDf	OZ251424.1	19140001	19170000	0.0037250884708511	21476	80	21476	0
PflaHELAf	OZ251424.1	19170001	19200000	0.0057453346991493	22453	129	22453	0
PflaKGBDf	OZ251424.1	19170001	19200000	0.00418652295907	22453	94	22453	0
PflaHELEm	OZ251424.1	19170001	19200000	0.0055671847859974	22453	125	22453	0
PflaKGBHm	OZ251424.1	19170001	19200000	0.0051218100031176	22453	115	22453	0
PflaKGBDf	OZ251424.1	19200001	19230000	0.0069359445124439	22059	153	22059	0
PflaHELEm	OZ251424.1	19200001	19230000	0.007026610453783	22059	155	22059	0
PflaKGBHm	OZ251424.1	19200001	19230000	0.0082959336325309	22059	183	22059	0
PflaHELAf	OZ251424.1	19200001	19230000	0.0057572872750351	22059	127	22059	0
PflaHELAf	OZ251424.1	19230001	19260000	0.0059200789343857	20270	120	20270	0
PflaKGBDf	OZ251424.1	19230001	19260000	0.0050814010853478	20270	103	20270	0
PflaHELEm	OZ251424.1	19230001	19260000	0.0067094227923038	20270	136	20270	0
PflaKGBHm	OZ251424.1	19230001	19260000	0.0049333991119881	20270	100	20270	0
PflaKGBHm	OZ251424.1	19260001	19290000	0.0041793313069908	21056	88	21056	0
PflaHELAf	OZ251424.1	19260001	19290000	0.0037518996960486	21056	79	21056	0
PflaKGBDf	OZ251424.1	19260001	19290000	0.0081227436823104	21052	171	21052	4
PflaHELEm	OZ251424.1	19260001	19290000	0.0103533434650455	21056	218	21056	0
PflaHELAf	OZ251424.1	19290001	19320000	0.0067218200620475	21274	143	21274	0
PflaKGBHm	OZ251424.1	19290001	19320000	0.0009401146939926	21274	20	21274	0
PflaHELEm	OZ251424.1	19290001	19320000	0.0072388831437435	21274	154	21274	0
PflaKGBDf	OZ251424.1	19290001	19320000	0.0036194415718717	21274	77	21274	0
PflaHELEm	OZ251424.1	19320001	19350000	0.0089111161627642	21995	196	21995	0
PflaHELAf	OZ251424.1	19320001	19350000	0.0066378722436917	21995	146	21995	0
PflaKGBDf	OZ251424.1	19320001	19350000	0.0033189361218458	21995	73	21995	0
PflaKGBHm	OZ251424.1	19320001	19350000	0.0062741532166401	21995	138	21995	0
PflaHELEm	OZ251424.1	19350001	19380000	0.0091385767790262	20025	183	20025	0
PflaKGBDf	OZ251424.1	19350001	19380000	0.0073139974779319	19825	145	19825	200
PflaHELAf	OZ251424.1	19350001	19380000	0.0053959530352235	20015	108	20015	10
PflaKGBHm	OZ251424.1	19350001	19380000	0.0068414481897627	20025	137	20025	0
PflaKGBHm	OZ251424.1	19380001	19410000	0.0065074755297407	18594	121	18594	0
PflaHELAf	OZ251424.1	19380001	19410000	0.0043562439496611	18594	81	18594	0
PflaKGBDf	OZ251424.1	19380001	19410000	0.0023125739485855	18594	43	18594	0
PflaHELEm	OZ251424.1	19380001	19410000	0.0080849458308629	18553	150	18553	41
PflaHELAf	OZ251424.1	19410001	19440000	0.0049958368026644	22819	114	22819	0
PflaKGBDf	OZ251424.1	19410001	19440000	0.0046890748937289	22819	107	22819	0
PflaHELEm	OZ251424.1	19410001	19440000	0.00657346947719	22819	150	22819	0
PflaKGBHm	OZ251424.1	19410001	19440000	0.0022359594896751	22809	51	22809	10
PflaHELAf	OZ251424.1	19440001	19470000	0.0041214452534688	21837	90	21837	0
PflaKGBDf	OZ251424.1	19440001	19470000	0.0070522507670467	21837	154	21837	0
PflaKGBHm	OZ251424.1	19440001	19470000	0.0032971562027751	21837	72	21837	0
PflaHELEm	OZ251424.1	19440001	19470000	0.0036177130558226	21837	79	21837	0
PflaHELAf	OZ251424.1	19470001	19500000	0.0058973172987974	17296	102	17296	0
PflaKGBDf	OZ251424.1	19470001	19500000	0.0070536540240518	17296	122	17296	0
PflaHELEm	OZ251424.1	19470001	19500000	0.0053191489361702	17296	92	17296	0
PflaKGBHm	OZ251424.1	19470001	19500000	0.0062442183163737	17296	108	17296	0
PflaHELAf	OZ251424.1	19500001	19530000	0.0075083287752971	20111	151	20111	0
PflaKGBDf	OZ251424.1	19500001	19530000	0.0019392372333548	20111	39	20111	0
PflaHELEm	OZ251424.1	19500001	19530000	0.0054199194470687	20111	109	20111	0
PflaKGBHm	OZ251424.1	19500001	19530000	0.0032320620555914	20111	65	20111	0
PflaKGBHm	OZ251424.1	19530001	19560000	0.0056292286874154	18475	104	18475	27
PflaHELEm	OZ251424.1	19530001	19560000	0.0107555939898389	18502	199	18502	0
PflaHELAf	OZ251424.1	19530001	19560000	0.0083234244946492	18502	154	18502	0
PflaKGBDf	OZ251424.1	19530001	19560000	0.0035150335280121	18492	65	18492	10
PflaHELAf	OZ251424.1	19560001	19590000	0.0051494929325836	19031	98	19031	27
PflaKGBDf	OZ251424.1	19560001	19590000	0.0071885822226886	19058	137	19058	0
PflaHELEm	OZ251424.1	19560001	19590000	0.0104418092139783	19058	199	19058	0
PflaKGBHm	OZ251424.1	19560001	19590000	0.0070836394165179	19058	135	19058	0
PflaHELEm	OZ251424.1	19590001	19620000	0.0081419427710843	21248	173	21248	0
PflaHELAf	OZ251424.1	19590001	19620000	0.0039714434305706	21151	84	21151	97
PflaKGBDf	OZ251424.1	19590001	19620000	0.0067771084337349	21248	144	21248	0
PflaKGBHm	OZ251424.1	19590001	19620000	0.0060711596385542	21248	129	21248	0
PflaHELEm	OZ251424.1	19620001	19650000	0.0064370624442042	21283	137	21283	0
PflaHELAf	OZ251424.1	19620001	19650000	0.0021613494338204	21283	46	21283	0
PflaKGBDf	OZ251424.1	19620001	19650000	0.005356387727294	21283	114	21283	0
PflaKGBHm	OZ251424.1	19620001	19650000	0.0031950382934736	21283	68	21283	0
PflaKGBHm	OZ251424.1	19650001	19680000	0.0055975794251134	19830	111	19830	14
PflaHELEm	OZ251424.1	19650001	19680000	0.0079621044144325	19844	158	19844	0
PflaKGBDf	OZ251424.1	19650001	19680000	0.0048881273936706	19844	97	19844	0
PflaHELAf	OZ251424.1	19650001	19680000	0.0053920580528119	19844	107	19844	0
PflaHELEm	OZ251424.1	19680001	19710000	0.0101684625891637	19767	201	19767	0
PflaKGBHm	OZ251424.1	19680001	19710000	0.0037106694454328	19673	73	19673	94
PflaHELAf	OZ251424.1	19680001	19710000	0.0069813325239034	19767	138	19767	0
PflaKGBDf	OZ251424.1	19680001	19710000	0.0034906662619517	19767	69	19767	0
PflaHELAf	OZ251424.1	19710001	19740000	0.0013720188854364	24781	34	24781	0
PflaKGBHm	OZ251424.1	19710001	19740000	0.0022194423146765	24781	55	24781	0
PflaKGBDf	OZ251424.1	19710001	19740000	0.0027440377708728	24781	68	24781	0
PflaHELEm	OZ251424.1	19710001	19740000	0.0036318146967434	24781	90	24781	0
PflaKGBHm	OZ251424.1	19740001	19770000	0.0004236988913212	28322	12	28322	0
PflaHELEm	OZ251424.1	19740001	19770000	0.0039898312266082	28322	113	28322	0
PflaKGBDf	OZ251424.1	19740001	19770000	0.0026481180707577	28322	75	28322	0
PflaHELAf	OZ251424.1	19740001	19770000	0.0029305839983052	28322	83	28322	0
PflaHELEm	OZ251424.1	19770001	19800000	0.0046176156312013	26204	121	26204	0
PflaKGBDf	OZ251424.1	19770001	19800000	0.0022515646466188	26204	59	26204	0
PflaKGBHm	OZ251424.1	19770001	19800000	0.0011830254922912	26204	31	26204	0
PflaHELAf	OZ251424.1	19770001	19800000	0.0041215081666921	26204	108	26204	0
PflaHELAf	OZ251424.1	19800001	19830000	0.0027739764027074	27037	75	27037	160
PflaKGBDf	OZ251424.1	19800001	19830000	0.0031253447071368	27197	85	27197	0
PflaHELEm	OZ251424.1	19800001	19830000	0.0041548700224289	27197	113	27197	0
PflaKGBHm	OZ251424.1	19800001	19830000	0.0010662940765525	27197	29	27197	0
PflaHELAf	OZ251424.1	19830001	19860000	0.0040201739638915	27362	110	27362	0
PflaHELEm	OZ251424.1	19830001	19860000	0.0040567209999269	27362	111	27362	0
PflaKGBHm	OZ251424.1	19830001	19860000	0.0006943936846721	27362	19	27362	0
PflaKGBDf	OZ251424.1	19830001	19860000	0.0009502229369198	27362	26	27362	0
PflaKGBHm	OZ251424.1	19860001	19890000	0.0002566358703622	27276	7	27276	0
PflaHELEm	OZ251424.1	19860001	19890000	0.0029329813755682	27276	80	27276	0
PflaKGBDf	OZ251424.1	19860001	19890000	0.0032629417803196	27276	89	27276	0
PflaHELAf	OZ251424.1	19860001	19890000	0.0013565038862003	27276	37	27276	0
PflaHELAf	OZ251424.1	19890001	19920000	0.0017056193242059	21693	37	21693	0
PflaKGBHm	OZ251424.1	19890001	19920000	0.0	21693	0	21693	0
PflaHELEm	OZ251424.1	19890001	19920000	0.004471488498594	21693	97	21693	0
PflaKGBDf	OZ251424.1	19890001	19920000	0.0025353800765223	21693	55	21693	0
PflaKGBDf	OZ251424.1	19920001	19950000	0.0012841606806051	24919	32	24919	0
PflaHELEm	OZ251424.1	19920001	19950000	0.0063806733817568	24919	159	24919	0
PflaKGBHm	OZ251424.1	19920001	19950000	0.0019262410209077	24919	48	24919	0
PflaHELAf	OZ251424.1	19920001	19950000	0.0053774228500341	24919	134	24919	0
PflaKGBHm	OZ251424.1	19950001	19980000	0.0039245000934404	26755	105	26755	0
PflaHELEm	OZ251424.1	19950001	19980000	0.0045598953466641	26755	122	26755	0
PflaKGBDf	OZ251424.1	19950001	19980000	0.001158661932349	26755	31	26755	0
PflaHELAf	OZ251424.1	19950001	19980000	0.0040366286675387	26755	108	26755	0
PflaKGBDf	OZ251424.1	19980001	20010000	0.0031714310539577	23018	73	23018	0
PflaHELEm	OZ251424.1	19980001	20010000	0.006169085063863	23018	142	23018	0
PflaKGBHm	OZ251424.1	19980001	20010000	0.003649317925102	23018	84	23018	0
PflaHELAf	OZ251424.1	19980001	20010000	0.0046485359284038	23018	107	23018	0
PflaKGBDf	OZ251424.1	20010001	20040000	0.0023574175937797	24179	57	24179	0
PflaHELEm	OZ251424.1	20010001	20040000	0.005459282848753	24179	132	24179	0
PflaKGBHm	OZ251424.1	20010001	20040000	0.002440134000579	24179	59	24179	0
PflaHELAf	OZ251424.1	20010001	20040000	0.0028537160345754	24179	69	24179	0
PflaHELAf	OZ251424.1	20040001	20070000	0.0034285714285714	22750	78	22750	0
PflaKGBDf	OZ251424.1	20040001	20070000	0.0036043956043956	22750	82	22750	0
PflaHELEm	OZ251424.1	20040001	20070000	0.008043956043956	22750	183	22750	0
PflaKGBHm	OZ251424.1	20040001	20070000	0.0038241758241758	22750	87	22750	0
PflaKGBHm	OZ251424.1	20070001	20100000	0.0050941780821917	23360	119	23360	0
PflaHELEm	OZ251424.1	20070001	20100000	0.009931506849315	23360	232	23360	0
PflaKGBDf	OZ251424.1	20070001	20100000	0.0021404109589041	23360	50	23360	0
PflaHELAf	OZ251424.1	20070001	20100000	0.003125	23360	73	23360	0
PflaHELEm	OZ251424.1	20100001	20130000	0.0063220347225599	20563	130	20563	0
PflaKGBDf	OZ251424.1	20100001	20130000	0.0025774449253513	20563	53	20563	0
PflaHELAf	OZ251424.1	20100001	20130000	0.0029664932159704	20563	61	20563	0
PflaKGBHm	OZ251424.1	20100001	20130000	0.0022383339010267	20551	46	20551	12
PflaHELAf	OZ251424.1	20130001	20160000	0.0058281233442831	18874	110	18874	0
PflaKGBDf	OZ251424.1	20130001	20160000	0.0021193175797393	18874	40	18874	0
PflaHELEm	OZ251424.1	20130001	20160000	0.0089541167743986	18874	169	18874	0
PflaKGBHm	OZ251424.1	20130001	20160000	0.0055102257073222	18874	104	18874	0
PflaHELEm	OZ251424.1	20160001	20190000	0.006083650190114	19725	120	19725	0
PflaKGBDf	OZ251424.1	20160001	20190000	0.0009632446134347	19725	19	19725	0
PflaKGBHm	OZ251424.1	20160001	20190000	0.0034474017743979	19725	68	19725	0
PflaHELAf	OZ251424.1	20160001	20190000	0.0028390367553865	19725	56	19725	0
PflaHELAf	OZ251424.1	20190001	20220000	0.0049639220101325	19541	97	19541	0
PflaHELEm	OZ251424.1	20190001	20220000	0.0077785169643314	19541	152	19541	0
PflaKGBHm	OZ251424.1	20190001	20220000	0.0036333862136021	19541	71	19541	0
PflaKGBDf	OZ251424.1	20190001	20220000	0.0036333862136021	19541	71	19541	0
PflaHELEm	OZ251424.1	20220001	20250000	0.0050095314093186	22557	113	22557	0
PflaKGBDf	OZ251424.1	20220001	20250000	0.0067828168639446	22557	153	22557	0
PflaKGBHm	OZ251424.1	20220001	20250000	0.0020392782728199	22557	46	22557	0
PflaHELAf	OZ251424.1	20220001	20250000	0.0041672208183712	22557	94	22557	0
PflaKGBHm	OZ251424.1	20250001	20280000	0.0055474193405227	22533	125	22533	0
PflaHELEm	OZ251424.1	20250001	20280000	0.0089202502995606	22533	201	22533	0
PflaKGBDf	OZ251424.1	20250001	20280000	0.0049704877291084	22533	112	22533	0
PflaHELAf	OZ251424.1	20250001	20280000	0.0027958993476234	22533	63	22533	0
PflaHELAf	OZ251424.1	20280001	20310000	0.0055827731571151	17554	98	17554	104
PflaKGBDf	OZ251424.1	20280001	20310000	0.0054394016658167	17649	96	17649	9
PflaHELEm	OZ251424.1	20280001	20310000	0.0050410648541489	17655	89	17655	3
PflaKGBHm	OZ251424.1	20280001	20310000	0.0034545248612526	17658	61	17658	0
PflaHELAf	OZ251424.1	20310001	20340000	0.0050333287988028	22053	111	22053	0
PflaKGBDf	OZ251424.1	20310001	20340000	0.0048066022763342	22053	106	22053	0
PflaHELEm	OZ251424.1	20310001	20340000	0.0073005940234888	22053	161	22053	0
PflaKGBHm	OZ251424.1	20310001	20340000	0.0046252210583594	22053	102	22053	0
PflaKGBHm	OZ251424.1	20340001	20370000	0.0047772302122095	19886	95	19886	0
PflaHELAf	OZ251424.1	20340001	20370000	0.0046766569445841	19886	93	19886	0
PflaKGBDf	OZ251424.1	20340001	20370000	0.0054812430855878	19886	109	19886	0
PflaHELEm	OZ251424.1	20340001	20370000	0.0064366891280297	19886	128	19886	0
PflaHELAf	OZ251424.1	20370001	20400000	0.0058571319194548	26122	153	26122	0
PflaKGBDf	OZ251424.1	20370001	20400000	0.0045555470484648	26122	119	26122	0
PflaHELEm	OZ251424.1	20370001	20400000	0.0062016690911875	26122	162	26122	0
PflaKGBHm	OZ251424.1	20370001	20400000	0.0029859888216828	26122	78	26122	0
PflaKGBHm	OZ251424.1	20400001	20430000	0.0042022267469566	23083	97	23083	0
PflaHELEm	OZ251424.1	20400001	20430000	0.0070181518866698	23083	162	23083	0
PflaHELAf	OZ251424.1	20400001	20430000	0.0057618160551054	23083	133	23083	0
PflaKGBDf	OZ251424.1	20400001	20430000	0.0063683230082744	23083	147	23083	0
PflaHELAf	OZ251424.1	20430001	20460000	0.0055964775112135	24301	136	24301	0
PflaKGBDf	OZ251424.1	20430001	20460000	0.0042385087033455	24301	103	24301	0
PflaHELEm	OZ251424.1	20430001	20460000	0.0069132957491461	24301	168	24301	0
PflaKGBHm	OZ251424.1	20430001	20460000	0.002304431916382	24301	56	24301	0
PflaHELAf	OZ251424.1	20460001	20490000	0.006799869591542	21471	146	21471	0
PflaKGBDf	OZ251424.1	20460001	20490000	0.0062875506497135	21471	135	21471	0
PflaHELEm	OZ251424.1	20460001	20490000	0.007125890736342	21471	153	21471	0
PflaKGBHm	OZ251424.1	20460001	20490000	0.0053097345132743	21470	114	21470	1
PflaKGBHm	OZ251424.1	20490001	20520000	0.00204041974349	20584	42	20584	0
PflaHELEm	OZ251424.1	20490001	20520000	0.0051982122036533	20584	107	20584	0
PflaKGBDf	OZ251424.1	20490001	20520000	0.0040322580645161	20584	83	20584	0
PflaHELAf	OZ251424.1	20490001	20520000	0.004955305091333	20584	102	20584	0
PflaHELAf	OZ251424.1	20520001	20550000	0.0054990235378764	19458	107	19458	0
PflaKGBDf	OZ251424.1	20520001	20550000	0.0022612807071641	19458	44	19458	0
PflaHELEm	OZ251424.1	20520001	20550000	0.0056532017679103	19458	110	19458	0
PflaKGBHm	OZ251424.1	20520001	20550000	0.0005140331037318	19454	10	19454	4
PflaHELAf	OZ251424.1	20550001	20580000	0.0066588168419343	24629	164	24629	0
PflaKGBDf	OZ251424.1	20550001	20580000	0.0037760363798773	24629	93	24629	0
PflaHELEm	OZ251424.1	20550001	20580000	0.0087295464696089	24629	215	24629	0
PflaKGBHm	OZ251424.1	20550001	20580000	0.0021519347111129	24629	53	24629	0
PflaKGBHm	OZ251424.1	20580001	20610000	0.0056364009018241	19516	110	19516	0
PflaHELEm	OZ251424.1	20580001	20610000	0.0078909612625538	19516	154	19516	0
PflaHELAf	OZ251424.1	20580001	20610000	0.0051284681265705	19499	100	19499	17
PflaKGBDf	OZ251424.1	20580001	20610000	0.0027693727883481	19499	54	19499	17
PflaHELAf	OZ251424.1	20610001	20640000	0.0046774872538472	21379	100	21379	0
PflaKGBDf	OZ251424.1	20610001	20640000	0.0071097806258477	21379	152	21379	0
PflaHELEm	OZ251424.1	20610001	20640000	0.0087936760372327	21379	188	21379	0
PflaKGBHm	OZ251424.1	20610001	20640000	0.0062210580476168	21379	133	21379	0
PflaHELAf	OZ251424.1	20640001	20670000	0.0029546400332917	24030	71	24030	0
PflaHELEm	OZ251424.1	20640001	20670000	0.0068248023304203	24030	164	24030	0
PflaKGBHm	OZ251424.1	20640001	20670000	0.002829796088223	24030	68	24030	0
PflaKGBDf	OZ251424.1	20640001	20670000	0.0049105285060341	24030	118	24030	0
PflaHELEm	OZ251424.1	20670001	20700000	0.0073817146922803	22488	166	22488	0
PflaKGBHm	OZ251424.1	20670001	20700000	0.0055585200996086	22488	125	22488	0
PflaKGBDf	OZ251424.1	20670001	20700000	0.0066702241195304	22488	150	22488	0
PflaHELAf	OZ251424.1	20670001	20700000	0.0018231945926716	22488	41	22488	0
PflaKGBHm	OZ251424.1	20700001	20730000	0.0037283621837549	22530	84	22530	0
PflaHELAf	OZ251424.1	20700001	20730000	0.0055037727474478	22530	124	22530	0
PflaKGBDf	OZ251424.1	20700001	20730000	0.0063914780292942	22530	144	22530	0
PflaHELEm	OZ251424.1	20700001	20730000	0.0074567243675099	22530	168	22530	0
PflaKGBHm	OZ251424.1	20730001	20760000	0.0031783126898808	21395	68	21395	0
PflaHELEm	OZ251424.1	20730001	20760000	0.0059827062397756	21395	128	21395	0
PflaKGBDf	OZ251424.1	20730001	20760000	0.0033652722598738	21395	72	21395	0
PflaHELAf	OZ251424.1	20730001	20760000	0.0051425899953249	21390	110	21390	5
PflaKGBHm	OZ251424.1	20760001	20790000	0.0004757991262597	23119	11	23119	0
PflaHELEm	OZ251424.1	20760001	20790000	0.0063584065054716	23119	147	23119	0
PflaKGBDf	OZ251424.1	20760001	20790000	0.0038929019421255	23119	90	23119	0
PflaHELAf	OZ251424.1	20760001	20790000	0.0004332004851845	23084	10	23084	35
PflaKGBHm	OZ251424.1	20790001	20820000	0.0028664667489857	22676	65	22676	33
PflaHELAf	OZ251424.1	20790001	20820000	0.006737416883174	22709	153	22709	0
PflaKGBDf	OZ251424.1	20790001	20820000	0.0013213530655391	22704	30	22704	5
PflaHELEm	OZ251424.1	20790001	20820000	0.0075300541635474	22709	171	22709	0
PflaKGBDf	OZ251424.1	20820001	20850000	0.0038172850096504	23315	89	23315	0
PflaHELEm	OZ251424.1	20820001	20850000	0.0093073128886982	23315	217	23315	0
PflaKGBHm	OZ251424.1	20820001	20850000	0.0038172850096504	23315	89	23315	0
PflaHELAf	OZ251424.1	20820001	20850000	0.0071198799056401	23315	166	23315	0
PflaKGBHm	OZ251424.1	20850001	20880000	0.0072089014261087	19143	138	19143	0
PflaHELEm	OZ251424.1	20850001	20880000	0.0085671002455205	19143	164	19143	0
PflaKGBDf	OZ251424.1	20850001	20880000	0.0078357624196834	19143	150	19143	0
PflaHELAf	OZ251424.1	20850001	20880000	0.006582040432534	19143	126	19143	0
PflaHELAf	OZ251424.1	20880001	20910000	0.0075868820362212	16344	124	16344	0
PflaKGBDf	OZ251424.1	20880001	20910000	0.0040381791483113	16344	66	16344	0
PflaHELEm	OZ251424.1	20880001	20910000	0.0090553108174253	16344	148	16344	0
PflaKGBHm	OZ251424.1	20880001	20910000	0.0040381791483113	16344	66	16344	0
PflaHELEm	OZ251424.1	20910001	20940000	0.0068754774637127	22253	153	22253	0
PflaKGBHm	OZ251424.1	20910001	20940000	0.0011234440300184	22253	25	22253	0
PflaHELAf	OZ251424.1	20910001	20940000	0.0062463488069024	22253	139	22253	0
PflaKGBDf	OZ251424.1	20910001	20940000	0.0044488383588729	22253	99	22253	0
PflaHELAf	OZ251424.1	20940001	20970000	0.00390625	21248	83	21248	0
PflaKGBDf	OZ251424.1	20940001	20970000	0.0037179969879518	21248	79	21248	0
PflaHELEm	OZ251424.1	20940001	20970000	0.0080478162650602	21248	171	21248	0
PflaKGBHm	OZ251424.1	20940001	20970000	0.0050828313253012	21248	108	21248	0
PflaKGBDf	OZ251424.1	20970001	21000000	0.0033190819081908	17776	59	17776	0
PflaHELEm	OZ251424.1	20970001	21000000	0.0079320432043204	17776	141	17776	0
PflaHELAf	OZ251424.1	20970001	21000000	0.0055130513051305	17776	98	17776	0
PflaKGBHm	OZ251424.1	20970001	21000000	0.0059630963096309	17776	106	17776	0
PflaHELAf	OZ251424.1	21000001	21030000	0.0036984013361966	25146	93	25146	0
PflaKGBDf	OZ251424.1	21000001	21030000	0.004215382168138	25146	106	25146	0
PflaHELEm	OZ251424.1	21000001	21030000	0.0035393303109838	25146	89	25146	0
PflaKGBHm	OZ251424.1	21000001	21030000	0.0026644396723136	25146	67	25146	0
PflaKGBDf	OZ251424.1	21030001	21060000	0.0015229850506993	24951	38	24951	0
PflaHELEm	OZ251424.1	21030001	21060000	0.0037274549098196	24950	93	24950	1
PflaKGBHm	OZ251424.1	21030001	21060000	0.0012023566189731	24951	30	24951	0
PflaHELAf	OZ251424.1	21030001	21060000	0.0026852631157067	24951	67	24951	0
PflaHELAf	OZ251424.1	21060001	21090000	0.0024781286374047	26633	66	26633	0
PflaKGBDf	OZ251424.1	21060001	21090000	0.0006007584575526	26633	16	26633	0
PflaHELEm	OZ251424.1	21060001	21090000	0.0050688994856005	26633	135	26633	0
PflaKGBHm	OZ251424.1	21060001	21090000	0.0033041715165396	26633	88	26633	0
PflaHELAf	OZ251424.1	21090001	21120000	0.0006356701779876	22024	14	22024	0
PflaKGBDf	OZ251424.1	21090001	21120000	0.0029059208136578	22024	64	22024	0
PflaHELEm	OZ251424.1	21090001	21120000	0.0053577915001816	22024	118	22024	0
PflaKGBHm	OZ251424.1	21090001	21120000	0.0030875408645114	22024	68	22024	0
PflaHELAf	OZ251424.1	21120001	21150000	0.0048155978388536	25542	123	25542	0
PflaKGBDf	OZ251424.1	21120001	21150000	0.0053637146660402	25542	137	25542	0
PflaKGBHm	OZ251424.1	21120001	21150000	0.0026231305301072	25542	67	25542	0
PflaHELEm	OZ251424.1	21120001	21150000	0.0067731579359486	25542	173	25542	0
PflaKGBHm	OZ251424.1	21150001	21180000	0.0022912423625254	27496	63	27496	0
PflaHELEm	OZ251424.1	21150001	21180000	0.0037459994180971	27496	103	27496	0
PflaKGBDf	OZ251424.1	21150001	21180000	0.0034186790805935	27496	94	27496	0
PflaHELAf	OZ251424.1	21150001	21180000	0.0011638056444573	27496	32	27496	0
PflaHELAf	OZ251424.1	21180001	21210000	0.0005783451067872	24207	14	24207	0
PflaKGBDf	OZ251424.1	21180001	21210000	0.0017763456851323	24207	43	24207	0
PflaHELEm	OZ251424.1	21180001	21210000	0.0052464163258561	24207	127	24207	0
PflaKGBHm	OZ251424.1	21180001	21210000	0.0029743462634775	24207	72	24207	0
PflaHELEm	OZ251424.1	21210001	21240000	0.0040340122602333	25285	102	25285	0
PflaKGBHm	OZ251424.1	21210001	21240000	0.0033221277437215	25285	84	25285	0
PflaKGBDf	OZ251424.1	21210001	21240000	0.0040735614000395	25285	103	25285	0
PflaHELAf	OZ251424.1	21210001	21240000	0.0005141388174807	25285	13	25285	0
PflaKGBHm	OZ251424.1	21240001	21270000	0.0036935924201059	24908	92	24908	0
PflaHELEm	OZ251424.1	21240001	21270000	0.0062229002730046	24908	155	24908	0
PflaKGBDf	OZ251424.1	21240001	21270000	0.0060623092982174	24908	151	24908	0
PflaHELAf	OZ251424.1	21240001	21270000	0.0038140356511964	24908	95	24908	0
PflaHELEm	OZ251424.1	21270001	21300000	0.0047784016246565	25113	120	25113	0
PflaHELAf	OZ251424.1	21270001	21300000	0.0002389200812328	25113	6	25113	0
PflaKGBDf	OZ251424.1	21270001	21300000	0.0008362202843148	25113	21	25113	0
PflaKGBHm	OZ251424.1	21270001	21300000	0.0002787400947716	25113	7	25113	0
PflaHELEm	OZ251424.1	21300001	21330000	0.0073769449272904	23587	174	23587	0
PflaKGBHm	OZ251424.1	21300001	21330000	0.0048755670496459	23587	115	23587	0
PflaKGBDf	OZ251424.1	21300001	21330000	0.0002967736465001	23587	7	23587	0
PflaHELAf	OZ251424.1	21300001	21330000	0.0045119822925977	23493	106	23493	94
PflaKGBHm	OZ251424.1	21330001	21360000	0.0038004750593824	25260	96	25260	0
PflaHELEm	OZ251424.1	21330001	21360000	0.0053048297703879	25260	134	25260	0
PflaKGBDf	OZ251424.1	21330001	21360000	0.0019002375296912	25260	48	25260	0
PflaHELAf	OZ251424.1	21330001	21360000	0.0033254156769596	25260	84	25260	0
PflaHELEm	OZ251424.1	21360001	21390000	0.006752512562814	25472	172	25472	0
PflaKGBHm	OZ251424.1	21360001	21390000	0.0030229271356783	25472	77	25472	0
PflaKGBDf	OZ251424.1	21360001	21390000	0.0030229271356783	25472	77	25472	0
PflaHELAf	OZ251424.1	21360001	21390000	0.0021608454799041	25453	55	25453	19
PflaKGBHm	OZ251424.1	21390001	21420000	0.0018217054263565	25800	47	25800	0
PflaHELEm	OZ251424.1	21390001	21420000	0.005	25800	129	25800	0
PflaKGBDf	OZ251424.1	21390001	21420000	0.0036046511627906	25800	93	25800	0
PflaHELAf	OZ251424.1	21390001	21420000	0.0039922480620155	25800	103	25800	0
PflaKGBHm	OZ251424.1	21420001	21450000	0.0032455527710447	24341	79	24341	0
PflaHELAf	OZ251424.1	21420001	21450000	0.0037385481286717	24341	91	24341	0
PflaKGBDf	OZ251424.1	21420001	21450000	0.0047656217903948	24341	116	24341	0
PflaHELEm	OZ251424.1	21420001	21450000	0.0057516125056489	24341	140	24341	0
PflaKGBHm	OZ251424.1	21450001	21480000	0.0030396277394175	26648	81	26648	0
PflaHELEm	OZ251424.1	21450001	21480000	0.0044656259381567	26648	119	26648	0
PflaKGBDf	OZ251424.1	21450001	21480000	0.0023641549084359	26648	63	26648	0
PflaHELAf	OZ251424.1	21450001	21480000	0.0032647853497448	26648	87	26648	0
PflaKGBHm	OZ251424.1	21480001	21510000	0.0024027099417047	25388	61	25388	0
PflaHELEm	OZ251424.1	21480001	21510000	0.0037813140066172	25388	96	25388	0
PflaHELAf	OZ251424.1	21480001	21510000	0.0023633212541358	25388	60	25388	0
PflaKGBDf	OZ251424.1	21480001	21510000	0.0003938868756893	25388	10	25388	0
PflaHELAf	OZ251424.1	21510001	21540000	0.0013857033639143	20928	29	20928	0
PflaKGBDf	OZ251424.1	21510001	21540000	0.0014812691131498	20928	31	20928	0
PflaHELEm	OZ251424.1	21510001	21540000	0.0024369266055045	20928	51	20928	0
PflaKGBHm	OZ251424.1	21510001	21540000	0.0028191896024464	20928	59	20928	0
PflaKGBDf	OZ251424.1	21540001	21570000	0.0019946526333658	23563	47	23563	0
PflaKGBHm	OZ251424.1	21540001	21570000	0.0023766073929465	23563	56	23563	0
PflaHELEm	OZ251424.1	21540001	21570000	0.0033102745830327	23563	78	23563	0
PflaHELAf	OZ251424.1	21540001	21570000	0.0026312438993337	23563	62	23563	0
PflaKGBHm	OZ251424.1	21570001	21600000	0.0023311068274532	22307	52	22307	0
PflaHELEm	OZ251424.1	21570001	21600000	0.0035414892186309	22307	79	22307	0
PflaKGBDf	OZ251424.1	21570001	21600000	0.0042139238803962	22307	94	22307	0
PflaHELAf	OZ251424.1	21570001	21600000	0.0032276863764737	22307	72	22307	0
PflaHELEm	OZ251424.1	21600001	21630000	0.0039433201889327	23077	91	23077	0
PflaKGBHm	OZ251424.1	21600001	21630000	0.0026433245222515	23077	61	23077	0
PflaHELAf	OZ251424.1	21600001	21630000	0.0036833210555964	23077	85	23077	0
PflaKGBDf	OZ251424.1	21600001	21630000	0.0037266542444858	23077	86	23077	0
PflaKGBDf	OZ251424.1	21630001	21660000	0.0049081475248913	21393	105	21393	0
PflaHELAf	OZ251424.1	21630001	21660000	0.0020567475342401	21393	44	21393	0
PflaHELEm	OZ251424.1	21630001	21660000	0.0060767540784368	21393	130	21393	0
PflaKGBHm	OZ251424.1	21630001	21660000	0.0032720983499275	21393	70	21393	0
PflaKGBHm	OZ251424.1	21660001	21690000	0.0012918042198937	20901	27	20901	0
PflaHELEm	OZ251424.1	21660001	21690000	0.0036840342567341	20901	77	20901	0
PflaKGBDf	OZ251424.1	21660001	21690000	0.0018180948279986	20901	38	20901	0
PflaHELAf	OZ251424.1	21660001	21690000	0.0001438779914632	20851	3	20851	50
PflaKGBDf	OZ251424.1	21690001	21720000	0.0018538971284316	25352	47	25352	0
PflaHELAf	OZ251424.1	21690001	21720000	0.0032739034395708	25352	83	25352	0
PflaHELEm	OZ251424.1	21690001	21720000	0.0031555695803092	25352	80	25352	0
PflaKGBHm	OZ251424.1	21690001	21720000	0.0014988955506468	25352	38	25352	0
PflaHELAf	OZ251424.1	21720001	21750000	0.0032632492048411	24209	79	24209	0
PflaHELEm	OZ251424.1	21720001	21750000	0.0046676855714816	24209	113	24209	0
PflaKGBHm	OZ251424.1	21720001	21750000	0.0032219422528811	24209	78	24209	0
PflaKGBDf	OZ251424.1	21720001	21750000	0.0035523978685612	24209	86	24209	0
PflaHELAf	OZ251424.1	21750001	21780000	0.0057764941124194	22505	130	22505	0
PflaKGBDf	OZ251424.1	21750001	21780000	0.0054654521217507	22505	123	22505	0
PflaHELEm	OZ251424.1	21750001	21780000	0.0060875361030882	22505	137	22505	0
PflaKGBHm	OZ251424.1	21750001	21780000	0.0059542323928016	22505	134	22505	0
PflaKGBDf	OZ251424.1	21780001	21810000	0.0028044112631219	26387	74	26387	0
PflaHELAf	OZ251424.1	21780001	21810000	0.0032212832076401	26387	85	26387	0
PflaHELEm	OZ251424.1	21780001	21810000	0.0069731307083033	26387	184	26387	0
PflaKGBHm	OZ251424.1	21780001	21810000	0.0045855913896994	26387	121	26387	0
PflaHELEm	OZ251424.1	21810001	21840000	0.0060943296237413	26418	161	26418	0
PflaKGBHm	OZ251424.1	21810001	21840000	0.0047694753577106	26418	126	26418	0
PflaKGBDf	OZ251424.1	21810001	21840000	0.0032553561965326	26418	86	26418	0
PflaHELAf	OZ251424.1	21810001	21840000	0.0060186236656824	26418	159	26418	0
PflaHELEm	OZ251424.1	21840001	21870000	0.0048721071863581	27914	136	27914	0
PflaKGBDf	OZ251424.1	21840001	21870000	0.0018986888299777	27914	53	27914	0
PflaHELAf	OZ251424.1	21840001	21870000	0.0041197965178763	27914	115	27914	0
PflaKGBHm	OZ251424.1	21840001	21870000	0.0037973776599555	27914	106	27914	0
PflaHELAf	OZ251424.1	21870001	21900000	0.0013196847023575	28037	37	28037	0
PflaKGBDf	OZ251424.1	21870001	21900000	0.0021043620929486	28037	59	28037	0
PflaHELEm	OZ251424.1	21870001	21900000	0.0027107037129507	28037	76	28037	0
PflaKGBHm	OZ251424.1	21870001	21900000	0.0003566715411777	28037	10	28037	0
PflaHELAf	OZ251424.1	21900001	21930000	0.0040799045456294	25981	106	25981	0
PflaKGBDf	OZ251424.1	21900001	21930000	0.0061968361494938	25981	161	25981	0
PflaHELEm	OZ251424.1	21900001	21930000	0.0082752780878334	25981	215	25981	0
PflaKGBHm	OZ251424.1	21900001	21930000	0.005965898156345	25981	155	25981	0
PflaHELAf	OZ251424.1	21930001	21960000	0.0054359835594643	22627	123	22627	0
PflaHELEm	OZ251424.1	21930001	21960000	0.0064524682900959	22627	146	22627	0
PflaKGBDf	OZ251424.1	21930001	21960000	0.0040659389225261	22627	92	22627	0
PflaKGBHm	OZ251424.1	21930001	21960000	0.002298139390993	22627	52	22627	0
PflaKGBHm	OZ251424.1	21960001	21990000	0.0011679619064732	22261	26	22261	0
PflaHELAf	OZ251424.1	21960001	21990000	0.0061093392030906	22261	136	22261	0
PflaHELEm	OZ251424.1	21960001	21990000	0.0084901846278244	22261	189	22261	0
PflaKGBDf	OZ251424.1	21960001	21990000	0.0059296527559408	22261	132	22261	0
PflaKGBHm	OZ251424.1	21990001	22020000	0.000344420389687	20324	7	20324	0
PflaHELEm	OZ251424.1	21990001	22020000	0.0065439874040543	20324	133	20324	0
PflaKGBDf	OZ251424.1	21990001	22020000	0.0045266679787443	20324	92	20324	0
PflaHELAf	OZ251424.1	21990001	22020000	0.0024617202501107	20311	50	20311	13
PflaKGBHm	OZ251424.1	22020001	22050000	0.0021474254236496	21421	46	21421	0
PflaHELEm	OZ251424.1	22020001	22050000	0.0100368796974931	21421	215	21421	0
PflaKGBDf	OZ251424.1	22020001	22050000	0.0037346529106951	21421	80	21421	0
PflaHELAf	OZ251424.1	22020001	22050000	0.0050417814294384	21421	108	21421	0
PflaHELAf	OZ251424.1	22050001	22080000	0.0069890172585936	21033	147	21033	0
PflaKGBHm	OZ251424.1	22050001	22080000	0.0087481576570151	21033	184	21033	0
PflaHELEm	OZ251424.1	22050001	22080000	0.0097941330290495	21033	206	21033	0
PflaKGBDf	OZ251424.1	22050001	22080000	0.0066562069129463	21033	140	21033	0
PflaKGBDf	OZ251424.1	22080001	22110000	0.0040725501721387	23818	97	23818	0
PflaHELAf	OZ251424.1	22080001	22110000	0.0060038626249055	23818	143	23818	0
PflaKGBHm	OZ251424.1	22080001	22110000	0.0052061466118061	23818	124	23818	0
PflaHELEm	OZ251424.1	22080001	22110000	0.0084809807708455	23818	202	23818	0
PflaHELEm	OZ251424.1	22110001	22140000	0.0091065714988924	24378	222	24378	0
PflaKGBDf	OZ251424.1	22110001	22140000	0.0054147181885306	24378	132	24378	0
PflaKGBHm	OZ251424.1	22110001	22140000	0.0037738944950365	24378	92	24378	0
PflaHELAf	OZ251424.1	22110001	22140000	0.0067273771433259	24378	164	24378	0
PflaKGBDf	OZ251424.1	22140001	22170000	0.008191177575712	26614	218	26614	0
PflaHELAf	OZ251424.1	22140001	22170000	0.0075148418125798	26614	200	26614	0
PflaKGBHm	OZ251424.1	22140001	22170000	0.0045464792966108	26614	121	26614	0
PflaHELEm	OZ251424.1	22140001	22170000	0.0083414744119636	26614	222	26614	0
PflaKGBHm	OZ251424.1	22170001	22200000	0.0046760451753516	25235	118	25235	3
PflaHELEm	OZ251424.1	22170001	22200000	0.0076868214597036	25238	194	25238	0
PflaKGBDf	OZ251424.1	22170001	22200000	0.0050717172517632	25238	128	25238	0
PflaHELAf	OZ251424.1	22170001	22200000	0.005745304699263	25238	145	25238	0
PflaHELEm	OZ251424.1	22200001	22230000	0.004799002804612	16045	77	16045	0
PflaKGBHm	OZ251424.1	22200001	22230000	0.0015603545125452	16022	25	16022	23
PflaHELAf	OZ251424.1	22200001	22230000	0.0023060143346837	16045	37	16045	0
PflaKGBDf	OZ251424.1	22200001	22230000	0.0019439392989276	15947	31	15947	98
PflaKGBHm	OZ251424.1	22230001	22260000	0.0014100153819859	23404	33	23404	0
PflaHELEm	OZ251424.1	22230001	22260000	0.0079046316868911	23404	185	23404	0
PflaKGBDf	OZ251424.1	22230001	22260000	0.0014100153819859	23404	33	23404	0
PflaHELAf	OZ251424.1	22230001	22260000	0.0030763971970603	23404	72	23404	0
PflaHELEm	OZ251424.1	22260001	22290000	0.006980321015893	25357	177	25357	0
PflaHELAf	OZ251424.1	22260001	22290000	0.0026028315652482	25357	66	25357	0
PflaKGBDf	OZ251424.1	22260001	22290000	0.0019324052529873	25357	49	25357	0
PflaKGBHm	OZ251424.1	22260001	22290000	0.0022478999881689	25357	57	25357	0
PflaKGBHm	OZ251424.1	22290001	22320000	0.005828601511676	26593	155	26593	0
PflaHELEm	OZ251424.1	22290001	22320000	0.0077840033091415	26593	207	26593	0
PflaKGBDf	OZ251424.1	22290001	22320000	0.005602978227353	26593	149	26593	0
PflaHELAf	OZ251424.1	22290001	22320000	0.0069567179332907	26593	185	26593	0
PflaKGBHm	OZ251424.1	22320001	22350000	0.0023881056929358	25962	62	25962	0
PflaHELEm	OZ251424.1	22320001	22350000	0.0066635852399661	25962	173	25962	0
PflaKGBDf	OZ251424.1	22320001	22350000	0.0049833887043189	25886	129	25886	76
PflaHELAf	OZ251424.1	22320001	22350000	0.0053924967259841	25962	140	25962	0
PflaKGBDf	OZ251424.1	22350001	22380000	0.0028329711269791	25768	73	25768	0
PflaHELAf	OZ251424.1	22350001	22380000	0.0044628997205836	25768	115	25768	0
PflaHELEm	OZ251424.1	22350001	22380000	0.0053942874883576	25768	139	25768	0
PflaKGBHm	OZ251424.1	22350001	22380000	0.0043852840732691	25768	113	25768	0
PflaHELEm	OZ251424.1	22380001	22410000	0.0091326255173654	22228	203	22228	0
PflaKGBHm	OZ251424.1	22380001	22410000	0.0059834443044808	22228	133	22228	0
PflaHELAf	OZ251424.1	22380001	22410000	0.0040489472737088	22228	90	22228	0
PflaKGBDf	OZ251424.1	22380001	22410000	0.0040489472737088	22228	90	22228	0
PflaKGBDf	OZ251424.1	22410001	22440000	0.0058188643829188	21310	124	21310	0
PflaHELEm	OZ251424.1	22410001	22440000	0.006100422336931	21310	130	21310	0
PflaKGBHm	OZ251424.1	22410001	22440000	0.0035664007508212	21310	76	21310	0
PflaHELAf	OZ251424.1	22410001	22440000	0.0058657907085875	21310	125	21310	0
PflaHELAf	OZ251424.1	22440001	22470000	0.005297557619539	14535	77	14535	0
PflaKGBDf	OZ251424.1	22440001	22470000	0.0061231510147918	14535	89	14535	0
PflaHELEm	OZ251424.1	22440001	22470000	0.0075679394564843	14535	110	14535	0
PflaKGBHm	OZ251424.1	22440001	22470000	0.0053663570691434	14535	78	14535	0
PflaHELEm	OZ251424.1	22470001	22500000	0.0072931511442702	23858	174	23858	0
PflaHELAf	OZ251424.1	22470001	22500000	0.0050297594098415	23858	120	23858	0
PflaKGBDf	OZ251424.1	22470001	22500000	0.0028082823371615	23858	67	23858	0
PflaKGBHm	OZ251424.1	22470001	22500000	0.0047363567776008	23858	113	23858	0
PflaKGBDf	OZ251424.1	22500001	22530000	0.0051013901288101	23523	120	23523	0
PflaHELAf	OZ251424.1	22500001	22530000	0.0055690175572843	23523	131	23523	0
PflaKGBHm	OZ251424.1	22500001	22530000	0.0022956255579645	23523	54	23523	0
PflaHELEm	OZ251424.1	22500001	22530000	0.0070569230115206	23523	166	23523	0
PflaKGBHm	OZ251424.1	22530001	22560000	0.0025569677370835	26594	68	26594	0
PflaHELEm	OZ251424.1	22530001	22560000	0.0062044070090997	26594	165	26594	0
PflaKGBDf	OZ251424.1	22530001	22560000	0.0041738738061216	26594	111	26594	0
PflaHELAf	OZ251424.1	22530001	22560000	0.0046251034067834	26594	123	26594	0
PflaHELEm	OZ251424.1	22560001	22590000	0.0057624275137678	27419	158	27419	0
PflaHELAf	OZ251424.1	22560001	22590000	0.0040847587439366	27419	112	27419	0
PflaKGBHm	OZ251424.1	22560001	22590000	0.0035012217805171	27419	96	27419	0
PflaKGBDf	OZ251424.1	22560001	22590000	0.004814179948211	27419	132	27419	0
PflaHELAf	OZ251424.1	22590001	22620000	0.0059950581277595	24687	148	24687	0
PflaKGBDf	OZ251424.1	22590001	22620000	0.0036456434560699	24687	90	24687	0
PflaHELEm	OZ251424.1	22590001	22620000	0.0085875156965204	24687	212	24687	0
PflaKGBHm	OZ251424.1	22590001	22620000	0.0034026005589986	24687	84	24687	0
PflaHELAf	OZ251424.1	22620001	22650000	0.0031998616276052	23126	74	23126	0
PflaKGBDf	OZ251424.1	22620001	22650000	0.0055348957882902	23126	128	23126	0
PflaKGBHm	OZ251424.1	22620001	22650000	0.0028539306408371	23126	66	23126	0
PflaHELEm	OZ251424.1	22620001	22650000	0.007567240335553	23126	175	23126	0
PflaKGBHm	OZ251424.1	22650001	22680000	0.005378568473314	26587	143	26587	0
PflaHELEm	OZ251424.1	22650001	22680000	0.0051905066385827	26587	138	26587	0
PflaKGBDf	OZ251424.1	22650001	22680000	0.0038364614285176	26587	102	26587	0
PflaHELAf	OZ251424.1	22650001	22680000	0.0038740737954639	26587	103	26587	0
PflaKGBHm	OZ251424.1	22680001	22710000	0.0043472911454702	24383	106	24383	0
PflaHELEm	OZ251424.1	22680001	22710000	0.00574170528647	24383	140	24383	0
PflaKGBDf	OZ251424.1	22680001	22710000	0.0039371693392937	24383	96	24383	0
PflaHELAf	OZ251424.1	22680001	22710000	0.0004101218061764	24383	10	24383	0
PflaHELAf	OZ251424.1	22710001	22740000	3.839950848629138e-05	26042	1	26042	0
PflaKGBDf	OZ251424.1	22710001	22740000	0.0027263651025266	26042	71	26042	0
PflaHELEm	OZ251424.1	22710001	22740000	0.0062975193917517	26042	164	26042	0
PflaKGBHm	OZ251424.1	22710001	22740000	0.0049151370862452	26042	128	26042	0
PflaKGBHm	OZ251424.1	22740001	22770000	0.0045957314223399	25676	118	25676	0
PflaHELAf	OZ251424.1	22740001	22770000	0.0030768032403801	25676	79	25676	0
PflaKGBDf	OZ251424.1	22740001	22770000	0.0044788907929584	25676	115	25676	0
PflaHELEm	OZ251424.1	22740001	22770000	0.0058809783455366	25676	151	25676	0
PflaKGBHm	OZ251424.1	22770001	22800000	0.0020261845386533	25664	52	25664	34
PflaHELEm	OZ251424.1	22770001	22800000	0.0067709549381274	25698	174	25698	0
PflaHELAf	OZ251424.1	22770001	22800000	0.0038135263444626	25698	98	25698	0
PflaKGBDf	OZ251424.1	22770001	22800000	0.0021791579111214	25698	56	25698	0
PflaKGBHm	OZ251424.1	22800001	22830000	0.0022688400991308	28649	65	28649	0
PflaHELEm	OZ251424.1	22800001	22830000	0.0049264526047307	28621	141	28621	28
PflaKGBDf	OZ251424.1	22800001	22830000	0.0034207127648434	28649	98	28649	0
PflaHELAf	OZ251424.1	22800001	22830000	0.0041537226430241	28649	119	28649	0
PflaKGBHm	OZ251424.1	22830001	22860000	0.0043027496619268	24403	105	24403	0
PflaHELEm	OZ251424.1	22830001	22860000	0.0066795066180387	24403	163	24403	0
PflaKGBDf	OZ251424.1	22830001	22860000	0.0051635111876075	24402	126	24402	1
PflaHELAf	OZ251424.1	22830001	22860000	0.0034068054016336	24363	83	24363	40
PflaKGBDf	OZ251424.1	22860001	22890000	0.0065393219755635	23244	152	23244	0
PflaHELEm	OZ251424.1	22860001	22890000	0.0082601961796592	23244	192	23244	0
PflaKGBHm	OZ251424.1	22860001	22890000	0.0017208742040956	23244	40	23244	0
PflaHELAf	OZ251424.1	22860001	22890000	0.0025813113061435	23244	60	23244	0
PflaKGBDf	OZ251424.1	22890001	22920000	0.0031163287086446	23425	73	23425	0
PflaHELEm	OZ251424.1	22890001	22920000	0.0071718249733191	23425	168	23425	0
PflaKGBHm	OZ251424.1	22890001	22920000	0.0058911419423692	23425	138	23425	0
PflaHELAf	OZ251424.1	22890001	22920000	0.0061472785485592	23425	144	23425	0
PflaHELAf	OZ251424.1	22920001	22950000	0.0037219304412555	24181	90	24181	0
PflaKGBDf	OZ251424.1	22920001	22950000	0.0043836069641454	24181	106	24181	0
PflaHELEm	OZ251424.1	22920001	22950000	0.0045076713121872	24181	109	24181	0
PflaKGBHm	OZ251424.1	22920001	22950000	0.0047558000082709	24181	115	24181	0
PflaHELAf	OZ251424.1	22950001	22980000	0.0032505056342097	27688	90	27688	0
PflaHELEm	OZ251424.1	22950001	22980000	0.0042617740537416	27688	118	27688	0
PflaKGBDf	OZ251424.1	22950001	22980000	0.0038644900317827	27688	107	27688	0
PflaKGBHm	OZ251424.1	22950001	22980000	0.0015530193585668	27688	43	27688	0
PflaHELAf	OZ251424.1	22980001	23010000	0.0046404632530837	25213	117	25213	0
PflaKGBDf	OZ251424.1	22980001	23010000	0.0065045809701344	25213	164	25213	0
PflaHELEm	OZ251424.1	22980001	23010000	0.0054733669138936	25213	138	25213	0
PflaKGBHm	OZ251424.1	22980001	23010000	0.0072978225518581	25213	184	25213	0
PflaHELAf	OZ251424.1	23010001	23040000	0.0058188564682071	23716	138	23716	0
PflaHELEm	OZ251424.1	23010001	23040000	0.009993253499747	23716	237	23716	0
PflaKGBHm	OZ251424.1	23010001	23040000	0.0079693034238488	23716	189	23716	0
PflaKGBDf	OZ251424.1	23010001	23040000	0.0057766908416259	23716	137	23716	0
PflaHELAf	OZ251424.1	23040001	23070000	0.0069089456869009	25040	173	25040	0
PflaKGBDf	OZ251424.1	23040001	23070000	0.0078084331077563	24973	195	24973	67
PflaHELEm	OZ251424.1	23040001	23070000	0.0089856230031948	25040	225	25040	0
PflaKGBHm	OZ251424.1	23040001	23070000	0.0059904153354632	25040	150	25040	0
PflaHELEm	OZ251424.1	23070001	23100000	0.0054901572855871	20218	111	20218	0
PflaKGBHm	OZ251424.1	23070001	23100000	0.0060836878029478	20218	123	20218	0
PflaKGBDf	OZ251424.1	23070001	23100000	0.0076664358492432	20218	155	20218	0
PflaHELAf	OZ251424.1	23070001	23100000	0.006973983578989	20218	141	20218	0
PflaHELEm	OZ251424.1	23100001	23130000	0.0088086797722634	18618	164	18618	0
PflaKGBHm	OZ251424.1	23100001	23130000	0.0052637232785476	18618	98	18618	0
PflaKGBDf	OZ251424.1	23100001	23130000	0.0026855731012998	18618	50	18618	0
PflaHELAf	OZ251424.1	23100001	23130000	0.0071436244494575	18618	133	18618	0
PflaHELAf	OZ251424.1	23130001	23160000	0.0050627085490737	17382	88	17382	0
PflaKGBDf	OZ251424.1	23130001	23160000	0.0035093775169715	17382	61	17382	0
PflaHELEm	OZ251424.1	23130001	23160000	0.0059832010125417	17382	104	17382	0
PflaKGBHm	OZ251424.1	23130001	23160000	0.0046599930963065	17382	81	17382	0
PflaHELEm	OZ251424.1	23160001	23190000	0.0050038294613224	19585	98	19585	0
PflaHELAf	OZ251424.1	23160001	23190000	0.0054633648200153	19585	107	19585	0
PflaKGBDf	OZ251424.1	23160001	23190000	0.0052080673985192	19585	102	19585	0
PflaKGBHm	OZ251424.1	23160001	23190000	0.0048610755769329	19543	95	19543	42
PflaKGBHm	OZ251424.1	23190001	23220000	0.0054478784704033	19090	104	19090	0
PflaHELEm	OZ251424.1	23190001	23220000	0.0078051335777894	19090	149	19090	0
PflaKGBDf	OZ251424.1	23190001	23220000	0.0039287585123101	19090	75	19090	0
PflaHELAf	OZ251424.1	23190001	23220000	0.0067361330386275	19002	128	19002	88
PflaHELAf	OZ251424.1	23220001	23250000	0.0074729822947804	17396	130	17396	0
PflaKGBDf	OZ251424.1	23220001	23250000	0.0018969878132904	17396	33	17396	0
PflaKGBHm	OZ251424.1	23220001	23250000	0.0016095654173373	17396	28	17396	0
PflaHELEm	OZ251424.1	23220001	23250000	0.0097723614624051	17396	170	17396	0
PflaKGBHm	OZ251424.1	23250001	23280000	0.006056287851799	19649	119	19649	0
PflaHELEm	OZ251424.1	23250001	23280000	0.0073795104076543	19649	145	19649	0
PflaKGBDf	OZ251424.1	23250001	23280000	0.0047330652959438	19649	93	19649	0
PflaHELAf	OZ251424.1	23250001	23280000	0.0053437833986462	19649	105	19649	0
PflaKGBHm	OZ251424.1	23280001	23310000	0.0065017236112929	22917	149	22917	0
PflaHELEm	OZ251424.1	23280001	23310000	0.0068944451717065	22917	158	22917	0
PflaKGBDf	OZ251424.1	23280001	23310000	0.0006981716629576	22917	16	22917	0
PflaHELAf	OZ251424.1	23280001	23310000	0.0050648386674234	22903	116	22903	14
PflaHELEm	OZ251424.1	23310001	23340000	0.0068716962998558	20810	143	20810	0
PflaKGBHm	OZ251424.1	23310001	23340000	0.0049980776624375	20808	104	20808	2
PflaHELAf	OZ251424.1	23310001	23340000	0.0019702066314271	20810	41	20810	0
PflaKGBDf	OZ251424.1	23310001	23340000	0.0047603019666298	20797	99	20797	13
PflaKGBHm	OZ251424.1	23340001	23370000	0.0038565919154406	21003	81	21003	78
PflaHELEm	OZ251424.1	23340001	23370000	0.0091551634172951	21081	193	21081	0
PflaKGBDf	OZ251424.1	23340001	23370000	0.006356434704236	21081	134	21081	0
PflaHELAf	OZ251424.1	23340001	23370000	0.0084013670020884	21068	177	21068	13
PflaHELEm	OZ251424.1	23370001	23400000	0.006213549899166	18347	114	18347	0
PflaHELAf	OZ251424.1	23370001	23400000	0.0051256884235781	18339	94	18339	8
PflaKGBDf	OZ251424.1	23370001	23400000	0.0050689486019512	18347	93	18347	0
PflaKGBHm	OZ251424.1	23370001	23400000	0.0006609749380335	18155	12	18155	192
PflaKGBHm	OZ251424.1	23400001	23430000	0.0006599104407259	21215	14	21215	0
PflaHELEm	OZ251424.1	23400001	23430000	0.0064576950271034	21215	137	21215	0
PflaKGBDf	OZ251424.1	23400001	23430000	0.0055621022861183	21215	118	21215	0
PflaHELAf	OZ251424.1	23400001	23430000	0.0059391939665331	21215	126	21215	0
PflaHELAf	OZ251424.1	23430001	23460000	0.001200377261425	11663	14	11663	0
PflaKGBDf	OZ251424.1	23430001	23460000	0.0066020749378376	11663	77	11663	0
PflaHELEm	OZ251424.1	23430001	23460000	0.0064305924719197	11663	75	11663	0
PflaKGBHm	OZ251424.1	23430001	23460000	0.006001886307125	11663	70	11663	0
PflaKGBDf	OZ251424.1	23460001	23490000	0.0069575300768227	20697	144	20697	0
PflaKGBHm	OZ251424.1	23460001	23490000	0.0035270812195004	20697	73	20697	0
PflaHELEm	OZ251424.1	23460001	23490000	0.0091800744069188	20697	190	20697	0
PflaHELAf	OZ251424.1	23460001	23490000	0.0027540223220756	20697	57	20697	0
PflaKGBHm	OZ251424.1	23490001	23520000	0.0007365668618568	27153	20	27153	0
PflaHELEm	OZ251424.1	23490001	23520000	0.0036460059661915	27153	99	27153	0
PflaKGBDf	OZ251424.1	23490001	23520000	0.0014363053806209	27153	39	27153	0
PflaHELAf	OZ251424.1	23490001	23520000	0.0038669760247486	27153	105	27153	0
PflaKGBHm	OZ251424.1	23520001	23550000	0.0041198180413698	23302	96	23302	0
PflaHELEm	OZ251424.1	23520001	23550000	0.0054930907218264	23302	128	23302	0
PflaKGBDf	OZ251424.1	23520001	23550000	0.0049781134666552	23302	116	23302	0
PflaHELAf	OZ251424.1	23520001	23550000	0.0052356020942408	23302	122	23302	0
PflaHELAf	OZ251424.1	23550001	23580000	0.0052344191301073	26555	139	26555	0
PflaKGBHm	OZ251424.1	23550001	23580000	0.0004895499905855	26555	13	26555	0
PflaHELEm	OZ251424.1	23550001	23580000	0.006401807569196	26555	170	26555	0
PflaKGBDf	OZ251424.1	23550001	23580000	0.0011297307475051	26555	30	26555	0
PflaKGBHm	OZ251424.1	23580001	23610000	0.0038621143021488	24339	94	24339	0
PflaHELEm	OZ251424.1	23580001	23610000	0.0071490200912116	24339	174	24339	0
PflaKGBDf	OZ251424.1	23580001	23610000	0.0048892723612309	24339	119	24339	0
PflaHELAf	OZ251424.1	23580001	23610000	0.0042729775257816	24339	104	24339	0
PflaHELEm	OZ251424.1	23610001	23640000	0.0072228877457543	28382	205	28382	0
PflaKGBHm	OZ251424.1	23610001	23640000	0.0059544781904023	28382	169	28382	0
PflaHELAf	OZ251424.1	23610001	23640000	0.005214572616447	28382	148	28382	0
PflaKGBDf	OZ251424.1	23610001	23640000	0.005531675005285	28382	157	28382	0
PflaHELEm	OZ251424.1	23640001	23670000	0.0037475640833458	26684	100	26684	0
PflaKGBDf	OZ251424.1	23640001	23670000	0.0031854294708439	26684	85	26684	0
PflaHELAf	OZ251424.1	23640001	23670000	0.0029230999850097	26684	78	26684	0
PflaKGBHm	OZ251424.1	23640001	23670000	0.0025483435766751	26684	68	26684	0
PflaKGBHm	OZ251424.1	23670001	23700000	0.0026471561454465	27199	72	27199	0
PflaKGBDf	OZ251424.1	23670001	23700000	0.0036398396999889	27199	99	27199	0
PflaHELAf	OZ251424.1	23670001	23700000	0.0028677524909004	27199	78	27199	0
PflaHELEm	OZ251424.1	23670001	23700000	0.002904518548476	27199	79	27199	0
PflaKGBHm	OZ251424.1	23700001	23730000	0.0003633555888631	22017	8	22017	43
PflaHELEm	OZ251424.1	23700001	23730000	0.0016772438803263	22060	37	22060	0
PflaHELAf	OZ251424.1	23700001	23730000	0.0034468683387001	22049	76	22049	11
PflaKGBDf	OZ251424.1	23700001	23730000	0.0035811423390752	22060	79	22060	0
PflaKGBHm	OZ251424.1	23730001	23760000	0.0003732503888024	16075	6	16075	0
PflaKGBDf	OZ251424.1	23730001	23760000	0.0046034214618973	16075	74	16075	0
PflaHELAf	OZ251424.1	23730001	23760000	0.0032970451010886	16075	53	16075	0
PflaHELEm	OZ251424.1	23730001	23760000	0.0041679626749611	16075	67	16075	0
PflaKGBDf	OZ251424.1	23760001	23790000	0.0044439033298837	16427	73	16427	0
PflaHELAf	OZ251424.1	23760001	23790000	0.0030437694040299	16427	50	16427	0
PflaKGBHm	OZ251424.1	23760001	23790000	0.0001217507761611	16427	2	16427	0
PflaHELEm	OZ251424.1	23760001	23790000	0.0037742740609971	16427	62	16427	0
PflaHELAf	OZ251424.1	23790001	23820000	0.0020445716622367	19564	40	19564	0
PflaKGBHm	OZ251424.1	23790001	23820000	0.0006644857902269	19564	13	19564	0
PflaKGBDf	OZ251424.1	23790001	23820000	0.0039358004498057	19564	77	19564	0
PflaHELEm	OZ251424.1	23790001	23820000	0.0030671710459053	19562	60	19562	2
PflaHELAf	OZ251424.1	23820001	23850000	0.0029336418477811	24202	71	24202	0
PflaKGBDf	OZ251424.1	23820001	23850000	0.0036773820345426	24202	89	24202	0
PflaHELEm	OZ251424.1	23820001	23850000	0.0026444095529295	24202	64	24202	0
PflaKGBHm	OZ251424.1	23820001	23850000	0.0021899016610197	24202	53	24202	0
PflaHELEm	OZ251424.1	23850001	23880000	0.0032143133761908	25822	83	25822	0
PflaKGBHm	OZ251424.1	23850001	23880000	0.0024785066997134	25822	64	25822	0
PflaHELAf	OZ251424.1	23850001	23880000	0.0023623266981643	25822	61	25822	0
PflaKGBDf	OZ251424.1	23850001	23880000	0.0027495933699945	25822	71	25822	0
PflaHELAf	OZ251424.1	23880001	23910000	0.0022800328922777	26754	61	26754	0
PflaKGBDf	OZ251424.1	23880001	23910000	0.0019062570082978	26754	51	26754	0
PflaHELEm	OZ251424.1	23880001	23910000	0.0036256260746056	26754	97	26754	0
PflaKGBHm	OZ251424.1	23880001	23910000	0.0002990207071839	26754	8	26754	0
PflaKGBHm	OZ251424.1	23910001	23940000	0.0010813928339701	27742	30	27742	0
PflaHELEm	OZ251424.1	23910001	23940000	0.0051906856030567	27742	144	27742	0
PflaHELAf	OZ251424.1	23910001	23940000	0.0045058034748756	27742	125	27742	0
PflaKGBDf	OZ251424.1	23910001	23940000	0.000612789272583	27742	17	27742	0
PflaHELEm	OZ251424.1	23940001	23970000	0.0057372346528973	26145	150	26145	0
PflaKGBHm	OZ251424.1	23940001	23970000	0.0048192771084337	26145	126	26145	0
PflaHELAf	OZ251424.1	23940001	23970000	0.0051252629565882	26145	134	26145	0
PflaKGBDf	OZ251424.1	23940001	23970000	0.0036718301778542	26145	96	26145	0
PflaKGBDf	OZ251424.1	23970001	24000000	0.0067080745341614	20125	135	20125	0
PflaHELEm	OZ251424.1	23970001	24000000	0.0078509316770186	20125	158	20125	0
PflaHELAf	OZ251424.1	23970001	24000000	0.0088944099378881	20125	179	20125	0
PflaKGBHm	OZ251424.1	23970001	24000000	0.0044223602484472	20125	89	20125	0
PflaHELAf	OZ251424.1	24000001	24030000	0.0157337788916736	21546	339	21546	44
PflaKGBDf	OZ251424.1	24000001	24030000	0.0124594719777674	21590	269	21590	0
PflaHELEm	OZ251424.1	24000001	24030000	0.0121403086047912	21581	262	21581	9
PflaKGBHm	OZ251424.1	24000001	24030000	0.0093202262821107	21566	201	21566	24
PflaKGBDf	OZ251424.1	24030001	24060000	0.0061448900388098	21644	133	21644	0
PflaHELEm	OZ251424.1	24030001	24060000	0.0085936056181851	21644	186	21644	0
PflaKGBHm	OZ251424.1	24030001	24060000	0.0068841249306967	21644	149	21644	0
PflaHELAf	OZ251424.1	24030001	24060000	0.0095638514137867	21644	207	21644	0
PflaHELAf	OZ251424.1	24060001	24090000	0.0031446540880503	23850	75	23850	6
PflaKGBDf	OZ251424.1	24060001	24090000	0.0048211964951997	23853	115	23853	3
PflaHELEm	OZ251424.1	24060001	24090000	0.0047786720321931	23856	114	23856	0
PflaKGBHm	OZ251424.1	24060001	24090000	0.005281690140845	23856	126	23856	0
PflaHELAf	OZ251424.1	24090001	24120000	0.0051087673038892	24272	124	24272	0
PflaKGBHm	OZ251424.1	24090001	24120000	0.0046967699406723	24272	114	24272	0
PflaHELEm	OZ251424.1	24090001	24120000	0.0048615688859591	24272	118	24272	0
PflaKGBDf	OZ251424.1	24090001	24120000	0.0049027686222808	24272	119	24272	0
PflaKGBDf	OZ251424.1	24120001	24150000	0.0013393681876962	21652	29	21652	0
PflaKGBHm	OZ251424.1	24120001	24150000	0.0019404019404019	21645	42	21645	7
PflaHELEm	OZ251424.1	24120001	24150000	0.0057731387400702	21652	125	21652	0
PflaHELAf	OZ251424.1	24120001	24150000	0.0048494365416589	21652	105	21652	0
PflaKGBDf	OZ251424.1	24150001	24180000	0.0004193031943279	26234	11	26234	0
PflaHELAf	OZ251424.1	24150001	24180000	0.0035068994434703	26234	92	26234	0
PflaHELEm	OZ251424.1	24150001	24180000	0.0048029274986658	26234	126	26234	0
PflaKGBHm	OZ251424.1	24150001	24180000	0.0005717770831745	26234	15	26234	0
PflaKGBDf	OZ251424.1	24180001	24210000	0.0020056745915272	20442	41	20442	0
PflaKGBHm	OZ251424.1	24180001	24210000	0.000538107817239	20442	11	20442	0
PflaHELAf	OZ251424.1	24180001	24210000	0.0011251345269543	20442	23	20442	0
PflaHELEm	OZ251424.1	24180001	24210000	0.0021035123764797	20442	43	20442	0
PflaKGBHm	OZ251424.1	24210001	24240000	NA	0	NA	NA	NA
PflaHELEm	OZ251424.1	24210001	24240000	NA	0	NA	NA	NA
PflaKGBDf	OZ251424.1	24210001	24240000	NA	0	NA	NA	NA
PflaHELAf	OZ251424.1	24210001	24240000	NA	0	NA	NA	NA
PflaHELEm	OZ251424.1	24240001	24270000	0.0083516483516483	6825	57	6825	0
PflaKGBDf	OZ251424.1	24240001	24270000	0.0045421245421245	6825	31	6825	0
PflaHELAf	OZ251424.1	24240001	24270000	0.0071794871794871	6825	49	6825	0
PflaKGBHm	OZ251424.1	24240001	24270000	0.0061538461538461	6825	42	6825	0
PflaHELEm	OZ251424.1	24270001	24300000	0.0058888479941111	24453	144	24453	0
PflaKGBDf	OZ251424.1	24270001	24300000	0.0033942665521612	24453	83	24453	0
PflaHELAf	OZ251424.1	24270001	24300000	0.0058070584386373	24453	142	24453	0
PflaKGBHm	OZ251424.1	24270001	24300000	0.0062977957714799	24453	154	24453	0
PflaKGBHm	OZ251424.1	24300001	24330000	0.0049105971436068	26677	131	26677	0
PflaHELAf	OZ251424.1	24300001	24330000	0.0062600742212392	26677	167	26677	0
PflaHELEm	OZ251424.1	24300001	24330000	0.006747385388162	26677	180	26677	0
PflaKGBDf	OZ251424.1	24300001	24330000	0.0016493608726618	26677	44	26677	0
PflaHELAf	OZ251424.1	24330001	24360000	0.005750339429758	25042	144	25042	0
PflaKGBDf	OZ251424.1	24330001	24360000	0.0064691318584777	25042	162	25042	0
PflaKGBHm	OZ251424.1	24330001	24360000	0.0078268508905039	25042	196	25042	0
PflaHELEm	OZ251424.1	24330001	24360000	0.0076271863269706	25042	191	25042	0
PflaHELEm	OZ251424.1	24360001	24390000	0.0092209582902447	23208	214	23208	0
PflaKGBHm	OZ251424.1	24360001	24390000	0.0067218200620475	23208	156	23208	0
PflaKGBDf	OZ251424.1	24360001	24390000	0.0013357462943812	23208	31	23208	0
PflaHELAf	OZ251424.1	24360001	24390000	0.0070234401930368	23208	163	23208	0
PflaKGBDf	OZ251424.1	24390001	24420000	0.000444872840513	26974	12	26974	0
PflaHELAf	OZ251424.1	24390001	24420000	0.0037814191443612	26974	102	26974	0
PflaHELEm	OZ251424.1	24390001	24420000	0.0041521465114554	26974	112	26974	0
PflaKGBHm	OZ251424.1	24390001	24420000	0.0041521465114554	26974	112	26974	0
PflaHELEm	OZ251424.1	24420001	24450000	0.0056424624484395	25698	145	25698	0
PflaKGBDf	OZ251424.1	24420001	24450000	0.0010506654214335	25698	27	25698	0
PflaHELAf	OZ251424.1	24420001	24450000	0.0046696240952603	25698	120	25698	0
PflaKGBHm	OZ251424.1	24420001	24450000	0.0045528834928788	25698	117	25698	0
PflaHELEm	OZ251424.1	24450001	24480000	0.0076174673806471	26518	202	26518	0
PflaHELAf	OZ251424.1	24450001	24480000	0.0048269100233803	26518	128	26518	0
PflaKGBDf	OZ251424.1	24450001	24480000	0.0047522063815342	26514	126	26514	4
PflaKGBHm	OZ251424.1	24450001	24480000	0.0015084093823063	26518	40	26518	0
PflaKGBDf	OZ251424.1	24480001	24510000	0.0067097311939987	23995	161	23995	0
PflaHELAf	OZ251424.1	24480001	24510000	0.0059595749114398	23995	143	23995	0
PflaHELEm	OZ251424.1	24480001	24510000	0.0058345488643467	23995	140	23995	0
PflaKGBHm	OZ251424.1	24480001	24510000	0.0051677432798499	23995	124	23995	0
PflaHELEm	OZ251424.1	24510001	24540000	0.0064494229463679	23568	152	23568	0
PflaKGBHm	OZ251424.1	24510001	24540000	0.0056008146639511	23568	132	23568	0
PflaHELAf	OZ251424.1	24510001	24540000	0.0066191446028513	23568	156	23568	0
PflaKGBDf	OZ251424.1	24510001	24540000	0.0057281059063136	23568	135	23568	0
PflaHELAf	OZ251424.1	24540001	24570000	0.0035778175313059	24596	88	24596	0
PflaKGBDf	OZ251424.1	24540001	24570000	0.0043909578793299	24596	108	24596	0
PflaHELEm	OZ251424.1	24540001	24570000	0.0069523499756057	24596	171	24596	0
PflaKGBHm	OZ251424.1	24540001	24570000	0.0042689868271263	24596	105	24596	0
PflaKGBDf	OZ251424.1	24570001	24600000	0.0043576375379347	25702	112	25702	0
PflaKGBHm	OZ251424.1	24570001	24600000	0.0042020076258656	25702	108	25702	0
PflaHELEm	OZ251424.1	24570001	24600000	0.0069255310870749	25702	178	25702	0
PflaHELAf	OZ251424.1	24570001	24600000	0.0043576375379347	25702	112	25702	0
PflaKGBHm	OZ251424.1	24600001	24630000	0.0053847418612298	24328	131	24328	0
PflaHELEm	OZ251424.1	24600001	24630000	0.0071933574482078	24328	175	24328	0
PflaKGBDf	OZ251424.1	24600001	24630000	0.0050970075633015	24328	124	24328	0
PflaHELAf	OZ251424.1	24600001	24630000	0.0059191055573824	24328	144	24328	0
PflaKGBDf	OZ251424.1	24630001	24660000	0.0056897205715008	23727	135	23727	0
PflaHELAf	OZ251424.1	24630001	24660000	0.0054873158583428	23691	130	23691	36
PflaHELEm	OZ251424.1	24630001	24660000	0.0087081501521812	23656	206	23656	71
PflaKGBHm	OZ251424.1	24630001	24660000	0.0059847431196527	23727	142	23727	0
PflaHELEm	OZ251424.1	24660001	24690000	0.0066160472447937	22521	149	22521	0
PflaKGBDf	OZ251424.1	24660001	24690000	0.0043514941610052	22521	98	22521	0
PflaHELAf	OZ251424.1	24660001	24690000	0.0055503752053638	22521	125	22521	0
PflaKGBHm	OZ251424.1	24660001	24690000	0.0070600772612228	22521	159	22521	0
PflaHELAf	OZ251424.1	24690001	24720000	0.0052754435107376	21420	113	21420	119
PflaKGBDf	OZ251424.1	24690001	24720000	0.0025999350016249	21539	56	21539	0
PflaHELEm	OZ251424.1	24690001	24720000	0.0042713217883838	21539	92	21539	0
PflaKGBHm	OZ251424.1	24690001	24720000	0.0062212730396025	21539	134	21539	0
PflaKGBHm	OZ251424.1	24720001	24750000	0.0032441509866035	26201	85	26201	0
PflaHELEm	OZ251424.1	24720001	24750000	0.0033586504331895	26201	88	26201	0
PflaHELAf	OZ251424.1	24720001	24750000	0.0034731498797755	26201	91	26201	0
PflaKGBDf	OZ251424.1	24720001	24750000	0.0006106637151253	26201	16	26201	0
PflaHELAf	OZ251424.1	24750001	24780000	0.0056431535269709	24100	136	24100	0
PflaKGBDf	OZ251424.1	24750001	24780000	0.0056846473029045	24100	137	24100	0
PflaHELEm	OZ251424.1	24750001	24780000	0.0050207468879668	24100	121	24100	0
PflaKGBHm	OZ251424.1	24750001	24780000	0.0054771784232365	24100	132	24100	0
PflaKGBHm	OZ251424.1	24780001	24810000	0.0065010548069057	23227	151	23227	0
PflaHELEm	OZ251424.1	24780001	24810000	0.0080940285013131	23227	188	23227	0
PflaKGBDf	OZ251424.1	24780001	24810000	0.008524561932234	23227	198	23227	0
PflaHELAf	OZ251424.1	24780001	24810000	0.0079218151289447	23227	184	23227	0
PflaHELAf	OZ251424.1	24810001	24840000	0.0045773195876288	24250	111	24250	0
PflaKGBHm	OZ251424.1	24810001	24840000	0.0038762886597938	24250	94	24250	0
PflaHELEm	OZ251424.1	24810001	24840000	0.0070927835051546	24250	172	24250	0
PflaKGBDf	OZ251424.1	24810001	24840000	0.0039175257731958	24250	95	24250	0
PflaKGBHm	OZ251424.1	24840001	24870000	0.0062396596549279	21155	132	21155	0
PflaHELEm	OZ251424.1	24840001	24870000	0.0067596312928385	21155	143	21155	0
PflaKGBDf	OZ251424.1	24840001	24870000	0.0054833372725124	21155	116	21155	0
PflaHELAf	OZ251424.1	24840001	24870000	0.0050106357835027	21155	106	21155	0
PflaHELEm	OZ251424.1	24870001	24900000	0.0076643117105544	23355	179	23355	0
PflaHELAf	OZ251424.1	24870001	24900000	0.0050524512952258	23355	118	23355	0
PflaKGBDf	OZ251424.1	24870001	24900000	0.0037251123956326	23355	87	23355	0
PflaKGBHm	OZ251424.1	24870001	24900000	0.0056518946692357	23355	132	23355	0
PflaKGBDf	OZ251424.1	24900001	24930000	0.0047767393561786	24075	115	24075	0
PflaHELAf	OZ251424.1	24900001	24930000	0.0055244029075804	24075	133	24075	0
PflaKGBHm	OZ251424.1	24900001	24930000	0.0048598130841121	24075	117	24075	0
PflaHELEm	OZ251424.1	24900001	24930000	0.0085565939771547	24075	206	24075	0
PflaHELAf	OZ251424.1	24930001	24960000	0.005819592628516	21651	126	21651	0
PflaKGBDf	OZ251424.1	24930001	24960000	0.0065585885178513	21651	142	21651	0
PflaHELEm	OZ251424.1	24930001	24960000	0.0077594568380213	21651	168	21651	0
PflaKGBHm	OZ251424.1	24930001	24960000	0.0056348436561821	21651	122	21651	0
PflaHELAf	OZ251424.1	24960001	24990000	0.0057459778155291	20014	115	20014	0
PflaHELEm	OZ251424.1	24960001	24990000	0.0089437393824322	20014	179	20014	0
PflaKGBHm	OZ251424.1	24960001	24990000	0.0063955231338063	20014	128	20014	0
PflaKGBDf	OZ251424.1	24960001	24990000	0.0034475866893174	20014	69	20014	0
PflaKGBDf	OZ251424.1	24990001	25020000	0.0036155871981431	22403	81	22403	0
PflaHELAf	OZ251424.1	24990001	25020000	0.0052225148417622	22403	117	22403	0
PflaKGBHm	OZ251424.1	24990001	25020000	0.0035263134401642	22403	79	22403	0
PflaHELEm	OZ251424.1	24990001	25020000	0.0079453644601169	22403	178	22403	0
PflaKGBDf	OZ251424.1	25020001	25050000	0.0065699156697391	20396	134	20396	0
PflaHELEm	OZ251424.1	25020001	25050000	0.0084820553049617	20396	173	20396	0
PflaKGBHm	OZ251424.1	25020001	25050000	0.0062267111198274	20396	127	20396	0
PflaHELAf	OZ251424.1	25020001	25050000	0.0058344773484997	20396	119	20396	0
PflaKGBHm	OZ251424.1	25050001	25080000	0.0044525929806181	22908	102	22908	0
PflaHELAf	OZ251424.1	25050001	25080000	0.0053256504277981	22908	122	22908	0
PflaKGBDf	OZ251424.1	25050001	25080000	0.002051685000873	22908	47	22908	0
PflaHELEm	OZ251424.1	25050001	25080000	0.0082940457482102	22908	190	22908	0
PflaKGBHm	OZ251424.1	25080001	25110000	0.0070246133739925	18364	129	18364	0
PflaHELEm	OZ251424.1	25080001	25110000	0.0074057939446743	18364	136	18364	0
PflaKGBDf	OZ251424.1	25080001	25110000	0.0062077978653888	18364	114	18364	0
PflaHELAf	OZ251424.1	25080001	25110000	0.0063711609671095	18364	117	18364	0
PflaHELAf	OZ251424.1	25110001	25140000	0.005227367349771	21617	113	21617	0
PflaKGBDf	OZ251424.1	25110001	25140000	0.0070777628718138	21617	153	21617	0
PflaHELEm	OZ251424.1	25110001	25140000	0.008511819401397	21617	184	21617	0
PflaKGBHm	OZ251424.1	25110001	25140000	0.0071702826479159	21617	155	21617	0
PflaKGBHm	OZ251424.1	25140001	25170000	0.0052143130501339	20904	109	20904	7
PflaHELEm	OZ251424.1	25140001	25170000	0.0078905839032088	20911	165	20911	0
PflaKGBDf	OZ251424.1	25140001	25170000	0.0084166228300894	20911	176	20911	0
PflaHELAf	OZ251424.1	25140001	25170000	0.0029649466787815	20911	62	20911	0
PflaHELEm	OZ251424.1	25170001	25200000	0.0003765667868094	18589	7	18589	0
PflaKGBHm	OZ251424.1	25170001	25200000	0.0030663295497337	18589	57	18589	0
PflaKGBDf	OZ251424.1	25170001	25200000	0.0023669912313733	18589	44	18589	0
PflaHELAf	OZ251424.1	25170001	25200000	0.0004329472886676	18478	8	18478	111
PflaHELAf	OZ251424.1	25200001	25230000	0.0062448772491315	25621	160	25621	0
PflaKGBDf	OZ251424.1	25200001	25230000	0.0034737129698294	25621	89	25621	0
PflaHELEm	OZ251424.1	25200001	25230000	0.0087818586315912	25621	225	25621	0
PflaKGBHm	OZ251424.1	25200001	25230000	0.0046836579368486	25621	120	25621	0
PflaHELAf	OZ251424.1	25230001	25260000	0.0044217352854475	20354	90	20354	0
PflaKGBDf	OZ251424.1	25230001	25260000	0.0069273852805345	20354	141	20354	0
PflaHELEm	OZ251424.1	25230001	25260000	0.0096295568438636	20354	196	20354	0
PflaKGBHm	OZ251424.1	25230001	25260000	0.0054043431266581	20354	110	20354	0
PflaKGBHm	OZ251424.1	25260001	25290000	0.006644202932941	21071	140	21071	1
PflaHELEm	OZ251424.1	25260001	25290000	0.0092065299924069	21072	194	21072	0
PflaKGBDf	OZ251424.1	25260001	25290000	0.0069286256643887	21072	146	21072	0
PflaHELAf	OZ251424.1	25260001	25290000	0.0060744115413819	21072	128	21072	0
PflaKGBHm	OZ251424.1	25290001	25320000	0.0065049983259195	20907	136	20907	0
PflaHELEm	OZ251424.1	25290001	25320000	0.0082288776193665	20902	172	20902	5
PflaHELAf	OZ251424.1	25290001	25320000	0.0063136748457454	20907	132	20907	0
PflaKGBDf	OZ251424.1	25290001	25320000	0.0059788587554407	20907	125	20907	0
PflaHELAf	OZ251424.1	25320001	25350000	0.0066184527722989	22815	151	22815	207
PflaKGBDf	OZ251424.1	25320001	25350000	0.0082964121275301	23022	191	23022	0
PflaHELEm	OZ251424.1	25320001	25350000	0.0098601337850751	23022	227	23022	0
PflaKGBHm	OZ251424.1	25320001	25350000	0.0084267222656589	23022	194	23022	0
PflaHELEm	OZ251424.1	25350001	25380000	0.0076741676325992	25019	192	25019	0
PflaKGBHm	OZ251424.1	25350001	25380000	0.0028778128622247	25019	72	25019	0
PflaHELAf	OZ251424.1	25350001	25380000	0.0046764459011151	25019	117	25019	0
PflaKGBDf	OZ251424.1	25350001	25380000	0.0049562332627203	25019	124	25019	0
PflaHELAf	OZ251424.1	25380001	25410000	0.0048074996995312	24961	120	24961	0
PflaKGBDf	OZ251424.1	25380001	25410000	0.0030848123071992	24961	77	24961	0
PflaHELEm	OZ251424.1	25380001	25410000	0.0078121870117383	24961	195	24961	0
PflaKGBHm	OZ251424.1	25380001	25410000	0.0018829373823164	24961	47	24961	0
PflaKGBDf	OZ251424.1	25410001	25440000	0.0001551048896816	25789	4	25789	0
PflaHELEm	OZ251424.1	25410001	25440000	0.0068246151459924	25789	176	25789	0
PflaKGBHm	OZ251424.1	25410001	25440000	0.0039163984644615	25789	101	25789	0
PflaHELAf	OZ251424.1	25410001	25440000	0.0022490209003838	25789	58	25789	0
PflaKGBHm	OZ251424.1	25440001	25470000	0.002982335398027	26154	78	26154	0
PflaHELEm	OZ251424.1	25440001	25470000	0.0061940812112869	26154	162	26154	0
PflaKGBDf	OZ251424.1	25440001	25470000	0.0034411562284927	26154	90	26154	0
PflaHELAf	OZ251424.1	25440001	25470000	0.0049705589967117	26154	130	26154	0
PflaKGBHm	OZ251424.1	25470001	25500000	0.0029253809544601	22903	67	22903	0
PflaHELAf	OZ251424.1	25470001	25500000	0.0058944243112256	22903	135	22903	0
PflaKGBDf	OZ251424.1	25470001	25500000	0.0054578002881718	22903	125	22903	0
PflaHELEm	OZ251424.1	25470001	25500000	0.0086455331412103	22902	198	22902	1
PflaKGBHm	OZ251424.1	25500001	25530000	0.0062693232566128	23288	146	23288	0
PflaKGBDf	OZ251424.1	25500001	25530000	0.005668155273102	23288	132	23288	0
PflaHELAf	OZ251424.1	25500001	25530000	0.0050240467193404	23288	117	23288	0
PflaHELEm	OZ251424.1	25500001	25530000	0.0071281346616283	23288	166	23288	0
PflaKGBDf	OZ251424.1	25530001	25560000	0.0072129926939364	21489	155	21489	0
PflaHELEm	OZ251424.1	25530001	25560000	0.0111219693796826	21489	239	21489	0
PflaKGBHm	OZ251424.1	25530001	25560000	0.001954488342873	21489	42	21489	0
PflaHELAf	OZ251424.1	25530001	25560000	0.0067941737633207	21489	146	21489	0
PflaHELAf	OZ251424.1	25560001	25590000	0.0064417462230049	21578	139	21578	0
PflaKGBDf	OZ251424.1	25560001	25590000	0.0033367318565205	21578	72	21578	0
PflaKGBHm	OZ251424.1	25560001	25590000	0.0048660672907591	21578	105	21578	0
PflaHELEm	OZ251424.1	25560001	25590000	0.0083418296413013	21578	180	21578	0
PflaKGBHm	OZ251424.1	25590001	25620000	0.002835928637723	19394	55	19394	0
PflaHELEm	OZ251424.1	25590001	25620000	0.0073734144580798	19394	143	19394	0
PflaKGBDf	OZ251424.1	25590001	25620000	0.0002062493554707	19394	4	19394	0
PflaHELAf	OZ251424.1	25590001	25620000	0.0057749819531813	19394	112	19394	0
PflaKGBHm	OZ251424.1	25620001	25650000	0.0051610057344508	22670	117	22670	0
PflaKGBDf	OZ251424.1	25620001	25650000	0.0053374503749448	22670	121	22670	0
PflaHELAf	OZ251424.1	25620001	25650000	0.0070577856197618	22670	160	22670	0
PflaHELEm	OZ251424.1	25620001	25650000	0.0065725628584031	22670	149	22670	0
PflaHELAf	OZ251424.1	25650001	25680000	0.0038750940556809	26580	103	26580	0
PflaKGBHm	OZ251424.1	25650001	25680000	0.0080135440180586	26580	213	26580	0
PflaHELEm	OZ251424.1	25650001	25680000	0.0079382994732881	26580	211	26580	0
PflaKGBDf	OZ251424.1	25650001	25680000	0.0075996990218209	26580	202	26580	0
PflaHELAf	OZ251424.1	25680001	25710000	0.0046377252337869	26306	122	26306	0
PflaKGBHm	OZ251424.1	25680001	25710000	0.0030031171595833	26306	79	26306	0
PflaKGBDf	OZ251424.1	25680001	25710000	0.0048277959400897	26306	127	26306	0
PflaHELEm	OZ251424.1	25680001	25710000	0.0080970120884969	26306	213	26306	0
PflaKGBHm	OZ251424.1	25710001	25740000	0.0049648145749687	23163	115	23163	0
PflaHELEm	OZ251424.1	25710001	25740000	0.0107499028623235	23163	249	23163	0
PflaKGBDf	OZ251424.1	25710001	25740000	0.0075551526140828	23163	175	23163	0
PflaHELAf	OZ251424.1	25710001	25740000	0.007468808012779	23163	173	23163	0
PflaHELAf	OZ251424.1	25740001	25770000	0.0060913705583756	22655	138	22655	0
PflaKGBHm	OZ251424.1	25740001	25770000	0.0017656146546016	22655	40	22655	0
PflaHELEm	OZ251424.1	25740001	25770000	0.0060913705583756	22655	138	22655	0
PflaKGBDf	OZ251424.1	25740001	25770000	0.0033989582413701	22654	77	22654	1
PflaKGBHm	OZ251424.1	25770001	25800000	0.0064469610213343	23577	152	23577	0
PflaHELEm	OZ251424.1	25770001	25800000	0.0094159562285278	23577	222	23577	0
PflaKGBDf	OZ251424.1	25770001	25800000	0.0054290198074394	23577	128	23577	0
PflaHELAf	OZ251424.1	25770001	25800000	0.0065317894558255	23577	154	23577	0
PflaKGBHm	OZ251424.1	25800001	25830000	0.0041874293371299	23881	100	23881	0
PflaHELEm	OZ251424.1	25800001	25830000	0.0051505380846698	23881	123	23881	0
PflaHELAf	OZ251424.1	25800001	25830000	0.0051924123780411	23881	124	23881	0
PflaKGBDf	OZ251424.1	25800001	25830000	0.0046061722708429	23881	110	23881	0
PflaHELAf	OZ251424.1	25830001	25860000	0.0119078571057147	19231	229	19231	0
PflaKGBDf	OZ251424.1	25830001	25860000	0.0108158702095574	19231	208	19231	0
PflaHELEm	OZ251424.1	25830001	25860000	0.012895845249857	19231	248	19231	0
PflaKGBHm	OZ251424.1	25830001	25860000	0.012791846497842	19231	246	19231	0
PflaHELAf	OZ251424.1	25860001	25890000	0.0265413095931441	12019	319	12019	0
PflaKGBDf	OZ251424.1	25860001	25890000	0.0260421000083201	12019	313	12019	0
PflaHELEm	OZ251424.1	25860001	25890000	0.0274565271653215	12019	330	12019	0
PflaKGBHm	OZ251424.1	25860001	25890000	0.0288709543223229	12019	347	12019	0
PflaKGBHm	OZ251424.1	25890001	25920000	0.0058943449742953	22564	133	22564	0
PflaHELEm	OZ251424.1	25890001	25920000	0.0066034391065413	22564	149	22564	0
PflaHELAf	OZ251424.1	25890001	25920000	0.0058943449742953	22564	133	22564	0
PflaKGBDf	OZ251424.1	25890001	25920000	0.0055397979081723	22564	125	22564	0
PflaKGBHm	OZ251424.1	25920001	25950000	0.0038471693131671	26513	102	26513	0
PflaHELEm	OZ251424.1	25920001	25950000	0.0065628182401086	26513	174	26513	0
PflaKGBDf	OZ251424.1	25920001	25950000	0.0024893448496963	26513	66	26513	0
PflaHELAf	OZ251424.1	25920001	25950000	0.0027940343590711	26485	74	26485	28
PflaKGBHm	OZ251424.1	25950001	25980000	0.0066829584559373	20051	134	20051	0
PflaHELEm	OZ251424.1	25950001	25980000	0.0040396987681412	20051	81	20051	0
PflaKGBDf	OZ251424.1	25950001	25980000	0.0034412248765647	20051	69	20051	0
PflaHELAf	OZ251424.1	25950001	25980000	0.0041893172410353	20051	84	20051	0
PflaKGBHm	OZ251424.1	25980001	26010000	0.0059378994680631	24251	144	24251	0
PflaKGBDf	OZ251424.1	25980001	26010000	0.006803843140489	24251	165	24251	0
PflaHELAf	OZ251424.1	25980001	26010000	0.0051544266215826	24251	125	24251	0
PflaHELEm	OZ251424.1	25980001	26010000	0.0081233763556142	24251	197	24251	0
PflaKGBHm	OZ251424.1	26010001	26040000	0.0073154615820275	21188	155	21188	0
PflaKGBDf	OZ251424.1	26010001	26040000	0.0056163866339437	21188	119	21188	0
PflaHELAf	OZ251424.1	26010001	26040000	0.0054815234854928	21162	116	21162	26
PflaHELEm	OZ251424.1	26010001	26040000	0.0057579762129507	21188	122	21188	0
PflaHELAf	OZ251424.1	26040001	26070000	0.0057735205353628	22863	132	22863	0
PflaKGBDf	OZ251424.1	26040001	26070000	0.004942483488606	22863	113	22863	0
PflaHELEm	OZ251424.1	26040001	26070000	0.0066482963740541	22863	152	22863	0
PflaKGBHm	OZ251424.1	26040001	26070000	0.0031507089095046	22852	72	22852	11
PflaHELAf	OZ251424.1	26070001	26100000	0.0056610219120589	20491	116	20491	0
PflaKGBDf	OZ251424.1	26070001	26100000	0.0067356501366653	20488	138	20488	3
PflaKGBHm	OZ251424.1	26070001	26100000	0.0035137377385193	20491	72	20491	0
PflaHELEm	OZ251424.1	26070001	26100000	0.0084427309550534	20491	173	20491	0
PflaHELEm	OZ251424.1	26100001	26130000	0.0097091477056861	23689	230	23689	0
PflaKGBDf	OZ251424.1	26100001	26130000	0.0049390012241968	23689	117	23689	0
PflaHELAf	OZ251424.1	26100001	26130000	0.0079361729072565	23689	188	23689	0
PflaKGBHm	OZ251424.1	26100001	26130000	0.0042213685676896	23689	100	23689	0
PflaHELAf	OZ251424.1	26130001	26160000	0.0065247416297566	20997	137	20997	0
PflaKGBDf	OZ251424.1	26130001	26160000	0.0049530885364575	20997	104	20997	0
PflaHELEm	OZ251424.1	26130001	26160000	0.0070010001428775	20997	147	20997	0
PflaKGBHm	OZ251424.1	26130001	26160000	0.0048102109825213	20997	101	20997	0
PflaHELEm	OZ251424.1	26160001	26190000	0.0090930506478209	21225	193	21225	0
PflaKGBHm	OZ251424.1	26160001	26190000	0.0056065959952885	21225	119	21225	0
PflaHELAf	OZ251424.1	26160001	26190000	0.0057950530035335	21225	123	21225	0
PflaKGBDf	OZ251424.1	26160001	26190000	0.0068318884281944	21224	145	21224	1
PflaKGBDf	OZ251424.1	26190001	26220000	0.0058775352892999	20757	122	20757	0
PflaHELEm	OZ251424.1	26190001	26220000	0.0075637134460663	20757	157	20757	0
PflaKGBHm	OZ251424.1	26190001	26220000	0.0057330057330057	20757	119	20757	0
PflaHELAf	OZ251424.1	26190001	26220000	0.0058775352892999	20757	122	20757	0
PflaHELAf	OZ251424.1	26220001	26250000	0.0040164074517176	23404	94	23404	0
PflaKGBDf	OZ251424.1	26220001	26250000	0.0045291403178943	23404	106	23404	0
PflaHELEm	OZ251424.1	26220001	26250000	0.002905486241668	23404	68	23404	0
PflaKGBHm	OZ251424.1	26220001	26250000	0.0019654759870107	23404	46	23404	0
PflaHELEm	OZ251424.1	26250001	26280000	0.0045187528242205	22130	100	22130	0
PflaKGBHm	OZ251424.1	26250001	26280000	0.0023497514685946	22130	52	22130	0
PflaHELAf	OZ251424.1	26250001	26280000	0.0051965657478535	22130	115	22130	0
PflaKGBDf	OZ251424.1	26250001	26280000	0.0051965657478535	22130	115	22130	0
PflaHELAf	OZ251424.1	26280001	26310000	0.0045429765582409	22012	100	22012	0
PflaKGBDf	OZ251424.1	26280001	26310000	0.0074050517899327	22012	163	22012	0
PflaHELEm	OZ251424.1	26280001	26310000	0.0044975467926585	22012	99	22012	0
PflaKGBHm	OZ251424.1	26280001	26310000	0.0028620752316918	22012	63	22012	0
PflaKGBHm	OZ251424.1	26310001	26340000	0.0080596191001932	18115	146	18115	0
PflaKGBDf	OZ251424.1	26310001	26340000	0.0083908363234888	18115	152	18115	0
PflaHELAf	OZ251424.1	26310001	26340000	0.0081700248412917	18115	148	18115	0
PflaHELEm	OZ251424.1	26310001	26340000	0.0104333425338117	18115	189	18115	0
PflaHELEm	OZ251424.1	26340001	26370000	0.0067861308450853	18862	128	18862	0
PflaKGBHm	OZ251424.1	26340001	26370000	0.0060969144311313	18862	115	18862	0
PflaKGBDf	OZ251424.1	26340001	26370000	0.006394543323031	18766	120	18766	96
PflaHELAf	OZ251424.1	26340001	26370000	0.0060969144311313	18862	115	18862	0
PflaHELEm	OZ251424.1	26370001	26400000	0.007565130260521	19960	151	19960	0
PflaKGBDf	OZ251424.1	26370001	26400000	0.0074649298597194	19960	149	19960	0
PflaHELAf	OZ251424.1	26370001	26400000	0.0066132264529058	19960	132	19960	0
PflaKGBHm	OZ251424.1	26370001	26400000	0.0066633266533066	19960	133	19960	0
PflaKGBDf	OZ251424.1	26400001	26430000	0.0058673330798065	18407	108	18407	0
PflaKGBHm	OZ251424.1	26400001	26430000	0.0080404194056608	18407	148	18407	0
PflaHELEm	OZ251424.1	26400001	26430000	0.0081490737219536	18407	150	18407	0
PflaHELAf	OZ251424.1	26400001	26430000	0.0055956972890748	18407	103	18407	0
PflaKGBHm	OZ251424.1	26430001	26460000	0.0063294244639615	20381	129	20381	0
PflaHELEm	OZ251424.1	26430001	26460000	0.0114004914004914	20350	232	20350	31
PflaHELAf	OZ251424.1	26430001	26460000	0.0084882979245375	20381	173	20381	0
PflaKGBDf	OZ251424.1	26430001	26460000	0.0074579265001717	20381	152	20381	0
PflaKGBHm	OZ251424.1	26460001	26490000	0.0044301863733577	19638	87	19638	0
PflaHELAf	OZ251424.1	26460001	26490000	0.0075873306854058	19638	149	19638	0
PflaKGBDf	OZ251424.1	26460001	26490000	0.0073327222731439	19638	144	19638	0
PflaHELEm	OZ251424.1	26460001	26490000	0.0104930725346373	19632	206	19632	6
PflaKGBHm	OZ251424.1	26490001	26520000	0.0065436538348169	16963	111	16963	0
PflaHELEm	OZ251424.1	26490001	26520000	0.0101397158521487	16963	172	16963	0
PflaKGBDf	OZ251424.1	26490001	26520000	0.0047161469079761	16963	80	16963	0
PflaHELAf	OZ251424.1	26490001	26520000	0.0046571950716264	16963	79	16963	0
PflaKGBHm	OZ251424.1	26520001	26550000	0.0048935875536678	21661	106	21661	0
PflaHELEm	OZ251424.1	26520001	26550000	0.0085406952587599	21661	185	21661	0
PflaKGBDf	OZ251424.1	26520001	26550000	0.0046644806724241	21653	101	21653	8
PflaHELAf	OZ251424.1	26520001	26550000	0.0056322422787498	21661	122	21661	0
PflaKGBHm	OZ251424.1	26550001	26580000	0.0050178202963796	21324	107	21324	0
PflaHELEm	OZ251424.1	26550001	26580000	0.009379103357719	21324	200	21324	0
PflaKGBDf	OZ251424.1	26550001	26580000	0.0025792534233727	21324	55	21324	0
PflaHELAf	OZ251424.1	26550001	26580000	0.0063308947664603	21324	135	21324	0
PflaHELAf	OZ251424.1	26580001	26610000	0.0076883939171236	17689	136	17689	0
PflaKGBHm	OZ251424.1	26580001	26610000	0.0078186968838526	17650	138	17650	39
PflaHELEm	OZ251424.1	26580001	26610000	0.0120413816496127	17689	213	17689	0
PflaKGBDf	OZ251424.1	26580001	26610000	0.0055401662049861	17689	98	17689	0
PflaKGBHm	OZ251424.1	26610001	26640000	0.0066098188606892	19819	131	19819	0
PflaHELEm	OZ251424.1	26610001	26640000	0.0092840203844795	19819	184	19819	0
PflaKGBDf	OZ251424.1	26610001	26640000	0.0057520561077753	19819	114	19819	0
PflaHELAf	OZ251424.1	26610001	26640000	0.0068223165554881	19788	135	19788	31
PflaKGBHm	OZ251424.1	26640001	26670000	0.0074451410658307	20416	152	20416	0
PflaHELEm	OZ251424.1	26640001	26670000	0.0083268025078369	20416	170	20416	0
PflaKGBDf	OZ251424.1	26640001	26670000	0.0059281759835382	20411	121	20411	5
PflaHELAf	OZ251424.1	26640001	26670000	0.0084247648902821	20416	172	20416	0
PflaKGBHm	OZ251424.1	26670001	26700000	0.0065264684554024	22064	144	22064	0
PflaKGBDf	OZ251424.1	26670001	26700000	0.0064811457577955	22064	143	22064	0
PflaHELAf	OZ251424.1	26670001	26700000	0.0012690355329949	22064	28	22064	0
PflaHELEm	OZ251424.1	26670001	26700000	0.0099256707759245	22064	219	22064	0
PflaHELEm	OZ251424.1	26700001	26730000	0.0100220401713311	24047	241	24047	1
PflaKGBDf	OZ251424.1	26700001	26730000	0.0068196939454424	24048	164	24048	0
PflaKGBHm	OZ251424.1	26700001	26730000	0.008025615435795	24048	193	24048	0
PflaHELAf	OZ251424.1	26700001	26730000	0.0022870924817032	24048	55	24048	0
PflaHELAf	OZ251424.1	26730001	26760000	0.0069627239534686	23554	164	23554	0
PflaKGBDf	OZ251424.1	26730001	26760000	0.0059437887407658	23554	140	23554	0
PflaHELEm	OZ251424.1	26730001	26760000	0.0085760380402479	23554	202	23554	0
PflaKGBHm	OZ251424.1	26730001	26760000	0.0045852084571622	23554	108	23554	0
PflaHELAf	OZ251424.1	26760001	26790000	0.0078149562092971	22265	174	22265	0
PflaKGBDf	OZ251424.1	26760001	26790000	0.0016618010330114	22265	37	22265	0
PflaHELEm	OZ251424.1	26760001	26790000	0.0100606332809342	22265	224	22265	0
PflaKGBHm	OZ251424.1	26760001	26790000	0.0091623624522793	22265	204	22265	0
PflaKGBDf	OZ251424.1	26790001	26820000	0.0014666243856032	25228	37	25228	0
PflaHELEm	OZ251424.1	26790001	26820000	0.0068178214682099	25228	172	25228	0
PflaKGBHm	OZ251424.1	26790001	26820000	0.0055097510702394	25228	139	25228	0
PflaHELAf	OZ251424.1	26790001	26820000	0.0017044553670524	25228	43	25228	0
PflaHELAf	OZ251424.1	26820001	26850000	0.0044372730939895	24790	110	24790	0
PflaKGBDf	OZ251424.1	26820001	26850000	0.0065752319483662	24790	163	24790	0
PflaHELEm	OZ251424.1	26820001	26850000	0.0091165792658329	24790	226	24790	0
PflaKGBHm	OZ251424.1	26820001	26850000	0.00843081887858	24790	209	24790	0
PflaHELAf	OZ251424.1	26850001	26880000	0.0013143652389052	25868	34	25868	0
PflaKGBDf	OZ251424.1	26850001	26880000	0.0061079325807948	25868	158	25868	0
PflaHELEm	OZ251424.1	26850001	26880000	0.0083500850471625	25868	216	25868	0
PflaKGBHm	OZ251424.1	26850001	26880000	0.0081567960414411	25868	211	25868	0
PflaKGBHm	OZ251424.1	26880001	26910000	0.0047848678554072	26751	128	26751	0
PflaHELEm	OZ251424.1	26880001	26910000	0.0067287204216664	26751	180	26751	0
PflaKGBDf	OZ251424.1	26880001	26910000	0.0052334492168517	26751	140	26751	0
PflaHELAf	OZ251424.1	26880001	26910000	0.0043738317757009	26750	117	26750	1
PflaKGBHm	OZ251424.1	26910001	26940000	0.0046728971962616	22042	103	22042	0
PflaHELEm	OZ251424.1	26910001	26940000	0.0093457943925233	22042	206	22042	0
PflaKGBDf	OZ251424.1	26910001	26940000	0.006306142818256	22042	139	22042	0
PflaHELAf	OZ251424.1	26910001	26940000	0.0066690862898103	22042	147	22042	0
PflaHELEm	OZ251424.1	26940001	26970000	0.0103907119758256	18863	196	18863	0
PflaKGBDf	OZ251424.1	26940001	26970000	0.0057785081906377	18863	109	18863	0
PflaHELAf	OZ251424.1	26940001	26970000	0.0068917987594762	18863	130	18863	0
PflaKGBHm	OZ251424.1	26940001	26970000	0.0028830752802989	18730	54	18730	133
PflaHELAf	OZ251424.1	26970001	27000000	0.0066032072721035	23322	154	23322	0
PflaKGBDf	OZ251424.1	26970001	27000000	0.0044606476517263	23315	104	23315	7
PflaKGBHm	OZ251424.1	26970001	27000000	0.0056598919475173	23322	132	23322	0
PflaHELEm	OZ251424.1	26970001	27000000	0.0076751565045879	23322	179	23322	0
PflaHELEm	OZ251424.1	27000001	27030000	0.0084199707475194	25297	213	25297	0
PflaKGBHm	OZ251424.1	27000001	27030000	0.0064434517927026	25297	163	25297	0
PflaHELAf	OZ251424.1	27000001	27030000	0.0059295568644503	25297	150	25297	0
PflaKGBDf	OZ251424.1	27000001	27030000	0.0043878720796932	25297	111	25297	0
PflaHELAf	OZ251424.1	27030001	27060000	0.0046723226361736	24399	114	24399	0
PflaKGBDf	OZ251424.1	27030001	27060000	0.0064346899463092	24399	157	24399	0
PflaHELEm	OZ251424.1	27030001	27060000	0.0082790278290093	24399	202	24399	0
PflaKGBHm	OZ251424.1	27030001	27060000	0.0052461166441247	24399	128	24399	0
PflaHELAf	OZ251424.1	27060001	27090000	0.0062946495478842	20017	126	20017	0
PflaKGBDf	OZ251424.1	27060001	27090000	0.005944946795224	20017	119	20017	0
PflaHELEm	OZ251424.1	27060001	27090000	0.0114402757655992	20017	229	20017	0
PflaKGBHm	OZ251424.1	27060001	27090000	0.0066443523005445	20017	133	20017	0
PflaHELAf	OZ251424.1	27090001	27120000	0.0052745544389539	18011	95	18011	1
PflaKGBHm	OZ251424.1	27090001	27120000	0.0052187430601821	18012	94	18012	0
PflaHELEm	OZ251424.1	27090001	27120000	0.0086608927381745	18012	156	18012	0
PflaKGBDf	OZ251424.1	27090001	27120000	0.0039418165667332	18012	71	18012	0
PflaHELAf	OZ251424.1	27120001	27150000	0.0058697133273937	19081	112	19081	0
PflaKGBDf	OZ251424.1	27120001	27150000	0.0063413867197735	19081	121	19081	0
PflaHELEm	OZ251424.1	27120001	27150000	0.0058173051726848	19081	111	19081	0
PflaKGBHm	OZ251424.1	27120001	27150000	0.0059745296368114	19081	114	19081	0
PflaKGBHm	OZ251424.1	27150001	27180000	0.0054582670002274	17588	96	17588	32
PflaHELEm	OZ251424.1	27150001	27180000	0.0081157775255391	17620	143	17620	0
PflaHELAf	OZ251424.1	27150001	27180000	0.0062026973197518	17573	109	17573	47
PflaKGBDf	OZ251424.1	27150001	27180000	0.0074914869466515	17620	132	17620	0
PflaHELAf	OZ251424.1	27180001	27210000	0.0071744471744471	20350	146	20350	0
PflaKGBDf	OZ251424.1	27180001	27210000	0.0074692874692874	20350	152	20350	0
PflaHELEm	OZ251424.1	27180001	27210000	0.0073218673218673	20350	149	20350	0
PflaKGBHm	OZ251424.1	27180001	27210000	0.0031449631449631	20350	64	20350	0
PflaHELAf	OZ251424.1	27210001	27240000	0.0079173451625582	17809	141	17809	0
PflaKGBDf	OZ251424.1	27210001	27240000	0.0049446535933022	17797	88	17797	12
PflaHELEm	OZ251424.1	27210001	27240000	0.0094334325341119	17809	168	17809	0
PflaKGBHm	OZ251424.1	27210001	27240000	0.0027514178224493	17809	49	17809	0
PflaKGBHm	OZ251424.1	27240001	27270000	0.0051190036413531	18949	97	18949	49
PflaHELEm	OZ251424.1	27240001	27270000	0.0089483103484577	18998	170	18998	0
PflaHELAf	OZ251424.1	27240001	27270000	0.0056851081749749	18997	108	18997	1
PflaKGBDf	OZ251424.1	27240001	27270000	0.0071586482787661	18998	136	18998	0
PflaHELAf	OZ251424.1	27270001	27300000	0.0032460179663319	13247	43	13247	0
PflaKGBDf	OZ251424.1	27270001	27300000	0.0058881256133464	13247	78	13247	0
PflaHELEm	OZ251424.1	27270001	27300000	0.0072469238318109	13247	96	13247	0
PflaKGBHm	OZ251424.1	27270001	27300000	0.0064199395770392	13240	85	13240	7
PflaKGBHm	OZ251424.1	27300001	27330000	0.0058812278856268	20914	123	20914	0
PflaHELEm	OZ251424.1	27300001	27330000	0.0105670842497848	20914	221	20914	0
PflaHELAf	OZ251424.1	27300001	27330000	0.0070765994070957	20914	148	20914	0
PflaKGBDf	OZ251424.1	27300001	27330000	0.0084154155111408	20914	176	20914	0
PflaHELAf	OZ251424.1	27330001	27360000	0.0077232004942848	22659	175	22659	0
PflaKGBDf	OZ251424.1	27330001	27360000	0.0083425292429927	22655	189	22655	4
PflaHELEm	OZ251424.1	27330001	27360000	0.0100180943554437	22659	227	22659	0
PflaKGBHm	OZ251424.1	27330001	27360000	0.0045905981019642	22655	104	22655	4
PflaHELAf	OZ251424.1	27360001	27390000	0.0064046940209082	24201	155	24201	0
PflaKGBDf	OZ251424.1	27360001	27390000	0.0057435643155241	24201	139	24201	0
PflaKGBHm	OZ251424.1	27360001	27390000	0.0065699764472542	24201	159	24201	0
PflaHELEm	OZ251424.1	27360001	27390000	0.0083054419238874	24201	201	24201	0
PflaHELAf	OZ251424.1	27390001	27420000	0.0049158118831043	25835	127	25835	0
PflaKGBDf	OZ251424.1	27390001	27420000	0.004567447261467	25835	118	25835	0
PflaHELEm	OZ251424.1	27390001	27420000	0.0072385228768289	25834	187	25834	1
PflaKGBHm	OZ251424.1	27390001	27420000	0.0023998451712792	25835	62	25835	0
PflaKGBHm	OZ251424.1	27420001	27450000	0.0034013605442176	19404	66	19404	0
PflaHELEm	OZ251424.1	27420001	27450000	0.0074211502782931	19404	144	19404	0
PflaHELAf	OZ251424.1	27420001	27450000	0.0049989692846835	19404	97	19404	0
PflaKGBDf	OZ251424.1	27420001	27450000	0.0044836116264687	19404	87	19404	0
PflaHELAf	OZ251424.1	27450001	27480000	0.0075984803039392	20004	152	20004	0
PflaKGBDf	OZ251424.1	27450001	27480000	0.0065986802639472	20004	132	20004	0
PflaHELEm	OZ251424.1	27450001	27480000	0.0112977404519096	20004	226	20004	0
PflaKGBHm	OZ251424.1	27450001	27480000	0.0061487702459508	20004	123	20004	0
PflaKGBHm	OZ251424.1	27480001	27510000	0.0083813794576126	18732	157	18732	25
PflaKGBDf	OZ251424.1	27480001	27510000	0.0076771338700218	18757	144	18757	0
PflaHELEm	OZ251424.1	27480001	27510000	0.0091699099003038	18757	172	18757	0
PflaHELAf	OZ251424.1	27480001	27510000	0.0058644772618222	18757	110	18757	0
PflaKGBDf	OZ251424.1	27510001	27540000	0.0089774577023627	20273	182	20273	0
PflaHELEm	OZ251424.1	27510001	27540000	0.0114931189266512	20273	233	20273	0
PflaKGBHm	OZ251424.1	27510001	27540000	0.0077442904355546	20273	157	20273	0
PflaHELAf	OZ251424.1	27510001	27540000	0.0052291450841103	20271	106	20271	2
PflaHELAf	OZ251424.1	27540001	27570000	0.0062491630585189	22403	140	22403	0
PflaKGBDf	OZ251424.1	27540001	27570000	0.007320448154265	22403	164	22403	0
PflaHELEm	OZ251424.1	27540001	27570000	0.0088381020399053	22403	198	22403	0
PflaKGBHm	OZ251424.1	27540001	27570000	0.0083187977995438	22359	186	22359	44
PflaHELEm	OZ251424.1	27570001	27600000	0.0073798690489401	18022	133	18022	0
PflaKGBHm	OZ251424.1	27570001	27600000	0.0063256020419487	18022	114	18022	0
PflaHELAf	OZ251424.1	27570001	27600000	0.0048274331372766	18022	87	18022	0
PflaKGBDf	OZ251424.1	27570001	27600000	0.0071579181000998	18022	129	18022	0
PflaHELEm	OZ251424.1	27600001	27630000	0.0087889510329871	17522	154	17522	13
PflaHELAf	OZ251424.1	27600001	27630000	0.005189620758483	17535	91	17535	0
PflaKGBDf	OZ251424.1	27600001	27630000	0.0044490075290896	17532	78	17532	3
PflaKGBHm	OZ251424.1	27600001	27630000	0.0058739663530082	17535	103	17535	0
PflaKGBHm	OZ251424.1	27630001	27660000	0.005567778725697	22271	124	22271	0
PflaHELEm	OZ251424.1	27630001	27660000	0.0076332450271653	22271	170	22271	0
PflaKGBDf	OZ251424.1	27630001	27660000	0.0061514974630685	22271	137	22271	0
PflaHELAf	OZ251424.1	27630001	27660000	0.0060167931390597	22271	134	22271	0
PflaKGBHm	OZ251424.1	27660001	27690000	0.0048873885221947	19847	97	19847	0
PflaHELEm	OZ251424.1	27660001	27690000	0.0070035773668564	19847	139	19847	0
PflaKGBDf	OZ251424.1	27660001	27690000	0.0014107925631077	19847	28	19847	0
PflaHELAf	OZ251424.1	27660001	27690000	0.003476595959087	19847	69	19847	0
PflaHELAf	OZ251424.1	27690001	27720000	0.0043478260869565	16330	71	16330	4
PflaHELEm	OZ251424.1	27690001	27720000	0.0069793069670625	16334	114	16334	0
PflaKGBDf	OZ251424.1	27690001	27720000	0.0030610995469572	16334	50	16334	0
PflaKGBHm	OZ251424.1	27690001	27720000	0.0038569854291661	16334	63	16334	0
PflaKGBDf	OZ251424.1	27720001	27750000	0.0049515271552173	19186	95	19186	0
PflaKGBHm	OZ251424.1	27720001	27750000	0.0068800166788283	19186	132	19186	0
PflaHELEm	OZ251424.1	27720001	27750000	0.0071406233712081	19186	137	19186	0
PflaHELAf	OZ251424.1	27720001	27750000	0.0059561795362688	18804	112	18804	382
PflaKGBHm	OZ251424.1	27750001	27780000	0.0047214955656224	15673	74	15673	9
PflaHELEm	OZ251424.1	27750001	27780000	0.0098201759979594	15682	154	15682	0
PflaKGBDf	OZ251424.1	27750001	27780000	0.0063129702844025	15682	99	15682	0
PflaHELAf	OZ251424.1	27750001	27780000	0.0059303660247417	15682	93	15682	0
PflaKGBHm	OZ251424.1	27780001	27810000	0.0050427786276842	17649	89	17649	0
PflaHELEm	OZ251424.1	27780001	27810000	0.0087257068389143	17649	154	17649	0
PflaKGBDf	OZ251424.1	27780001	27810000	0.0062893081761006	17649	111	17649	0
PflaHELAf	OZ251424.1	27780001	27810000	0.0062893081761006	17649	111	17649	0
PflaHELAf	OZ251424.1	27810001	27840000	0.0032121212121212	16500	53	16500	232
PflaKGBDf	OZ251424.1	27810001	27840000	0.0049605546258666	16732	83	16732	0
PflaHELEm	OZ251424.1	27810001	27840000	0.0099808749701171	16732	167	16732	0
PflaKGBHm	OZ251424.1	27810001	27840000	0.0037652402581879	16732	63	16732	0
PflaHELAf	OZ251424.1	27840001	27870000	0.004178106720783	16754	70	16754	0
PflaKGBDf	OZ251424.1	27840001	27870000	0.0026263952724885	16753	44	16753	1
PflaHELEm	OZ251424.1	27840001	27870000	0.0084159006804345	16754	141	16754	0
PflaKGBHm	OZ251424.1	27840001	27870000	0.0042377939596514	16754	71	16754	0
PflaHELAf	OZ251424.1	27870001	27900000	0.0050692248991605	18346	93	18346	0
PflaKGBDf	OZ251424.1	27870001	27900000	0.0054507794614629	18346	100	18346	0
PflaHELEm	OZ251424.1	27870001	27900000	0.008394200370653	18346	154	18346	0
PflaKGBHm	OZ251424.1	27870001	27900000	0.0043065852594853	18344	79	18344	2
PflaHELEm	OZ251424.1	27900001	27930000	0.009769792251544	17810	174	17810	0
PflaKGBHm	OZ251424.1	27900001	27930000	0.0075800112296462	17810	135	17810	0
PflaHELAf	OZ251424.1	27900001	27930000	0.0093206064008983	17810	166	17810	0
PflaKGBDf	OZ251424.1	27900001	27930000	0.0062886019090398	17810	112	17810	0
PflaKGBHm	OZ251424.1	27930001	27960000	0.004987684729064	16240	81	16240	0
PflaHELEm	OZ251424.1	27930001	27960000	0.0064655172413793	16240	105	16240	0
PflaKGBDf	OZ251424.1	27930001	27960000	0.0031403940886699	16240	51	16240	0
PflaHELAf	OZ251424.1	27930001	27960000	0.0051724137931034	16240	84	16240	0
PflaKGBHm	OZ251424.1	27960001	27990000	0.0058234189104571	15970	93	15970	0
PflaHELEm	OZ251424.1	27960001	27990000	0.0093299937382592	15970	149	15970	0
PflaKGBDf	OZ251424.1	27960001	27990000	0.0055103318722604	15970	88	15970	0
PflaHELAf	OZ251424.1	27960001	27990000	0.0073888541014402	15970	118	15970	0
PflaHELAf	OZ251424.1	27990001	28020000	0.0069604199846634	16953	118	16953	0
PflaHELEm	OZ251424.1	27990001	28020000	0.0080221789653748	16953	136	16953	0
PflaKGBHm	OZ251424.1	27990001	28020000	0.0049548752433197	16953	84	16953	0
PflaKGBDf	OZ251424.1	27990001	28020000	0.0025955639452571	16952	44	16952	1
PflaHELAf	OZ251424.1	28020001	28050000	0.0043638033991731	21770	95	21770	0
PflaKGBDf	OZ251424.1	28020001	28050000	0.0006430868167202	21770	14	21770	0
PflaHELEm	OZ251424.1	28020001	28050000	0.0073954983922829	21770	161	21770	0
PflaKGBHm	OZ251424.1	28020001	28050000	0.0021129995406522	21770	46	21770	0
PflaHELAf	OZ251424.1	28050001	28080000	0.0025780578630764	20946	54	20946	53
PflaKGBDf	OZ251424.1	28050001	28080000	0.0051907233677794	20999	109	20999	0
PflaHELEm	OZ251424.1	28050001	28080000	0.0081908662317253	20999	172	20999	0
PflaKGBHm	OZ251424.1	28050001	28080000	0.0040001904852612	20999	84	20999	0
PflaHELEm	OZ251424.1	28080001	28110000	0.0068913433399414	21186	146	21186	0
PflaHELAf	OZ251424.1	28080001	28110000	0.0025016520343623	21186	53	21186	0
PflaKGBDf	OZ251424.1	28080001	28110000	0.0026904559614839	21186	57	21186	0
PflaKGBHm	OZ251424.1	28080001	28110000	0.0029264608703861	21186	62	21186	0
PflaKGBDf	OZ251424.1	28110001	28140000	0.0005832887765517	20573	12	20573	0
PflaHELAf	OZ251424.1	28110001	28140000	0.0004860739804598	20573	10	20573	0
PflaHELEm	OZ251424.1	28110001	28140000	0.005541243377242	20573	114	20573	0
PflaKGBHm	OZ251424.1	28110001	28140000	0.0033539104651727	20573	69	20573	0
PflaHELAf	OZ251424.1	28140001	28170000	0.0054002662103061	26295	142	26295	0
PflaKGBDf	OZ251424.1	28140001	28170000	0.0035748241110477	26295	94	26295	0
PflaHELEm	OZ251424.1	28140001	28170000	0.0078341890093173	26295	206	26295	0
PflaKGBHm	OZ251424.1	28140001	28170000	0.0041452747670659	26295	109	26295	0
PflaKGBHm	OZ251424.1	28170001	28200000	0.007595152756443	23436	178	23436	0
PflaHELEm	OZ251424.1	28170001	28200000	0.0081925243215565	23436	192	23436	0
PflaKGBDf	OZ251424.1	28170001	28200000	0.006400409626216	23436	150	23436	0
PflaHELAf	OZ251424.1	28170001	28200000	0.0066564260112647	23436	156	23436	0
PflaHELEm	OZ251424.1	28200001	28230000	0.0084753612449055	21592	183	21592	0
PflaKGBHm	OZ251424.1	28200001	28230000	0.0071322712115598	21592	154	21592	0
PflaKGBDf	OZ251424.1	28200001	28230000	0.0041682104483141	21592	90	21592	0
PflaHELAf	OZ251424.1	28200001	28230000	0.0070396443127084	21592	152	21592	0
PflaKGBHm	OZ251424.1	28230001	28260000	0.0042276106710724	20579	87	20579	0
PflaHELEm	OZ251424.1	28230001	28260000	0.0053452548714709	20579	110	20579	0
PflaHELAf	OZ251424.1	28230001	28260000	0.0044219835754895	20579	91	20579	0
PflaKGBDf	OZ251424.1	28230001	28260000	0.0050536955148452	20579	104	20579	0
PflaKGBHm	OZ251424.1	28260001	28290000	0.0030440708768741	22010	67	22010	0
PflaHELEm	OZ251424.1	28260001	28290000	0.0046342571558382	22010	102	22010	0
PflaHELAf	OZ251424.1	28260001	28290000	0.0039527487505679	22010	87	22010	0
PflaKGBDf	OZ251424.1	28260001	28290000	0.000863243980009	22010	19	22010	0
PflaKGBHm	OZ251424.1	28290001	28320000	0.0060085836909871	26795	161	26795	0
PflaHELEm	OZ251424.1	28290001	28320000	0.0082104870311625	26795	220	26795	0
PflaKGBDf	OZ251424.1	28290001	28320000	0.0046650494495241	26795	125	26795	0
PflaHELAf	OZ251424.1	28290001	28320000	0.0063444672513528	26795	170	26795	0
PflaKGBHm	OZ251424.1	28320001	28350000	0.0089779631812823	11027	99	11027	0
PflaKGBDf	OZ251424.1	28320001	28350000	0.0082524712070372	11027	91	11027	0
PflaHELAf	OZ251424.1	28320001	28350000	0.0089820359281437	11022	99	11022	5
PflaHELEm	OZ251424.1	28320001	28350000	0.0094322510429892	11026	104	11026	1
PflaHELAf	OZ251424.1	28350001	28380000	0.0060385097413694	17554	106	17554	0
PflaKGBDf	OZ251424.1	28350001	28380000	0.0099692377805628	17554	175	17554	0
PflaHELEm	OZ251424.1	28350001	28380000	0.006152443887433	17554	108	17554	0
PflaKGBHm	OZ251424.1	28350001	28380000	0.0106528426569442	17554	187	17554	0
PflaKGBHm	OZ251424.1	28380001	28410000	0.0058222726599891	20267	118	20267	0
PflaHELEm	OZ251424.1	28380001	28410000	0.0081906547589677	20267	166	20267	0
PflaKGBDf	OZ251424.1	28380001	28410000	0.0044900577293136	20267	91	20267	0
PflaHELAf	OZ251424.1	28380001	28410000	0.0055262248976168	20267	112	20267	0
PflaHELAf	OZ251424.1	28410001	28440000	0.0067604704847752	18194	123	18194	25
PflaKGBHm	OZ251424.1	28410001	28440000	0.0021997360316761	18184	40	18184	35
PflaHELEm	OZ251424.1	28410001	28440000	0.009989571326637	18219	182	18219	0
PflaKGBDf	OZ251424.1	28410001	28440000	0.0058729897359899	18219	107	18219	0
PflaKGBHm	OZ251424.1	28440001	28470000	0.0034076992705393	18781	64	18781	0
PflaHELEm	OZ251424.1	28440001	28470000	0.0117139662424791	18781	220	18781	0
PflaKGBDf	OZ251424.1	28440001	28470000	0.0052712848091155	18781	99	18781	0
PflaHELAf	OZ251424.1	28440001	28470000	0.0057341907824222	18660	107	18660	121
PflaKGBDf	OZ251424.1	28470001	28500000	0.0050214861667712	20711	104	20711	0
PflaHELAf	OZ251424.1	28470001	28500000	0.0051663367292742	20711	107	20711	0
PflaHELEm	OZ251424.1	28470001	28500000	0.0060837236251267	20711	126	20711	0
PflaKGBHm	OZ251424.1	28470001	28500000	0.0036695475834097	20711	76	20711	0
PflaHELEm	OZ251424.1	28500001	28530000	0.0072184558357313	20503	148	20503	0
PflaKGBHm	OZ251424.1	28500001	28530000	0.0053162951763156	20503	109	20503	0
PflaKGBDf	OZ251424.1	28500001	28530000	0.0054626152270399	20503	112	20503	0
PflaHELAf	OZ251424.1	28500001	28530000	0.0010264933033532	20458	21	20458	45
PflaHELAf	OZ251424.1	28530001	28560000	0.0067582788916422	22195	150	22195	0
PflaKGBDf	OZ251424.1	28530001	28560000	0.0041000225275963	22195	91	22195	0
PflaHELEm	OZ251424.1	28530001	28560000	0.0057220094615904	22195	127	22195	0
PflaKGBHm	OZ251424.1	28530001	28560000	0.0041450777202072	22195	92	22195	0
PflaHELEm	OZ251424.1	28560001	28590000	0.0073363901625677	23990	176	23990	0
PflaHELAf	OZ251424.1	28560001	28590000	0.0055439766569403	23990	133	23990	0
PflaKGBDf	OZ251424.1	28560001	28590000	0.0048770320967069	23990	117	23990	0
PflaKGBHm	OZ251424.1	28560001	28590000	0.0027928303459774	23990	67	23990	0
PflaHELAf	OZ251424.1	28590001	28620000	0.0036363636363636	22275	81	22275	0
PflaKGBDf	OZ251424.1	28590001	28620000	0.004668911335578	22275	104	22275	0
PflaHELEm	OZ251424.1	28590001	28620000	0.0064646464646464	22275	144	22275	0
PflaKGBHm	OZ251424.1	28590001	28620000	0.0057045321834433	22263	127	22263	12
PflaKGBDf	OZ251424.1	28620001	28650000	0.0046185633837053	24683	114	24683	0
PflaHELEm	OZ251424.1	28620001	28650000	0.0063201393671757	24683	156	24683	0
PflaKGBHm	OZ251424.1	28620001	28650000	0.004253939958676	24683	105	24683	0
PflaHELAf	OZ251424.1	28620001	28650000	0.0038082891058623	24683	94	24683	0
PflaHELEm	OZ251424.1	28650001	28680000	0.0058943728387299	25448	150	25448	0
PflaKGBHm	OZ251424.1	28650001	28680000	0.0040867651681861	25448	104	25448	0
PflaHELAf	OZ251424.1	28650001	28680000	0.0044404275385099	25448	113	25448	0
PflaKGBDf	OZ251424.1	28650001	28680000	0.0031829613329141	25448	81	25448	0
PflaHELAf	OZ251424.1	28680001	28710000	0.0055175926318916	23561	130	23561	0
PflaKGBDf	OZ251424.1	28680001	28710000	0.0058995798140995	23561	139	23561	0
PflaHELEm	OZ251424.1	28680001	28710000	0.0068757692797419	23561	162	23561	0
PflaKGBHm	OZ251424.1	28680001	28710000	0.0048385043079665	23561	114	23561	0
PflaHELAf	OZ251424.1	28710001	28740000	0.0030927385982489	22957	71	22957	0
PflaKGBDf	OZ251424.1	28710001	28740000	0.005706320512262	22957	131	22957	0
PflaHELEm	OZ251424.1	28710001	28740000	0.0070566711678355	22957	162	22957	0
PflaKGBHm	OZ251424.1	28710001	28740000	0.0049222459380581	22957	113	22957	0
PflaKGBHm	OZ251424.1	28740001	28770000	0.0029794258565849	24837	74	24837	0
PflaKGBDf	OZ251424.1	28740001	28770000	0.0022949631598019	24837	57	24837	0
PflaHELEm	OZ251424.1	28740001	28770000	0.0064420018520755	24837	160	24837	0
PflaHELAf	OZ251424.1	28740001	28770000	0.0034625759954905	24837	86	24837	0
PflaKGBHm	OZ251424.1	28770001	28800000	0.0015521322416669	25771	40	25771	0
PflaHELEm	OZ251424.1	28770001	28800000	0.0046175934189592	25771	119	25771	0
PflaHELAf	OZ251424.1	28770001	28800000	0.0035311008497924	25771	91	25771	0
PflaKGBDf	OZ251424.1	28770001	28800000	0.0058204959062512	25771	150	25771	0
PflaHELAf	OZ251424.1	28800001	28830000	0.0020858319862335	19177	40	19177	0
PflaKGBHm	OZ251424.1	28800001	28830000	0.0027115815821035	19177	52	19177	0
PflaHELEm	OZ251424.1	28800001	28830000	0.0027115815821035	19177	52	19177	0
PflaKGBDf	OZ251424.1	28800001	28830000	0.0032330395786619	19177	62	19177	0
PflaHELEm	OZ251424.1	28830001	28860000	0.0042660249398381	27426	117	27426	33
PflaKGBDf	OZ251424.1	28830001	28860000	0.0042244801340179	27459	116	27459	0
PflaHELAf	OZ251424.1	28830001	28860000	0.0034232856258421	27459	94	27459	0
PflaKGBHm	OZ251424.1	28830001	28860000	0.0024429373587107	27426	67	27426	33
PflaHELEm	OZ251424.1	28860001	28890000	0.0068198601277094	23021	157	23021	0
PflaKGBDf	OZ251424.1	28860001	28890000	0.0056904565396811	23021	131	23021	0
PflaHELAf	OZ251424.1	28860001	28890000	0.0055601407410625	23021	128	23021	0
PflaKGBHm	OZ251424.1	28860001	28890000	0.0050388775465878	23021	116	23021	0
PflaKGBDf	OZ251424.1	28890001	28920000	0.0023783017913166	19762	47	19762	6
PflaHELEm	OZ251424.1	28890001	28920000	0.0049069202751922	19768	97	19768	0
PflaHELAf	OZ251424.1	28890001	28920000	0.0040469445568595	19768	80	19768	0
PflaKGBHm	OZ251424.1	28890001	28920000	0.0024787535410764	19768	49	19768	0
PflaKGBHm	OZ251424.1	28920001	28950000	0.0059886023374867	20706	124	20706	0
PflaHELEm	OZ251424.1	28920001	28950000	0.0073408673814353	20706	152	20706	0
PflaHELAf	OZ251424.1	28920001	28950000	0.0051192890949483	20706	106	20706	0
PflaKGBDf	OZ251424.1	28920001	28950000	0.0033323674297305	20706	69	20706	0
PflaKGBDf	OZ251424.1	28950001	28980000	0.0063393337719035	16721	106	16721	28
PflaKGBHm	OZ251424.1	28950001	28980000	0.0083587079825661	16749	140	16749	0
PflaHELEm	OZ251424.1	28950001	28980000	0.0121798316317392	16749	204	16749	0
PflaHELAf	OZ251424.1	28950001	28980000	0.0086572332676577	16749	145	16749	0
PflaKGBHm	OZ251424.1	28980001	29010000	0.0075480200529487	17753	134	17753	0
PflaHELEm	OZ251424.1	28980001	29010000	0.0085619331943896	17753	152	17753	0
PflaKGBDf	OZ251424.1	28980001	29010000	0.0070422535211267	17750	125	17750	3
PflaHELAf	OZ251424.1	28980001	29010000	0.0091257323118521	17752	162	17752	1
PflaKGBHm	OZ251424.1	29010001	29040000	0.0068164945670513	14817	101	14817	0
PflaHELEm	OZ251424.1	29010001	29040000	0.0095205941931127	14810	141	14810	7
PflaKGBDf	OZ251424.1	29010001	29040000	0.0076938651548896	14817	114	14817	0
PflaHELAf	OZ251424.1	29010001	29040000	0.0073051948051948	14784	108	14784	33
PflaHELAf	OZ251424.1	29040001	29070000	0.0068582154201559	13852	95	13852	0
PflaKGBHm	OZ251424.1	29040001	29070000	0.0075801328328039	13852	105	13852	0
PflaHELEm	OZ251424.1	29040001	29070000	0.0102512272596015	13852	142	13852	0
PflaKGBDf	OZ251424.1	29040001	29070000	0.0065694484550967	13852	91	13852	0
PflaKGBHm	OZ251424.1	29070001	29100000	0.005332366949679	19316	103	19316	0
PflaHELEm	OZ251424.1	29070001	29100000	0.0098364050528059	19316	190	19316	0
PflaKGBDf	OZ251424.1	29070001	29100000	0.0050735141851314	19316	98	19316	0
PflaHELAf	OZ251424.1	29070001	29100000	0.0071443363015117	19316	138	19316	0
PflaKGBHm	OZ251424.1	29100001	29130000	0.0051339844728274	15972	82	15972	0
PflaHELEm	OZ251424.1	29100001	29130000	0.0098297019784623	15972	157	15972	0
PflaKGBDf	OZ251424.1	29100001	29130000	0.0093914350112697	15972	150	15972	0
PflaHELAf	OZ251424.1	29100001	29130000	0.0062609566741798	15972	100	15972	0
PflaHELEm	OZ251424.1	29130001	29160000	0.0097444501806917	15496	151	15496	0
PflaKGBDf	OZ251424.1	29130001	29160000	0.0063242127000516	15496	98	15496	0
PflaHELAf	OZ251424.1	29130001	29160000	0.0047754259163655	15496	74	15496	0
PflaKGBHm	OZ251424.1	29130001	29160000	0.0058724832214765	15496	91	15496	0
PflaKGBHm	OZ251424.1	29160001	29190000	0.0033049817739975	20575	68	20575	0
PflaHELEm	OZ251424.1	29160001	29190000	0.0074362089914945	20575	153	20575	0
PflaKGBDf	OZ251424.1	29160001	29190000	0.0059295261239368	20575	122	20575	0
PflaHELAf	OZ251424.1	29160001	29190000	0.0058323207776427	20575	120	20575	0
PflaKGBHm	OZ251424.1	29190001	29220000	0.0056218948836398	22946	129	22946	0
PflaKGBDf	OZ251424.1	29190001	29220000	0.0030506406345332	22946	70	22946	0
PflaHELAf	OZ251424.1	29190001	29220000	0.0052732502396931	22946	121	22946	0
PflaHELEm	OZ251424.1	29190001	29220000	0.0067985705569598	22946	156	22946	0
PflaHELAf	OZ251424.1	29220001	29250000	0.0075814140485899	17411	132	17411	3
PflaKGBDf	OZ251424.1	29220001	29250000	0.0037900539795566	17414	66	17414	0
PflaKGBHm	OZ251424.1	29220001	29250000	0.0057534088947701	17381	100	17381	33
PflaHELEm	OZ251424.1	29220001	29250000	0.0114850120592626	17414	200	17414	0
PflaKGBHm	OZ251424.1	29250001	29280000	0.0074086269344748	18222	135	18222	2
PflaHELAf	OZ251424.1	29250001	29280000	0.0021949078138718	18224	40	18224	0
PflaKGBDf	OZ251424.1	29250001	29280000	0.0067493415276558	18224	123	18224	0
PflaHELEm	OZ251424.1	29250001	29280000	0.0091637401229148	18224	167	18224	0
PflaKGBHm	OZ251424.1	29280001	29310000	0.0081888666260127	22958	188	22958	0
PflaHELEm	OZ251424.1	29280001	29310000	0.0076226152103841	22958	175	22958	0
PflaKGBDf	OZ251424.1	29280001	29310000	0.0058367453610941	22958	134	22958	0
PflaHELAf	OZ251424.1	29280001	29310000	0.0017026850032743	22905	39	22905	53
PflaKGBHm	OZ251424.1	29310001	29340000	0.0035186153773001	21031	74	21031	81
PflaHELEm	OZ251424.1	29310001	29340000	0.0097574838954149	21112	206	21112	0
PflaHELAf	OZ251424.1	29310001	29340000	0.0057787040545661	21112	122	21112	0
PflaKGBDf	OZ251424.1	29310001	29340000	0.0083838575217885	21112	177	21112	0
PflaHELAf	OZ251424.1	29340001	29370000	0.0043853510613482	21435	94	21435	0
PflaKGBDf	OZ251424.1	29340001	29370000	0.0071378586424072	21435	153	21435	0
PflaHELEm	OZ251424.1	29340001	29370000	0.0103583426651735	21432	222	21432	3
PflaKGBHm	OZ251424.1	29340001	29370000	0.0077909960345229	21435	167	21435	0
PflaHELEm	OZ251424.1	29370001	29400000	0.0074359198670282	22862	170	22862	0
PflaHELAf	OZ251424.1	29370001	29400000	0.006604846470125	22862	151	22862	0
PflaKGBDf	OZ251424.1	29370001	29400000	0.0036304785233137	22862	83	22862	0
PflaKGBHm	OZ251424.1	29370001	29400000	0.0042428483947161	22862	97	22862	0
PflaHELEm	OZ251424.1	29400001	29430000	0.008871181938911	18825	167	18825	0
PflaKGBDf	OZ251424.1	29400001	29430000	0.0046746347941567	18825	88	18825	0
PflaHELAf	OZ251424.1	29400001	29430000	0.0071713147410358	18825	135	18825	0
PflaKGBHm	OZ251424.1	29400001	29430000	0.0061349693251533	18745	115	18745	80
PflaHELAf	OZ251424.1	29430001	29460000	0.00739427703216	19745	146	19745	0
PflaKGBHm	OZ251424.1	29430001	29460000	0.0059255507723474	19745	117	19745	0
PflaHELEm	OZ251424.1	29430001	29460000	0.0063813623702203	19745	126	19745	0
PflaKGBDf	OZ251424.1	29430001	29460000	0.0056734714553467	19741	112	19741	4
PflaKGBHm	OZ251424.1	29460001	29490000	0.003584229390681	15066	54	15066	0
PflaHELEm	OZ251424.1	29460001	29490000	0.0088941988583565	15066	134	15066	0
PflaKGBDf	OZ251424.1	29460001	29490000	0.0055090933227133	15066	83	15066	0
PflaHELAf	OZ251424.1	29460001	29490000	0.0050444709942917	15066	76	15066	0
PflaHELEm	OZ251424.1	29490001	29520000	0.0115662378695554	17724	205	17724	0
PflaKGBDf	OZ251424.1	29490001	29520000	0.0094222523132475	17724	167	17724	0
PflaHELAf	OZ251424.1	29490001	29520000	0.0084664446576734	17717	150	17717	7
PflaKGBHm	OZ251424.1	29490001	29520000	0.0071090047393364	17724	126	17724	0
PflaKGBHm	OZ251424.1	29520001	29550000	0.004875980496078	23585	115	23585	4
PflaHELAf	OZ251424.1	29520001	29550000	0.0038153376573826	23589	90	23589	0
PflaKGBDf	OZ251424.1	29520001	29550000	0.0050447242358726	23589	119	23589	0
PflaHELEm	OZ251424.1	29520001	29550000	0.0082241722836915	23589	194	23589	0
PflaKGBHm	OZ251424.1	29550001	29580000	0.0046516135284426	20638	96	20638	0
PflaHELEm	OZ251424.1	29550001	29580000	0.0075330482115085	20576	155	20576	62
PflaHELAf	OZ251424.1	29550001	29580000	0.0040217075297993	20638	83	20638	0
PflaKGBDf	OZ251424.1	29550001	29580000	0.0047485221436185	20638	98	20638	0
PflaHELAf	OZ251424.1	29580001	29610000	0.0064503021991975	19689	127	19689	0
PflaKGBDf	OZ251424.1	29580001	29610000	0.0032505459901467	19689	64	19689	0
PflaHELEm	OZ251424.1	29580001	29610000	0.0087358423485194	19689	172	19689	0
PflaKGBHm	OZ251424.1	29580001	29610000	0.0076289288983826	19662	150	19662	27
PflaKGBHm	OZ251424.1	29610001	29640000	0.0021888521252227	19645	43	19645	0
PflaKGBDf	OZ251424.1	29610001	29640000	0.0069737846780351	19645	137	19645	0
PflaHELEm	OZ251424.1	29610001	29640000	0.0105879358615423	19645	208	19645	0
PflaHELAf	OZ251424.1	29610001	29640000	0.0054975820819546	19645	108	19645	0
PflaHELAf	OZ251424.1	29640001	29670000	0.0063629876308277	16816	107	16816	0
PflaKGBHm	OZ251424.1	29640001	29670000	0.0077325719724006	16812	130	16812	4
PflaHELEm	OZ251424.1	29640001	29670000	0.0088011417697431	16816	148	16816	0
PflaKGBDf	OZ251424.1	29640001	29670000	0.0058277830637488	16816	98	16816	0
PflaHELAf	OZ251424.1	29670001	29700000	0.0042463986239518	18604	79	18604	0
PflaKGBDf	OZ251424.1	29670001	29700000	0.0059146144746746	18598	110	18598	6
PflaHELEm	OZ251424.1	29670001	29700000	0.0081165340786927	18604	151	18604	0
PflaKGBHm	OZ251424.1	29670001	29700000	0.0052676843689529	18604	98	18604	0
PflaHELEm	OZ251424.1	29700001	29730000	0.0117666834762144	17847	210	17847	0
PflaKGBDf	OZ251424.1	29700001	29730000	0.0050988961730262	17847	91	17847	0
PflaKGBHm	OZ251424.1	29700001	29730000	0.0073401692161147	17847	131	17847	0
PflaHELAf	OZ251424.1	29700001	29730000	0.0078929306794783	17484	138	17484	363
PflaKGBHm	OZ251424.1	29730001	29760000	0.0083457185320681	17494	146	17494	0
PflaHELEm	OZ251424.1	29730001	29760000	0.0115468160512175	17494	202	17494	0
PflaKGBDf	OZ251424.1	29730001	29760000	0.0072024694180862	17494	126	17494	0
PflaHELAf	OZ251424.1	29730001	29760000	0.0084600434434663	17494	148	17494	0
PflaHELAf	OZ251424.1	29760001	29790000	0.0077324222262183	16683	129	16683	0
PflaHELEm	OZ251424.1	29760001	29790000	0.0110291913924354	16683	184	16683	0
PflaKGBHm	OZ251424.1	29760001	29790000	0.0065935383324342	16683	110	16683	0
PflaKGBDf	OZ251424.1	29760001	29790000	0.0082718935443265	16683	138	16683	0
PflaHELAf	OZ251424.1	29790001	29820000	0.0071332176595334	15561	111	15561	0
PflaKGBHm	OZ251424.1	29790001	29820000	0.0062977957714799	15561	98	15561	0
PflaHELEm	OZ251424.1	29790001	29820000	0.0097037465458518	15561	151	15561	0
PflaKGBDf	OZ251424.1	29790001	29820000	0.0059803228088225	15551	93	15551	10
PflaHELEm	OZ251424.1	29820001	29850000	0.0090887904917268	12873	117	12873	0
PflaHELAf	OZ251424.1	29820001	29850000	0.0076905150314611	12873	99	12873	0
PflaKGBDf	OZ251424.1	29820001	29850000	0.0069913773013283	12873	90	12873	0
PflaKGBHm	OZ251424.1	29820001	29850000	0.0072244232113726	12873	93	12873	0
PflaKGBHm	OZ251424.1	29850001	29880000	0.0068470161777539	14897	102	14897	1
PflaHELEm	OZ251424.1	29850001	29880000	0.0146328366223654	14898	218	14898	0
PflaKGBDf	OZ251424.1	29850001	29880000	0.0087931265941737	14898	131	14898	0
PflaHELAf	OZ251424.1	29850001	29880000	0.0096657269432138	14898	144	14898	0
PflaKGBHm	OZ251424.1	29880001	29910000	0.0087389953392024	15448	135	15448	0
PflaHELEm	OZ251424.1	29880001	29910000	0.0141127727066744	15447	218	15447	1
PflaKGBDf	OZ251424.1	29880001	29910000	0.0095805282237182	15448	148	15448	0
PflaHELAf	OZ251424.1	29880001	29910000	0.0089990218454515	15335	138	15335	113
PflaKGBHm	OZ251424.1	29910001	29940000	0.0090881778578939	13314	121	13314	0
PflaHELEm	OZ251424.1	29910001	29940000	0.0120925341745531	13314	161	13314	0
PflaKGBDf	OZ251424.1	29910001	29940000	0.0084121976866456	13314	112	13314	0
PflaHELAf	OZ251424.1	29910001	29940000	0.0099143758449752	13314	132	13314	0
PflaHELAf	OZ251424.1	29940001	29970000	0.0050150917111678	21535	108	21535	0
PflaKGBDf	OZ251424.1	29940001	29970000	0.0053865799860691	21535	116	21535	0
PflaHELEm	OZ251424.1	29940001	29970000	0.0091014627350824	21535	196	21535	0
PflaKGBHm	OZ251424.1	29940001	29970000	0.0043649872300905	21535	94	21535	0
PflaHELAf	OZ251424.1	29970001	30000000	0.0064348828275067	20824	134	20824	0
PflaHELEm	OZ251424.1	29970001	30000000	0.0111890126776796	20824	233	20824	0
PflaKGBDf	OZ251424.1	29970001	30000000	0.008408610417067	20812	175	20812	12
PflaKGBHm	OZ251424.1	29970001	30000000	0.0049490678454737	20812	103	20812	12
PflaHELAf	OZ251424.1	30000001	30030000	0.0072639225181598	14868	108	14868	0
PflaKGBDf	OZ251424.1	30000001	30030000	0.005380683346785	14868	80	14868	0
PflaHELEm	OZ251424.1	30000001	30030000	0.0108958837772397	14868	162	14868	0
PflaKGBHm	OZ251424.1	30000001	30030000	0.0068608327167552	14867	102	14867	1
PflaHELAf	OZ251424.1	30030001	30060000	0.0028659864725438	8723	25	8723	532
PflaKGBDf	OZ251424.1	30030001	30060000	0.0069151809832522	9255	64	9255	0
PflaHELEm	OZ251424.1	30030001	30060000	0.0075634792004321	9255	70	9255	0
PflaKGBHm	OZ251424.1	30030001	30060000	0.004105888708806	9255	38	9255	0
PflaHELAf	OZ251424.1	30060001	30090000	NA	0	NA	NA	NA
PflaKGBDf	OZ251424.1	30060001	30090000	NA	0	NA	NA	NA
PflaKGBHm	OZ251424.1	30060001	30090000	NA	0	NA	NA	NA
PflaHELEm	OZ251424.1	30060001	30090000	NA	0	NA	NA	NA
PflaKGBHm	OZ251424.1	30090001	30120000	NA	0	NA	NA	NA
PflaHELEm	OZ251424.1	30090001	30120000	NA	0	NA	NA	NA
PflaKGBDf	OZ251424.1	30090001	30120000	NA	0	NA	NA	NA
PflaHELAf	OZ251424.1	30090001	30120000	NA	0	NA	NA	NA
PflaKGBHm	OZ251424.1	30120001	30150000	0.0104323402547898	9969	104	9969	0
PflaHELEm	OZ251424.1	30120001	30150000	0.0109338950747316	9969	109	9969	0
PflaKGBDf	OZ251424.1	30120001	30150000	0.0102317183268131	9969	102	9969	0
PflaHELAf	OZ251424.1	30120001	30150000	0.0094292306149062	9969	94	9969	0
PflaKGBHm	OZ251424.1	30150001	30180000	0.0119870908252651	2169	26	2169	162
PflaHELEm	OZ251424.1	30150001	30180000	0.0137280137280137	2331	32	2331	0
PflaKGBDf	OZ251424.1	30150001	30180000	0.0100640439158279	2186	22	2186	145
PflaHELAf	OZ251424.1	30150001	30180000	0.0137280137280137	2331	32	2331	0
PflaHELEm	OZ251424.1	30180001	30210000	NA	0	NA	NA	NA
PflaKGBHm	OZ251424.1	30180001	30210000	NA	0	NA	NA	NA
PflaHELAf	OZ251424.1	30180001	30210000	NA	0	NA	NA	NA
PflaKGBDf	OZ251424.1	30180001	30210000	NA	0	NA	NA	NA
PflaHELAf	OZ251424.1	30210001	30240000	NA	0	NA	NA	NA
PflaKGBDf	OZ251424.1	30210001	30240000	NA	0	NA	NA	NA
PflaHELEm	OZ251424.1	30210001	30240000	NA	0	NA	NA	NA
PflaKGBHm	OZ251424.1	30210001	30240000	NA	0	NA	NA	NA
PflaKGBHm	OZ251424.1	30240001	30270000	NA	0	NA	NA	NA
PflaHELEm	OZ251424.1	30240001	30270000	NA	0	NA	NA	NA
PflaKGBDf	OZ251424.1	30240001	30270000	NA	0	NA	NA	NA
PflaHELAf	OZ251424.1	30240001	30270000	NA	0	NA	NA	NA
PflaKGBDf	OZ251424.1	30270001	30300000	NA	0	NA	NA	NA
PflaHELEm	OZ251424.1	30270001	30300000	NA	0	NA	NA	NA
PflaKGBHm	OZ251424.1	30270001	30300000	NA	0	NA	NA	NA
PflaHELAf	OZ251424.1	30270001	30300000	NA	0	NA	NA	NA
PflaKGBDf	OZ251424.1	30300001	30330000	0.0062881097560975	10496	66	10496	0
PflaKGBHm	OZ251424.1	30300001	30330000	0.0094321646341463	10496	99	10496	0
PflaHELEm	OZ251424.1	30300001	30330000	0.0086707956169604	10495	91	10495	1
PflaHELAf	OZ251424.1	30300001	30330000	0.0080030487804878	10496	84	10496	0
PflaKGBHm	OZ251424.1	30330001	30360000	0.0081750885098165	15535	127	15535	0
PflaHELEm	OZ251424.1	30330001	30360000	0.0095268747988413	15535	148	15535	0
PflaHELAf	OZ251424.1	30330001	30360000	0.0057289990344383	15535	89	15535	0
PflaKGBDf	OZ251424.1	30330001	30360000	0.0007080785323463	15535	11	15535	0
PflaKGBHm	OZ251424.1	30360001	30390000	0.0063466666666666	18750	119	18750	0
PflaHELEm	OZ251424.1	30360001	30390000	0.00832	18750	156	18750	0
PflaKGBDf	OZ251424.1	30360001	30390000	0.0035840376591419	18694	67	18694	56
PflaHELAf	OZ251424.1	30360001	30390000	0.0038933333333333	18750	73	18750	0
PflaKGBHm	OZ251424.1	30390001	30420000	0.0064569308971012	14558	94	14558	0
PflaHELEm	OZ251424.1	30390001	30420000	0.0092732518203049	14558	135	14558	0
PflaKGBDf	OZ251424.1	30390001	30420000	0.008312152229168	14557	121	14557	1
PflaHELAf	OZ251424.1	30390001	30420000	0.0053578788295095	14558	78	14558	0
PflaHELAf	OZ251424.1	30420001	30450000	0.007074514351986	17245	122	17245	0
PflaKGBDf	OZ251424.1	30420001	30450000	0.0085821977384749	17245	148	17245	0
PflaHELEm	OZ251424.1	30420001	30450000	0.0102638445926355	17245	177	17245	0
PflaKGBHm	OZ251424.1	30420001	30450000	0.01037982023775	17245	179	17245	0
PflaHELAf	OZ251424.1	30450001	30480000	0.0073883041750888	14347	106	14347	0
PflaKGBHm	OZ251424.1	30450001	30480000	0.0062730884505471	14347	90	14347	0
PflaKGBDf	OZ251424.1	30450001	30480000	0.0061336864849794	14347	88	14347	0
PflaHELEm	OZ251424.1	30450001	30480000	0.0108733533142817	14347	156	14347	0
PflaHELAf	OZ251424.1	30480001	30510000	0.0055326814204837	15544	86	15544	0
PflaKGBDf	OZ251424.1	30480001	30510000	0.006690684508492	15544	104	15544	0
PflaHELEm	OZ251424.1	30480001	30510000	0.0090066906845084	15544	140	15544	0
PflaKGBHm	OZ251424.1	30480001	30510000	0.0060473494595985	15544	94	15544	0
PflaHELEm	OZ251424.1	30510001	30540000	0.0126772223947014	19326	245	19326	0
PflaKGBHm	OZ251424.1	30510001	30540000	0.0046569388388699	19326	90	19326	0
PflaHELAf	OZ251424.1	30510001	30540000	0.0101417779157611	19326	196	19326	0
PflaKGBDf	OZ251424.1	30510001	30540000	0.0047086826037462	19326	91	19326	0
PflaKGBHm	OZ251424.1	30540001	30570000	0.0063968756312706	14851	95	14851	122
PflaHELEm	OZ251424.1	30540001	30570000	0.010285866951643	14972	154	14972	1
PflaKGBDf	OZ251424.1	30540001	30570000	0.0059440325919989	14973	89	14973	0
PflaHELAf	OZ251424.1	30540001	30570000	0.0070126227208976	14973	105	14973	0
PflaHELEm	OZ251424.1	30570001	30600000	0.0095354932247811	17933	171	17933	0
PflaHELAf	OZ251424.1	30570001	30600000	0.0070819160207438	17933	127	17933	0
PflaKGBDf	OZ251424.1	30570001	30600000	0.0075280209669324	17933	135	17933	0
PflaKGBHm	OZ251424.1	30570001	30600000	0.0032900239781408	17933	59	17933	0
PflaKGBHm	OZ251424.1	30600001	30630000	0.0031450496917851	15898	50	15898	151
PflaHELAf	OZ251424.1	30600001	30630000	0.0058570627453423	16049	94	16049	0
PflaKGBDf	OZ251424.1	30600001	30630000	0.0064178453486198	16049	103	16049	0
PflaHELEm	OZ251424.1	30600001	30630000	0.0092217583650071	16049	148	16049	0
PflaHELEm	OZ251424.1	30630001	30660000	0.0094296076491922	15165	143	15165	0
PflaKGBHm	OZ251424.1	30630001	30660000	0.0051434223541048	15165	78	15165	0
PflaHELAf	OZ251424.1	30630001	30660000	0.0066600725354434	15165	101	15165	0
PflaKGBDf	OZ251424.1	30630001	30660000	0.0052093636663369	15165	79	15165	0
PflaHELAf	OZ251424.1	30660001	30690000	0.004137276180141	14744	61	14744	0
PflaKGBDf	OZ251424.1	30660001	30690000	0.0065111231687466	14744	96	14744	0
PflaHELEm	OZ251424.1	30660001	30690000	0.0075284861638632	14744	111	14744	0
PflaKGBHm	OZ251424.1	30660001	30690000	0.0030520889853499	14744	45	14744	0
PflaHELEm	OZ251424.1	30690001	30720000	0.0083428928981124	9589	80	9589	0
PflaKGBHm	OZ251424.1	30690001	30720000	0.0101157576389613	9589	97	9589	0
PflaHELAf	OZ251424.1	30690001	30720000	0.0078214620919803	9589	75	9589	0
PflaKGBDf	OZ251424.1	30690001	30720000	0.0026304713804713	9504	25	9504	85
PflaKGBDf	OZ251424.1	30720001	30750000	0.0057703941551491	21489	124	21489	0
PflaHELEm	OZ251424.1	30720001	30750000	0.0074922053143468	21489	161	21489	0
PflaKGBHm	OZ251424.1	30720001	30750000	0.0062366191938936	21486	134	21486	3
PflaHELAf	OZ251424.1	30720001	30750000	0.0070839353124854	21457	152	21457	32
PflaKGBHm	OZ251424.1	30750001	30780000	0.0060864654577398	15937	97	15937	0
PflaHELAf	OZ251424.1	30750001	30780000	0.0071531655895086	15937	114	15937	0
PflaKGBDf	OZ251424.1	30750001	30780000	0.0082198657212775	15937	131	15937	0
PflaHELEm	OZ251424.1	30750001	30780000	0.0108552425174123	15937	173	15937	0
PflaKGBHm	OZ251424.1	30780001	30810000	0.0047593346744516	20381	97	20381	0
PflaHELEm	OZ251424.1	30780001	30810000	0.0091752122074481	20381	187	20381	0
PflaHELAf	OZ251424.1	30780001	30810000	0.0059859673225062	20381	122	20381	0
PflaKGBDf	OZ251424.1	30780001	30810000	0.0073597958883273	20381	150	20381	0
PflaHELAf	OZ251424.1	30810001	30840000	0.006784203693622	23879	162	23879	0
PflaKGBDf	OZ251424.1	30810001	30840000	0.0020101344277398	23879	48	23879	0
PflaHELEm	OZ251424.1	30810001	30840000	0.0078311487080698	23879	187	23879	0
PflaKGBHm	OZ251424.1	30810001	30840000	0.0007538004104024	23879	18	23879	0
PflaHELAf	OZ251424.1	30840001	30870000	0.0011361153594057	22885	26	22885	0
PflaKGBDf	OZ251424.1	30840001	30870000	0.0051999126065108	22885	119	22885	0
PflaHELEm	OZ251424.1	30840001	30870000	0.0051999126065108	22885	119	22885	0
PflaKGBHm	OZ251424.1	30840001	30870000	0.0044570679484378	22885	102	22885	0
PflaKGBHm	OZ251424.1	30870001	30900000	0.0042018933832835	19753	83	19753	0
PflaHELEm	OZ251424.1	30870001	30900000	0.004860021262593	19753	96	19753	0
PflaHELAf	OZ251424.1	30870001	30900000	0.0039487672758568	19753	78	19753	0
PflaKGBDf	OZ251424.1	30870001	30900000	0.0041512681617982	19753	82	19753	0
PflaKGBDf	OZ251424.1	30900001	30930000	0.0050582362728785	15025	76	15025	14
PflaKGBHm	OZ251424.1	30900001	30930000	0.005452490192167	15039	82	15039	0
PflaHELEm	OZ251424.1	30900001	30930000	0.0099075736418644	15039	149	15039	0
PflaHELAf	OZ251424.1	30900001	30930000	0.0077818423678084	15035	117	15035	4
PflaHELEm	OZ251424.1	30930001	30960000	0.0089732085630047	23403	210	23403	66
PflaKGBDf	OZ251424.1	30930001	30960000	0.0051983467552942	23469	122	23469	0
PflaHELAf	OZ251424.1	30930001	30960000	0.0051131279560271	23469	120	23469	0
PflaKGBHm	OZ251424.1	30930001	30960000	0.0062209723464996	23469	146	23469	0
PflaKGBHm	OZ251424.1	30960001	30990000	0.007680628739841	22394	172	22394	0
PflaHELEm	OZ251424.1	30960001	30990000	0.0082164865588997	22394	184	22394	0
PflaKGBDf	OZ251424.1	30960001	30990000	0.0079039028311154	22394	177	22394	0
PflaHELAf	OZ251424.1	30960001	30990000	0.0059837456461552	22394	134	22394	0
PflaKGBHm	OZ251424.1	30990001	31020000	0.0031414210646561	17508	55	17508	0
PflaHELEm	OZ251424.1	30990001	31020000	0.0085675119945167	17508	150	17508	0
PflaKGBDf	OZ251424.1	30990001	31020000	0.0042266392506282	17508	74	17508	0
PflaHELAf	OZ251424.1	30990001	31020000	0.0041695225039981	17508	73	17508	0
PflaHELAf	OZ251424.1	31020001	31050000	0.0065955583037048	19407	128	19407	0
PflaKGBDf	OZ251424.1	31020001	31050000	0.0061833359097232	19407	120	19407	0
PflaHELEm	OZ251424.1	31020001	31050000	0.0096356984593188	19407	187	19407	0
PflaKGBHm	OZ251424.1	31020001	31050000	0.0086051424743649	19407	167	19407	0
PflaKGBHm	OZ251424.1	31050001	31080000	0.0065896371186134	22156	146	22156	0
PflaHELAf	OZ251424.1	31050001	31080000	0.0073569236324246	22156	163	22156	0
PflaKGBDf	OZ251424.1	31050001	31080000	0.0060134737984355	22117	133	22117	39
PflaHELEm	OZ251424.1	31050001	31080000	0.008259613648673	22156	183	22156	0
PflaHELAf	OZ251424.1	31080001	31110000	0.0073203795752372	22130	162	22130	5
PflaKGBHm	OZ251424.1	31080001	31110000	0.0065958888637903	22135	146	22135	0
PflaKGBDf	OZ251424.1	31080001	31110000	0.0060989383329568	22135	135	22135	0
PflaHELEm	OZ251424.1	31080001	31110000	0.0076349672464422	22135	169	22135	0
PflaHELAf	OZ251424.1	31110001	31140000	0.0042750127465976	25497	109	25497	0
PflaKGBDf	OZ251424.1	31110001	31140000	0.0063536886692552	25497	162	25497	0
PflaHELEm	OZ251424.1	31110001	31140000	0.0083732997877191	25438	213	25438	59
PflaKGBHm	OZ251424.1	31110001	31140000	0.0031768443346276	25497	81	25497	0
PflaHELAf	OZ251424.1	31140001	31170000	0.0069337442218798	27258	189	27258	0
PflaHELEm	OZ251424.1	31140001	31170000	0.0079609655880842	27258	217	27258	0
PflaKGBHm	OZ251424.1	31140001	31170000	0.0058698363783109	27258	160	27258	0
PflaKGBDf	OZ251424.1	31140001	31170000	0.0046958691026487	27258	128	27258	0
PflaHELAf	OZ251424.1	31170001	31200000	0.0052221297207295	26426	138	26426	0
PflaKGBDf	OZ251424.1	31170001	31200000	0.0046923484447135	26426	124	26426	0
PflaHELEm	OZ251424.1	31170001	31200000	0.0066601074699159	26426	176	26426	0
PflaKGBHm	OZ251424.1	31170001	31200000	0.0045409823658518	26426	120	26426	0
PflaKGBHm	OZ251424.1	31200001	31230000	0.0042174901798635	24185	102	24185	0
PflaHELEm	OZ251424.1	31200001	31230000	0.0071531941285921	24185	173	24185	0
PflaKGBDf	OZ251424.1	31200001	31230000	0.0045069257804424	24185	109	24185	0
PflaHELAf	OZ251424.1	31200001	31230000	0.0051684928674798	24185	125	24185	0
PflaHELAf	OZ251424.1	31230001	31260000	0.0065998158190934	19546	129	19546	0
PflaKGBDf	OZ251424.1	31230001	31260000	0.0096694975954159	19546	189	19546	0
PflaHELEm	OZ251424.1	31230001	31260000	0.0106927248541901	19546	209	19546	0
PflaKGBHm	OZ251424.1	31230001	31260000	0.0066509771820321	19546	130	19546	0
PflaKGBHm	OZ251424.1	31260001	31290000	0.004550410010902	21097	96	21097	0
PflaHELEm	OZ251424.1	31260001	31290000	0.010759823671612	21097	227	21097	0
PflaHELAf	OZ251424.1	31260001	31290000	0.0073016926651178	21091	154	21091	6
PflaKGBDf	OZ251424.1	31260001	31290000	0.0088164193961226	21097	186	21097	0
PflaHELAf	OZ251424.1	31290001	31320000	0.0058745699920613	18895	111	18895	0
PflaKGBDf	OZ251424.1	31290001	31320000	0.0087324689071182	18895	165	18895	0
PflaHELEm	OZ251424.1	31290001	31320000	0.0090500132310134	18895	171	18895	0
PflaKGBHm	OZ251424.1	31290001	31320000	0.0064038105318867	18895	121	18895	0
PflaKGBHm	OZ251424.1	31320001	31350000	0.0066149111121319	21769	144	21769	0
PflaHELEm	OZ251424.1	31320001	31350000	0.0108411043226606	21769	236	21769	0
PflaKGBDf	OZ251424.1	31320001	31350000	0.0091873765446276	21769	200	21769	0
PflaHELAf	OZ251424.1	31320001	31350000	0.0069364692911938	21769	151	21769	0
PflaHELAf	OZ251424.1	31350001	31380000	0.0074319785018474	23816	177	23816	55
PflaKGBDf	OZ251424.1	31350001	31380000	0.0085040425621046	23871	203	23871	0
PflaHELEm	OZ251424.1	31350001	31380000	0.0099920231747764	23819	238	23819	52
PflaKGBHm	OZ251424.1	31350001	31380000	0.004691885551506	23871	112	23871	0
PflaHELAf	OZ251424.1	31380001	31410000	0.002926883145571	18108	53	18108	0
PflaKGBDf	OZ251424.1	31380001	31410000	0.0038104705102717	18108	69	18108	0
PflaHELEm	OZ251424.1	31380001	31410000	0.0078970620720123	18108	143	18108	0
PflaKGBHm	OZ251424.1	31380001	31410000	0.0044179368235034	18108	80	18108	0
PflaHELAf	OZ251424.1	31410001	31440000	0.0053503000506109	13831	74	13831	0
PflaKGBDf	OZ251424.1	31410001	31440000	0.00383197165787	13831	53	13831	0
PflaHELEm	OZ251424.1	31410001	31440000	0.0088207649483045	13831	122	13831	0
PflaKGBHm	OZ251424.1	31410001	31440000	0.0065071216831754	13831	90	13831	0
PflaKGBDf	OZ251424.1	31440001	31470000	0.0072636657653358	18861	137	18861	0
PflaKGBHm	OZ251424.1	31440001	31470000	0.0048247706908435	18861	91	18861	0
PflaHELEm	OZ251424.1	31440001	31470000	0.0093314246328402	18861	176	18861	0
PflaHELAf	OZ251424.1	31440001	31470000	0.0061502571443719	18861	116	18861	0
PflaHELAf	OZ251424.1	31470001	31500000	0.0057544757033248	20332	117	20332	0
PflaKGBDf	OZ251424.1	31470001	31500000	0.0044757033248081	20332	91	20332	0
PflaHELEm	OZ251424.1	31470001	31500000	0.008705488884517	20332	177	20332	0
PflaKGBHm	OZ251424.1	31470001	31500000	0.0064430454456029	20332	131	20332	0
PflaHELAf	OZ251424.1	31500001	31530000	0.0074688394199524	20619	154	20619	0
PflaKGBDf	OZ251424.1	31500001	31530000	0.0075658373344973	20619	156	20619	0
PflaHELEm	OZ251424.1	31500001	31530000	0.008002327949949	20619	165	20619	0
PflaKGBHm	OZ251424.1	31500001	31530000	0.008341820650856	20619	172	20619	0
PflaHELAf	OZ251424.1	31530001	31560000	0.0075435851586946	17896	135	17896	0
PflaKGBDf	OZ251424.1	31530001	31560000	0.007025234642837	17793	125	17793	103
PflaHELEm	OZ251424.1	31530001	31560000	0.0107845328565042	17896	193	17896	0
PflaKGBHm	OZ251424.1	31530001	31560000	0.0061628102414701	17849	110	17849	47
PflaHELEm	OZ251424.1	31560001	31590000	0.0087409336061	21508	188	21508	0
PflaKGBHm	OZ251424.1	31560001	31590000	0.0069741491538032	21508	150	21508	0
PflaKGBDf	OZ251424.1	31560001	31590000	0.0054863306676585	21508	118	21508	0
PflaHELAf	OZ251424.1	31560001	31590000	0.0079505300353356	21508	171	21508	0
PflaHELAf	OZ251424.1	31590001	31620000	0.0069279681123659	21074	146	21074	0
PflaKGBDf	OZ251424.1	31590001	31620000	0.0046977318022207	21074	99	21074	0
PflaHELEm	OZ251424.1	31590001	31620000	0.00977507829553	21074	206	21074	0
PflaKGBHm	OZ251424.1	31590001	31620000	0.0070703236215241	21074	149	21074	0
PflaHELAf	OZ251424.1	31620001	31650000	0.0078422273781902	21550	169	21550	0
PflaKGBDf	OZ251424.1	31620001	31650000	0.0067285382830626	21550	145	21550	0
PflaHELEm	OZ251424.1	31620001	31650000	0.0094663573085846	21550	204	21550	0
PflaKGBHm	OZ251424.1	31620001	31650000	0.005522041763341	21550	119	21550	0
PflaHELEm	OZ251424.1	31650001	31680000	0.0075121520106053	20367	153	20367	0
PflaKGBHm	OZ251424.1	31650001	31680000	0.0050572003731526	20367	103	20367	0
PflaHELAf	OZ251424.1	31650001	31680000	0.0058956470472634	20354	120	20354	13
PflaKGBDf	OZ251424.1	31650001	31680000	0.0045662100456621	20367	93	20367	0
PflaHELAf	OZ251424.1	31680001	31710000	0.0028201128045121	16666	47	16666	0
PflaKGBDf	OZ251424.1	31680001	31710000	0.0027601104044161	16666	46	16666	0
PflaHELEm	OZ251424.1	31680001	31710000	0.0085203408136325	16666	142	16666	0
PflaKGBHm	OZ251424.1	31680001	31710000	0.0025201008040321	16666	42	16666	0
PflaHELAf	OZ251424.1	31710001	31740000	0.0076732014548035	22546	173	22546	0
PflaKGBDf	OZ251424.1	31710001	31740000	0.0042136077352967	22546	95	22546	0
PflaHELEm	OZ251424.1	31710001	31740000	0.0102013660959815	22546	230	22546	0
PflaKGBHm	OZ251424.1	31710001	31740000	0.0064756497826665	22546	146	22546	0
PflaKGBDf	OZ251424.1	31740001	31770000	0.0067692607382877	20534	139	20534	10
PflaKGBHm	OZ251424.1	31740001	31770000	0.0060358255451713	20544	124	20544	0
PflaHELEm	OZ251424.1	31740001	31770000	0.0101246105919003	20544	208	20544	0
PflaHELAf	OZ251424.1	31740001	31770000	0.0051109813084112	20544	105	20544	0
PflaHELEm	OZ251424.1	31770001	31800000	0.0067505720823798	17480	118	17480	0
PflaKGBDf	OZ251424.1	31770001	31800000	0.0048054919908466	17480	84	17480	0
PflaKGBHm	OZ251424.1	31770001	31800000	0.0047482837528604	17480	83	17480	0
PflaHELAf	OZ251424.1	31770001	31800000	0.0048054919908466	17480	84	17480	0
PflaHELAf	OZ251424.1	31800001	31830000	0.0064939550949913	14475	94	14475	0
PflaKGBDf	OZ251424.1	31800001	31830000	0.0048359240069084	14475	70	14475	0
PflaHELEm	OZ251424.1	31800001	31830000	0.009188255613126	14475	133	14475	0
PflaKGBHm	OZ251424.1	31800001	31830000	0.0078756476683937	14475	114	14475	0
PflaKGBHm	OZ251424.1	31830001	31860000	0.0064127477652545	15438	99	15438	0
PflaHELAf	OZ251424.1	31830001	31860000	0.0083560046638165	15438	129	15438	0
PflaKGBDf	OZ251424.1	31830001	31860000	0.0063016935801496	15234	96	15234	204
PflaHELEm	OZ251424.1	31830001	31860000	0.0126311698406529	15438	195	15438	0
PflaKGBHm	OZ251424.1	31860001	31890000	0.007922091028358	19818	157	19818	0
PflaHELEm	OZ251424.1	31860001	31890000	0.0128166313452417	19818	254	19818	0
PflaHELAf	OZ251424.1	31860001	31890000	0.0081239277424563	19818	161	19818	0
PflaKGBDf	OZ251424.1	31860001	31890000	0.0058080808080808	19800	115	19800	18
PflaHELAf	OZ251424.1	31890001	31920000	0.0037547955268957	12251	46	12251	0
PflaKGBDf	OZ251424.1	31890001	31920000	0.003918047506326	12251	48	12251	0
PflaHELEm	OZ251424.1	31890001	31920000	0.0083258509509427	12251	102	12251	0
PflaKGBHm	OZ251424.1	31890001	31920000	0.0048321048321048	12210	59	12210	41
PflaHELAf	OZ251424.1	31920001	31950000	0.0072159758348716	17877	129	17877	0
PflaKGBHm	OZ251424.1	31920001	31950000	0.0012891654055265	17841	23	17841	36
PflaHELEm	OZ251424.1	31920001	31950000	0.0102366168820271	17877	183	17877	0
PflaKGBDf	OZ251424.1	31920001	31950000	0.008894109749958	17877	159	17877	0
PflaHELEm	OZ251424.1	31950001	31980000	0.0096373994994941	18781	181	18781	0
PflaKGBHm	OZ251424.1	31950001	31980000	0.0049518130025025	18781	93	18781	0
PflaHELAf	OZ251424.1	31950001	31980000	0.0062297002289547	18781	117	18781	0
PflaKGBDf	OZ251424.1	31950001	31980000	0.0031448217045999	18761	59	18761	20
PflaKGBHm	OZ251424.1	31980001	32010000	0.0018234310895	13162	24	13162	0
PflaHELEm	OZ251424.1	31980001	32010000	0.0052423643823127	13162	69	13162	0
PflaKGBDf	OZ251424.1	31980001	32010000	0.004634554019146	13162	61	13162	0
PflaHELAf	OZ251424.1	31980001	32010000	0.0031910044066251	13162	42	13162	0
PflaKGBHm	OZ251424.1	32010001	32040000	0.0048788789924547	17627	86	17627	66
PflaHELEm	OZ251424.1	32010001	32040000	0.0075736166845645	17693	134	17693	0
PflaKGBDf	OZ251424.1	32010001	32040000	0.00678234329961	17693	120	17693	0
PflaHELAf	OZ251424.1	32010001	32040000	0.004069405979766	17693	72	17693	0
PflaKGBHm	OZ251424.1	32040001	32070000	0.0061692468862763	17182	106	17182	0
PflaKGBDf	OZ251424.1	32040001	32070000	0.0068676521941566	17182	118	17182	0
PflaHELAf	OZ251424.1	32040001	32070000	0.0066348504248632	17182	114	17182	0
PflaHELEm	OZ251424.1	32040001	32070000	0.0082644628099173	17182	142	17182	0
PflaKGBDf	OZ251424.1	32070001	32100000	0.0067567567567567	16132	109	16132	0
PflaHELEm	OZ251424.1	32070001	32100000	0.011033969749566	16132	178	16132	0
PflaHELAf	OZ251424.1	32070001	32100000	0.0053930076865856	16132	87	16132	0
PflaKGBHm	OZ251424.1	32070001	32100000	0.0059509050334738	16132	96	16132	0
PflaHELEm	OZ251424.1	32100001	32130000	0.0083949747563696	17034	143	17034	3
PflaKGBHm	OZ251424.1	32100001	32130000	0.0060456653166637	17037	103	17037	0
PflaKGBDf	OZ251424.1	32100001	32130000	0.0055174032987028	17037	94	17037	0
PflaHELAf	OZ251424.1	32100001	32130000	0.006221752655984	17037	106	17037	0
PflaKGBHm	OZ251424.1	32130001	32160000	0.006489643610405	18491	120	18491	0
PflaHELEm	OZ251424.1	32130001	32160000	0.0087610188740468	18491	162	18491	0
PflaKGBDf	OZ251424.1	32130001	32160000	0.0062740007572069	18489	116	18489	2
PflaHELAf	OZ251424.1	32130001	32160000	0.0048833423765599	18430	90	18430	61
PflaKGBHm	OZ251424.1	32160001	32190000	0.0048892885242216	17794	87	17794	0
PflaHELEm	OZ251424.1	32160001	32190000	0.0093851860177587	17794	167	17794	0
PflaHELAf	OZ251424.1	32160001	32190000	0.0027537372147915	17794	49	17794	0
PflaKGBDf	OZ251424.1	32160001	32190000	0.0022484541877459	17790	40	17790	4
PflaKGBHm	OZ251424.1	32190001	32220000	0.0070535237982336	16871	119	16871	0
PflaHELEm	OZ251424.1	32190001	32220000	0.0081797166735818	16871	138	16871	0
PflaKGBDf	OZ251424.1	32190001	32220000	0.006875703870547	16871	116	16871	0
PflaHELAf	OZ251424.1	32190001	32220000	0.0058680576136565	16871	99	16871	0
PflaKGBHm	OZ251424.1	32220001	32250000	0.0036564132327336	17230	63	17230	0
PflaHELEm	OZ251424.1	32220001	32250000	0.0094022054556006	17230	162	17230	0
PflaKGBDf	OZ251424.1	32220001	32250000	0.0073708647707486	17230	127	17230	0
PflaHELAf	OZ251424.1	32220001	32250000	0.0066163668020893	17230	114	17230	0
PflaKGBHm	OZ251424.1	32250001	32280000	0.0065510985688369	19844	130	19844	0
PflaHELEm	OZ251424.1	32250001	32280000	0.0103809715783108	19844	206	19844	0
PflaKGBDf	OZ251424.1	32250001	32280000	0.0062544133965499	19826	124	19826	18
PflaHELAf	OZ251424.1	32250001	32280000	0.0063758728873595	19762	126	19762	82
PflaKGBHm	OZ251424.1	32280001	32310000	0.0071325969587399	20189	144	20189	0
PflaHELEm	OZ251424.1	32280001	32310000	0.0103026400515132	20189	208	20189	0
PflaHELAf	OZ251424.1	32280001	32310000	0.0073802565753628	20189	149	20189	0
PflaKGBDf	OZ251424.1	32280001	32310000	0.0078415802273065	20149	158	20149	40
PflaHELEm	OZ251424.1	32310001	32340000	0.0083012155351319	20238	168	20238	0
PflaKGBHm	OZ251424.1	32310001	32340000	0.0078565075600355	20238	159	20238	0
PflaHELAf	OZ251424.1	32310001	32340000	0.0070659156043087	20238	143	20238	0
PflaKGBDf	OZ251424.1	32310001	32340000	0.0075693860386879	20213	153	20213	25
PflaKGBHm	OZ251424.1	32340001	32370000	0.0062767911818738	19596	123	19596	0
PflaHELEm	OZ251424.1	32340001	32370000	0.0083690549091651	19596	164	19596	0
PflaKGBDf	OZ251424.1	32340001	32370000	0.0078587466829965	19596	154	19596	0
PflaHELAf	OZ251424.1	32340001	32370000	0.0067360685854255	19596	132	19596	0
PflaKGBHm	OZ251424.1	32370001	32400000	0.0073715869552397	16957	125	16957	0
PflaHELEm	OZ251424.1	32370001	32400000	0.0109099486937547	16957	185	16957	0
PflaKGBDf	OZ251424.1	32370001	32400000	0.0091407678244972	16957	155	16957	0
PflaHELAf	OZ251424.1	32370001	32400000	0.007843368520375	16957	133	16957	0
PflaKGBHm	OZ251424.1	32400001	32430000	0.0066555740432612	21035	140	21035	35
PflaHELEm	OZ251424.1	32400001	32430000	0.0079734219269102	21070	168	21070	0
PflaHELAf	OZ251424.1	32400001	32430000	0.0079259610821072	21070	167	21070	0
PflaKGBDf	OZ251424.1	32400001	32430000	0.007641196013289	21070	161	21070	0
PflaKGBHm	OZ251424.1	32430001	32460000	0.0070224719101123	22072	155	22072	0
PflaHELEm	OZ251424.1	32430001	32460000	0.0086081913736861	22072	190	22072	0
PflaKGBDf	OZ251424.1	32430001	32460000	0.0050289960130482	22072	111	22072	0
PflaHELAf	OZ251424.1	32430001	32460000	0.0070224719101123	22072	155	22072	0
PflaKGBHm	OZ251424.1	32460001	32490000	0.00713741910925	21016	150	21016	0
PflaHELEm	OZ251424.1	32460001	32490000	0.0078511610201751	21016	165	21016	0
PflaKGBDf	OZ251424.1	32460001	32490000	0.0061857632280167	21016	130	21016	0
PflaHELAf	OZ251424.1	32460001	32490000	0.00656642558051	21016	138	21016	0
PflaKGBHm	OZ251424.1	32490001	32520000	0.0051249818691679	20683	106	20683	0
PflaHELEm	OZ251424.1	32490001	32520000	0.0057535173814243	20683	119	20683	0
PflaKGBDf	OZ251424.1	32490001	32520000	0.0049975739932071	20610	103	20610	73
PflaHELAf	OZ251424.1	32490001	32520000	0.003094328675724	20683	64	20683	0
PflaKGBHm	OZ251424.1	32520001	32550000	0.0044184945557834	19011	84	19011	0
PflaHELEm	OZ251424.1	32520001	32550000	0.0100994161275051	19011	192	19011	0
PflaKGBDf	OZ251424.1	32520001	32550000	0.0063647362053547	19011	121	19011	0
PflaHELAf	OZ251424.1	32520001	32550000	0.0074693598443006	19011	142	19011	0
PflaHELAf	OZ251424.1	32550001	32580000	0.0064855303886404	20353	132	20353	11
PflaKGBDf	OZ251424.1	32550001	32580000	0.0060891769789825	20364	124	20364	0
PflaHELEm	OZ251424.1	32550001	32580000	0.0090355529365547	20364	184	20364	0
PflaKGBHm	OZ251424.1	32550001	32580000	0.0070713022981732	20364	144	20364	0
PflaKGBDf	OZ251424.1	32580001	32610000	0.0078049884056331	17681	138	17681	0
PflaKGBHm	OZ251424.1	32580001	32610000	0.0065607148916916	17681	116	17681	0
PflaHELEm	OZ251424.1	32580001	32610000	0.0079181041796278	17681	140	17681	0
PflaHELAf	OZ251424.1	32580001	32610000	0.0055992308127368	17681	99	17681	0
PflaKGBDf	OZ251424.1	32610001	32640000	0.0077511092104559	18707	145	18707	6
PflaKGBHm	OZ251424.1	32610001	32640000	0.0083957219251336	18700	157	18700	13
PflaHELEm	OZ251424.1	32610001	32640000	0.0119754076450147	18705	224	18705	8
PflaHELAf	OZ251424.1	32610001	32640000	0.0098327366002244	18713	184	18713	0
PflaHELEm	OZ251424.1	32640001	32670000	0.0106020166073546	13488	143	13488	0
PflaKGBDf	OZ251424.1	32640001	32670000	0.0084549195660306	13365	113	13365	123
PflaHELAf	OZ251424.1	32640001	32670000	0.0080071174377224	13488	108	13488	0
PflaKGBHm	OZ251424.1	32640001	32670000	0.0094157769869513	13488	127	13488	0
PflaKGBHm	OZ251424.1	32670001	32700000	0.003953322219576	20995	83	20995	28
PflaHELEm	OZ251424.1	32670001	32700000	0.0082290824335251	21023	173	21023	0
PflaKGBDf	OZ251424.1	32670001	32700000	0.0056626219367118	21015	119	21015	8
PflaHELAf	OZ251424.1	32670001	32700000	0.0060410027113161	21023	127	21023	0
PflaHELEm	OZ251424.1	32700001	32730000	0.0090661213360599	14670	133	14670	0
PflaKGBDf	OZ251424.1	32700001	32730000	0.0064758009543285	14670	95	14670	0
PflaHELAf	OZ251424.1	32700001	32730000	0.0079754601226993	14670	117	14670	0
PflaKGBHm	OZ251424.1	32700001	32730000	0.0078391274710293	14670	115	14670	0
PflaHELEm	OZ251424.1	32730001	32760000	0.0089245872378402	17928	160	17928	0
PflaKGBHm	OZ251424.1	32730001	32760000	0.0051874163319946	17928	93	17928	0
PflaKGBDf	OZ251424.1	32730001	32760000	0.0046854082998661	17928	84	17928	0
PflaHELAf	OZ251424.1	32730001	32760000	0.0054105310129406	17928	97	17928	0
PflaKGBHm	OZ251424.1	32760001	32790000	0.0046155578070471	17766	82	17766	0
PflaHELEm	OZ251424.1	32760001	32790000	0.0073773723038801	17757	131	17757	9
PflaKGBDf	OZ251424.1	32760001	32790000	0.0052945815027599	17754	94	17754	12
PflaHELAf	OZ251424.1	32760001	32790000	0.0058538781943037	17766	104	17766	0
PflaHELEm	OZ251424.1	32790001	32820000	0.0079467567299096	20134	160	20134	0
PflaKGBDf	OZ251424.1	32790001	32820000	0.0057117313996225	20134	115	20134	0
PflaHELAf	OZ251424.1	32790001	32820000	0.0065064070726134	20134	131	20134	0
PflaKGBHm	OZ251424.1	32790001	32820000	0.0048186785891703	20130	97	20130	4
PflaHELEm	OZ251424.1	32820001	32850000	0.0080912299755634	18415	149	18415	0
PflaKGBHm	OZ251424.1	32820001	32850000	0.0051683803927969	18381	95	18381	34
PflaKGBDf	OZ251424.1	32820001	32850000	0.0060826589909303	18413	112	18413	2
PflaHELAf	OZ251424.1	32820001	32850000	0.0071137659516698	18415	131	18415	0
PflaHELAf	OZ251424.1	32850001	32880000	0.0063166932417515	16306	103	16306	0
PflaKGBDf	OZ251424.1	32850001	32880000	0.0060713847663436	16306	99	16306	0
PflaHELEm	OZ251424.1	32850001	32880000	0.0087084508769777	16306	142	16306	0
PflaKGBHm	OZ251424.1	32850001	32880000	0.0073592542622347	16306	120	16306	0
PflaKGBHm	OZ251424.1	32880001	32910000	0.0047676523838261	16570	79	16570	0
PflaHELAf	OZ251424.1	32880001	32910000	0.0051297525648762	16570	85	16570	0
PflaKGBDf	OZ251424.1	32880001	32910000	0.0065781532890766	16570	109	16570	0
PflaHELEm	OZ251424.1	32880001	32910000	0.0101991550995775	16570	169	16570	0
PflaKGBHm	OZ251424.1	32910001	32940000	0.0072471490994351	18766	136	18766	0
PflaKGBDf	OZ251424.1	32910001	32940000	0.0076795904218441	18751	144	18751	15
PflaHELEm	OZ251424.1	32910001	32940000	0.0101779814558243	18766	191	18766	0
PflaHELAf	OZ251424.1	32910001	32940000	0.0071405733773846	18766	134	18766	0
PflaKGBHm	OZ251424.1	32940001	32970000	0.0069034143914422	16079	111	16079	0
PflaHELEm	OZ251424.1	32940001	32970000	0.0100752534361589	16079	162	16079	0
PflaKGBDf	OZ251424.1	32940001	32970000	0.0056004978220286	16070	90	16070	9
PflaHELAf	OZ251424.1	32940001	32970000	0.0054729771751974	16079	88	16079	0
PflaKGBHm	OZ251424.1	32970001	33000000	0.0069325650490681	11107	77	11107	0
PflaHELAf	OZ251424.1	32970001	33000000	0.0038714324299991	11107	43	11107	0
PflaKGBDf	OZ251424.1	32970001	33000000	0.0048617988655802	11107	54	11107	0
PflaHELEm	OZ251424.1	32970001	33000000	0.0127847303502295	11107	142	11107	0
PflaHELEm	OZ251424.1	33000001	33030000	0.008252658308205	12602	104	12602	1
PflaKGBHm	OZ251424.1	33000001	33030000	0.0054783644303294	12595	69	12595	8
PflaHELAf	OZ251424.1	33000001	33030000	0.0076965801793223	12603	97	12603	0
PflaKGBDf	OZ251424.1	33000001	33030000	0.0046814250575259	12603	59	12603	0
PflaKGBHm	OZ251424.1	33030001	33060000	0.0075980559928811	14609	111	14609	0
PflaHELEm	OZ251424.1	33030001	33060000	0.0108055690240354	14437	156	14437	172
PflaHELAf	OZ251424.1	33030001	33060000	0.0080772126771168	14609	118	14609	0
PflaKGBDf	OZ251424.1	33030001	33060000	0.001505921007598	14609	22	14609	0
PflaHELAf	OZ251424.1	33060001	33090000	0.006552507426175	11446	75	11446	0
PflaKGBDf	OZ251424.1	33060001	33090000	0.005024682651622	11344	57	11344	102
PflaHELEm	OZ251424.1	33060001	33090000	0.0087397308162908	11442	100	11442	4
PflaKGBHm	OZ251424.1	33060001	33090000	0.0075135418486807	11446	86	11446	0
PflaHELEm	OZ251424.1	33090001	33120000	0.0069787234042553	11750	82	11750	0
PflaKGBHm	OZ251424.1	33090001	33120000	0.005531914893617	11750	65	11750	0
PflaHELAf	OZ251424.1	33090001	33120000	0.0089361702127659	11750	105	11750	0
PflaKGBDf	OZ251424.1	33090001	33120000	0.0024680851063829	11750	29	11750	0
PflaHELAf	OZ251424.1	33120001	33150000	0.0082537788385043	20112	166	20112	0
PflaKGBHm	OZ251424.1	33120001	33150000	0.0044749403341288	20112	90	20112	0
PflaKGBDf	OZ251424.1	33120001	33150000	0.0030827366746221	20112	62	20112	0
PflaHELEm	OZ251424.1	33120001	33150000	0.0087509944311853	20112	176	20112	0
PflaKGBHm	OZ251424.1	33150001	33180000	0.0058558940846982	11783	69	11783	0
PflaHELEm	OZ251424.1	33150001	33180000	0.0069591784774675	11783	82	11783	0
PflaKGBDf	OZ251424.1	33150001	33180000	0.0050920818127811	11783	60	11783	0
PflaHELAf	OZ251424.1	33150001	33180000	0.0079775948400237	11783	94	11783	0
PflaHELEm	OZ251424.1	33180001	33210000	0.0088972137672676	4271	38	4271	0
PflaKGBHm	OZ251424.1	33180001	33210000	0.0053851557012409	4271	23	4271	0
PflaKGBDf	OZ251424.1	33180001	33210000	0.0032779208616249	4271	14	4271	0
PflaHELAf	OZ251424.1	33180001	33210000	0.0049168812924373	4271	21	4271	0
PflaKGBHm	OZ251424.1	33210001	33240000	0.0021894336030461	10505	23	10505	0
PflaHELEm	OZ251424.1	33210001	33240000	0.0077106139933365	10505	81	10505	0
PflaHELAf	OZ251424.1	33210001	33240000	0.0066634935744883	10505	70	10505	0
PflaKGBDf	OZ251424.1	33210001	33240000	0.0041884816753926	10505	44	10505	0
PflaKGBDf	OZ251424.1	33240001	33270000	0.0009894459102902	12128	12	12128	0
PflaKGBHm	OZ251424.1	33240001	33270000	0.0051121372031662	12128	62	12128	0
PflaHELAf	OZ251424.1	33240001	33270000	0.0074208443271767	12128	90	12128	0
PflaHELEm	OZ251424.1	33240001	33270000	0.0053594986807387	12128	65	12128	0
PflaKGBHm	OZ251424.1	33270001	33300000	0.0073503675183759	11428	84	11428	0
PflaHELEm	OZ251424.1	33270001	33300000	0.0060378018900945	11428	69	11428	0
PflaKGBDf	OZ251424.1	33270001	33300000	0.0038501925096254	11428	44	11428	0
PflaHELAf	OZ251424.1	33270001	33300000	0.0056877843892194	11428	65	11428	0
PflaKGBHm	OZ251424.1	33300001	33330000	0.0044658193060803	8733	39	8733	1
PflaHELEm	OZ251424.1	33300001	33330000	0.0038928326081978	8734	34	8734	0
PflaKGBDf	OZ251424.1	33300001	33330000	0.0012662599286289	8687	11	8687	47
PflaHELAf	OZ251424.1	33300001	33330000	0.0053954769831247	8711	47	8711	23
PflaKGBDf	OZ251424.1	33330001	33360000	0.0037567265712255	9849	37	9849	104
PflaHELAf	OZ251424.1	33330001	33360000	0.0054260450160771	9952	54	9952	1
PflaKGBHm	OZ251424.1	33330001	33360000	0.0030287733467945	9905	30	9905	48
PflaHELEm	OZ251424.1	33330001	33360000	0.0047221943132723	9953	47	9953	0
PflaKGBDf	OZ251424.1	33360001	33390000	0.0028761459644076	11126	32	11126	13
PflaHELEm	OZ251424.1	33360001	33390000	0.0050337078651685	11125	56	11125	14
PflaKGBHm	OZ251424.1	33360001	33390000	0.0042194092827004	11139	47	11139	0
PflaHELAf	OZ251424.1	33360001	33390000	0.0031455019322369	11127	35	11127	12
PflaHELAf	OZ251424.1	33390001	33420000	0.0044079958995386	9755	43	9755	0
PflaKGBDf	OZ251424.1	33390001	33420000	0.0042129058775174	9732	41	9732	23
PflaHELEm	OZ251424.1	33390001	33420000	0.0061506919528446	9755	60	9755	0
PflaKGBHm	OZ251424.1	33390001	33420000	0.0023577652485904	9755	23	9755	0
PflaKGBHm	OZ251424.1	33420001	33450000	0.0047549861312904	7571	36	7571	0
PflaHELAf	OZ251424.1	33420001	33450000	0.0058116497160216	7571	44	7571	0
PflaKGBDf	OZ251424.1	33420001	33450000	0.0018666666666666	7500	14	7500	71
PflaHELEm	OZ251424.1	33420001	33450000	0.0038666666666666	7500	29	7500	71
PflaHELAf	OZ251424.1	33450001	33480000	0.006742849031159	14089	95	14089	0
PflaKGBHm	OZ251424.1	33450001	33480000	0.0053233018667045	14089	75	14089	0
PflaHELEm	OZ251424.1	33450001	33480000	0.0080204414791681	14089	113	14089	0
PflaKGBDf	OZ251424.1	33450001	33480000	0.0015805733170486	13919	22	13919	170
PflaKGBHm	OZ251424.1	33480001	33510000	0.002650762094102	6036	16	6036	0
PflaHELEm	OZ251424.1	33480001	33510000	0.0023194168323392	6036	14	6036	0
PflaKGBDf	OZ251424.1	33480001	33510000	0.0038104705102717	6036	23	6036	0
PflaHELAf	OZ251424.1	33480001	33510000	0.0024850894632206	6036	15	6036	0
PflaHELAf	OZ251424.1	33510001	33540000	0.0012301383905689	9755	12	9755	0
PflaKGBDf	OZ251424.1	33510001	33540000	0.0037929267042542	9755	37	9755	0
PflaHELEm	OZ251424.1	33510001	33540000	0.0009226037929267	9755	9	9755	0
PflaKGBHm	OZ251424.1	33510001	33540000	0.0043254376930998	9710	42	9710	45
PflaKGBHm	OZ251424.1	33540001	33570000	0.0011076650420912	13542	15	13542	67
PflaHELEm	OZ251424.1	33540001	33570000	0.0063193474906312	13609	86	13609	0
PflaKGBDf	OZ251424.1	33540001	33570000	0.0031659549403622	13582	43	13582	27
PflaHELAf	OZ251424.1	33540001	33570000	0.0011048909840895	13576	15	13576	33
PflaHELAf	OZ251424.1	33570001	33600000	0.005748751295825	10611	61	10611	0
PflaKGBDf	OZ251424.1	33570001	33600000	0.0035011355034065	10568	37	10568	43
PflaHELEm	OZ251424.1	33570001	33600000	0.0061257185939119	10611	65	10611	0
PflaKGBHm	OZ251424.1	33570001	33600000	0.0044664069181792	10523	47	10523	88
PflaKGBHm	OZ251424.1	33600001	33630000	0.0036168475090421	8571	31	8571	2
PflaHELEm	OZ251424.1	33600001	33630000	0.0011664528169835	8573	10	8573	0
PflaKGBDf	OZ251424.1	33600001	33630000	0.0045491659862358	8573	39	8573	0
PflaHELAf	OZ251424.1	33600001	33630000	0.0008165169718884	8573	7	8573	0
PflaHELEm	OZ251424.1	33630001	33660000	0.0008254230293025	7269	6	7269	0
PflaKGBDf	OZ251424.1	33630001	33660000	0.0048149676709313	7269	35	7269	0
PflaHELAf	OZ251424.1	33630001	33660000	0.0012381345439537	7269	9	7269	0
PflaKGBHm	OZ251424.1	33630001	33660000	0.0049525381758151	7269	36	7269	0
PflaHELAf	OZ251424.1	33660001	33690000	0.0023809523809523	9660	23	9660	0
PflaKGBDf	OZ251424.1	33660001	33690000	0.0036243139691415	9657	35	9657	3
PflaHELEm	OZ251424.1	33660001	33690000	0.0038302277432712	9660	37	9660	0
PflaKGBHm	OZ251424.1	33660001	33690000	0.0024911770811708	9634	24	9634	26
PflaKGBHm	OZ251424.1	33690001	33720000	0.003569539925965	7564	27	7564	2
PflaHELEm	OZ251424.1	33690001	33720000	0.0068728522336769	7566	52	7566	0
PflaHELAf	OZ251424.1	33690001	33720000	0.0051546391752577	7566	39	7566	0
PflaKGBDf	OZ251424.1	33690001	33720000	0.0033042558815754	7566	25	7566	0
PflaHELAf	OZ251424.1	33720001	33750000	0.0042859117931701	7233	31	7233	12
PflaKGBDf	OZ251424.1	33720001	33750000	0.0016563146997929	7245	12	7245	0
PflaHELEm	OZ251424.1	33720001	33750000	0.0060731538992408	7245	44	7245	0
PflaKGBHm	OZ251424.1	33720001	33750000	0.0034506556245686	7245	25	7245	0
PflaHELAf	OZ251424.1	33750001	33780000	0.003318400530944	6027	20	6027	0
PflaKGBDf	OZ251424.1	33750001	33780000	0.0011645316918981	6011	7	6011	16
PflaHELEm	OZ251424.1	33750001	33780000	0.0063049610087937	6027	38	6027	0
PflaKGBHm	OZ251424.1	33750001	33780000	0.0021569603451136	6027	13	6027	0
PflaKGBHm	OZ251424.1	33780001	33810000	0.0036813429539095	6791	25	6791	19
PflaHELEm	OZ251424.1	33780001	33810000	0.0061674008810572	6810	42	6810	0
PflaHELAf	OZ251424.1	33780001	33810000	0.0042584434654919	6810	29	6810	0
PflaKGBDf	OZ251424.1	33780001	33810000	0.0025011034279829	6797	17	6797	13
PflaKGBHm	OZ251424.1	33810001	33840000	0.00297820495465	7387	22	7387	0
PflaHELEm	OZ251424.1	33810001	33840000	0.0069040205766887	7387	51	7387	0
PflaKGBDf	OZ251424.1	33810001	33840000	0.001489102477325	7387	11	7387	0
PflaHELAf	OZ251424.1	33810001	33840000	0.0052795451468796	7387	39	7387	0
PflaKGBDf	OZ251424.1	33840001	33870000	0.0020689034811549	11117	23	11117	84
PflaHELAf	OZ251424.1	33840001	33870000	0.0035711097223462	11201	40	11201	0
PflaKGBHm	OZ251424.1	33840001	33870000	0.0012498884028211	11201	14	11201	0
PflaHELEm	OZ251424.1	33840001	33870000	0.0043746094098741	11201	49	11201	0
PflaHELAf	OZ251424.1	33870001	33900000	0.0023162134944612	9930	23	9930	0
PflaKGBHm	OZ251424.1	33870001	33900000	0.0010105092966855	9896	10	9896	34
PflaHELEm	OZ251424.1	33870001	33900000	0.0030211480362537	9930	30	9930	0
PflaKGBDf	OZ251424.1	33870001	33900000	0.0016150196830523	9907	16	9907	23
PflaHELAf	OZ251424.1	33900001	33930000	0.0037386215864759	6152	23	6152	74
PflaKGBDf	OZ251424.1	33900001	33930000	0.0022497187851518	6223	14	6223	3
PflaHELEm	OZ251424.1	33900001	33930000	0.0032123353678123	6226	20	6226	0
PflaKGBHm	OZ251424.1	33900001	33930000	0.0009638554216867	6225	6	6225	1
PflaKGBHm	OZ251424.1	33930001	33960000	0.0017219787100814	6388	11	6388	16
PflaHELEm	OZ251424.1	33930001	33960000	0.005153029356652	6404	33	6404	0
PflaHELAf	OZ251424.1	33930001	33960000	0.0035915053091817	6404	23	6404	0
PflaKGBDf	OZ251424.1	33930001	33960000	0.0026545908806995	6404	17	6404	0
PflaHELAf	OZ251424.1	33960001	33990000	0.0036795924143787	3533	13	3533	9
PflaKGBDf	OZ251424.1	33960001	33990000	0.0019762845849802	3542	7	3542	0
PflaHELEm	OZ251424.1	33960001	33990000	0.0028232636928289	3542	10	3542	0
PflaKGBHm	OZ251424.1	33960001	33990000	0.0011293054771315	3542	4	3542	0
PflaKGBHm	OZ251424.1	33990001	34020000	0.0008755289654166	6853	6	6853	0
PflaHELAf	OZ251424.1	33990001	34020000	0.0027725083904859	6853	19	6853	0
PflaKGBDf	OZ251424.1	33990001	34020000	0.0039398803443747	6853	27	6853	0
PflaHELEm	OZ251424.1	33990001	34020000	0.0045235663213191	6853	31	6853	0
PflaHELEm	OZ251424.1	34020001	34050000	0.0067085046526725	4621	31	4621	0
PflaKGBHm	OZ251424.1	34020001	34050000	0.0012984202553559	4621	6	4621	0
PflaHELAf	OZ251424.1	34020001	34050000	0.0056264877732092	4621	26	4621	0
PflaKGBDf	OZ251424.1	34020001	34050000	0.0019476303830339	4621	9	4621	0
PflaHELAf	OZ251424.1	34050001	34080000	0.0020486205954657	7322	15	7322	1373
PflaKGBDf	OZ251424.1	34050001	34080000	0.0024151811385853	8695	21	8695	0
PflaHELEm	OZ251424.1	34050001	34080000	0.00232272168329	7319	17	7319	1376
PflaKGBHm	OZ251424.1	34050001	34080000	0.0009200690051753	8695	8	8695	0
PflaHELAf	OZ251424.1	34080001	34110000	0.0045499944512262	9011	41	9011	0
PflaKGBDf	OZ251424.1	34080001	34110000	0.0016646321163022	9011	15	9011	0
PflaHELEm	OZ251424.1	34080001	34110000	0.0034402397070247	9011	31	9011	0
PflaKGBHm	OZ251424.1	34080001	34110000	0.0018872113676731	9008	17	9008	3
PflaKGBHm	OZ251424.1	34110001	34140000	0.0027207182696231	7351	20	7351	33
PflaHELEm	OZ251424.1	34110001	34140000	0.0059588299024918	7384	44	7384	0
PflaKGBDf	OZ251424.1	34110001	34140000	0.0049965301873698	7205	36	7205	179
PflaHELAf	OZ251424.1	34110001	34140000	0.0056018581773466	7319	41	7319	65
PflaHELAf	OZ251424.1	34140001	34170000	0.0027506112469437	9816	27	9816	0
PflaHELEm	OZ251424.1	34140001	34170000	0.0035656071719641	9816	35	9816	0
PflaKGBHm	OZ251424.1	34140001	34170000	0.0013245033112582	9815	13	9815	1
PflaKGBDf	OZ251424.1	34140001	34170000	0.002241238793806	9816	22	9816	0
PflaHELAf	OZ251424.1	34170001	34200000	0.0098495212038303	7310	72	7310	72
PflaKGBHm	OZ251424.1	34170001	34200000	0.0053497942386831	7290	39	7290	92
PflaKGBDf	OZ251424.1	34170001	34200000	0.006272651240591	7174	45	7174	208
PflaHELEm	OZ251424.1	34170001	34200000	0.010159848279599	7382	75	7382	0
PflaKGBDf	OZ251424.1	34200001	34230000	0.0064259485924112	6536	42	6536	0
PflaHELEm	OZ251424.1	34200001	34230000	0.0088739290085679	6536	58	6536	0
PflaKGBHm	OZ251424.1	34200001	34230000	0.0068849449204406	6536	45	6536	0
PflaHELAf	OZ251424.1	34200001	34230000	0.0039779681762545	6536	26	6536	0
PflaHELAf	OZ251424.1	34230001	34260000	0.0018926591861565	7397	14	7397	0
PflaKGBDf	OZ251424.1	34230001	34260000	0.0032445586048398	7397	24	7397	0
PflaHELEm	OZ251424.1	34230001	34260000	0.0025686088954981	7397	19	7397	0
PflaKGBHm	OZ251424.1	34230001	34260000	0.0032445586048398	7397	24	7397	0
PflaHELEm	OZ251424.1	34260001	34290000	0.0029934847684451	5679	17	5679	0
PflaHELAf	OZ251424.1	34260001	34290000	0.0010565240359218	5679	6	5679	0
PflaKGBDf	OZ251424.1	34260001	34290000	0.001760873393203	5679	10	5679	0
PflaKGBHm	OZ251424.1	34260001	34290000	0.0005282620179609	5679	3	5679	0
PflaKGBHm	OZ251424.1	34290001	34320000	0.0026699893200427	11236	30	11236	0
PflaHELEm	OZ251424.1	34290001	34320000	0.0034709861160555	11236	39	11236	0
PflaHELAf	OZ251424.1	34290001	34320000	0.0018689925240299	11236	21	11236	0
PflaKGBDf	OZ251424.1	34290001	34320000	0.0029369882520469	11236	33	11236	0
PflaHELAf	OZ251424.1	34320001	34350000	0.0019941043870296	11534	23	11534	0
PflaKGBDf	OZ251424.1	34320001	34350000	0.0005202011444425	11534	6	11534	0
PflaHELEm	OZ251424.1	34320001	34350000	0.0050299193478449	11531	58	11531	3
PflaKGBHm	OZ251424.1	34320001	34350000	0.0032079070573955	11534	37	11534	0
PflaKGBHm	OZ251424.1	34350001	34380000	0.0026525198938992	8294	22	8294	0
PflaHELEm	OZ251424.1	34350001	34380000	0.0039787798408488	8294	33	8294	0
PflaHELAf	OZ251424.1	34350001	34380000	0.0018085362912949	8294	15	8294	0
PflaKGBDf	OZ251424.1	34350001	34380000	0.0013262599469496	8294	11	8294	0
PflaHELAf	OZ251424.1	34380001	34410000	0.0018730099269526	10678	20	10678	0
PflaKGBDf	OZ251424.1	34380001	34410000	0.0014047574452144	10678	15	10678	0
PflaKGBHm	OZ251424.1	34380001	34410000	0.0022476119123431	10678	24	10678	0
PflaHELEm	OZ251424.1	34380001	34410000	0.003559718969555	10675	38	10675	3
PflaHELAf	OZ251424.1	34410001	34440000	0.0016962682099381	10022	17	10022	0
PflaKGBDf	OZ251424.1	34410001	34440000	0.0035920973857513	10022	36	10022	0
PflaKGBHm	OZ251424.1	34410001	34440000	0.0002997901468971	10007	3	10007	15
PflaHELEm	OZ251424.1	34410001	34440000	0.0043903412492516	10022	44	10022	0
