pop	chromosome	window_pos_1	window_pos_2	avg_pi	no_sites	count_diffs	count_comparisons	count_missing
PflaHELEm	OZ251426.1	1	30000	0.0113636363636363	88	1	88	0
PflaHELAf	OZ251426.1	1	30000	0.0	88	0	88	0
PflaKGBDf	OZ251426.1	1	30000	0.0	88	0	88	0
PflaKGBHm	OZ251426.1	1	30000	0.0	88	0	88	0
PflaKGBHm	OZ251426.1	30001	60000	NA	0	NA	NA	NA
PflaHELEm	OZ251426.1	30001	60000	NA	0	NA	NA	NA
PflaKGBDf	OZ251426.1	30001	60000	NA	0	NA	NA	NA
PflaHELAf	OZ251426.1	30001	60000	NA	0	NA	NA	NA
PflaKGBHm	OZ251426.1	60001	90000	NA	0	NA	NA	NA
PflaHELAf	OZ251426.1	60001	90000	NA	0	NA	NA	NA
PflaKGBDf	OZ251426.1	60001	90000	NA	0	NA	NA	NA
PflaHELEm	OZ251426.1	60001	90000	NA	0	NA	NA	NA
PflaHELAf	OZ251426.1	90001	120000	NA	0	NA	NA	NA
PflaKGBDf	OZ251426.1	90001	120000	NA	0	NA	NA	NA
PflaHELEm	OZ251426.1	90001	120000	NA	0	NA	NA	NA
PflaKGBHm	OZ251426.1	90001	120000	NA	0	NA	NA	NA
PflaKGBHm	OZ251426.1	120001	150000	NA	0	NA	NA	NA
PflaHELEm	OZ251426.1	120001	150000	NA	0	NA	NA	NA
PflaHELAf	OZ251426.1	120001	150000	NA	0	NA	NA	NA
PflaKGBDf	OZ251426.1	120001	150000	NA	0	NA	NA	NA
PflaHELAf	OZ251426.1	150001	180000	NA	0	NA	NA	NA
PflaKGBDf	OZ251426.1	150001	180000	NA	0	NA	NA	NA
PflaHELEm	OZ251426.1	150001	180000	NA	0	NA	NA	NA
PflaKGBHm	OZ251426.1	150001	180000	NA	0	NA	NA	NA
PflaKGBHm	OZ251426.1	180001	210000	NA	0	NA	NA	NA
PflaHELAf	OZ251426.1	180001	210000	NA	0	NA	NA	NA
PflaKGBDf	OZ251426.1	180001	210000	NA	0	NA	NA	NA
PflaHELEm	OZ251426.1	180001	210000	NA	0	NA	NA	NA
PflaHELAf	OZ251426.1	210001	240000	NA	0	NA	NA	NA
PflaKGBDf	OZ251426.1	210001	240000	NA	0	NA	NA	NA
PflaHELEm	OZ251426.1	210001	240000	NA	0	NA	NA	NA
PflaKGBHm	OZ251426.1	210001	240000	NA	0	NA	NA	NA
PflaHELEm	OZ251426.1	240001	270000	NA	0	NA	NA	NA
PflaKGBHm	OZ251426.1	240001	270000	NA	0	NA	NA	NA
PflaHELAf	OZ251426.1	240001	270000	NA	0	NA	NA	NA
PflaKGBDf	OZ251426.1	240001	270000	NA	0	NA	NA	NA
PflaHELEm	OZ251426.1	270001	300000	NA	0	NA	NA	NA
PflaKGBHm	OZ251426.1	270001	300000	NA	0	NA	NA	NA
PflaHELAf	OZ251426.1	270001	300000	NA	0	NA	NA	NA
PflaKGBDf	OZ251426.1	270001	300000	NA	0	NA	NA	NA
PflaKGBHm	OZ251426.1	300001	330000	0.0	3	0	3	0
PflaHELEm	OZ251426.1	300001	330000	0.0	3	0	3	0
PflaKGBDf	OZ251426.1	300001	330000	0.0	3	0	3	0
PflaHELAf	OZ251426.1	300001	330000	0.0	3	0	3	0
PflaKGBHm	OZ251426.1	330001	360000	0.0263157894736842	38	1	38	0
PflaKGBDf	OZ251426.1	330001	360000	0.0526315789473684	38	2	38	0
PflaHELAf	OZ251426.1	330001	360000	0.0789473684210526	38	3	38	0
PflaHELEm	OZ251426.1	330001	360000	0.0526315789473684	38	2	38	0
PflaKGBHm	OZ251426.1	360001	390000	NA	0	NA	NA	NA
PflaHELEm	OZ251426.1	360001	390000	NA	0	NA	NA	NA
PflaKGBDf	OZ251426.1	360001	390000	NA	0	NA	NA	NA
PflaHELAf	OZ251426.1	360001	390000	NA	0	NA	NA	NA
PflaKGBHm	OZ251426.1	390001	420000	NA	0	NA	NA	NA
PflaHELEm	OZ251426.1	390001	420000	NA	0	NA	NA	NA
PflaKGBDf	OZ251426.1	390001	420000	NA	0	NA	NA	NA
PflaHELAf	OZ251426.1	390001	420000	NA	0	NA	NA	NA
PflaKGBDf	OZ251426.1	420001	450000	0.0049916805324459	601	3	601	0
PflaHELEm	OZ251426.1	420001	450000	0.0149750415973377	601	9	601	0
PflaKGBHm	OZ251426.1	420001	450000	0.0049916805324459	601	3	601	0
PflaHELAf	OZ251426.1	420001	450000	0.0016638935108153	601	1	601	0
PflaKGBDf	OZ251426.1	450001	480000	NA	0	NA	NA	NA
PflaKGBHm	OZ251426.1	450001	480000	NA	0	NA	NA	NA
PflaHELEm	OZ251426.1	450001	480000	NA	0	NA	NA	NA
PflaHELAf	OZ251426.1	450001	480000	NA	0	NA	NA	NA
PflaHELAf	OZ251426.1	480001	510000	NA	0	NA	NA	NA
PflaKGBDf	OZ251426.1	480001	510000	NA	0	NA	NA	NA
PflaKGBHm	OZ251426.1	480001	510000	NA	0	NA	NA	NA
PflaHELEm	OZ251426.1	480001	510000	NA	0	NA	NA	NA
PflaHELEm	OZ251426.1	510001	540000	NA	0	NA	NA	NA
PflaKGBHm	OZ251426.1	510001	540000	NA	0	NA	NA	NA
PflaKGBDf	OZ251426.1	510001	540000	NA	0	NA	NA	NA
PflaHELAf	OZ251426.1	510001	540000	NA	0	NA	NA	NA
PflaKGBDf	OZ251426.1	540001	570000	0.0037807183364839	2116	8	2116	0
PflaHELEm	OZ251426.1	540001	570000	0.0047258979206049	2116	10	2116	0
PflaKGBHm	OZ251426.1	540001	570000	0.0066162570888468	2116	14	2116	0
PflaHELAf	OZ251426.1	540001	570000	0.0066162570888468	2116	14	2116	0
PflaHELAf	OZ251426.1	570001	600000	NA	0	NA	NA	NA
PflaKGBDf	OZ251426.1	570001	600000	NA	0	NA	NA	NA
PflaHELEm	OZ251426.1	570001	600000	NA	0	NA	NA	NA
PflaKGBHm	OZ251426.1	570001	600000	NA	0	NA	NA	NA
PflaHELAf	OZ251426.1	600001	630000	NA	0	NA	NA	NA
PflaKGBDf	OZ251426.1	600001	630000	NA	0	NA	NA	NA
PflaHELEm	OZ251426.1	600001	630000	NA	0	NA	NA	NA
PflaKGBHm	OZ251426.1	600001	630000	NA	0	NA	NA	NA
PflaKGBDf	OZ251426.1	630001	660000	NA	0	NA	NA	NA
PflaKGBHm	OZ251426.1	630001	660000	NA	0	NA	NA	NA
PflaHELAf	OZ251426.1	630001	660000	NA	0	NA	NA	NA
PflaHELEm	OZ251426.1	630001	660000	NA	0	NA	NA	NA
PflaHELAf	OZ251426.1	660001	690000	NA	0	NA	NA	NA
PflaKGBDf	OZ251426.1	660001	690000	NA	0	NA	NA	NA
PflaHELEm	OZ251426.1	660001	690000	NA	0	NA	NA	NA
PflaKGBHm	OZ251426.1	660001	690000	NA	0	NA	NA	NA
PflaKGBHm	OZ251426.1	690001	720000	NA	0	NA	NA	NA
PflaHELEm	OZ251426.1	690001	720000	NA	0	NA	NA	NA
PflaKGBDf	OZ251426.1	690001	720000	NA	0	NA	NA	NA
PflaHELAf	OZ251426.1	690001	720000	NA	0	NA	NA	NA
PflaHELEm	OZ251426.1	720001	750000	NA	0	NA	NA	NA
PflaKGBHm	OZ251426.1	720001	750000	NA	0	NA	NA	NA
PflaKGBDf	OZ251426.1	720001	750000	NA	0	NA	NA	NA
PflaHELAf	OZ251426.1	720001	750000	NA	0	NA	NA	NA
PflaHELAf	OZ251426.1	750001	780000	NA	0	NA	NA	NA
PflaKGBDf	OZ251426.1	750001	780000	NA	0	NA	NA	NA
PflaHELEm	OZ251426.1	750001	780000	NA	0	NA	NA	NA
PflaKGBHm	OZ251426.1	750001	780000	NA	0	NA	NA	NA
PflaHELEm	OZ251426.1	780001	810000	NA	0	NA	NA	NA
PflaKGBHm	OZ251426.1	780001	810000	NA	0	NA	NA	NA
PflaHELAf	OZ251426.1	780001	810000	NA	0	NA	NA	NA
PflaKGBDf	OZ251426.1	780001	810000	NA	0	NA	NA	NA
PflaHELAf	OZ251426.1	810001	840000	NA	0	NA	NA	NA
PflaKGBDf	OZ251426.1	810001	840000	NA	0	NA	NA	NA
PflaHELEm	OZ251426.1	810001	840000	NA	0	NA	NA	NA
PflaKGBHm	OZ251426.1	810001	840000	NA	0	NA	NA	NA
PflaKGBHm	OZ251426.1	840001	870000	0.0	3089	0	3089	0
PflaHELEm	OZ251426.1	840001	870000	0.0009711880867594	3089	3	3089	0
PflaHELAf	OZ251426.1	840001	870000	0.0003237293622531	3089	1	3089	0
PflaKGBDf	OZ251426.1	840001	870000	0.0006474587245063	3089	2	3089	0
PflaHELAf	OZ251426.1	870001	900000	0.0017738359201773	13530	24	13530	0
PflaKGBDf	OZ251426.1	870001	900000	0.0028826964298913	13529	39	13529	1
PflaHELEm	OZ251426.1	870001	900000	0.0016260162601626	13530	22	13530	0
PflaKGBHm	OZ251426.1	870001	900000	0.0017738359201773	13530	24	13530	0
PflaKGBDf	OZ251426.1	900001	930000	0.002375628842929	14312	34	14312	0
PflaHELEm	OZ251426.1	900001	930000	0.0019564002235885	14312	28	14312	0
PflaKGBHm	OZ251426.1	900001	930000	0.0008384572386808	14312	12	14312	0
PflaHELAf	OZ251426.1	900001	930000	0.0013974287311347	14312	20	14312	0
PflaHELAf	OZ251426.1	930001	960000	0.0038824181919023	19833	77	19833	0
PflaKGBDf	OZ251426.1	930001	960000	0.0044874703776534	19833	89	19833	0
PflaHELEm	OZ251426.1	930001	960000	0.0030756819442343	19833	61	19833	0
PflaKGBHm	OZ251426.1	930001	960000	0.0032773660061513	19833	65	19833	0
PflaHELEm	OZ251426.1	960001	990000	0.0015740144523145	13977	22	13977	0
PflaHELAf	OZ251426.1	960001	990000	0.0018601988981898	13977	26	13977	0
PflaKGBDf	OZ251426.1	960001	990000	0.0018601988981898	13977	26	13977	0
PflaKGBHm	OZ251426.1	960001	990000	0.0024325677899406	13977	34	13977	0
PflaKGBDf	OZ251426.1	990001	1020000	0.0018746209406186	18137	34	18137	0
PflaKGBHm	OZ251426.1	990001	1020000	0.0022605723107459	18137	41	18137	0
PflaHELEm	OZ251426.1	990001	1020000	0.0020951645806914	18137	38	18137	0
PflaHELAf	OZ251426.1	990001	1020000	0.0018194850306004	18137	33	18137	0
PflaKGBHm	OZ251426.1	1020001	1050000	0.0013108614232209	16020	21	16020	511
PflaHELEm	OZ251426.1	1020001	1050000	0.0017542798378803	16531	29	16531	0
PflaKGBDf	OZ251426.1	1020001	1050000	0.0030851128183412	16531	51	16531	0
PflaHELAf	OZ251426.1	1020001	1050000	0.0026616659609219	16531	44	16531	0
PflaKGBHm	OZ251426.1	1050001	1080000	0.0036053752867912	9153	33	9153	923
PflaHELEm	OZ251426.1	1050001	1080000	0.0022826518459706	10076	23	10076	0
PflaKGBDf	OZ251426.1	1050001	1080000	0.0020841603811036	10076	21	10076	0
PflaHELAf	OZ251426.1	1050001	1080000	0.0028867210830181	10046	29	10046	30
PflaHELEm	OZ251426.1	1080001	1110000	0.002201217143597	15446	34	15446	0
PflaHELAf	OZ251426.1	1080001	1110000	0.002201217143597	15446	34	15446	0
PflaKGBDf	OZ251426.1	1080001	1110000	0.0026544089084552	15446	41	15446	0
PflaKGBHm	OZ251426.1	1080001	1110000	0.0020717337822089	15446	32	15446	0
PflaKGBDf	OZ251426.1	1110001	1140000	0.0039020383015864	19477	76	19477	0
PflaKGBHm	OZ251426.1	1110001	1140000	0.0025157878523386	19477	49	19477	0
PflaHELEm	OZ251426.1	1110001	1140000	0.0033886122092724	19477	66	19477	0
PflaHELAf	OZ251426.1	1110001	1140000	0.0026698156800328	19477	52	19477	0
PflaKGBHm	OZ251426.1	1140001	1170000	0.0012157090755325	18919	23	18919	69
PflaKGBDf	OZ251426.1	1140001	1170000	0.0023181075812654	18981	44	18981	7
PflaHELEm	OZ251426.1	1140001	1170000	0.0011586265009479	18988	22	18988	0
PflaHELAf	OZ251426.1	1140001	1170000	0.0018432694333263	18988	35	18988	0
PflaKGBHm	OZ251426.1	1170001	1200000	0.0007463084386161	18759	14	18759	0
PflaHELEm	OZ251426.1	1170001	1200000	0.0018124633509248	18759	34	18759	0
PflaKGBDf	OZ251426.1	1170001	1200000	0.0024521562983101	18759	46	18759	0
PflaHELAf	OZ251426.1	1170001	1200000	0.001705847859694	18759	32	18759	0
PflaKGBDf	OZ251426.1	1200001	1230000	0.0017866811044937	18470	33	18470	0
PflaKGBHm	OZ251426.1	1200001	1230000	0.0016242555495397	18470	30	18470	0
PflaHELEm	OZ251426.1	1200001	1230000	0.0011911207363291	18470	22	18470	0
PflaHELAf	OZ251426.1	1200001	1230000	0.0018408229561451	18470	34	18470	0
PflaKGBHm	OZ251426.1	1230001	1260000	0.001573564122738	10168	16	10168	67
PflaHELEm	OZ251426.1	1230001	1260000	0.0017586712261846	10235	18	10235	0
PflaKGBDf	OZ251426.1	1230001	1260000	0.0025403028822667	10235	26	10235	0
PflaHELAf	OZ251426.1	1230001	1260000	0.0017586712261846	10235	18	10235	0
PflaHELAf	OZ251426.1	1260001	1290000	0.0020582405854551	13118	27	13118	0
PflaKGBDf	OZ251426.1	1260001	1290000	0.0013721603903034	13118	18	13118	0
PflaHELEm	OZ251426.1	1260001	1290000	0.0007623113279463	13118	10	13118	0
PflaKGBHm	OZ251426.1	1260001	1290000	0.0007639419404125	13090	10	13090	28
PflaHELAf	OZ251426.1	1290001	1320000	0.0029043106083766	13084	38	13084	0
PflaKGBDf	OZ251426.1	1290001	1320000	0.0037450321002751	13084	49	13084	0
PflaHELEm	OZ251426.1	1290001	1320000	0.0017578722103332	13084	23	13084	0
PflaKGBHm	OZ251426.1	1290001	1320000	0.0036686028737389	13084	48	13084	0
PflaKGBHm	OZ251426.1	1320001	1350000	0.0005553498704183	16206	9	16206	101
PflaHELEm	OZ251426.1	1320001	1350000	0.0008585270129392	16307	14	16307	0
PflaHELAf	OZ251426.1	1320001	1350000	0.0011038204452075	16307	18	16307	0
PflaKGBDf	OZ251426.1	1320001	1350000	0.0010424970871404	16307	17	16307	0
PflaHELAf	OZ251426.1	1350001	1380000	0.0026013006503251	19990	52	19990	0
PflaKGBHm	OZ251426.1	1350001	1380000	0.0018009004502251	19990	36	19990	0
PflaKGBDf	OZ251426.1	1350001	1380000	0.0026013006503251	19990	52	19990	0
PflaHELEm	OZ251426.1	1350001	1380000	0.0018509254627313	19990	37	19990	0
PflaKGBHm	OZ251426.1	1380001	1410000	0.0005984114895005	18382	11	18382	0
PflaHELEm	OZ251426.1	1380001	1410000	0.001033619845501	18382	19	18382	0
PflaKGBDf	OZ251426.1	1380001	1410000	0.0013056250680013	18382	24	18382	0
PflaHELAf	OZ251426.1	1380001	1410000	0.0015776302905015	18382	29	18382	0
PflaKGBHm	OZ251426.1	1410001	1440000	0.0002345949327494	12788	3	12788	0
PflaHELEm	OZ251426.1	1410001	1440000	0.0007037847982483	12788	9	12788	0
PflaKGBDf	OZ251426.1	1410001	1440000	0.0010947763528307	12788	14	12788	0
PflaHELAf	OZ251426.1	1410001	1440000	0.0012511729746637	12788	16	12788	0
PflaKGBHm	OZ251426.1	1440001	1470000	0.0001824040858515	16447	3	16447	0
PflaHELEm	OZ251426.1	1440001	1470000	0.0010944245151091	16447	18	16447	0
PflaKGBDf	OZ251426.1	1440001	1470000	0.0013984313248616	16447	23	16447	0
PflaHELAf	OZ251426.1	1440001	1470000	0.0015200340487626	16447	25	16447	0
PflaHELAf	OZ251426.1	1470001	1500000	0.001598295151838	18770	30	18770	0
PflaKGBDf	OZ251426.1	1470001	1500000	0.0019179541822056	18770	36	18770	0
PflaKGBHm	OZ251426.1	1470001	1500000	0.0014415376401494	18730	27	18730	40
PflaHELEm	OZ251426.1	1470001	1500000	0.0011188066062866	18770	21	18770	0
PflaHELAf	OZ251426.1	1500001	1530000	0.0013350359879266	17228	23	17228	0
PflaKGBDf	OZ251426.1	1500001	1530000	0.0021476665892732	17228	37	17228	0
PflaHELEm	OZ251426.1	1500001	1530000	0.0005804504295333	17228	10	17228	0
PflaKGBHm	OZ251426.1	1500001	1530000	0.0014511260738332	17228	25	17228	0
PflaKGBHm	OZ251426.1	1530001	1560000	0.0025947067981318	21197	55	21197	0
PflaHELEm	OZ251426.1	1530001	1560000	0.0018883066610017	21183	40	21183	14
PflaKGBDf	OZ251426.1	1530001	1560000	0.0026418832853705	21197	56	21197	0
PflaHELAf	OZ251426.1	1530001	1560000	0.0025003538236542	21197	53	21197	0
PflaKGBHm	OZ251426.1	1560001	1590000	0.003147268408551	16840	53	16840	0
PflaHELEm	OZ251426.1	1560001	1590000	0.0014845605700712	16840	25	16840	0
PflaKGBDf	OZ251426.1	1560001	1590000	0.0025534441805225	16840	43	16840	0
PflaHELAf	OZ251426.1	1560001	1590000	0.0022565320665083	16840	38	16840	0
PflaKGBHm	OZ251426.1	1590001	1620000	0.0038738738738738	11100	43	11100	0
PflaKGBDf	OZ251426.1	1590001	1620000	0.0039639639639639	11100	44	11100	0
PflaHELEm	OZ251426.1	1590001	1620000	0.0045045045045045	11100	50	11100	0
PflaHELAf	OZ251426.1	1590001	1620000	0.0048648648648648	11100	54	11100	0
PflaKGBDf	OZ251426.1	1620001	1650000	0.0010521204273227	12356	13	12356	0
PflaHELEm	OZ251426.1	1620001	1650000	0.0016186468112657	12356	20	12356	0
PflaHELAf	OZ251426.1	1620001	1650000	0.0016186468112657	12356	20	12356	0
PflaKGBHm	OZ251426.1	1620001	1650000	0.0013758497895759	12356	17	12356	0
PflaKGBDf	OZ251426.1	1650001	1680000	0.0027050421986582	18484	50	18484	0
PflaKGBHm	OZ251426.1	1650001	1680000	0.0017853278511144	18484	33	18484	0
PflaHELEm	OZ251426.1	1650001	1680000	0.0019055915500626	18367	35	18367	117
PflaHELAf	OZ251426.1	1650001	1680000	0.0043821683618264	18484	81	18484	0
PflaHELAf	OZ251426.1	1680001	1710000	0.0018900843268391	13756	26	13756	0
PflaKGBDf	OZ251426.1	1680001	1710000	0.0008727272727272	13750	12	13750	6
PflaKGBHm	OZ251426.1	1680001	1710000	0.0026897353881942	13756	37	13756	0
PflaHELEm	OZ251426.1	1680001	1710000	0.0027624309392265	13756	38	13756	0
PflaKGBHm	OZ251426.1	1710001	1740000	0.003399367014418	17062	58	17062	0
PflaHELAf	OZ251426.1	1710001	1740000	0.0025202203727581	17062	43	17062	0
PflaKGBDf	OZ251426.1	1710001	1740000	0.0025023832221163	16784	42	16784	278
PflaHELEm	OZ251426.1	1710001	1740000	0.0032821474621966	17062	56	17062	0
PflaHELAf	OZ251426.1	1740001	1770000	0.0007369196757553	9499	7	9499	0
PflaKGBDf	OZ251426.1	1740001	1770000	0.0003158227181808	9499	3	9499	0
PflaHELEm	OZ251426.1	1740001	1770000	0.0037898726181703	9499	36	9499	0
PflaKGBHm	OZ251426.1	1740001	1770000	0.0007369196757553	9499	7	9499	0
PflaKGBHm	OZ251426.1	1770001	1800000	0.0013493759136399	17786	24	17786	1
PflaHELEm	OZ251426.1	1770001	1800000	0.0046101085062124	17787	82	17787	0
PflaHELAf	OZ251426.1	1770001	1800000	0.0007870916961826	17787	14	17787	0
PflaKGBDf	OZ251426.1	1770001	1800000	0.0003936786457454	17781	7	17781	6
PflaHELAf	OZ251426.1	1800001	1830000	0.0013151787095775	12926	17	12926	0
PflaHELEm	OZ251426.1	1800001	1830000	0.003713445768219	12926	48	12926	0
PflaKGBDf	OZ251426.1	1800001	1830000	0.0033266285006962	12926	43	12926	0
PflaKGBHm	OZ251426.1	1800001	1830000	0.0034039919542008	12926	44	12926	0
PflaHELAf	OZ251426.1	1830001	1860000	0.0025346652750857	13414	34	13414	0
PflaKGBDf	OZ251426.1	1830001	1860000	0.0027583122111227	13414	37	13414	0
PflaHELEm	OZ251426.1	1830001	1860000	0.0046220366780975	13414	62	13414	0
PflaKGBHm	OZ251426.1	1830001	1860000	0.0031310571045176	13414	42	13414	0
PflaKGBDf	OZ251426.1	1860001	1890000	0.0045402264059567	16519	75	16519	0
PflaKGBHm	OZ251426.1	1860001	1890000	0.0040559355893213	16519	67	16519	0
PflaHELAf	OZ251426.1	1860001	1890000	0.0037694552529182	16448	62	16448	71
PflaHELEm	OZ251426.1	1860001	1890000	0.0041770082934802	16519	69	16519	0
PflaHELAf	OZ251426.1	1890001	1920000	0.0011470281543274	19180	22	19180	0
PflaKGBDf	OZ251426.1	1890001	1920000	0.0022940563086548	19180	44	19180	0
PflaHELEm	OZ251426.1	1890001	1920000	0.0027632950990615	19180	53	19180	0
PflaKGBHm	OZ251426.1	1890001	1920000	0.0019812304483837	19180	38	19180	0
PflaKGBHm	OZ251426.1	1920001	1950000	0.0065543071161048	12816	84	12816	0
PflaHELEm	OZ251426.1	1920001	1950000	0.0049937578027465	12816	64	12816	0
PflaKGBDf	OZ251426.1	1920001	1950000	0.0070224719101123	12816	90	12816	0
PflaHELAf	OZ251426.1	1920001	1950000	0.0021067415730337	12816	27	12816	0
PflaHELAf	OZ251426.1	1950001	1980000	0.0014209351106299	14779	21	14779	0
PflaKGBDf	OZ251426.1	1950001	1980000	0.0031125245280465	14779	46	14779	0
PflaHELEm	OZ251426.1	1950001	1980000	0.0039244874484065	14779	58	14779	0
PflaKGBHm	OZ251426.1	1950001	1980000	0.0027742066445632	14779	41	14779	0
PflaHELAf	OZ251426.1	1980001	2010000	0.0031439602868174	18130	57	18130	0
PflaKGBDf	OZ251426.1	1980001	2010000	0.0029784886927744	18130	54	18130	0
PflaHELEm	OZ251426.1	1980001	2010000	0.0039713182570325	18130	72	18130	0
PflaKGBHm	OZ251426.1	1980001	2010000	0.0049641478212906	18130	90	18130	0
PflaHELEm	OZ251426.1	2010001	2040000	0.0051314575645756	17344	89	17344	0
PflaKGBHm	OZ251426.1	2010001	2040000	0.0029981549815498	17344	52	17344	0
PflaKGBDf	OZ251426.1	2010001	2040000	0.0008078476630121	17330	14	17330	14
PflaHELAf	OZ251426.1	2010001	2040000	0.0033440959409594	17344	58	17344	0
PflaKGBHm	OZ251426.1	2040001	2070000	0.0067637877211238	17298	117	17298	0
PflaHELEm	OZ251426.1	2040001	2070000	0.0031795583304428	17298	55	17298	0
PflaKGBDf	OZ251426.1	2040001	2070000	0.0046826222684703	17298	81	17298	0
PflaHELAf	OZ251426.1	2040001	2070000	0.0056075846918718	17298	97	17298	0
PflaHELEm	OZ251426.1	2070001	2100000	0.006014866935255	17623	106	17623	0
PflaHELAf	OZ251426.1	2070001	2100000	0.0055041706860352	17623	97	17623	0
PflaKGBDf	OZ251426.1	2070001	2100000	0.0045395222152868	17623	80	17623	0
PflaKGBHm	OZ251426.1	2070001	2100000	0.0044260341599046	17623	78	17623	0
PflaKGBHm	OZ251426.1	2100001	2130000	0.0018154998297968	17626	32	17626	0
PflaHELEm	OZ251426.1	2100001	2130000	0.001872234199478	17626	33	17626	0
PflaKGBDf	OZ251426.1	2100001	2130000	0.0051060932713037	17626	90	17626	0
PflaHELAf	OZ251426.1	2100001	2130000	0.0041983433564053	17626	74	17626	0
PflaHELAf	OZ251426.1	2130001	2160000	0.0085648772592392	14828	127	14828	0
PflaKGBDf	OZ251426.1	2130001	2160000	0.0070811977340167	14828	105	14828	0
PflaHELEm	OZ251426.1	2130001	2160000	0.0077555975182087	14828	115	14828	0
PflaKGBHm	OZ251426.1	2130001	2160000	0.0086997572160776	14828	129	14828	0
PflaHELAf	OZ251426.1	2160001	2190000	0.0044639535748828	13441	60	13441	0
PflaKGBDf	OZ251426.1	2160001	2190000	0.0006695930362324	13441	9	13441	0
PflaHELEm	OZ251426.1	2160001	2190000	0.0035711628599062	13441	48	13441	0
PflaKGBHm	OZ251426.1	2160001	2190000	0.0026783721449296	13441	36	13441	0
PflaHELAf	OZ251426.1	2190001	2220000	0.0051580094442426	13765	71	13765	0
PflaKGBDf	OZ251426.1	2190001	2220000	0.0016709044678532	13765	23	13765	0
PflaHELEm	OZ251426.1	2190001	2220000	0.0054486015256084	13765	75	13765	0
PflaKGBHm	OZ251426.1	2190001	2220000	0.0054486015256084	13765	75	13765	0
PflaKGBHm	OZ251426.1	2220001	2250000	0.0030523444603195	15398	47	15398	0
PflaHELEm	OZ251426.1	2220001	2250000	0.0044343006194978	15335	68	15335	63
PflaKGBDf	OZ251426.1	2220001	2250000	0.0017537022603273	15396	27	15396	2
PflaHELAf	OZ251426.1	2220001	2250000	0.004156383945967	15398	64	15398	0
PflaHELAf	OZ251426.1	2250001	2280000	0.0064953894333932	17243	112	17243	0
PflaKGBDf	OZ251426.1	2250001	2280000	0.0054514875601693	17243	94	17243	0
PflaHELEm	OZ251426.1	2250001	2280000	0.0082932204372788	17243	143	17243	0
PflaKGBHm	OZ251426.1	2250001	2280000	0.0052195093661195	17243	90	17243	0
PflaHELEm	OZ251426.1	2280001	2310000	0.004208915247752	15681	66	15681	1
PflaKGBHm	OZ251426.1	2280001	2310000	0.0035072057135569	15682	55	15682	0
PflaHELAf	OZ251426.1	2280001	2310000	0.0036985078433873	15682	58	15682	0
PflaKGBDf	OZ251426.1	2280001	2310000	0.003398961072276	15593	53	15593	89
PflaHELAf	OZ251426.1	2310001	2340000	0.0040650406504065	12792	52	12792	0
PflaKGBDf	OZ251426.1	2310001	2340000	0.0046904315196998	12792	60	12792	0
PflaHELEm	OZ251426.1	2310001	2340000	0.0032833020637898	12792	42	12792	0
PflaKGBHm	OZ251426.1	2310001	2340000	0.0021888680425265	12792	28	12792	0
PflaKGBHm	OZ251426.1	2340001	2370000	0.0048500089814981	16701	81	16701	0
PflaHELAf	OZ251426.1	2340001	2370000	0.0055086521765163	16701	92	16701	0
PflaKGBDf	OZ251426.1	2340001	2370000	0.0047302556733129	16701	79	16701	0
PflaHELEm	OZ251426.1	2340001	2370000	0.0064666786419974	16701	108	16701	0
PflaKGBHm	OZ251426.1	2370001	2400000	0.0037856146642757	20076	76	20076	0
PflaHELEm	OZ251426.1	2370001	2400000	0.0042339111376768	20076	85	20076	0
PflaHELAf	OZ251426.1	2370001	2400000	0.0028392109982068	20076	57	20076	0
PflaKGBDf	OZ251426.1	2370001	2400000	0.0033373181908746	20076	67	20076	0
PflaHELAf	OZ251426.1	2400001	2430000	0.0020559786925844	21401	44	21401	0
PflaKGBDf	OZ251426.1	2400001	2430000	0.0023830662118592	21401	51	21401	0
PflaHELEm	OZ251426.1	2400001	2430000	0.0026167001541984	21401	56	21401	0
PflaKGBHm	OZ251426.1	2400001	2430000	0.0021027054810522	21401	45	21401	0
PflaHELAf	OZ251426.1	2430001	2460000	0.0057614635305298	16836	97	16836	0
PflaKGBDf	OZ251426.1	2430001	2460000	0.0057020669992872	16836	96	16836	0
PflaHELEm	OZ251426.1	2430001	2460000	0.0072463768115942	16836	122	16836	0
PflaKGBHm	OZ251426.1	2430001	2460000	0.000831551437396	16836	14	16836	0
PflaKGBDf	OZ251426.1	2460001	2490000	0.002442996742671	15964	39	15964	1
PflaHELEm	OZ251426.1	2460001	2490000	0.0050735984967115	15965	81	15965	0
PflaKGBHm	OZ251426.1	2460001	2490000	0.0017538365173817	15965	28	15965	0
PflaHELAf	OZ251426.1	2460001	2490000	0.0040087691825869	15965	64	15965	0
PflaHELAf	OZ251426.1	2490001	2520000	0.003844970778222	13004	50	13004	12
PflaKGBDf	OZ251426.1	2490001	2520000	0.0030842778934381	12969	40	12969	47
PflaHELEm	OZ251426.1	2490001	2520000	0.0062231100184388	13016	81	13016	0
PflaKGBHm	OZ251426.1	2490001	2520000	0.0034572833435771	13016	45	13016	0
PflaHELEm	OZ251426.1	2520001	2550000	0.0057185364266121	21509	123	21509	0
PflaKGBHm	OZ251426.1	2520001	2550000	0.0046957087730717	21509	101	21509	0
PflaHELAf	OZ251426.1	2520001	2550000	0.0047422009391417	21509	102	21509	0
PflaKGBDf	OZ251426.1	2520001	2550000	0.0047426419305342	21507	102	21507	2
PflaHELAf	OZ251426.1	2550001	2580000	0.0040595399188092	16258	66	16258	0
PflaKGBHm	OZ251426.1	2550001	2580000	0.0041825562799852	16258	68	16258	0
PflaHELEm	OZ251426.1	2550001	2580000	0.0052281953499815	16258	85	16258	0
PflaKGBDf	OZ251426.1	2550001	2580000	0.0031984253905769	16258	52	16258	0
PflaKGBDf	OZ251426.1	2580001	2610000	0.000604370060437	21510	13	21510	11
PflaHELEm	OZ251426.1	2580001	2610000	0.0037172993819989	21521	80	21521	0
PflaKGBHm	OZ251426.1	2580001	2610000	0.0013010547836996	21521	28	21521	0
PflaHELAf	OZ251426.1	2580001	2610000	0.003531434412899	21521	76	21521	0
PflaHELAf	OZ251426.1	2610001	2640000	0.0041659434126019	17283	72	17283	0
PflaKGBDf	OZ251426.1	2610001	2640000	0.0006364635769253	17283	11	17283	0
PflaHELEm	OZ251426.1	2610001	2640000	0.004339524388127	17283	75	17283	0
PflaKGBHm	OZ251426.1	2610001	2640000	0.004397384713302	17283	76	17283	0
PflaHELAf	OZ251426.1	2640001	2670000	0.0042490118577075	20240	86	20240	0
PflaKGBHm	OZ251426.1	2640001	2670000	0.004199604743083	20240	85	20240	0
PflaHELEm	OZ251426.1	2640001	2670000	0.0056818181818181	20240	115	20240	0
PflaKGBDf	OZ251426.1	2640001	2670000	0.0023716586787884	20239	48	20239	1
PflaHELAf	OZ251426.1	2670001	2700000	0.0037201961557973	17741	66	17741	0
PflaKGBHm	OZ251426.1	2670001	2700000	0.0014091652105292	17741	25	17741	0
PflaKGBDf	OZ251426.1	2670001	2700000	0.0011273321684234	17741	20	17741	0
PflaHELEm	OZ251426.1	2670001	2700000	0.0043965954568513	17741	78	17741	0
PflaKGBHm	OZ251426.1	2700001	2730000	0.0036359747620575	18702	68	18702	0
PflaHELEm	OZ251426.1	2700001	2730000	0.00465190888675	18702	87	18702	0
PflaHELAf	OZ251426.1	2700001	2730000	0.0037963854133247	18702	71	18702	0
PflaKGBDf	OZ251426.1	2700001	2730000	0.0001604106512672	18702	3	18702	0
PflaHELEm	OZ251426.1	2730001	2760000	0.0057917363267255	16748	97	16748	0
PflaKGBHm	OZ251426.1	2730001	2760000	0.0044184380224504	16748	74	16748	0
PflaKGBDf	OZ251426.1	2730001	2760000	0.002868240215118	16735	48	16735	13
PflaHELAf	OZ251426.1	2730001	2760000	0.005259068905755	16733	88	16733	15
PflaKGBHm	OZ251426.1	2760001	2790000	0.0058852378616969	16312	96	16312	0
PflaHELEm	OZ251426.1	2760001	2790000	0.0055787150564001	16312	91	16312	0
PflaKGBDf	OZ251426.1	2760001	2790000	0.0031265326140264	16312	51	16312	0
PflaHELAf	OZ251426.1	2760001	2790000	0.0036782736635605	16312	60	16312	0
PflaKGBHm	OZ251426.1	2790001	2820000	0.0009781744818732	16357	16	16357	0
PflaHELEm	OZ251426.1	2790001	2820000	0.0025677080149171	16357	42	16357	0
PflaKGBDf	OZ251426.1	2790001	2820000	0.0036076800782683	16354	59	16354	3
PflaHELAf	OZ251426.1	2790001	2820000	0.0030567952558537	16357	50	16357	0
PflaHELEm	OZ251426.1	2820001	2850000	0.0082181308530292	15697	129	15697	0
PflaKGBHm	OZ251426.1	2820001	2850000	0.0019748996623558	15697	31	15697	0
PflaHELAf	OZ251426.1	2820001	2850000	0.0024845511881251	15697	39	15697	0
PflaKGBDf	OZ251426.1	2820001	2850000	0.0029304962731732	15697	46	15697	0
PflaKGBHm	OZ251426.1	2850001	2880000	0.0050227593784335	19113	96	19113	0
PflaHELEm	OZ251426.1	2850001	2880000	0.0089991105530267	19113	172	19113	0
PflaKGBDf	OZ251426.1	2850001	2880000	0.0065400512740019	19113	125	19113	0
PflaHELAf	OZ251426.1	2850001	2880000	0.006697012504578	19113	128	19113	0
PflaKGBDf	OZ251426.1	2880001	2910000	0.0046533514587472	19126	89	19126	0
PflaHELEm	OZ251426.1	2880001	2910000	0.0075290180905573	19126	144	19126	0
PflaHELAf	OZ251426.1	2880001	2910000	0.0024051030011502	19126	46	19126	0
PflaKGBHm	OZ251426.1	2880001	2910000	0.0052807696329603	19126	101	19126	0
PflaKGBHm	OZ251426.1	2910001	2940000	0.0043617703656189	15590	68	15590	0
PflaHELAf	OZ251426.1	2910001	2940000	0.0042257183721232	15382	65	15382	208
PflaKGBDf	OZ251426.1	2910001	2940000	0.004939063502245	15590	77	15590	0
PflaHELEm	OZ251426.1	2910001	2940000	0.0089801154586273	15590	140	15590	0
PflaKGBDf	OZ251426.1	2940001	2970000	0.0021859860569537	16926	37	16926	0
PflaHELEm	OZ251426.1	2940001	2970000	0.0047855370436015	16926	81	16926	0
PflaKGBHm	OZ251426.1	2940001	2970000	0.0054945054945054	16926	93	16926	0
PflaHELAf	OZ251426.1	2940001	2970000	0.0058489897199574	16926	99	16926	0
PflaHELAf	OZ251426.1	2970001	3000000	0.0051677651288196	13352	69	13352	0
PflaHELEm	OZ251426.1	2970001	3000000	0.0025464349910125	13352	34	13352	0
PflaKGBHm	OZ251426.1	2970001	3000000	0.0045686039544637	13352	61	13352	0
PflaKGBDf	OZ251426.1	2970001	3000000	0.0041941282204913	13352	56	13352	0
PflaHELEm	OZ251426.1	3000001	3030000	0.0063639172072907	16185	103	16185	0
PflaKGBHm	OZ251426.1	3000001	3030000	0.0035837864557587	16184	58	16184	1
PflaHELAf	OZ251426.1	3000001	3030000	0.0054371331479765	16185	88	16185	0
PflaKGBDf	OZ251426.1	3000001	3030000	0.0038497361067991	16105	62	16105	80
PflaHELAf	OZ251426.1	3030001	3060000	0.0094667087409277	9507	90	9507	0
PflaKGBDf	OZ251426.1	3030001	3060000	0.0022088987062164	9507	21	9507	0
PflaKGBHm	OZ251426.1	3030001	3060000	0.008099295256127	9507	77	9507	0
PflaHELEm	OZ251426.1	3030001	3060000	0.0078889239507731	9507	75	9507	0
PflaHELAf	OZ251426.1	3060001	3090000	0.0017022390991226	15274	26	15274	0
PflaKGBDf	OZ251426.1	3060001	3090000	0.0026843001178473	15274	41	15274	0
PflaHELEm	OZ251426.1	3060001	3090000	0.0051721880319497	15274	79	15274	0
PflaKGBHm	OZ251426.1	3060001	3090000	0.0045829514207149	15274	70	15274	0
PflaHELAf	OZ251426.1	3090001	3120000	0.003396329772665	18255	62	18255	0
PflaKGBDf	OZ251426.1	3090001	3120000	0.006628321007943	18255	121	18255	0
PflaHELEm	OZ251426.1	3090001	3120000	0.0079978088195015	18255	146	18255	0
PflaKGBHm	OZ251426.1	3090001	3120000	0.0032334082314901	18247	59	18247	8
PflaKGBHm	OZ251426.1	3120001	3150000	0.0058433969614335	20536	120	20536	0
PflaHELEm	OZ251426.1	3120001	3150000	0.0079372808726139	20536	163	20536	0
PflaKGBDf	OZ251426.1	3120001	3150000	0.0050155823918971	20536	103	20536	0
PflaHELAf	OZ251426.1	3120001	3150000	0.0061984479476792	20489	127	20489	47
PflaHELAf	OZ251426.1	3150001	3180000	0.0057260946312481	23227	133	23227	0
PflaKGBDf	OZ251426.1	3150001	3180000	0.003751617076326	23190	87	23190	37
PflaHELEm	OZ251426.1	3150001	3180000	0.0073190683256554	23227	170	23227	0
PflaKGBHm	OZ251426.1	3150001	3180000	0.0061996814052611	23227	144	23227	0
PflaHELAf	OZ251426.1	3180001	3210000	0.0021429795988342	23332	50	23332	0
PflaKGBDf	OZ251426.1	3180001	3210000	0.0026144351105777	23332	61	23332	0
PflaHELEm	OZ251426.1	3180001	3210000	0.0060003428767358	23332	140	23332	0
PflaKGBHm	OZ251426.1	3180001	3210000	0.0053145894051088	23332	124	23332	0
PflaHELAf	OZ251426.1	3210001	3240000	0.0018257694314032	23004	42	23004	0
PflaKGBDf	OZ251426.1	3210001	3240000	0.0010867675186924	23004	25	23004	0
PflaHELEm	OZ251426.1	3210001	3240000	0.0043470700747696	23004	100	23004	0
PflaKGBHm	OZ251426.1	3210001	3240000	0.0058685446009389	23004	135	23004	0
PflaKGBHm	OZ251426.1	3240001	3270000	0.0026071233337538	23781	62	23781	0
PflaHELEm	OZ251426.1	3240001	3270000	0.0050460451621042	23781	120	23781	0
PflaHELAf	OZ251426.1	3240001	3270000	0.0030276270972625	23781	72	23781	0
PflaKGBDf	OZ251426.1	3240001	3270000	0.0046255413985955	23781	110	23781	0
PflaHELAf	OZ251426.1	3270001	3300000	0.0035697590412647	23531	84	23531	0
PflaKGBDf	OZ251426.1	3270001	3300000	0.0011063359005999	23501	26	23501	30
PflaKGBHm	OZ251426.1	3270001	3300000	0.0037397475670392	23531	88	23531	0
PflaHELEm	OZ251426.1	3270001	3300000	0.0053123671908202	23530	125	23530	1
PflaKGBHm	OZ251426.1	3300001	3330000	0.0022973558734286	23070	53	23070	0
PflaHELEm	OZ251426.1	3300001	3330000	0.0038578240138708	23070	89	23070	0
PflaKGBDf	OZ251426.1	3300001	3330000	0.0026007802340702	23070	60	23070	0
PflaHELAf	OZ251426.1	3300001	3330000	0.0042912873862158	23070	99	23070	0
PflaKGBHm	OZ251426.1	3330001	3360000	0.0015299877600979	22876	35	22876	0
PflaHELAf	OZ251426.1	3330001	3360000	0.0050708165763245	22876	116	22876	0
PflaHELEm	OZ251426.1	3330001	3360000	0.0064259485924112	22876	147	22876	0
PflaKGBDf	OZ251426.1	3330001	3360000	0.0006557090400419	22876	15	22876	0
PflaKGBHm	OZ251426.1	3360001	3390000	0.0051303268514687	24170	124	24170	0
PflaHELEm	OZ251426.1	3360001	3390000	0.0064542821679768	24170	156	24170	0
PflaKGBDf	OZ251426.1	3360001	3390000	0.0044269755895738	24170	107	24170	0
PflaHELAf	OZ251426.1	3360001	3390000	0.0038063715349606	24170	92	24170	0
PflaKGBDf	OZ251426.1	3390001	3420000	0.0040609600292024	21916	89	21916	0
PflaHELEm	OZ251426.1	3390001	3420000	0.0064792845409746	21916	142	21916	0
PflaKGBHm	OZ251426.1	3390001	3420000	0.0020989231611607	21916	46	21916	0
PflaHELAf	OZ251426.1	3390001	3420000	0.0053841941960211	21916	118	21916	0
PflaHELAf	OZ251426.1	3420001	3450000	0.0048939641109298	20842	102	20842	2
PflaKGBDf	OZ251426.1	3420001	3450000	0.0058092083153295	20829	121	20829	15
PflaHELEm	OZ251426.1	3420001	3450000	0.0062847821915179	20844	131	20844	0
PflaKGBHm	OZ251426.1	3420001	3450000	0.0037420840529648	20844	78	20844	0
PflaKGBDf	OZ251426.1	3450001	3480000	0.0048340892814514	16756	81	16756	0
PflaHELEm	OZ251426.1	3450001	3480000	0.0033420864168059	16756	56	16756	0
PflaKGBHm	OZ251426.1	3450001	3480000	0.0053115301981379	16756	89	16756	0
PflaHELAf	OZ251426.1	3450001	3480000	0.0024089129780186	16605	40	16605	151
PflaHELAf	OZ251426.1	3480001	3510000	0.0076961159368108	22219	171	22219	0
PflaKGBDf	OZ251426.1	3480001	3510000	0.0038705612313785	22219	86	22219	0
PflaKGBHm	OZ251426.1	3480001	3510000	0.0050857374319276	22219	113	22219	0
PflaHELEm	OZ251426.1	3480001	3510000	0.0081911877222197	22219	182	22219	0
PflaKGBHm	OZ251426.1	3510001	3540000	0.0050377833753148	11116	56	11116	0
PflaHELEm	OZ251426.1	3510001	3540000	0.0069269521410579	11116	77	11116	0
PflaKGBDf	OZ251426.1	3510001	3540000	0.0062072688017272	11116	69	11116	0
PflaHELAf	OZ251426.1	3510001	3540000	0.0032385750269881	11116	36	11116	0
PflaKGBHm	OZ251426.1	3540001	3570000	0.0061582872263651	20785	128	20785	0
PflaHELAf	OZ251426.1	3540001	3570000	0.002020687996151	20785	42	20785	0
PflaKGBDf	OZ251426.1	3540001	3570000	0.0067837382727928	20785	141	20785	0
PflaHELEm	OZ251426.1	3540001	3570000	0.0071205196054847	20785	148	20785	0
PflaHELEm	OZ251426.1	3570001	3600000	0.0060454724668156	22827	138	22827	0
PflaKGBHm	OZ251426.1	3570001	3600000	0.0015770797739518	22827	36	22827	0
PflaHELAf	OZ251426.1	3570001	3600000	0.0031103517764051	22827	71	22827	0
PflaKGBDf	OZ251426.1	3570001	3600000	0.0039426994348797	22827	90	22827	0
PflaHELAf	OZ251426.1	3600001	3630000	0.0048924193802935	19009	93	19009	0
PflaKGBDf	OZ251426.1	3600001	3630000	0.0052606660003156	19009	100	19009	0
PflaHELEm	OZ251426.1	3600001	3630000	0.0059971592403598	19009	114	19009	0
PflaKGBHm	OZ251426.1	3600001	3630000	0.0046293860802777	19009	88	19009	0
PflaHELAf	OZ251426.1	3630001	3660000	0.0069971156927678	18722	131	18722	0
PflaKGBDf	OZ251426.1	3630001	3660000	0.0071039418865505	18722	133	18722	0
PflaHELEm	OZ251426.1	3630001	3660000	0.0097211836342271	18722	182	18722	0
PflaKGBHm	OZ251426.1	3630001	3660000	0.0066766371114197	18722	125	18722	0
PflaHELAf	OZ251426.1	3660001	3690000	0.0032799536947713	20732	68	20732	0
PflaKGBDf	OZ251426.1	3660001	3690000	0.0011093961026432	20732	23	20732	0
PflaHELEm	OZ251426.1	3660001	3690000	0.004437584410573	20732	92	20732	0
PflaKGBHm	OZ251426.1	3660001	3690000	0.0046305228632066	20732	96	20732	0
PflaKGBHm	OZ251426.1	3690001	3720000	0.0038950500405734	18485	72	18485	0
PflaHELEm	OZ251426.1	3690001	3720000	0.0057884771436299	18485	107	18485	0
PflaHELAf	OZ251426.1	3690001	3720000	0.0042737354611847	18485	79	18485	0
PflaKGBDf	OZ251426.1	3690001	3720000	0.0048147146334866	18485	89	18485	0
PflaHELEm	OZ251426.1	3720001	3750000	0.0067682674156268	21719	147	21719	0
PflaKGBHm	OZ251426.1	3720001	3750000	0.007597034854275	21719	165	21719	0
PflaHELAf	OZ251426.1	3720001	3750000	0.0073282020555837	21697	159	21697	22
PflaKGBDf	OZ251426.1	3720001	3750000	0.0060315852479395	21719	131	21719	0
PflaHELEm	OZ251426.1	3750001	3780000	0.0040356960154606	17593	71	17593	0
PflaKGBDf	OZ251426.1	3750001	3780000	0.0026146762917069	17593	46	17593	0
PflaHELAf	OZ251426.1	3750001	3780000	0.00380833285966	17593	67	17593	0
PflaKGBHm	OZ251426.1	3750001	3780000	0.0030694026033081	17593	54	17593	0
PflaKGBHm	OZ251426.1	3780001	3810000	0.0023369565217391	18400	43	18400	0
PflaHELEm	OZ251426.1	3780001	3810000	0.0039673913043478	18400	73	18400	0
PflaKGBDf	OZ251426.1	3780001	3810000	0.0028260869565217	18400	52	18400	0
PflaHELAf	OZ251426.1	3780001	3810000	0.0027173913043478	18400	50	18400	0
PflaHELEm	OZ251426.1	3810001	3840000	0.0093641359201525	17834	167	17834	47
PflaKGBDf	OZ251426.1	3810001	3840000	0.0063195570717521	17881	113	17881	0
PflaHELAf	OZ251426.1	3810001	3840000	0.0048095744085901	17881	86	17881	0
PflaKGBHm	OZ251426.1	3810001	3840000	0.007270286896706	17881	130	17881	0
PflaHELEm	OZ251426.1	3840001	3870000	0.0041275263307714	14052	58	14052	0
PflaKGBHm	OZ251426.1	3840001	3870000	0.0059158945117605	14030	83	14030	22
PflaHELAf	OZ251426.1	3840001	3870000	0.0049103330486763	14052	69	14052	0
PflaKGBDf	OZ251426.1	3840001	3870000	0.005906632507828	14052	83	14052	0
PflaHELEm	OZ251426.1	3870001	3900000	0.0063319475535657	15635	99	15635	0
PflaKGBHm	OZ251426.1	3870001	3900000	0.0035858359480053	15617	56	15617	18
PflaKGBDf	OZ251426.1	3870001	3900000	0.004349216501439	15635	68	15635	0
PflaHELAf	OZ251426.1	3870001	3900000	0.0056923568915893	15635	89	15635	0
PflaHELAf	OZ251426.1	3900001	3930000	0.0075741636860929	14259	108	14259	0
PflaKGBDf	OZ251426.1	3900001	3930000	0.0081409221699768	14249	116	14249	10
PflaKGBHm	OZ251426.1	3900001	3930000	0.0016831474857984	14259	24	14259	0
PflaHELEm	OZ251426.1	3900001	3930000	0.0065923276527105	14259	94	14259	0
PflaHELAf	OZ251426.1	3930001	3960000	0.0070327984144236	15641	110	15641	0
PflaKGBDf	OZ251426.1	3930001	3960000	0.0085032926283485	15641	133	15641	0
PflaHELEm	OZ251426.1	3930001	3960000	0.0101016559043539	15641	158	15641	0
PflaKGBHm	OZ251426.1	3930001	3960000	0.0022377085864075	15641	35	15641	0
PflaHELAf	OZ251426.1	3960001	3990000	0.0049046697982868	14476	71	14476	0
PflaKGBDf	OZ251426.1	3960001	3990000	0.0072533849129593	14476	105	14476	0
PflaHELEm	OZ251426.1	3960001	3990000	0.0092567007460624	14476	134	14476	0
PflaKGBHm	OZ251426.1	3960001	3990000	0.0023487151146725	14476	34	14476	0
PflaKGBHm	OZ251426.1	3990001	4020000	0.010694298221311	18047	193	18047	0
PflaHELEm	OZ251426.1	3990001	4020000	0.01086053083615	18047	196	18047	0
PflaHELAf	OZ251426.1	3990001	4020000	0.0072588241813043	18047	131	18047	0
PflaKGBDf	OZ251426.1	3990001	4020000	0.0099739568903418	18047	180	18047	0
PflaHELAf	OZ251426.1	4020001	4050000	0.0058730927585371	16516	97	16516	0
PflaKGBDf	OZ251426.1	4020001	4050000	0.007386776459191	16516	122	16516	0
PflaHELEm	OZ251426.1	4020001	4050000	0.0078106078953741	16516	129	16516	0
PflaKGBHm	OZ251426.1	4020001	4050000	0.0067813029789295	16516	112	16516	0
PflaHELAf	OZ251426.1	4050001	4080000	0.0029798718092882	17786	53	17786	113
PflaKGBDf	OZ251426.1	4050001	4080000	0.0020762022333202	17821	37	17821	78
PflaHELEm	OZ251426.1	4050001	4080000	0.0068718922844851	17899	123	17899	0
PflaKGBHm	OZ251426.1	4050001	4080000	0.007039499413375	17899	126	17899	0
PflaHELEm	OZ251426.1	4080001	4110000	0.0052491103202846	11240	59	11240	0
PflaKGBHm	OZ251426.1	4080001	4110000	0.0065836298932384	11240	74	11240	0
PflaHELAf	OZ251426.1	4080001	4110000	0.0034697508896797	11240	39	11240	0
PflaKGBDf	OZ251426.1	4080001	4110000	0.0035587188612099	11240	40	11240	0
PflaKGBHm	OZ251426.1	4110001	4140000	0.0043282548476454	5776	25	5776	0
PflaHELEm	OZ251426.1	4110001	4140000	0.0057132963988919	5776	33	5776	0
PflaKGBDf	OZ251426.1	4110001	4140000	0.0041551246537396	5776	24	5776	0
PflaHELAf	OZ251426.1	4110001	4140000	0.0012119113573407	5776	7	5776	0
PflaKGBHm	OZ251426.1	4140001	4170000	0.0033333333333333	900	3	900	0
PflaHELEm	OZ251426.1	4140001	4170000	0.0	900	0	900	0
PflaKGBDf	OZ251426.1	4140001	4170000	0.0011111111111111	900	1	900	0
PflaHELAf	OZ251426.1	4140001	4170000	0.0011111111111111	900	1	900	0
PflaKGBHm	OZ251426.1	4170001	4200000	0.0039286374560916	21636	85	21636	0
PflaKGBDf	OZ251426.1	4170001	4200000	0.0033740062858199	21636	73	21636	0
PflaHELAf	OZ251426.1	4170001	4200000	0.0030504714364947	21636	66	21636	0
PflaHELEm	OZ251426.1	4170001	4200000	0.0052689961175818	21636	114	21636	0
PflaKGBHm	OZ251426.1	4200001	4230000	0.0030715225976305	22790	70	22790	0
PflaHELEm	OZ251426.1	4200001	4230000	0.0049583150504607	22790	113	22790	0
PflaHELAf	OZ251426.1	4200001	4230000	0.0037735849056603	22790	86	22790	0
PflaKGBDf	OZ251426.1	4200001	4230000	0.0035980693286529	22790	82	22790	0
PflaKGBHm	OZ251426.1	4230001	4260000	0.0018894433409234	20641	39	20641	0
PflaHELAf	OZ251426.1	4230001	4260000	0.0027130468485054	20641	56	20641	0
PflaKGBDf	OZ251426.1	4230001	4260000	0.0015987597500121	20641	33	20641	0
PflaHELEm	OZ251426.1	4230001	4260000	0.0055229882273145	20641	114	20641	0
PflaKGBDf	OZ251426.1	4260001	4290000	0.001020011657276	20588	21	20588	0
PflaHELEm	OZ251426.1	4260001	4290000	0.0034971828249465	20588	72	20588	0
PflaKGBHm	OZ251426.1	4260001	4290000	0.0024285991839906	20588	50	20588	0
PflaHELAf	OZ251426.1	4260001	4290000	0.0034971828249465	20588	72	20588	0
PflaKGBHm	OZ251426.1	4290001	4320000	0.000805152979066	26082	21	26082	0
PflaHELEm	OZ251426.1	4290001	4320000	0.0010351966873706	26082	27	26082	0
PflaKGBDf	OZ251426.1	4290001	4320000	3.8340618050762975e-05	26082	1	26082	0
PflaHELAf	OZ251426.1	4290001	4320000	0.0011118779234721	26082	29	26082	0
PflaKGBHm	OZ251426.1	4320001	4350000	0.0021947078553977	24149	53	24149	0
PflaHELEm	OZ251426.1	4320001	4350000	0.0036026336494264	24149	87	24149	0
PflaKGBDf	OZ251426.1	4320001	4350000	0.0005383245683051	24149	13	24149	0
PflaHELAf	OZ251426.1	4320001	4350000	0.0031057186632986	24149	75	24149	0
PflaKGBDf	OZ251426.1	4350001	4380000	0.0003371706565194	20761	7	20761	4
PflaHELEm	OZ251426.1	4350001	4380000	0.0052492174331808	20765	109	20765	0
PflaHELAf	OZ251426.1	4350001	4380000	0.0061160606790272	20765	127	20765	0
PflaKGBHm	OZ251426.1	4350001	4380000	0.0036118468576932	20765	75	20765	0
PflaHELAf	OZ251426.1	4380001	4410000	0.0043298969072164	19400	84	19400	85
PflaKGBDf	OZ251426.1	4380001	4410000	0.0036438285860918	19485	71	19485	0
PflaHELEm	OZ251426.1	4380001	4410000	0.0073903002309468	19485	144	19485	0
PflaKGBHm	OZ251426.1	4380001	4410000	0.0061072619964074	19485	119	19485	0
PflaHELAf	OZ251426.1	4410001	4440000	0.0054920670143126	18026	99	18026	0
PflaKGBHm	OZ251426.1	4410001	4440000	0.0057694441362476	18026	104	18026	0
PflaKGBDf	OZ251426.1	4410001	4440000	0.0042161322534117	18026	76	18026	0
PflaHELEm	OZ251426.1	4410001	4440000	0.0072672805946965	18026	131	18026	0
PflaKGBHm	OZ251426.1	4440001	4470000	0.0046207642993922	24022	111	24022	0
PflaHELEm	OZ251426.1	4440001	4470000	0.0049121638498043	24022	118	24022	0
PflaKGBDf	OZ251426.1	4440001	4470000	0.0046623928065939	24022	112	24022	0
PflaHELAf	OZ251426.1	4440001	4470000	0.0014986262592623	24022	36	24022	0
PflaKGBHm	OZ251426.1	4470001	4500000	0.0076846365929489	17047	131	17047	0
PflaKGBDf	OZ251426.1	4470001	4500000	0.0062181028920044	17047	106	17047	0
PflaHELEm	OZ251426.1	4470001	4500000	0.0032263741420777	17047	55	17047	0
PflaHELAf	OZ251426.1	4470001	4500000	0.0038129876224555	17047	65	17047	0
PflaKGBHm	OZ251426.1	4500001	4530000	0.0076367267814133	17023	130	17023	1
PflaHELAf	OZ251426.1	4500001	4530000	0.0031132518796992	17024	53	17024	0
PflaKGBDf	OZ251426.1	4500001	4530000	0.0066964285714285	17024	114	17024	0
PflaHELEm	OZ251426.1	4500001	4530000	0.0042293233082706	17024	72	17024	0
PflaKGBHm	OZ251426.1	4530001	4560000	0.0058462854698417	14026	82	14026	4
PflaHELEm	OZ251426.1	4530001	4560000	0.0041339985744832	14030	58	14030	0
PflaKGBDf	OZ251426.1	4530001	4560000	0.0050605844618674	14030	71	14030	0
PflaHELAf	OZ251426.1	4530001	4560000	0.0017846944603083	14008	25	14008	22
PflaKGBHm	OZ251426.1	4560001	4590000	0.0035036983482564	17981	63	17981	0
PflaHELEm	OZ251426.1	4560001	4590000	0.0083977531839163	17981	151	17981	0
PflaHELAf	OZ251426.1	4560001	4590000	0.0067849396585284	17981	122	17981	0
PflaKGBDf	OZ251426.1	4560001	4590000	0.005394583171125	17981	97	17981	0
PflaHELAf	OZ251426.1	4590001	4620000	0.0037957066340517	23711	90	23711	0
PflaKGBDf	OZ251426.1	4590001	4620000	0.0009278393994348	23711	22	23711	0
PflaHELEm	OZ251426.1	4590001	4620000	0.0060731306144827	23711	144	23711	0
PflaKGBHm	OZ251426.1	4590001	4620000	0.0044283244063936	23711	105	23711	0
PflaKGBDf	OZ251426.1	4620001	4650000	0.0005982650314089	10029	6	10029	0
PflaHELEm	OZ251426.1	4620001	4650000	0.0087745537939974	10029	88	10029	0
PflaHELAf	OZ251426.1	4620001	4650000	0.0087745537939974	10029	88	10029	0
PflaKGBHm	OZ251426.1	4620001	4650000	0.0093728188254063	10029	94	10029	0
PflaKGBHm	OZ251426.1	4650001	4680000	0.0082567085757177	15987	132	15987	0
PflaHELEm	OZ251426.1	4650001	4680000	0.0066929380121348	15987	107	15987	0
PflaKGBDf	OZ251426.1	4650001	4680000	0.006129980609245	15987	98	15987	0
PflaHELAf	OZ251426.1	4650001	4680000	0.0063553989428643	15892	101	15892	95
PflaHELEm	OZ251426.1	4680001	4710000	0.0089519899646481	17538	157	17538	0
PflaHELAf	OZ251426.1	4680001	4710000	0.007127380545102	17538	125	17538	0
PflaKGBDf	OZ251426.1	4680001	4710000	0.0038202759721747	17538	67	17538	0
PflaKGBHm	OZ251426.1	4680001	4710000	0.0079826662105143	17538	140	17538	0
PflaKGBHm	OZ251426.1	4710001	4740000	0.0072677273620113	15273	111	15273	21
PflaHELEm	OZ251426.1	4710001	4740000	0.0073885183732182	15294	113	15294	0
PflaKGBDf	OZ251426.1	4710001	4740000	0.0063423564796652	15294	97	15294	0
PflaHELAf	OZ251426.1	4710001	4740000	0.002496714848883	15220	38	15220	74
PflaKGBHm	OZ251426.1	4740001	4770000	0.0059225237203118	16547	98	16547	3
PflaHELEm	OZ251426.1	4740001	4770000	0.0054380664652567	16550	90	16550	0
PflaKGBDf	OZ251426.1	4740001	4770000	0.0062235649546827	16550	103	16550	0
PflaHELAf	OZ251426.1	4740001	4770000	0.0061631419939577	16550	102	16550	0
PflaHELAf	OZ251426.1	4770001	4800000	0.0062107740585774	15296	95	15296	0
PflaKGBDf	OZ251426.1	4770001	4800000	0.0060146443514644	15296	92	15296	0
PflaKGBHm	OZ251426.1	4770001	4800000	0.0039225941422594	15296	60	15296	0
PflaHELEm	OZ251426.1	4770001	4800000	0.0094142259414225	15296	144	15296	0
PflaKGBHm	OZ251426.1	4800001	4830000	0.0008054309055344	17382	14	17382	1
PflaHELEm	OZ251426.1	4800001	4830000	0.0057527469366622	17383	100	17383	0
PflaKGBDf	OZ251426.1	4800001	4830000	0.0009204395098659	17383	16	17383	0
PflaHELAf	OZ251426.1	4800001	4830000	0.0062704941609618	17383	109	17383	0
PflaKGBHm	OZ251426.1	4830001	4860000	0.0073738774914214	13697	101	13697	0
PflaHELEm	OZ251426.1	4830001	4860000	0.0096371468204716	13697	132	13697	0
PflaKGBDf	OZ251426.1	4830001	4860000	0.0077547735752432	13669	106	13669	28
PflaHELAf	OZ251426.1	4830001	4860000	0.007008834051252	13697	96	13697	0
PflaHELEm	OZ251426.1	4860001	4890000	0.0099059561128526	7975	79	7975	0
PflaKGBDf	OZ251426.1	4860001	4890000	0.0042633228840125	7975	34	7975	0
PflaHELAf	OZ251426.1	4860001	4890000	0.0068965517241379	7975	55	7975	0
PflaKGBHm	OZ251426.1	4860001	4890000	0.0066466014547278	7974	53	7974	1
PflaKGBHm	OZ251426.1	4890001	4920000	0.0062027128348442	14671	91	14671	0
PflaHELAf	OZ251426.1	4890001	4920000	0.0018403653466021	14671	27	14671	0
PflaKGBDf	OZ251426.1	4890001	4920000	0.0057255810783177	14671	84	14671	0
PflaHELEm	OZ251426.1	4890001	4920000	0.0057255810783177	14671	84	14671	0
PflaKGBHm	OZ251426.1	4920001	4950000	0.0048438117833135	20232	98	20232	0
PflaHELEm	OZ251426.1	4920001	4950000	0.0068703044681692	20232	139	20232	0
PflaKGBDf	OZ251426.1	4920001	4950000	0.0044483985765124	20232	90	20232	0
PflaHELAf	OZ251426.1	4920001	4950000	0.0048932384341637	20232	99	20232	0
PflaKGBHm	OZ251426.1	4950001	4980000	0.0079855262337014	16029	128	16029	5
PflaHELEm	OZ251426.1	4950001	4980000	0.0075464637645004	16034	121	16034	0
PflaKGBDf	OZ251426.1	4950001	4980000	0.0055507047524011	16034	89	16034	0
PflaHELAf	OZ251426.1	4950001	4980000	0.0031807409255332	16034	51	16034	0
PflaKGBHm	OZ251426.1	4980001	5010000	0.0057789313874332	20419	118	20419	0
PflaHELEm	OZ251426.1	4980001	5010000	0.0077868651745922	20419	159	20419	0
PflaHELAf	OZ251426.1	4980001	5010000	0.0047994514912581	20419	98	20419	0
PflaKGBDf	OZ251426.1	4980001	5010000	0.0003428179636612	20419	7	20419	0
PflaHELAf	OZ251426.1	5010001	5040000	0.0063120810295053	20437	129	20437	0
PflaKGBDf	OZ251426.1	5010001	5040000	0.0007828937711014	20437	16	20437	0
PflaHELEm	OZ251426.1	5010001	5040000	0.0076821451289328	20437	157	20437	0
PflaKGBHm	OZ251426.1	5010001	5040000	0.0038657271481698	20436	79	20436	1
PflaKGBHm	OZ251426.1	5040001	5070000	0.0034730992674917	15836	55	15836	0
PflaHELEm	OZ251426.1	5040001	5070000	0.0095352361707501	15836	151	15836	0
PflaHELAf	OZ251426.1	5040001	5070000	0.0063778732003031	15836	101	15836	0
PflaKGBDf	OZ251426.1	5040001	5070000	0.004230866380399	15836	67	15836	0
PflaHELAf	OZ251426.1	5070001	5100000	0.0054525627044711	18340	100	18340	0
PflaKGBDf	OZ251426.1	5070001	5100000	0.0059978189749182	18340	110	18340	0
PflaHELEm	OZ251426.1	5070001	5100000	0.0079611756366214	18339	146	18339	1
PflaKGBHm	OZ251426.1	5070001	5100000	0.0069834688199028	18329	128	18329	11
PflaKGBDf	OZ251426.1	5100001	5130000	0.0044497041420118	21125	94	21125	0
PflaKGBHm	OZ251426.1	5100001	5130000	0.0047810650887573	21125	101	21125	0
PflaHELAf	OZ251426.1	5100001	5130000	0.0040236686390532	21125	85	21125	0
PflaHELEm	OZ251426.1	5100001	5130000	0.005775147928994	21125	122	21125	0
PflaKGBDf	OZ251426.1	5130001	5160000	0.0091179976162097	16780	153	16780	0
PflaKGBHm	OZ251426.1	5130001	5160000	0.0082836710369487	16780	139	16780	0
PflaHELAf	OZ251426.1	5130001	5160000	0.0085220500595947	16780	143	16780	0
PflaHELEm	OZ251426.1	5130001	5160000	0.0094755661501787	16780	159	16780	0
PflaKGBHm	OZ251426.1	5160001	5190000	0.0069357589539511	17590	122	17590	0
PflaHELEm	OZ251426.1	5160001	5190000	0.0108584422967595	17590	191	17590	0
PflaKGBDf	OZ251426.1	5160001	5190000	0.0060261512222853	17590	106	17590	0
PflaHELAf	OZ251426.1	5160001	5190000	0.0080727686185332	17590	142	17590	0
PflaKGBHm	OZ251426.1	5190001	5220000	0.006009758419612	16806	101	16806	0
PflaHELEm	OZ251426.1	5190001	5220000	0.0102344400809234	16806	172	16806	0
PflaKGBDf	OZ251426.1	5190001	5220000	0.0076758300606926	16806	129	16806	0
PflaHELAf	OZ251426.1	5190001	5220000	0.0037573805689747	16767	63	16767	39
PflaKGBDf	OZ251426.1	5220001	5250000	0.0073564309444708	16856	124	16856	0
PflaHELAf	OZ251426.1	5220001	5250000	0.0064665401044138	16856	109	16856	0
PflaKGBHm	OZ251426.1	5220001	5250000	0.0059919316563834	16856	101	16856	0
PflaHELEm	OZ251426.1	5220001	5250000	0.0076530612244897	16856	129	16856	0
PflaKGBDf	OZ251426.1	5250001	5280000	0.0070302630856264	18207	128	18207	12
PflaHELEm	OZ251426.1	5250001	5280000	0.0090075245784588	18207	164	18207	12
PflaKGBHm	OZ251426.1	5250001	5280000	0.0066963060541193	18219	122	18219	0
PflaHELAf	OZ251426.1	5250001	5280000	0.0066963060541193	18219	122	18219	0
PflaHELAf	OZ251426.1	5280001	5310000	0.0052473381221661	19629	103	19629	0
PflaKGBDf	OZ251426.1	5280001	5310000	0.0034642620612359	19629	68	19629	0
PflaHELEm	OZ251426.1	5280001	5310000	0.0067756890315349	19629	133	19629	0
PflaKGBHm	OZ251426.1	5280001	5310000	0.0049416679402924	19629	97	19629	0
PflaHELAf	OZ251426.1	5310001	5340000	0.0027183856971091	19129	52	19129	0
PflaKGBDf	OZ251426.1	5310001	5340000	0.002726510067114	19072	52	19072	57
PflaHELEm	OZ251426.1	5310001	5340000	0.0074232840190287	19129	142	19129	0
PflaKGBHm	OZ251426.1	5310001	5340000	0.0062731977625594	19129	120	19129	0
PflaHELAf	OZ251426.1	5340001	5370000	0.0019358585532683	15497	30	15497	0
PflaKGBHm	OZ251426.1	5340001	5370000	0.0053558753307091	15497	83	15497	0
PflaHELEm	OZ251426.1	5340001	5370000	0.0066464476995547	15497	103	15497	0
PflaKGBDf	OZ251426.1	5340001	5370000	0.0034200167774407	15497	53	15497	0
PflaKGBHm	OZ251426.1	5370001	5400000	0.0032485110990795	1847	6	1847	0
PflaHELEm	OZ251426.1	5370001	5400000	0.0043313481321061	1847	8	1847	0
PflaKGBDf	OZ251426.1	5370001	5400000	0.002165674066053	1847	4	1847	0
PflaHELAf	OZ251426.1	5370001	5400000	0.0027070925825663	1847	5	1847	0
PflaHELAf	OZ251426.1	5400001	5430000	0.0008325094958114	19219	16	19219	0
PflaHELEm	OZ251426.1	5400001	5430000	0.002185337426505	19219	42	19219	0
PflaKGBHm	OZ251426.1	5400001	5430000	0.0022373692699932	19219	43	19219	0
PflaKGBDf	OZ251426.1	5400001	5430000	0.0026536240178989	19219	51	19219	0
PflaHELAf	OZ251426.1	5430001	5460000	0.0029754626232982	24534	73	24534	0
PflaKGBDf	OZ251426.1	5430001	5460000	0.0023233064318904	24534	57	24534	0
PflaHELEm	OZ251426.1	5430001	5460000	0.0026901442895573	24534	66	24534	0
PflaKGBHm	OZ251426.1	5430001	5460000	0.0032607809570392	24534	80	24534	0
PflaHELAf	OZ251426.1	5460001	5490000	0.0023005504888669	24342	56	24342	0
PflaHELEm	OZ251426.1	5460001	5490000	0.0045189384602744	24342	110	24342	0
PflaKGBHm	OZ251426.1	5460001	5490000	0.002464875523786	24342	60	24342	0
PflaKGBDf	OZ251426.1	5460001	5490000	0.0004929751047572	24342	12	24342	0
PflaHELAf	OZ251426.1	5490001	5520000	0.0041683320961571	17513	73	17513	0
PflaKGBDf	OZ251426.1	5490001	5520000	0.0048535373722377	17513	85	17513	0
PflaHELEm	OZ251426.1	5490001	5520000	0.0083366641923142	17513	146	17513	0
PflaKGBHm	OZ251426.1	5490001	5520000	0.0038828298977902	17513	68	17513	0
PflaHELAf	OZ251426.1	5520001	5550000	0.0058233581365253	21637	126	21637	0
PflaKGBDf	OZ251426.1	5520001	5550000	0.0044368442944955	21637	96	21637	0
PflaHELEm	OZ251426.1	5520001	5550000	0.0067530064754856	21620	146	21620	17
PflaKGBHm	OZ251426.1	5520001	5550000	0.0033738503489393	21637	73	21637	0
PflaKGBDf	OZ251426.1	5550001	5580000	0.0046741573033707	22250	104	22250	0
PflaHELAf	OZ251426.1	5550001	5580000	0.002921873595253	22246	65	22246	4
PflaHELEm	OZ251426.1	5550001	5580000	0.008314606741573	22250	185	22250	0
PflaKGBHm	OZ251426.1	5550001	5580000	0.0050786516853932	22250	113	22250	0
PflaKGBDf	OZ251426.1	5580001	5610000	0.0057278994322789	19728	113	19728	0
PflaHELAf	OZ251426.1	5580001	5610000	0.0041058394160583	19728	81	19728	0
PflaHELEm	OZ251426.1	5580001	5610000	0.0067416869424168	19728	133	19728	0
PflaKGBHm	OZ251426.1	5580001	5610000	0.0051703163017031	19728	102	19728	0
PflaHELAf	OZ251426.1	5610001	5640000	0.0058400981136483	17123	100	17123	0
PflaKGBHm	OZ251426.1	5610001	5640000	0.0064825089061496	17123	111	17123	0
PflaHELEm	OZ251426.1	5610001	5640000	0.0075337265666063	17123	129	17123	0
PflaKGBDf	OZ251426.1	5610001	5640000	0.0060153010570577	17123	103	17123	0
PflaKGBHm	OZ251426.1	5640001	5670000	0.0071744282877458	15611	112	15611	0
PflaHELEm	OZ251426.1	5640001	5670000	0.0076228300557299	15611	119	15611	0
PflaKGBDf	OZ251426.1	5640001	5670000	0.0088399205688296	15611	138	15611	0
PflaHELAf	OZ251426.1	5640001	5670000	0.0038035069623517	15512	59	15512	99
PflaKGBHm	OZ251426.1	5670001	5700000	0.0069385350526935	15277	106	15277	0
PflaHELEm	OZ251426.1	5670001	5700000	0.0069385350526935	15277	106	15277	0
PflaHELAf	OZ251426.1	5670001	5700000	0.0038620147934803	15277	59	15277	0
PflaKGBDf	OZ251426.1	5670001	5700000	0.0041238463049027	15277	63	15277	0
PflaHELEm	OZ251426.1	5700001	5730000	0.007758824923004	16884	131	16884	21
PflaKGBHm	OZ251426.1	5700001	5730000	0.0088731144631765	16905	150	16905	0
PflaHELAf	OZ251426.1	5700001	5730000	0.0076313298627543	16904	129	16904	1
PflaKGBDf	OZ251426.1	5700001	5730000	0.0101745045844424	16905	172	16905	0
PflaHELAf	OZ251426.1	5730001	5760000	0.0078659639738849	12713	100	12713	0
PflaKGBDf	OZ251426.1	5730001	5760000	0.0067673906200818	12708	86	12708	5
PflaHELEm	OZ251426.1	5730001	5760000	0.0103044128057893	12713	131	12713	0
PflaKGBHm	OZ251426.1	5730001	5760000	0.0044835994651144	12713	57	12713	0
PflaKGBHm	OZ251426.1	5760001	5790000	0.0071000802617768	16197	115	16197	0
PflaHELEm	OZ251426.1	5760001	5790000	0.0091992344261282	16197	149	16197	0
PflaKGBDf	OZ251426.1	5760001	5790000	0.0038896091868864	16197	63	16197	0
PflaHELAf	OZ251426.1	5760001	5790000	0.0073470395752299	16197	119	16197	0
PflaKGBDf	OZ251426.1	5790001	5820000	0.0034570596797671	16488	57	16488	159
PflaKGBHm	OZ251426.1	5790001	5820000	0.0046855289241304	16647	78	16647	0
PflaHELEm	OZ251426.1	5790001	5820000	0.007749143989908	16647	129	16647	0
PflaHELAf	OZ251426.1	5790001	5820000	0.0036042530185619	16647	60	16647	0
PflaKGBHm	OZ251426.1	5820001	5850000	0.0029570096292364	13189	39	13189	0
PflaKGBDf	OZ251426.1	5820001	5850000	0.0068238683751611	13189	90	13189	0
PflaHELAf	OZ251426.1	5820001	5850000	0.0059140192584729	13189	78	13189	0
PflaHELEm	OZ251426.1	5820001	5850000	0.0079611797710213	13189	105	13189	0
PflaHELAf	OZ251426.1	5850001	5880000	0.0070001707358716	11714	82	11714	0
PflaKGBDf	OZ251426.1	5850001	5880000	0.0091460808616121	11699	107	11699	15
PflaHELEm	OZ251426.1	5850001	5880000	0.0124637186272835	11714	146	11714	0
PflaKGBHm	OZ251426.1	5850001	5880000	0.0056357270941849	11711	66	11711	3
PflaHELAf	OZ251426.1	5880001	5910000	0.0070096942580164	13410	94	13410	0
PflaKGBDf	OZ251426.1	5880001	5910000	0.0066368381804623	13410	89	13410	0
PflaHELEm	OZ251426.1	5880001	5910000	0.0104399701715137	13410	140	13410	0
PflaKGBHm	OZ251426.1	5880001	5910000	0.004253413924334	13401	57	13401	9
PflaHELEm	OZ251426.1	5910001	5940000	0.0110792284393432	12546	139	12546	0
PflaHELAf	OZ251426.1	5910001	5940000	0.0040650406504065	12546	51	12546	0
PflaKGBDf	OZ251426.1	5910001	5940000	0.0023118622448979	12544	29	12544	2
PflaKGBHm	OZ251426.1	5910001	5940000	0.0082894946596524	12546	104	12546	0
PflaHELEm	OZ251426.1	5940001	5970000	0.0093825665859564	16520	155	16520	0
PflaHELAf	OZ251426.1	5940001	5970000	0.0043583535108958	16520	72	16520	0
PflaKGBDf	OZ251426.1	5940001	5970000	0.0034503631961259	16520	57	16520	0
PflaKGBHm	OZ251426.1	5940001	5970000	0.0067796610169491	16520	112	16520	0
PflaHELAf	OZ251426.1	5970001	6000000	0.0007508502274634	22641	17	22641	0
PflaKGBDf	OZ251426.1	5970001	6000000	0.0042842630625855	22641	97	22641	0
PflaHELEm	OZ251426.1	5970001	6000000	0.0056092928757563	22641	127	22641	0
PflaKGBHm	OZ251426.1	5970001	6000000	0.0015017004549269	22641	34	22641	0
PflaHELAf	OZ251426.1	6000001	6030000	0.0053842702390872	15601	84	15601	0
PflaKGBDf	OZ251426.1	6000001	6030000	0.0048073841420421	15601	75	15601	0
PflaHELEm	OZ251426.1	6000001	6030000	0.0076277161720402	15601	119	15601	0
PflaKGBHm	OZ251426.1	6000001	6030000	0.0004486891865906	15601	7	15601	0
PflaHELAf	OZ251426.1	6030001	6060000	0.0062954947865433	15249	96	15249	0
PflaKGBDf	OZ251426.1	6030001	6060000	0.0006557807069316	15249	10	15249	0
PflaHELEm	OZ251426.1	6030001	6060000	0.0088530395435766	15249	135	15249	0
PflaKGBHm	OZ251426.1	6030001	6060000	0.000852514919011	15249	13	15249	0
PflaHELAf	OZ251426.1	6060001	6090000	0.0054134873169725	19396	105	19396	0
PflaKGBDf	OZ251426.1	6060001	6090000	0.0041761187873788	19396	81	19396	0
PflaHELEm	OZ251426.1	6060001	6090000	0.0058259434935038	19396	113	19396	0
PflaKGBHm	OZ251426.1	6060001	6090000	0.0012889255516601	19396	25	19396	0
PflaHELAf	OZ251426.1	6090001	6120000	0.0042058978158007	20923	88	20923	0
PflaKGBDf	OZ251426.1	6090001	6120000	0.0045882521626917	20923	96	20923	0
PflaHELEm	OZ251426.1	6090001	6120000	0.0039669263489939	20923	83	20923	0
PflaKGBHm	OZ251426.1	6090001	6120000	0.0011470630406729	20923	24	20923	0
PflaHELAf	OZ251426.1	6120001	6150000	0.0076661479047783	17349	133	17349	0
PflaHELEm	OZ251426.1	6120001	6150000	0.0045535765750187	17349	79	17349	0
PflaKGBDf	OZ251426.1	6120001	6150000	0.0078967087440198	17349	137	17349	0
PflaKGBHm	OZ251426.1	6120001	6150000	0.0002882010490518	17349	5	17349	0
PflaHELAf	OZ251426.1	6150001	6180000	0.0080880564339576	16444	133	16444	0
PflaKGBDf	OZ251426.1	6150001	6180000	0.0026816187225743	16408	44	16408	36
PflaHELEm	OZ251426.1	6150001	6180000	0.0064461201654098	16444	106	16444	0
PflaKGBHm	OZ251426.1	6150001	6180000	0.0008513743614692	16444	14	16444	0
PflaKGBDf	OZ251426.1	6180001	6210000	0.0030548628428927	16040	49	16040	0
PflaHELAf	OZ251426.1	6180001	6210000	0.0042394014962593	16040	68	16040	0
PflaKGBHm	OZ251426.1	6180001	6210000	0.001309308560384	16039	21	16039	1
PflaHELEm	OZ251426.1	6180001	6210000	0.0039900249376558	16040	64	16040	0
PflaHELEm	OZ251426.1	6210001	6240000	0.0058632382028821	14156	83	14156	0
PflaKGBHm	OZ251426.1	6210001	6240000	0.0003532320734722	14155	5	14155	1
PflaHELAf	OZ251426.1	6210001	6240000	0.0030933026400978	13901	43	13901	255
PflaKGBDf	OZ251426.1	6210001	6240000	0.0007770556654422	14156	11	14156	0
PflaKGBHm	OZ251426.1	6240001	6270000	0.0002253978271649	22183	5	22183	0
PflaHELEm	OZ251426.1	6240001	6270000	0.0036965243655051	22183	82	22183	0
PflaKGBDf	OZ251426.1	6240001	6270000	0.0007663526123608	22183	17	22183	0
PflaHELAf	OZ251426.1	6240001	6270000	0.0012171482666907	22183	27	22183	0
PflaHELAf	OZ251426.1	6270001	6300000	0.0011755485893416	12760	15	12760	0
PflaHELEm	OZ251426.1	6270001	6300000	0.0058777429467084	12760	75	12760	0
PflaKGBDf	OZ251426.1	6270001	6300000	0.0014890282131661	12760	19	12760	0
PflaKGBHm	OZ251426.1	6270001	6300000	0.00141065830721	12760	18	12760	0
PflaHELAf	OZ251426.1	6300001	6330000	0.0005132482196702	15587	8	15587	0
PflaHELEm	OZ251426.1	6300001	6330000	0.0050041701417848	15587	78	15587	0
PflaKGBDf	OZ251426.1	6300001	6330000	0.0007057163020465	15587	11	15587	0
PflaKGBHm	OZ251426.1	6300001	6330000	0.0007698723295053	15587	12	15587	0
PflaHELAf	OZ251426.1	6330001	6360000	0.0018379281537176	17955	33	17955	3
PflaKGBDf	OZ251426.1	6330001	6360000	0.0036754469009299	17957	66	17957	1
PflaHELEm	OZ251426.1	6330001	6360000	0.0060697182314288	17958	109	17958	0
PflaKGBHm	OZ251426.1	6330001	6360000	0.0040093551620447	17958	72	17958	0
PflaHELAf	OZ251426.1	6360001	6390000	0.0051874078217972	19663	102	19663	0
PflaKGBDf	OZ251426.1	6360001	6390000	0.0063571174286731	19663	125	19663	0
PflaKGBHm	OZ251426.1	6360001	6390000	0.0055942633372323	19663	110	19663	0
PflaHELEm	OZ251426.1	6360001	6390000	0.0084422519452779	19663	166	19663	0
PflaKGBDf	OZ251426.1	6390001	6420000	0.0047529632672221	17042	81	17042	0
PflaHELEm	OZ251426.1	6390001	6420000	0.0070414270625513	17042	120	17042	0
PflaKGBHm	OZ251426.1	6390001	6420000	0.0003520713531275	17042	6	17042	0
PflaHELAf	OZ251426.1	6390001	6420000	0.0059852130031686	17042	102	17042	0
PflaKGBHm	OZ251426.1	6420001	6450000	0.002672058929732	13847	37	13847	0
PflaHELEm	OZ251426.1	6420001	6450000	0.0070773452733444	13847	98	13847	0
PflaKGBDf	OZ251426.1	6420001	6450000	0.0032498014010254	13847	45	13847	0
PflaHELAf	OZ251426.1	6420001	6450000	0.0029609301653787	13847	41	13847	0
PflaKGBHm	OZ251426.1	6450001	6480000	0.0049839800640797	14045	70	14045	0
PflaHELEm	OZ251426.1	6450001	6480000	0.0032751868992524	14045	46	14045	0
PflaKGBDf	OZ251426.1	6450001	6480000	0.0034887860448558	14045	49	14045	0
PflaHELAf	OZ251426.1	6450001	6480000	0.0046991812032751	14045	66	14045	0
PflaHELEm	OZ251426.1	6480001	6510000	0.0055478502080443	11536	64	11536	0
PflaKGBDf	OZ251426.1	6480001	6510000	0.0008668515950069	11536	10	11536	0
PflaHELAf	OZ251426.1	6480001	6510000	0.0063280166435506	11536	73	11536	0
PflaKGBHm	OZ251426.1	6480001	6510000	0.0054611650485436	11536	63	11536	0
PflaKGBHm	OZ251426.1	6510001	6540000	0.0002850356294536	21050	6	21050	0
PflaHELEm	OZ251426.1	6510001	6540000	0.0057007125890736	21050	120	21050	0
PflaHELAf	OZ251426.1	6510001	6540000	0.0061757719714964	21050	130	21050	0
PflaKGBDf	OZ251426.1	6510001	6540000	0.0001425178147268	21050	3	21050	0
PflaHELAf	OZ251426.1	6540001	6570000	0.0032873464108644	18556	61	18556	51
PflaKGBDf	OZ251426.1	6540001	6570000	0.001397323587897	18607	26	18607	0
PflaHELEm	OZ251426.1	6540001	6570000	0.0051089002420005	18595	95	18595	12
PflaKGBHm	OZ251426.1	6540001	6570000	0.0005406574394463	18496	10	18496	111
PflaKGBDf	OZ251426.1	6570001	6600000	0.0021410349854227	21952	47	21952	0
PflaKGBHm	OZ251426.1	6570001	6600000	0.0032798833819241	21952	72	21952	0
PflaHELEm	OZ251426.1	6570001	6600000	0.0060131195335276	21952	132	21952	0
PflaHELAf	OZ251426.1	6570001	6600000	0.0059241706161137	21944	130	21944	8
PflaHELAf	OZ251426.1	6600001	6630000	0.0074385676909659	19493	145	19493	0
PflaKGBHm	OZ251426.1	6600001	6630000	0.0028215256758836	19493	55	19493	0
PflaHELEm	OZ251426.1	6600001	6630000	0.0067203611552865	19493	131	19493	0
PflaKGBDf	OZ251426.1	6600001	6630000	0.0075411686246344	19493	147	19493	0
PflaKGBHm	OZ251426.1	6630001	6660000	0.0025018242468466	19186	48	19186	84
PflaHELEm	OZ251426.1	6630001	6660000	0.007265179034769	19270	140	19270	0
PflaKGBDf	OZ251426.1	6630001	6660000	0.0081473793461338	19270	157	19270	0
PflaHELAf	OZ251426.1	6630001	6660000	0.0044628956927867	19270	86	19270	0
PflaKGBHm	OZ251426.1	6660001	6690000	0.0056761870438778	11099	63	11099	56
PflaHELAf	OZ251426.1	6660001	6690000	0.0043926490363065	11155	49	11155	0
PflaKGBDf	OZ251426.1	6660001	6690000	0.0081577767817122	11155	91	11155	0
PflaHELEm	OZ251426.1	6660001	6690000	0.0065441506051098	11155	73	11155	0
PflaHELAf	OZ251426.1	6690001	6720000	0.0117753623188405	7728	91	7728	0
PflaKGBDf	OZ251426.1	6690001	6720000	0.0084109730848861	7728	65	7728	0
PflaKGBHm	OZ251426.1	6690001	6720000	0.0078933747412008	7728	61	7728	0
PflaHELEm	OZ251426.1	6690001	6720000	0.009575569358178	7728	74	7728	0
PflaKGBDf	OZ251426.1	6720001	6750000	0.0097310686482661	5652	55	5652	0
PflaHELAf	OZ251426.1	6720001	6750000	0.0084925690021231	5652	48	5652	0
PflaKGBHm	OZ251426.1	6720001	6750000	0.0093772116065109	5652	53	5652	0
PflaHELEm	OZ251426.1	6720001	6750000	0.0099079971691436	5652	56	5652	0
PflaKGBHm	OZ251426.1	6750001	6780000	0.0103977125032492	11541	120	11541	0
PflaHELEm	OZ251426.1	6750001	6780000	0.0132570834416428	11541	153	11541	0
PflaKGBDf	OZ251426.1	6750001	6780000	0.010484360107443	11541	121	11541	0
PflaHELAf	OZ251426.1	6750001	6780000	0.0077982843774369	11541	90	11541	0
PflaHELAf	OZ251426.1	6780001	6810000	0.0074736505908655	15655	117	15655	0
PflaKGBHm	OZ251426.1	6780001	6810000	0.009262216544235	15655	145	15655	0
PflaHELEm	OZ251426.1	6780001	6810000	0.0098371127435324	15655	154	15655	0
PflaKGBDf	OZ251426.1	6780001	6810000	0.0068348770360907	15655	107	15655	0
PflaKGBHm	OZ251426.1	6810001	6840000	0.0032346951000359	8347	27	8347	0
PflaKGBDf	OZ251426.1	6810001	6840000	0.0049119444111656	8347	41	8347	0
PflaHELAf	OZ251426.1	6810001	6840000	0.0050317479333892	8347	42	8347	0
PflaHELEm	OZ251426.1	6810001	6840000	0.0035941056667066	8347	30	8347	0
PflaKGBHm	OZ251426.1	6840001	6870000	0.0064792998990238	11884	77	11884	0
PflaHELEm	OZ251426.1	6840001	6870000	0.0073207674183776	11884	87	11884	0
PflaKGBDf	OZ251426.1	6840001	6870000	0.0053012453719286	11884	63	11884	0
PflaHELAf	OZ251426.1	6840001	6870000	0.0085829686974082	11884	102	11884	0
PflaKGBHm	OZ251426.1	6870001	6900000	0.0122725349132458	2363	29	2363	0
PflaHELEm	OZ251426.1	6870001	6900000	0.0135421074904782	2363	32	2363	0
PflaHELAf	OZ251426.1	6870001	6900000	0.0122725349132458	2363	29	2363	0
PflaKGBDf	OZ251426.1	6870001	6900000	0.0110029623360135	2363	26	2363	0
PflaKGBHm	OZ251426.1	6900001	6930000	0.0091025458682975	7031	64	7031	0
PflaHELEm	OZ251426.1	6900001	6930000	0.0083914094723367	7031	59	7031	0
PflaKGBDf	OZ251426.1	6900001	6930000	0.0079647276347603	7031	56	7031	0
PflaHELAf	OZ251426.1	6900001	6930000	0.0073958185179917	7031	52	7031	0
PflaKGBDf	OZ251426.1	6930001	6960000	0.0096008084891359	9895	95	9895	0
PflaHELAf	OZ251426.1	6930001	6960000	0.0068721576553815	9895	68	9895	0
PflaKGBHm	OZ251426.1	6930001	6960000	0.0077817079332996	9895	77	9895	0
PflaHELEm	OZ251426.1	6930001	6960000	0.0087923193532086	9895	87	9895	0
PflaHELAf	OZ251426.1	6960001	6990000	0.0058072009291521	6027	35	6027	0
PflaHELEm	OZ251426.1	6960001	6990000	0.0084619213539074	6027	51	6027	0
PflaKGBHm	OZ251426.1	6960001	6990000	0.0076323212211713	6027	46	6027	0
PflaKGBDf	OZ251426.1	6960001	6990000	0.0076323212211713	6027	46	6027	0
PflaHELAf	OZ251426.1	6990001	7020000	0.0086072798921497	9643	83	9643	0
PflaHELEm	OZ251426.1	6990001	7020000	0.0131701752566628	9643	127	9643	0
PflaKGBHm	OZ251426.1	6990001	7020000	0.0127553665871616	9643	123	9643	0
PflaKGBDf	OZ251426.1	6990001	7020000	0.0128590687545369	9643	124	9643	0
PflaHELEm	OZ251426.1	7020001	7050000	0.0098078462770216	9992	98	9992	0
PflaKGBHm	OZ251426.1	7020001	7050000	0.0080064051240992	9992	80	9992	0
PflaHELAf	OZ251426.1	7020001	7050000	0.007906325060048	9992	79	9992	0
PflaKGBDf	OZ251426.1	7020001	7050000	0.0077061649319455	9992	77	9992	0
PflaKGBDf	OZ251426.1	7050001	7080000	0.0051573758058399	13185	68	13185	2
PflaKGBHm	OZ251426.1	7050001	7080000	0.0060665807234397	13187	80	13187	0
PflaHELAf	OZ251426.1	7050001	7080000	0.0025788834951456	13184	34	13184	3
PflaHELEm	OZ251426.1	7050001	7080000	0.0056874194282247	13187	75	13187	0
PflaKGBHm	OZ251426.1	7080001	7110000	0.007644655331488	15174	116	15174	0
PflaHELEm	OZ251426.1	7080001	7110000	0.0102807433768287	15174	156	15174	0
PflaKGBDf	OZ251426.1	7080001	7110000	0.0066561223144853	15174	101	15174	0
PflaHELAf	OZ251426.1	7080001	7110000	0.0078423619348886	15174	119	15174	0
PflaKGBHm	OZ251426.1	7110001	7140000	0.0073926642024452	17585	130	17585	0
PflaHELEm	OZ251426.1	7110001	7140000	0.0081319306226897	17585	143	17585	0
PflaHELAf	OZ251426.1	7110001	7140000	0.0067117911381605	17581	118	17581	4
PflaKGBDf	OZ251426.1	7110001	7140000	0.006823997725334	17585	120	17585	0
PflaKGBDf	OZ251426.1	7140001	7170000	0.0074342809563459	16814	125	16814	0
PflaHELEm	OZ251426.1	7140001	7170000	0.0070774354704412	16814	119	16814	0
PflaKGBHm	OZ251426.1	7140001	7170000	0.0059474247650767	16814	100	16814	0
PflaHELAf	OZ251426.1	7140001	7170000	0.0045200428214583	16814	76	16814	0
PflaKGBHm	OZ251426.1	7170001	7200000	0.0082624835349059	8351	69	8351	0
PflaHELEm	OZ251426.1	7170001	7200000	0.0125733445096395	8351	105	8351	0
PflaHELAf	OZ251426.1	7170001	7200000	0.0018319491939423	8188	15	8188	163
PflaKGBDf	OZ251426.1	7170001	7200000	0.0071847682912226	8351	60	8351	0
PflaKGBHm	OZ251426.1	7200001	7230000	0.0076278226720036	13241	101	13241	120
PflaHELEm	OZ251426.1	7200001	7230000	0.0123493750467779	13361	165	13361	0
PflaKGBDf	OZ251426.1	7200001	7230000	0.0071102462390539	13361	95	13361	0
PflaHELAf	OZ251426.1	7200001	7230000	0.0011975151560511	13361	16	13361	0
PflaKGBHm	OZ251426.1	7230001	7260000	0.0038936232735821	13612	53	13612	88
PflaHELEm	OZ251426.1	7230001	7260000	0.0105109489051094	13700	144	13700	0
PflaKGBDf	OZ251426.1	7230001	7260000	0.0083941605839416	13700	115	13700	0
PflaHELAf	OZ251426.1	7230001	7260000	0.0070802919708029	13700	97	13700	0
PflaKGBDf	OZ251426.1	7260001	7290000	0.0028140829216434	15991	45	15991	0
PflaHELAf	OZ251426.1	7260001	7290000	0.0035019698580451	15991	56	15991	0
PflaKGBHm	OZ251426.1	7260001	7290000	0.0025014070414608	15991	40	15991	0
PflaHELEm	OZ251426.1	7260001	7290000	0.0055670232063551	15987	89	15987	4
PflaHELAf	OZ251426.1	7290001	7320000	0.0047389909594634	13716	65	13716	0
PflaKGBHm	OZ251426.1	7290001	7320000	0.001463807362951	13663	20	13663	53
PflaHELEm	OZ251426.1	7290001	7320000	0.0115657711734133	13661	158	13661	55
PflaKGBDf	OZ251426.1	7290001	7320000	0.0086030912802566	13716	118	13716	0
PflaHELAf	OZ251426.1	7320001	7350000	0.0061047366872609	13596	83	13596	0
PflaKGBDf	OZ251426.1	7320001	7350000	0.0066931450426596	13596	91	13596	0
PflaHELEm	OZ251426.1	7320001	7350000	0.0080170638423065	13596	109	13596	0
PflaKGBHm	OZ251426.1	7320001	7350000	0.004339511621065	13596	59	13596	0
PflaHELAf	OZ251426.1	7350001	7380000	0.0054150387278086	14589	79	14589	0
PflaKGBDf	OZ251426.1	7350001	7380000	0.0062736987245777	14505	91	14505	84
PflaKGBHm	OZ251426.1	7350001	7380000	0.0050810216973358	14564	74	14564	25
PflaHELEm	OZ251426.1	7350001	7380000	0.0082253752827472	14589	120	14589	0
PflaKGBDf	OZ251426.1	7380001	7410000	0.006285785411999	16068	101	16068	0
PflaHELAf	OZ251426.1	7380001	7410000	0.0072815533980582	16068	117	16068	0
PflaHELEm	OZ251426.1	7380001	7410000	0.0079039083893452	16068	127	16068	0
PflaKGBHm	OZ251426.1	7380001	7410000	0.0062235499128703	16068	100	16068	0
PflaKGBHm	OZ251426.1	7410001	7440000	0.0090281465746149	16947	153	16947	0
PflaHELEm	OZ251426.1	7410001	7440000	0.0108573788871186	16947	184	16947	0
PflaKGBDf	OZ251426.1	7410001	7440000	0.0073759367439664	16947	125	16947	0
PflaHELAf	OZ251426.1	7410001	7440000	0.0069637061079964	16945	118	16945	2
PflaKGBHm	OZ251426.1	7440001	7470000	0.0054459938938856	12119	66	12119	0
PflaHELEm	OZ251426.1	7440001	7470000	0.0107269576697747	12119	130	12119	0
PflaKGBDf	OZ251426.1	7440001	7470000	0.0070962950738509	12119	86	12119	0
PflaHELAf	OZ251426.1	7440001	7470000	0.0070143588050833	12118	85	12118	1
PflaHELEm	OZ251426.1	7470001	7500000	0.0122095981007291	17691	216	17691	0
PflaKGBDf	OZ251426.1	7470001	7500000	0.0074614210615567	17691	132	17691	0
PflaHELAf	OZ251426.1	7470001	7500000	0.0080832061500197	17691	143	17691	0
PflaKGBHm	OZ251426.1	7470001	7500000	0.0055960657961675	17691	99	17691	0
PflaHELEm	OZ251426.1	7500001	7530000	0.0121420686968378	15401	187	15401	0
PflaKGBDf	OZ251426.1	7500001	7530000	0.0055191221349263	15401	85	15401	0
PflaHELAf	OZ251426.1	7500001	7530000	0.0075319784429582	15401	116	15401	0
PflaKGBHm	OZ251426.1	7500001	7530000	0.0045781556572923	15290	70	15290	111
PflaKGBHm	OZ251426.1	7530001	7560000	0.0047327799621377	13734	65	13734	24
PflaHELEm	OZ251426.1	7530001	7560000	0.0109754324756505	13758	151	13758	0
PflaKGBDf	OZ251426.1	7530001	7560000	0.0044337839802296	13758	61	13758	0
PflaHELAf	OZ251426.1	7530001	7560000	0.0051606338130542	13758	71	13758	0
PflaKGBHm	OZ251426.1	7560001	7590000	0.0010784901138406	16690	18	16690	0
PflaHELEm	OZ251426.1	7560001	7590000	0.0077291791491911	16690	129	16690	0
PflaKGBDf	OZ251426.1	7560001	7590000	0.0024575915602709	16683	41	16683	7
PflaHELAf	OZ251426.1	7560001	7590000	0.0028160575194727	16690	47	16690	0
PflaKGBDf	OZ251426.1	7590001	7620000	0.0022954924874791	9584	22	9584	0
PflaKGBHm	OZ251426.1	7590001	7620000	0.0011477462437395	9584	11	9584	0
PflaHELEm	OZ251426.1	7590001	7620000	0.0111644407345575	9584	107	9584	0
PflaHELAf	OZ251426.1	7590001	7620000	0.0081683945962928	9549	78	9549	35
PflaKGBHm	OZ251426.1	7620001	7650000	0.0015005835602734	17993	27	17993	41
PflaHELEm	OZ251426.1	7620001	7650000	0.0088721304203171	18034	160	18034	0
PflaKGBDf	OZ251426.1	7620001	7650000	0.0012762887742078	18021	23	18021	13
PflaHELAf	OZ251426.1	7620001	7650000	0.0064322945547299	18034	116	18034	0
PflaKGBDf	OZ251426.1	7650001	7680000	0.002459672806315	17482	43	17482	0
PflaHELEm	OZ251426.1	7650001	7680000	0.0064637913282233	17482	113	17482	0
PflaKGBHm	OZ251426.1	7650001	7680000	0.0061777828623727	17482	108	17482	0
PflaHELAf	OZ251426.1	7650001	7680000	0.0059489760896922	17482	104	17482	0
PflaHELAf	OZ251426.1	7680001	7710000	0.0059369455438788	14654	87	14654	81
PflaKGBDf	OZ251426.1	7680001	7710000	0.0052256532066508	14735	77	14735	0
PflaHELEm	OZ251426.1	7680001	7710000	0.0060400407193756	14735	89	14735	0
PflaKGBHm	OZ251426.1	7680001	7710000	0.0045479228889492	14732	67	14732	3
PflaHELEm	OZ251426.1	7710001	7740000	0.0085966410475377	17565	151	17565	0
PflaKGBHm	OZ251426.1	7710001	7740000	0.0078049336295789	17553	137	17553	12
PflaKGBDf	OZ251426.1	7710001	7740000	0.0074580130942214	17565	131	17565	0
PflaHELAf	OZ251426.1	7710001	7740000	0.0056931397665812	17565	100	17565	0
PflaKGBHm	OZ251426.1	7740001	7770000	0.005672812213231	11987	68	11987	0
PflaHELEm	OZ251426.1	7740001	7770000	0.0085926420288646	11987	103	11987	0
PflaKGBDf	OZ251426.1	7740001	7770000	0.0078418286477016	11987	94	11987	0
PflaHELAf	OZ251426.1	7740001	7770000	0.0052556936681404	11987	63	11987	0
PflaHELEm	OZ251426.1	7770001	7800000	0.0069312709762147	13706	95	13706	0
PflaKGBDf	OZ251426.1	7770001	7800000	0.0047424485626732	13706	65	13706	0
PflaHELAf	OZ251426.1	7770001	7800000	0.0056909382752079	13706	78	13706	0
PflaKGBHm	OZ251426.1	7770001	7800000	0.0060623767438463	13691	83	13691	15
PflaKGBDf	OZ251426.1	7800001	7830000	0.0068911511354737	12770	88	12770	0
PflaHELAf	OZ251426.1	7800001	7830000	0.010415035238841	12770	133	12770	0
PflaKGBHm	OZ251426.1	7800001	7830000	0.0054815974941268	12770	70	12770	0
PflaHELEm	OZ251426.1	7800001	7830000	0.0086922474549725	12770	111	12770	0
PflaKGBHm	OZ251426.1	7830001	7860000	0.0065627563576702	10971	72	10971	0
PflaHELEm	OZ251426.1	7830001	7860000	0.0098441345365053	10971	108	10971	0
PflaKGBDf	OZ251426.1	7830001	7860000	0.0082514370480252	10786	89	10786	185
PflaHELAf	OZ251426.1	7830001	7860000	0.0009307520476545	10744	10	10744	227
PflaKGBHm	OZ251426.1	7860001	7890000	0.0056327450244085	13315	75	13315	0
PflaHELEm	OZ251426.1	7860001	7890000	0.0063837776943297	13315	85	13315	0
PflaKGBDf	OZ251426.1	7860001	7890000	0.0071423201263062	13301	95	13301	14
PflaHELAf	OZ251426.1	7860001	7890000	0.0059362789299669	13308	79	13308	7
PflaKGBHm	OZ251426.1	7890001	7920000	0.005365526492287	14910	80	14910	0
PflaKGBDf	OZ251426.1	7890001	7920000	0.0067069081153588	14910	100	14910	0
PflaHELAf	OZ251426.1	7890001	7920000	0.0057679409792085	14910	86	14910	0
PflaHELEm	OZ251426.1	7890001	7920000	0.004225352112676	14910	63	14910	0
PflaKGBDf	OZ251426.1	7920001	7950000	0.0062607944732297	13896	87	13896	12
PflaHELAf	OZ251426.1	7920001	7950000	0.0066867989646246	13908	93	13908	0
PflaHELEm	OZ251426.1	7920001	7950000	0.0081248202473396	13908	113	13908	0
PflaKGBHm	OZ251426.1	7920001	7950000	0.0035950532067874	13908	50	13908	0
PflaHELAf	OZ251426.1	7950001	7980000	0.007607776838546	14196	108	14196	0
PflaKGBDf	OZ251426.1	7950001	7980000	0.0052831783601014	14196	75	14196	0
PflaHELEm	OZ251426.1	7950001	7980000	0.0121865314173006	14196	173	14196	0
PflaKGBHm	OZ251426.1	7950001	7980000	0.0065511411665257	14196	93	14196	0
PflaHELAf	OZ251426.1	7980001	8010000	0.0050057208237986	6992	35	6992	0
PflaKGBDf	OZ251426.1	7980001	8010000	0.0010011441647597	6992	7	6992	0
PflaHELEm	OZ251426.1	7980001	8010000	0.0095823798627002	6992	67	6992	0
PflaKGBHm	OZ251426.1	7980001	8010000	0.0010011441647597	6992	7	6992	0
PflaHELAf	OZ251426.1	8010001	8040000	0.0051172382188955	13093	67	13093	0
PflaKGBHm	OZ251426.1	8010001	8040000	0.003591075794621	13088	47	13088	5
PflaHELEm	OZ251426.1	8010001	8040000	0.0066447720155808	13093	87	13093	0
PflaKGBDf	OZ251426.1	8010001	8040000	0.0053484107579462	13088	70	13088	5
PflaKGBHm	OZ251426.1	8040001	8070000	0.0053269118505545	13704	73	13704	0
PflaHELEm	OZ251426.1	8040001	8070000	0.0088295388207822	13704	121	13704	0
PflaKGBDf	OZ251426.1	8040001	8070000	0.0025539988324576	13704	35	13704	0
PflaHELAf	OZ251426.1	8040001	8070000	0.0030647985989492	13704	42	13704	0
PflaHELEm	OZ251426.1	8070001	8100000	0.0068960808411853	14646	101	14646	3
PflaKGBDf	OZ251426.1	8070001	8100000	0.0047364085667215	14568	69	14568	81
PflaHELAf	OZ251426.1	8070001	8100000	0.0019208341908485	14577	28	14577	72
PflaKGBHm	OZ251426.1	8070001	8100000	0.0037545224930029	14649	55	14649	0
PflaKGBHm	OZ251426.1	8100001	8130000	0.007879138354778	13834	109	13834	0
PflaHELEm	OZ251426.1	8100001	8130000	0.0055659968194303	13834	77	13834	0
PflaKGBDf	OZ251426.1	8100001	8130000	0.0083128523926557	13834	115	13834	0
PflaHELAf	OZ251426.1	8100001	8130000	0.0080237097007373	13834	111	13834	0
PflaHELAf	OZ251426.1	8130001	8160000	0.0064091151860423	11234	72	11234	0
PflaKGBDf	OZ251426.1	8130001	8160000	0.0088125333808082	11234	99	11234	0
PflaHELEm	OZ251426.1	8130001	8160000	0.0074773010503827	11234	84	11234	0
PflaKGBHm	OZ251426.1	8130001	8160000	0.0077443475164678	11234	87	11234	0
PflaHELAf	OZ251426.1	8160001	8190000	0.003902273498473	11788	46	11788	0
PflaKGBDf	OZ251426.1	8160001	8190000	0.004241601628775	11788	50	11788	0
PflaHELEm	OZ251426.1	8160001	8190000	0.007804546996946	11788	92	11788	0
PflaKGBHm	OZ251426.1	8160001	8190000	0.0063624024431625	11788	75	11788	0
PflaKGBHm	OZ251426.1	8190001	8220000	0.0054225555235073	17335	94	17335	0
PflaHELEm	OZ251426.1	8190001	8220000	0.0079607730025959	17335	138	17335	0
PflaHELAf	OZ251426.1	8190001	8220000	0.0068070377848283	17335	118	17335	0
PflaKGBDf	OZ251426.1	8190001	8220000	0.0057686760888376	17335	100	17335	0
PflaKGBHm	OZ251426.1	8220001	8250000	0.0073507440387258	16733	123	16733	7
PflaHELEm	OZ251426.1	8220001	8250000	0.0038231780167264	16740	64	16740	0
PflaKGBDf	OZ251426.1	8220001	8250000	0.0062189798481133	16723	104	16723	17
PflaHELAf	OZ251426.1	8220001	8250000	0.0054958183990442	16740	92	16740	0
PflaHELEm	OZ251426.1	8250001	8280000	0.0058621506395073	16888	99	16888	0
PflaKGBDf	OZ251426.1	8250001	8280000	0.0054476551397441	16888	92	16888	0
PflaHELAf	OZ251426.1	8250001	8280000	0.0029877502240812	16735	50	16735	153
PflaKGBHm	OZ251426.1	8250001	8280000	0.0067563563088958	16873	114	16873	15
PflaHELEm	OZ251426.1	8280001	8310000	0.0085653104925053	17279	148	17279	0
PflaKGBHm	OZ251426.1	8280001	8310000	0.0059031193934834	17279	102	17279	0
PflaHELAf	OZ251426.1	8280001	8310000	0.0058452456739394	17279	101	17279	0
PflaKGBDf	OZ251426.1	8280001	8310000	0.0055098016471407	17242	95	17242	37
PflaKGBHm	OZ251426.1	8310001	8340000	0.0063023924616043	16343	103	16343	0
PflaHELEm	OZ251426.1	8310001	8340000	0.0082604173040445	16343	135	16343	0
PflaKGBDf	OZ251426.1	8310001	8340000	0.0072202166064981	16343	118	16343	0
PflaHELAf	OZ251426.1	8310001	8340000	0.0048338738297742	16343	79	16343	0
PflaHELEm	OZ251426.1	8340001	8370000	0.0087102529121628	19058	166	19058	0
PflaKGBDf	OZ251426.1	8340001	8370000	0.0061391541609822	19058	117	19058	0
PflaHELAf	OZ251426.1	8340001	8370000	0.0088676671214188	19058	169	19058	0
PflaKGBHm	OZ251426.1	8340001	8370000	0.0070836394165179	19058	135	19058	0
PflaHELEm	OZ251426.1	8370001	8400000	0.0079834190527366	13027	104	13027	0
PflaKGBDf	OZ251426.1	8370001	8400000	0.0079840319361277	13026	104	13026	1
PflaHELAf	OZ251426.1	8370001	8400000	0.0075228371843095	13027	98	13027	0
PflaKGBHm	OZ251426.1	8370001	8400000	0.0070622553158823	13027	92	13027	0
PflaKGBHm	OZ251426.1	8400001	8430000	0.005678121488141	16907	96	16907	0
PflaHELEm	OZ251426.1	8400001	8430000	0.007098071690524	16906	120	16906	1
PflaKGBDf	OZ251426.1	8400001	8430000	0.0060921511799846	16907	103	16907	0
PflaHELAf	OZ251426.1	8400001	8430000	0.0065480088100482	16799	110	16799	108
PflaKGBHm	OZ251426.1	8430001	8460000	0.0068655122434968	13109	90	13109	0
PflaHELEm	OZ251426.1	8430001	8460000	0.0102982683652452	13109	135	13109	0
PflaKGBDf	OZ251426.1	8430001	8460000	0.0056449767335418	13109	74	13109	0
PflaHELAf	OZ251426.1	8430001	8460000	0.0078571973453352	13109	103	13109	0
PflaKGBDf	OZ251426.1	8460001	8490000	0.0063882360031338	16593	106	16593	0
PflaHELAf	OZ251426.1	8460001	8490000	0.0045199783041041	16593	75	16593	0
PflaKGBHm	OZ251426.1	8460001	8490000	0.0040981136623877	16593	68	16593	0
PflaHELEm	OZ251426.1	8460001	8490000	0.0060869041161935	16593	101	16593	0
PflaHELAf	OZ251426.1	8490001	8520000	0.0050808931675357	14958	76	14958	0
PflaKGBHm	OZ251426.1	8490001	8520000	0.0026073004412354	14958	39	14958	0
PflaHELEm	OZ251426.1	8490001	8520000	0.0068190934616927	14958	102	14958	0
PflaKGBDf	OZ251426.1	8490001	8520000	0.0052895882156009	14935	79	14935	23
PflaKGBHm	OZ251426.1	8520001	8550000	0.0053559951438977	14003	75	14003	0
PflaHELEm	OZ251426.1	8520001	8550000	0.0058558880239948	14003	82	14003	0
PflaKGBDf	OZ251426.1	8520001	8550000	0.003784903235021	14003	53	14003	0
PflaHELAf	OZ251426.1	8520001	8550000	0.0042847961151181	14003	60	14003	0
PflaKGBHm	OZ251426.1	8550001	8580000	0.0045752934155559	15081	69	15081	0
PflaHELEm	OZ251426.1	8550001	8580000	0.0067634772229958	15081	102	15081	0
PflaKGBDf	OZ251426.1	8550001	8580000	0.005768848219614	15081	87	15081	0
PflaHELAf	OZ251426.1	8550001	8580000	0.0081581216422365	15077	123	15077	4
PflaKGBHm	OZ251426.1	8580001	8610000	0.0027040144214102	14423	39	14423	0
PflaHELEm	OZ251426.1	8580001	8610000	0.0046453581085765	14423	67	14423	0
PflaKGBDf	OZ251426.1	8580001	8610000	0.0021616344745833	14341	31	14341	82
PflaHELAf	OZ251426.1	8580001	8610000	0.0046453581085765	14423	67	14423	0
PflaKGBHm	OZ251426.1	8610001	8640000	0.0009136592051164	10945	10	10945	25
PflaHELEm	OZ251426.1	8610001	8640000	0.0060164083865086	10970	66	10970	0
PflaKGBDf	OZ251426.1	8610001	8640000	0.0006397367940047	10942	7	10942	28
PflaHELAf	OZ251426.1	8610001	8640000	0.0041940189642596	10968	46	10968	2
PflaHELAf	OZ251426.1	8640001	8670000	0.0057869543473601	13997	81	13997	0
PflaKGBHm	OZ251426.1	8640001	8670000	0.0060727298706865	13997	85	13997	0
PflaKGBDf	OZ251426.1	8640001	8670000	0.0023581534943547	13994	33	13994	3
PflaHELEm	OZ251426.1	8640001	8670000	0.0057869543473601	13997	81	13997	0
PflaKGBHm	OZ251426.1	8670001	8700000	0.0031099362463069	12862	40	12862	0
PflaHELAf	OZ251426.1	8670001	8700000	0.0048981495879334	12862	63	12862	0
PflaKGBDf	OZ251426.1	8670001	8700000	0.0043729501796033	12806	56	12806	56
PflaHELEm	OZ251426.1	8670001	8700000	0.0037319234955683	12862	48	12862	0
PflaHELAf	OZ251426.1	8700001	8730000	0.0041789408782626	14597	61	14597	0
PflaKGBDf	OZ251426.1	8700001	8730000	0.0005482831882667	14591	8	14591	6
PflaHELEm	OZ251426.1	8700001	8730000	0.0050695348359251	14597	74	14597	0
PflaKGBHm	OZ251426.1	8700001	8730000	0.0037681556590846	14596	55	14596	1
PflaKGBDf	OZ251426.1	8730001	8760000	0.003480360821081	14079	49	14079	1
PflaHELEm	OZ251426.1	8730001	8760000	0.0064630681818181	14080	91	14080	0
PflaKGBHm	OZ251426.1	8730001	8760000	0.0019886363636363	14080	28	14080	0
PflaHELAf	OZ251426.1	8730001	8760000	0.0058246910072453	14078	82	14078	2
PflaKGBHm	OZ251426.1	8760001	8790000	0.0029014942695488	13786	40	13786	0
PflaHELAf	OZ251426.1	8760001	8790000	0.00282895691281	13786	39	13786	0
PflaKGBDf	OZ251426.1	8760001	8790000	0.0026113448425939	13786	36	13786	0
PflaHELEm	OZ251426.1	8760001	8790000	0.0049325402582329	13786	68	13786	0
PflaHELAf	OZ251426.1	8790001	8820000	0.005339247576803	12174	65	12174	0
PflaKGBDf	OZ251426.1	8790001	8820000	0.0055035321176277	12174	67	12174	0
PflaHELEm	OZ251426.1	8790001	8820000	0.0059142434696895	12174	72	12174	0
PflaKGBHm	OZ251426.1	8790001	8820000	0.0052571053063906	12174	64	12174	0
PflaKGBDf	OZ251426.1	8820001	8850000	0.0014322014322014	21645	31	21645	0
PflaHELEm	OZ251426.1	8820001	8850000	0.0037422037422037	21645	81	21645	0
PflaKGBHm	OZ251426.1	8820001	8850000	0.0005082005082005	21645	11	21645	0
PflaHELAf	OZ251426.1	8820001	8850000	0.0009702009702009	21645	21	21645	0
PflaHELAf	OZ251426.1	8850001	8880000	0.0019125147116516	20392	39	20392	0
PflaKGBDf	OZ251426.1	8850001	8880000	0.0025991859153548	20391	53	20391	1
PflaHELEm	OZ251426.1	8850001	8880000	0.0025023306020313	20381	51	20381	11
PflaKGBHm	OZ251426.1	8850001	8880000	0.0005884660651235	20392	12	20392	0
PflaKGBHm	OZ251426.1	8880001	8910000	0.0039427267067856	14457	57	14457	0
PflaHELEm	OZ251426.1	8880001	8910000	0.0060870166701251	14457	88	14457	0
PflaHELAf	OZ251426.1	8880001	8910000	0.0042194092827004	14457	61	14457	0
PflaKGBDf	OZ251426.1	8880001	8910000	0.0041502386387217	14457	60	14457	0
PflaHELEm	OZ251426.1	8910001	8940000	0.0023235031277926	16785	39	16785	1
PflaHELAf	OZ251426.1	8910001	8940000	0.0017276301679971	16786	29	16786	0
PflaKGBHm	OZ251426.1	8910001	8940000	0.001192534732574	16771	20	16771	15
PflaKGBDf	OZ251426.1	8910001	8940000	0.001787203622066	16786	30	16786	0
PflaHELAf	OZ251426.1	8940001	8970000	0.0038158976165316	17034	65	17034	0
PflaKGBDf	OZ251426.1	8940001	8970000	0.0015307624374448	16985	26	16985	49
PflaKGBHm	OZ251426.1	8940001	8970000	0.0005283550545966	17034	9	17034	0
PflaHELEm	OZ251426.1	8940001	8970000	0.0027591875073382	17034	47	17034	0
PflaKGBDf	OZ251426.1	8970001	9000000	0.0009511354179051	16822	16	16822	0
PflaKGBHm	OZ251426.1	8970001	9000000	0.0002377838544762	16822	4	16822	0
PflaHELEm	OZ251426.1	8970001	9000000	0.0032695279990488	16822	55	16822	0
PflaHELAf	OZ251426.1	8970001	9000000	0.00255617643562	16822	43	16822	0
PflaHELAf	OZ251426.1	9000001	9030000	0.0016768821556609	17294	29	17294	0
PflaKGBDf	OZ251426.1	9000001	9030000	0.0004625881808719	17294	8	17294	0
PflaHELEm	OZ251426.1	9000001	9030000	0.0020238232913149	17294	35	17294	0
PflaKGBHm	OZ251426.1	9000001	9030000	0.0002891176130449	17294	5	17294	0
PflaHELAf	OZ251426.1	9030001	9060000	0.0018597082582669	17207	32	17207	0
PflaKGBDf	OZ251426.1	9030001	9060000	0.0005811588307084	17207	10	17207	0
PflaHELEm	OZ251426.1	9030001	9060000	0.0023831667054173	17204	41	17204	3
PflaKGBHm	OZ251426.1	9030001	9060000	0.0004068111814959	17207	7	17207	0
PflaHELEm	OZ251426.1	9060001	9090000	0.004551724137931	14500	66	14500	0
PflaHELAf	OZ251426.1	9060001	9090000	0.0037931034482758	14500	55	14500	0
PflaKGBHm	OZ251426.1	9060001	9090000	0.0002068965517241	14500	3	14500	0
PflaKGBDf	OZ251426.1	9060001	9090000	0.0035172413793103	14500	51	14500	0
PflaHELAf	OZ251426.1	9090001	9120000	0.005958904109589	14600	87	14600	37
PflaKGBHm	OZ251426.1	9090001	9120000	0.0020624226591502	14546	30	14546	91
PflaHELEm	OZ251426.1	9090001	9120000	0.0068320010931201	14637	100	14637	0
PflaKGBDf	OZ251426.1	9090001	9120000	0.0050003424892115	14599	73	14599	38
PflaKGBDf	OZ251426.1	9120001	9150000	0.0021532091097308	12075	26	12075	21
PflaHELEm	OZ251426.1	9120001	9150000	0.0041335978835978	12096	50	12096	0
PflaKGBHm	OZ251426.1	9120001	9150000	0.0006631299734748	12064	8	12064	32
PflaHELAf	OZ251426.1	9120001	9150000	0.0022321428571428	12096	27	12096	0
PflaHELAf	OZ251426.1	9150001	9180000	0.0020805369127516	14900	31	14900	134
PflaHELEm	OZ251426.1	9150001	9180000	0.0060529466542503	15034	91	15034	0
PflaKGBHm	OZ251426.1	9150001	9180000	0.0004659832246039	15022	7	15022	12
PflaKGBDf	OZ251426.1	9150001	9180000	0.0011309207025013	15032	17	15032	2
PflaHELEm	OZ251426.1	9180001	9210000	0.0080713678844519	14124	114	14124	0
PflaKGBHm	OZ251426.1	9180001	9210000	0.0013452279807419	14124	19	14124	0
PflaKGBDf	OZ251426.1	9180001	9210000	0.0024780515434721	14124	35	14124	0
PflaHELAf	OZ251426.1	9180001	9210000	0.003547860640034	14093	50	14093	31
PflaHELAf	OZ251426.1	9210001	9240000	0.0019581446579366	16342	32	16342	0
PflaHELEm	OZ251426.1	9210001	9240000	0.005078937706523	16342	83	16342	0
PflaKGBHm	OZ251426.1	9210001	9240000	0.0005510991366113	16331	9	16331	11
PflaKGBDf	OZ251426.1	9210001	9240000	0.0009182174338883	16336	15	16336	6
PflaHELAf	OZ251426.1	9240001	9270000	0.005038723523374	10717	54	10717	0
PflaHELEm	OZ251426.1	9240001	9270000	0.0055985816926378	10717	60	10717	0
PflaKGBHm	OZ251426.1	9240001	9270000	0.0009335324869305	10712	10	10712	5
PflaKGBDf	OZ251426.1	9240001	9270000	0.0007466865783087	10714	8	10714	3
PflaHELAf	OZ251426.1	9270001	9300000	0.003000857387825	6998	21	6998	0
PflaKGBHm	OZ251426.1	9270001	9300000	0.0001428979708488	6998	1	6998	0
PflaHELEm	OZ251426.1	9270001	9300000	0.004572735067162	6998	32	6998	0
PflaKGBDf	OZ251426.1	9270001	9300000	0.0031437553586739	6998	22	6998	0
PflaHELAf	OZ251426.1	9300001	9330000	0.0028326443117439	13062	37	13062	0
PflaKGBDf	OZ251426.1	9300001	9330000	0.0039810136273158	13062	52	13062	0
PflaHELEm	OZ251426.1	9300001	9330000	0.0047465931710304	13062	62	13062	0
PflaKGBHm	OZ251426.1	9300001	9330000	0.0003827897718572	13062	5	13062	0
PflaKGBHm	OZ251426.1	9330001	9360000	0.0008339748524506	15588	13	15588	18
PflaHELEm	OZ251426.1	9330001	9360000	0.0045495322311931	15606	71	15606	0
PflaKGBDf	OZ251426.1	9330001	9360000	0.0042932205561963	15606	67	15606	0
PflaHELAf	OZ251426.1	9330001	9360000	0.0016019479687299	15606	25	15606	0
PflaHELAf	OZ251426.1	9360001	9390000	0.0052185952393631	18779	98	18779	8
PflaKGBDf	OZ251426.1	9360001	9390000	0.0048972639199403	18786	92	18786	1
PflaHELEm	OZ251426.1	9360001	9390000	0.0037976037655113	18696	71	18696	91
PflaKGBHm	OZ251426.1	9360001	9390000	0.0002661556478228	18786	5	18786	1
PflaHELAf	OZ251426.1	9390001	9420000	0.0022369362920544	11176	25	11176	0
PflaKGBDf	OZ251426.1	9390001	9420000	0.0022593764121102	11065	25	11065	111
PflaHELEm	OZ251426.1	9390001	9420000	0.0069792412312097	11176	78	11176	0
PflaKGBHm	OZ251426.1	9390001	9420000	0.0017418408507517	10908	19	10908	268
PflaHELEm	OZ251426.1	9420001	9450000	0.0061078471293118	17191	105	17191	0
PflaKGBHm	OZ251426.1	9420001	9450000	0.0026758187423651	17191	46	17191	0
PflaHELAf	OZ251426.1	9420001	9450000	0.0018615474112856	17190	32	17190	1
PflaKGBDf	OZ251426.1	9420001	9450000	0.0034320283869466	17191	59	17191	0
PflaHELAf	OZ251426.1	9450001	9480000	0.0023628970216507	18198	43	18198	0
PflaHELEm	OZ251426.1	9450001	9480000	0.0056050115397296	18198	102	18198	0
PflaKGBHm	OZ251426.1	9450001	9480000	0.0039015276404	18198	71	18198	0
PflaKGBDf	OZ251426.1	9450001	9480000	0.0036817232662929	18198	67	18198	0
PflaHELAf	OZ251426.1	9480001	9510000	0.0102897942041159	4762	49	4762	0
PflaKGBDf	OZ251426.1	9480001	9510000	0.0094498110037799	4762	45	4762	0
PflaHELEm	OZ251426.1	9480001	9510000	0.0117597648047039	4762	56	4762	0
PflaKGBHm	OZ251426.1	9480001	9510000	0.0140697186056278	4762	67	4762	0
PflaKGBHm	OZ251426.1	9510001	9540000	0.0116570754020953	6777	79	6777	0
PflaHELAf	OZ251426.1	9510001	9540000	0.0143131178987752	6777	97	6777	0
PflaKGBDf	OZ251426.1	9510001	9540000	0.0104766120702375	6777	71	6777	0
PflaHELEm	OZ251426.1	9510001	9540000	0.0134277703998819	6777	91	6777	0
PflaHELEm	OZ251426.1	9540001	9570000	0.0157883945048185	14631	231	14631	0
PflaHELAf	OZ251426.1	9540001	9570000	0.0107989884491832	14631	158	14631	0
PflaKGBHm	OZ251426.1	9540001	9570000	0.0121659490123709	14631	178	14631	0
PflaKGBDf	OZ251426.1	9540001	9570000	0.0068348028159387	14631	100	14631	0
PflaHELEm	OZ251426.1	9570001	9600000	0.0062120705308931	20927	130	20927	0
PflaKGBHm	OZ251426.1	9570001	9600000	0.0034883165288861	20927	73	20927	0
PflaHELAf	OZ251426.1	9570001	9600000	0.0029148946337267	20927	61	20927	0
PflaKGBDf	OZ251426.1	9570001	9600000	0.0019114063171978	20927	40	20927	0
PflaHELAf	OZ251426.1	9600001	9630000	0.0057444852941176	17408	100	17408	82
PflaKGBDf	OZ251426.1	9600001	9630000	0.0012578616352201	17490	22	17490	0
PflaHELEm	OZ251426.1	9600001	9630000	0.0085191538021726	17490	149	17490	0
PflaKGBHm	OZ251426.1	9600001	9630000	0.0045168667810177	17490	79	17490	0
PflaHELEm	OZ251426.1	9630001	9660000	0.0092078857277771	16942	156	16942	0
PflaKGBHm	OZ251426.1	9630001	9660000	0.0078503128320151	16942	133	16942	0
PflaHELAf	OZ251426.1	9630001	9660000	0.0082044622830834	16942	139	16942	0
PflaKGBDf	OZ251426.1	9630001	9660000	0.0034234446936607	16942	58	16942	0
PflaHELAf	OZ251426.1	9660001	9690000	0.004991102816718	23041	115	23041	0
PflaKGBDf	OZ251426.1	9660001	9690000	0.0056421162275942	23041	130	23041	0
PflaHELEm	OZ251426.1	9660001	9690000	0.0059025215919447	23041	136	23041	0
PflaKGBHm	OZ251426.1	9660001	9690000	0.0021266438088624	23041	49	23041	0
PflaHELAf	OZ251426.1	9690001	9720000	0.0081702859600086	13953	114	13953	0
PflaKGBDf	OZ251426.1	9690001	9720000	0.006951909983516	13953	97	13953	0
PflaHELEm	OZ251426.1	9690001	9720000	0.0101777522935779	13952	142	13952	1
PflaKGBHm	OZ251426.1	9690001	9720000	0.0009316992761413	13953	13	13953	0
PflaKGBDf	OZ251426.1	9720001	9750000	0.0079434167573449	18380	146	18380	0
PflaHELAf	OZ251426.1	9720001	9750000	0.006746463547334	18380	124	18380	0
PflaHELEm	OZ251426.1	9720001	9750000	0.0077257889009793	18380	142	18380	0
PflaKGBHm	OZ251426.1	9720001	9750000	0.003645266594124	18380	67	18380	0
PflaKGBHm	OZ251426.1	9750001	9780000	0.0092527147722161	15563	144	15563	0
PflaHELEm	OZ251426.1	9750001	9780000	0.0043693375313242	15563	68	15563	0
PflaKGBDf	OZ251426.1	9750001	9780000	0.0063612414058986	15563	99	15563	0
PflaHELAf	OZ251426.1	9750001	9780000	0.0035982779669729	15563	56	15563	0
PflaKGBHm	OZ251426.1	9780001	9810000	0.0083674714547197	11473	96	11473	0
PflaHELEm	OZ251426.1	9780001	9810000	0.0077573433278131	11473	89	11473	0
PflaKGBDf	OZ251426.1	9780001	9810000	0.0031383488797838	11471	36	11471	2
PflaHELAf	OZ251426.1	9780001	9810000	0.0036887405585807	11386	42	11386	87
PflaKGBHm	OZ251426.1	9810001	9840000	0.0064569536423841	18120	117	18120	0
PflaKGBDf	OZ251426.1	9810001	9840000	0.0028145695364238	18120	51	18120	0
PflaHELAf	OZ251426.1	9810001	9840000	0.0033664459161147	18120	61	18120	0
PflaHELEm	OZ251426.1	9810001	9840000	0.0043598233995584	18120	79	18120	0
PflaHELAf	OZ251426.1	9840001	9870000	0.003418353931107	15212	52	15212	0
PflaKGBHm	OZ251426.1	9840001	9870000	0.0049960557454641	15212	76	15212	0
PflaHELEm	OZ251426.1	9840001	9870000	0.0034840915067052	15212	53	15212	0
PflaKGBDf	OZ251426.1	9840001	9870000	0.0038785169602945	15212	59	15212	0
PflaHELEm	OZ251426.1	9870001	9900000	0.0091248900615655	18192	166	18192	0
PflaKGBDf	OZ251426.1	9870001	9900000	0.0009348878134623	18184	17	18184	8
PflaHELAf	OZ251426.1	9870001	9900000	0.004287598944591	18192	78	18192	0
PflaKGBHm	OZ251426.1	9870001	9900000	0.0056068601583113	18192	102	18192	0
PflaHELEm	OZ251426.1	9900001	9930000	0.0034565586736188	17069	59	17069	0
PflaKGBHm	OZ251426.1	9900001	9930000	0.0082193389303117	17033	140	17033	36
PflaKGBDf	OZ251426.1	9900001	9930000	0.0015818149862323	17069	27	17069	0
PflaHELAf	OZ251426.1	9900001	9930000	0.0001171714804616	17069	2	17069	0
PflaKGBHm	OZ251426.1	9930001	9960000	0.0029322442140538	19098	56	19098	0
PflaHELEm	OZ251426.1	9930001	9960000	0.0046078123363703	19098	88	19098	0
PflaKGBDf	OZ251426.1	9930001	9960000	0.0032542515221499	19052	62	19052	46
PflaHELAf	OZ251426.1	9930001	9960000	0.004712535344015	19098	90	19098	0
PflaKGBHm	OZ251426.1	9960001	9990000	0.0056086414624013	24070	135	24070	0
PflaHELEm	OZ251426.1	9960001	9990000	0.0066057332779393	24070	159	24070	0
PflaKGBDf	OZ251426.1	9960001	9990000	0.0049023680930619	24070	118	24070	0
PflaHELAf	OZ251426.1	9960001	9990000	0.005484004985459	24070	132	24070	0
PflaKGBDf	OZ251426.1	9990001	10020000	0.0055158324821246	19580	108	19580	0
PflaHELAf	OZ251426.1	9990001	10020000	0.0057711950970377	19580	113	19580	0
PflaKGBHm	OZ251426.1	9990001	10020000	0.0034218590398365	19580	67	19580	0
PflaHELEm	OZ251426.1	9990001	10020000	0.008120531154239	19580	159	19580	0
PflaKGBDf	OZ251426.1	10020001	10050000	0.007982383704927	18165	145	18165	0
PflaKGBHm	OZ251426.1	10020001	10050000	0.0084778420038535	18165	154	18165	0
PflaHELAf	OZ251426.1	10020001	10050000	0.006991467107074	18165	127	18165	0
PflaHELEm	OZ251426.1	10020001	10050000	0.0124415083952656	18165	226	18165	0
PflaHELAf	OZ251426.1	10050001	10080000	0.0001412828482622	14156	2	14156	0
PflaKGBDf	OZ251426.1	10050001	10080000	0.0007770556654422	14156	11	14156	0
PflaHELEm	OZ251426.1	10050001	10080000	0.0108081378920599	14156	153	14156	0
PflaKGBHm	OZ251426.1	10050001	10080000	0.0069228595648488	14156	98	14156	0
PflaHELAf	OZ251426.1	10080001	10110000	0.0062442960757	20819	130	20819	0
PflaKGBDf	OZ251426.1	10080001	10110000	0.006532494356117	20819	136	20819	0
PflaHELEm	OZ251426.1	10080001	10110000	0.0119602286373024	20819	249	20819	0
PflaKGBHm	OZ251426.1	10080001	10110000	0.0055718334213939	20819	116	20819	0
PflaHELAf	OZ251426.1	10110001	10140000	0.0059960383318164	18679	112	18679	0
PflaKGBDf	OZ251426.1	10110001	10140000	0.0076021200278387	18679	142	18679	0
PflaHELEm	OZ251426.1	10110001	10140000	0.0101226500990841	18671	189	18671	8
PflaKGBHm	OZ251426.1	10110001	10140000	0.0048182450880668	18679	90	18679	0
PflaHELEm	OZ251426.1	10140001	10170000	0.0095351609058402	21814	208	21814	0
PflaKGBHm	OZ251426.1	10140001	10170000	0.0081598973136517	21814	178	21814	0
PflaHELAf	OZ251426.1	10140001	10170000	0.0076097918767763	21814	166	21814	0
PflaKGBDf	OZ251426.1	10140001	10170000	0.0056844228477124	21814	124	21814	0
PflaKGBDf	OZ251426.1	10170001	10200000	0.0057926343200297	18817	109	18817	0
PflaKGBHm	OZ251426.1	10170001	10200000	0.005367486847	18817	101	18817	0
PflaHELEm	OZ251426.1	10170001	10200000	0.0059787540703571	18733	112	18733	84
PflaHELAf	OZ251426.1	10170001	10200000	0.0058989211882871	18817	111	18817	0
PflaHELEm	OZ251426.1	10200001	10230000	0.0123196929362966	16153	199	16153	168
PflaKGBDf	OZ251426.1	10200001	10230000	0.0043502236382574	16321	71	16321	0
PflaHELAf	OZ251426.1	10200001	10230000	0.0098558580756437	16234	160	16234	87
PflaKGBHm	OZ251426.1	10200001	10230000	0.0027571839960786	16321	45	16321	0
PflaKGBHm	OZ251426.1	10230001	10260000	0.0084595552690944	12412	105	12412	15
PflaHELEm	OZ251426.1	10230001	10260000	0.0074837048362436	12427	93	12427	0
PflaKGBDf	OZ251426.1	10230001	10260000	0.0089321638368069	12427	111	12427	0
PflaHELAf	OZ251426.1	10230001	10260000	0.0062766556691075	12427	78	12427	0
PflaKGBHm	OZ251426.1	10260001	10290000	0.0064412238325281	18630	120	18630	0
PflaHELEm	OZ251426.1	10260001	10290000	0.0101449275362318	18630	189	18630	0
PflaKGBDf	OZ251426.1	10260001	10290000	0.0068169618894256	18630	127	18630	0
PflaHELAf	OZ251426.1	10260001	10290000	0.0081588835212023	18630	152	18630	0
PflaHELAf	OZ251426.1	10290001	10320000	0.0076454764264476	14126	108	14126	0
PflaKGBDf	OZ251426.1	10290001	10320000	0.0067959790457312	14126	96	14126	0
PflaHELEm	OZ251426.1	10290001	10320000	0.0075038935296616	14126	106	14126	0
PflaKGBHm	OZ251426.1	10290001	10320000	0.0058756902166218	14126	83	14126	0
PflaKGBDf	OZ251426.1	10320001	10350000	0.00556525534701	18328	102	18328	8
PflaHELAf	OZ251426.1	10320001	10350000	0.0026723385689354	18336	49	18336	0
PflaHELEm	OZ251426.1	10320001	10350000	0.0069262652705061	18336	127	18336	0
PflaKGBHm	OZ251426.1	10320001	10350000	0.0031086387434554	18336	57	18336	0
PflaHELAf	OZ251426.1	10350001	10380000	0.0060995534255527	18362	112	18362	0
PflaKGBDf	OZ251426.1	10350001	10380000	0.0051737283520313	18362	95	18362	0
PflaHELEm	OZ251426.1	10350001	10380000	0.0086591874523472	18362	159	18362	0
PflaKGBHm	OZ251426.1	10350001	10380000	0.0074066005881712	18362	136	18362	0
PflaHELAf	OZ251426.1	10380001	10410000	0.0071114734791864	22077	157	22077	0
PflaKGBDf	OZ251426.1	10380001	10410000	0.0043484169044707	22077	96	22077	0
PflaKGBHm	OZ251426.1	10380001	10410000	0.0052090410834805	22077	115	22077	0
PflaHELEm	OZ251426.1	10380001	10410000	0.0064320333378629	22077	142	22077	0
PflaHELAf	OZ251426.1	10410001	10440000	0.0062627367165366	20119	126	20119	0
PflaKGBHm	OZ251426.1	10410001	10440000	0.0031313683582683	20119	63	20119	0
PflaHELEm	OZ251426.1	10410001	10440000	0.0090958795168745	20119	183	20119	0
PflaKGBDf	OZ251426.1	10410001	10440000	0.0052189472637805	20119	105	20119	0
PflaKGBHm	OZ251426.1	10440001	10470000	0.003107750823322	21559	67	21559	38
PflaHELEm	OZ251426.1	10440001	10470000	0.0075010418113626	21597	162	21597	0
PflaKGBDf	OZ251426.1	10440001	10470000	0.0046302727230633	21597	100	21597	0
PflaHELAf	OZ251426.1	10440001	10470000	0.0072695281752095	21597	157	21597	0
PflaKGBHm	OZ251426.1	10470001	10500000	0.0063687978276968	20255	129	20255	0
PflaHELEm	OZ251426.1	10470001	10500000	0.0070599851888422	20255	143	20255	0
PflaKGBDf	OZ251426.1	10470001	10500000	0.0058257220439397	20255	118	20255	0
PflaHELAf	OZ251426.1	10470001	10500000	0.0066156504566773	20255	134	20255	0
PflaHELAf	OZ251426.1	10500001	10530000	0.0043474760486273	12421	54	12421	0
PflaKGBDf	OZ251426.1	10500001	10530000	0.0045084936800579	12421	56	12421	0
PflaHELEm	OZ251426.1	10500001	10530000	0.0041891565294449	12413	52	12413	8
PflaKGBHm	OZ251426.1	10500001	10530000	0.0033008614443281	12421	41	12421	0
PflaHELAf	OZ251426.1	10530001	10560000	0.0015377088138673	14307	22	14307	0
PflaKGBHm	OZ251426.1	10530001	10560000	0.0064304186761725	14307	92	14307	0
PflaHELEm	OZ251426.1	10530001	10560000	0.0076186482141609	14307	109	14307	0
PflaKGBDf	OZ251426.1	10530001	10560000	0.0073390647934577	14307	105	14307	0
PflaKGBHm	OZ251426.1	10560001	10590000	0.0065645514223194	19194	126	19194	0
PflaHELEm	OZ251426.1	10560001	10590000	0.0056788579764509	19194	109	19194	0
PflaKGBDf	OZ251426.1	10560001	10590000	0.005314160675211	19194	102	19194	0
PflaHELAf	OZ251426.1	10560001	10590000	0.0002083984578514	19194	4	19194	0
PflaKGBHm	OZ251426.1	10590001	10620000	0.0048957755009337	19813	97	19813	0
PflaHELEm	OZ251426.1	10590001	10620000	0.0048453035885529	19813	96	19813	0
PflaHELAf	OZ251426.1	10590001	10620000	0.003785393428557	19813	75	19813	0
PflaKGBDf	OZ251426.1	10590001	10620000	0.006712764346641	19813	133	19813	0
PflaHELAf	OZ251426.1	10620001	10650000	0.0069974868181146	20293	142	20293	0
PflaKGBDf	OZ251426.1	10620001	10650000	0.0008377272951263	20293	17	20293	0
PflaHELEm	OZ251426.1	10620001	10650000	0.0073424333514019	20293	149	20293	0
PflaKGBHm	OZ251426.1	10620001	10650000	0.0006898930665746	20293	14	20293	0
PflaKGBHm	OZ251426.1	10650001	10680000	0.0004929022082018	20288	10	20288	0
PflaHELEm	OZ251426.1	10650001	10680000	0.0063584384858044	20288	129	20288	0
PflaKGBDf	OZ251426.1	10650001	10680000	0.0022180599369085	20288	45	20288	0
PflaHELAf	OZ251426.1	10650001	10680000	0.0055697949526813	20288	113	20288	0
PflaHELAf	OZ251426.1	10680001	10710000	0.0043171313931636	19689	85	19689	0
PflaKGBDf	OZ251426.1	10680001	10710000	0.00705977957235	19689	139	19689	0
PflaHELEm	OZ251426.1	10680001	10710000	0.0072121489156381	19689	142	19689	0
PflaKGBHm	OZ251426.1	10680001	10710000	0.0058414181947478	19687	115	19687	2
PflaHELEm	OZ251426.1	10710001	10740000	0.0075546903967371	21576	163	21576	0
PflaKGBHm	OZ251426.1	10710001	10740000	0.0069058212829069	21576	149	21576	0
PflaHELAf	OZ251426.1	10710001	10740000	0.0051446051167964	21576	111	21576	0
PflaKGBDf	OZ251426.1	10710001	10740000	0.0059325176121616	21576	128	21576	0
PflaKGBHm	OZ251426.1	10740001	10770000	0.0057443980250664	21064	121	21064	0
PflaHELEm	OZ251426.1	10740001	10770000	0.0040353209266995	21064	85	21064	0
PflaKGBDf	OZ251426.1	10740001	10770000	0.001993923281428	21064	42	21064	0
PflaHELAf	OZ251426.1	10740001	10770000	0.0025161412837067	21064	53	21064	0
PflaKGBHm	OZ251426.1	10770001	10800000	0.000751465357447	19961	15	19961	879
PflaHELAf	OZ251426.1	10770001	10800000	0.0029750479846449	20840	62	20840	0
PflaHELEm	OZ251426.1	10770001	10800000	0.0038387715930902	20840	80	20840	0
PflaKGBDf	OZ251426.1	10770001	10800000	0.0026391554702495	20840	55	20840	0
PflaHELAf	OZ251426.1	10800001	10830000	0.0026956560166158	22629	61	22629	0
PflaKGBDf	OZ251426.1	10800001	10830000	0.0024305095231782	22629	55	22629	0
PflaKGBHm	OZ251426.1	10800001	10830000	0.0029608025100534	22629	67	22629	0
PflaHELEm	OZ251426.1	10800001	10830000	0.0080427769676079	22629	182	22629	0
PflaKGBDf	OZ251426.1	10830001	10860000	0.0053812521020516	20813	112	20813	0
PflaHELEm	OZ251426.1	10830001	10860000	0.0100418007975784	20813	209	20813	0
PflaKGBHm	OZ251426.1	10830001	10860000	0.0031230480949406	20813	65	20813	0
PflaHELAf	OZ251426.1	10830001	10860000	0.0062460961898813	20813	130	20813	0
PflaHELAf	OZ251426.1	10860001	10890000	0.0056753147653567	20968	119	20968	0
PflaKGBDf	OZ251426.1	10860001	10890000	0.0052937809996184	20968	111	20968	0
PflaHELEm	OZ251426.1	10860001	10890000	0.0065337657382678	20968	137	20968	0
PflaKGBHm	OZ251426.1	10860001	10890000	0.004721480351011	20968	99	20968	0
PflaHELAf	OZ251426.1	10890001	10920000	0.004174803043566	14851	62	14851	0
PflaKGBDf	OZ251426.1	10890001	10920000	0.0059255269005454	14851	88	14851	0
PflaHELEm	OZ251426.1	10890001	10920000	0.0077435862904854	14851	115	14851	0
PflaKGBHm	OZ251426.1	10890001	10920000	0.0065315466971921	14851	97	14851	0
PflaHELEm	OZ251426.1	10920001	10950000	0.0065509915014164	16944	111	16944	0
PflaKGBHm	OZ251426.1	10920001	10950000	0.0007082152974504	16944	12	16944	0
PflaKGBDf	OZ251426.1	10920001	10950000	0.0027148253068932	16944	46	16944	0
PflaHELAf	OZ251426.1	10920001	10950000	0.0028328611898017	16944	48	16944	0
PflaKGBHm	OZ251426.1	10950001	10980000	0.0041377767837172	17884	74	17884	0
PflaHELEm	OZ251426.1	10950001	10980000	0.0050883471259226	17884	91	17884	0
PflaKGBDf	OZ251426.1	10950001	10980000	0.0026839633191679	17884	48	17884	0
PflaHELAf	OZ251426.1	10950001	10980000	0.0037463654663386	17884	67	17884	0
PflaHELEm	OZ251426.1	10980001	11010000	0.0021968825190919	19118	42	19118	0
PflaKGBDf	OZ251426.1	10980001	11010000	0.0009938278062558	19118	19	19118	0
PflaHELAf	OZ251426.1	10980001	11010000	0.0009938278062558	19118	19	19118	0
PflaKGBHm	OZ251426.1	10980001	11010000	0.0038731288600439	19106	74	19106	12
PflaHELEm	OZ251426.1	11010001	11040000	0.0034331661923476	22137	76	22137	0
PflaKGBHm	OZ251426.1	11010001	11040000	0.0032524732348556	22137	72	22137	0
PflaHELAf	OZ251426.1	11010001	11040000	0.0035235126710936	22137	78	22137	0
PflaKGBDf	OZ251426.1	11010001	11040000	0.0013100239418168	22137	29	22137	0
PflaHELAf	OZ251426.1	11040001	11070000	0.0053829818756481	20249	109	20249	0
PflaKGBDf	OZ251426.1	11040001	11070000	0.0033088053731048	20249	67	20249	0
PflaHELEm	OZ251426.1	11040001	11070000	0.0077040841523038	20249	156	20249	0
PflaKGBHm	OZ251426.1	11040001	11070000	0.0038026569213294	20249	77	20249	0
PflaKGBHm	OZ251426.1	11070001	11100000	0.0019926780666388	21579	43	21579	0
PflaHELEm	OZ251426.1	11070001	11100000	0.008295101719264	21579	179	21579	0
PflaHELAf	OZ251426.1	11070001	11100000	0.0069512025580425	21579	150	21579	0
PflaKGBDf	OZ251426.1	11070001	11100000	0.0034756012790212	21579	75	21579	0
PflaKGBDf	OZ251426.1	11100001	11130000	0.0030475135060257	14438	44	14438	0
PflaKGBHm	OZ251426.1	11100001	11130000	0.0022856351295193	14438	33	14438	0
PflaHELEm	OZ251426.1	11100001	11130000	0.005471671976728	14438	79	14438	0
PflaHELAf	OZ251426.1	11100001	11130000	0.0055409336473195	14438	80	14438	0
PflaKGBHm	OZ251426.1	11130001	11160000	0.0042994810971089	20235	87	20235	0
PflaKGBDf	OZ251426.1	11130001	11160000	0.0044477390659747	20235	90	20235	0
PflaHELAf	OZ251426.1	11130001	11160000	0.0078082530269335	20235	158	20235	0
PflaHELEm	OZ251426.1	11130001	11160000	0.0073140597973807	20235	148	20235	0
PflaKGBDf	OZ251426.1	11160001	11190000	0.0038321903993545	19832	76	19832	0
PflaKGBHm	OZ251426.1	11160001	11190000	0.004336425978217	19832	86	19832	0
PflaHELEm	OZ251426.1	11160001	11190000	0.0080677692617991	19832	160	19832	0
PflaHELAf	OZ251426.1	11160001	11190000	0.0072105687777329	19832	143	19832	0
PflaKGBHm	OZ251426.1	11190001	11220000	0.0074836719883889	22048	165	22048	0
PflaHELEm	OZ251426.1	11190001	11220000	0.0092978955007256	22048	205	22048	0
PflaKGBDf	OZ251426.1	11190001	11220000	0.0055333817126269	22048	122	22048	0
PflaHELAf	OZ251426.1	11190001	11220000	0.0065765602322206	22048	145	22048	0
PflaKGBHm	OZ251426.1	11220001	11250000	0.0037122746118985	20742	77	20742	0
PflaHELEm	OZ251426.1	11220001	11250000	0.0059782084659145	20742	124	20742	0
PflaKGBDf	OZ251426.1	11220001	11250000	0.0060264198245106	20742	125	20742	0
PflaHELAf	OZ251426.1	11220001	11250000	0.0043390222736476	20742	90	20742	0
PflaHELAf	OZ251426.1	11250001	11280000	0.0002067311667907	24186	5	24186	0
PflaKGBDf	OZ251426.1	11250001	11280000	0.0001240387000744	24186	3	24186	0
PflaHELEm	OZ251426.1	11250001	11280000	0.0004134623335814	24186	10	24186	0
PflaKGBHm	OZ251426.1	11250001	11280000	0.0002894236335069	24186	7	24186	0
PflaHELAf	OZ251426.1	11280001	11310000	0.0003838935335267	23444	9	23444	0
PflaKGBDf	OZ251426.1	11280001	11310000	0.0023033612011602	23444	54	23444	0
PflaHELEm	OZ251426.1	11280001	11310000	0.0006398225558778	23444	15	23444	0
PflaKGBHm	OZ251426.1	11280001	11310000	0.0005545128817607	23444	13	23444	0
PflaHELAf	OZ251426.1	11310001	11340000	0.0014094753114485	21994	31	21994	0
PflaKGBDf	OZ251426.1	11310001	11340000	0.0060016368100391	21994	132	21994	0
PflaHELEm	OZ251426.1	11310001	11340000	0.0016822769846321	21994	37	21994	0
PflaKGBHm	OZ251426.1	11310001	11340000	0.0026825497863053	21994	59	21994	0
PflaHELAf	OZ251426.1	11340001	11370000	0.00442408785718	19213	85	19213	0
PflaKGBDf	OZ251426.1	11340001	11370000	0.0067662520168635	19213	130	19213	0
PflaHELEm	OZ251426.1	11340001	11370000	0.003539270285744	19213	68	19213	0
PflaKGBHm	OZ251426.1	11340001	11370000	0.0057773382605527	19213	111	19213	0
PflaHELAf	OZ251426.1	11370001	11400000	0.0068100358422939	22320	152	22320	0
PflaKGBHm	OZ251426.1	11370001	11400000	0.0052867383512544	22320	118	22320	0
PflaHELEm	OZ251426.1	11370001	11400000	0.0076164874551971	22320	170	22320	0
PflaKGBDf	OZ251426.1	11370001	11400000	0.0047043010752688	22320	105	22320	0
PflaHELEm	OZ251426.1	11400001	11430000	0.0055951392228001	22877	128	22877	0
PflaKGBHm	OZ251426.1	11400001	11430000	0.0036718101149626	22877	84	22877	0
PflaKGBDf	OZ251426.1	11400001	11430000	0.0037155221401407	22877	85	22877	0
PflaHELAf	OZ251426.1	11400001	11430000	0.0033658259387157	22877	77	22877	0
PflaKGBHm	OZ251426.1	11430001	11460000	0.0014658963525049	23194	34	23194	0
PflaHELEm	OZ251426.1	11430001	11460000	0.005992929205829	23194	139	23194	0
PflaKGBDf	OZ251426.1	11430001	11460000	0.0038371992756747	23194	89	23194	0
PflaHELAf	OZ251426.1	11430001	11460000	0.0036647408812623	23194	85	23194	0
PflaHELEm	OZ251426.1	11460001	11490000	0.0061058642653195	22765	139	22765	0
PflaKGBDf	OZ251426.1	11460001	11490000	0.0040852185372282	22765	93	22765	0
PflaHELAf	OZ251426.1	11460001	11490000	0.0034299283232927	22741	78	22741	24
PflaKGBHm	OZ251426.1	11460001	11490000	0.0039973643751372	22765	91	22765	0
PflaKGBHm	OZ251426.1	11490001	11520000	0.0045246841680852	22322	101	22322	0
PflaHELEm	OZ251426.1	11490001	11520000	0.0068542245318519	22322	153	22322	0
PflaKGBDf	OZ251426.1	11490001	11520000	0.0039422990771436	22322	88	22322	0
PflaHELAf	OZ251426.1	11490001	11520000	0.0050179211469534	22320	112	22320	2
PflaHELEm	OZ251426.1	11520001	11550000	0.0060298621745788	20896	126	20896	0
PflaKGBDf	OZ251426.1	11520001	11550000	0.006125574272588	20896	128	20896	0
PflaHELAf	OZ251426.1	11520001	11550000	0.0040677641653905	20896	85	20896	0
PflaKGBHm	OZ251426.1	11520001	11550000	0.0049291730474732	20896	103	20896	0
PflaHELEm	OZ251426.1	11550001	11580000	0.0051878271341887	21589	112	21589	0
PflaHELAf	OZ251426.1	11550001	11580000	0.0046783083977951	21589	101	21589	0
PflaKGBDf	OZ251426.1	11550001	11580000	0.0057899856408356	21589	125	21589	0
PflaKGBHm	OZ251426.1	11550001	11580000	0.0049099078234285	21589	106	21589	0
PflaHELAf	OZ251426.1	11580001	11610000	0.0005534374615668	16262	9	16262	0
PflaKGBHm	OZ251426.1	11580001	11610000	0.0024597220514081	16262	40	16262	0
PflaHELEm	OZ251426.1	11580001	11610000	0.004735256134309	16261	77	16261	1
PflaKGBDf	OZ251426.1	11580001	11610000	0.0059648259746648	16262	97	16262	0
PflaKGBHm	OZ251426.1	11610001	11640000	0.0006867345770859	17474	12	17474	0
PflaHELEm	OZ251426.1	11610001	11640000	0.0051505093281446	17474	90	17474	0
PflaKGBDf	OZ251426.1	11610001	11640000	0.0038342680553965	17474	67	17474	0
PflaHELAf	OZ251426.1	11610001	11640000	0.0031475334783106	17474	55	17474	0
PflaKGBHm	OZ251426.1	11640001	11670000	0.0025458513015015	19247	49	19247	0
PflaHELEm	OZ251426.1	11640001	11670000	0.0047280095599314	19247	91	19247	0
PflaKGBDf	OZ251426.1	11640001	11670000	0.0037408427287369	19247	72	19247	0
PflaHELAf	OZ251426.1	11640001	11670000	0.0058190886891463	19247	112	19247	0
PflaKGBDf	OZ251426.1	11670001	11700000	0.0067801058571366	22861	155	22861	0
PflaKGBHm	OZ251426.1	11670001	11700000	0.0037181225668168	22861	85	22861	0
PflaHELEm	OZ251426.1	11670001	11700000	0.0091859498709592	22861	210	22861	0
PflaHELAf	OZ251426.1	11670001	11700000	0.006605135383404	22861	151	22861	0
PflaHELAf	OZ251426.1	11700001	11730000	0.00784716516023	24340	191	24340	0
PflaKGBDf	OZ251426.1	11700001	11730000	0.0043549712407559	24340	106	24340	0
PflaHELEm	OZ251426.1	11700001	11730000	0.0084634346754313	24340	206	24340	0
PflaKGBHm	OZ251426.1	11700001	11730000	0.0063270336894001	24340	154	24340	0
PflaHELAf	OZ251426.1	11730001	11760000	0.0003590341980073	22282	8	22282	0
PflaKGBDf	OZ251426.1	11730001	11760000	0.001077102594022	22282	24	22282	0
PflaHELEm	OZ251426.1	11730001	11760000	0.0001346378242527	22282	3	22282	0
PflaKGBHm	OZ251426.1	11730001	11760000	0.0034558592522777	22281	77	22281	1
PflaKGBHm	OZ251426.1	11760001	11790000	0.0043058400568538	23921	103	23921	0
PflaHELEm	OZ251426.1	11760001	11790000	0.0057689895907361	23921	138	23921	0
PflaHELAf	OZ251426.1	11760001	11790000	0.0041804272396638	23921	100	23921	0
PflaKGBDf	OZ251426.1	11760001	11790000	0.0026336691609882	23921	63	23921	0
PflaHELAf	OZ251426.1	11790001	11820000	0.0048496993987975	24950	121	24950	0
PflaKGBDf	OZ251426.1	11790001	11820000	0.0020841683366733	24950	52	24950	0
PflaHELEm	OZ251426.1	11790001	11820000	0.0050501002004008	24950	126	24950	0
PflaKGBHm	OZ251426.1	11790001	11820000	0.0034068136272545	24950	85	24950	0
PflaKGBHm	OZ251426.1	11820001	11850000	0.0060303931816354	24874	150	24874	0
PflaHELEm	OZ251426.1	11820001	11850000	0.0075580927876497	24874	188	24874	0
PflaKGBDf	OZ251426.1	11820001	11850000	0.0029347913483959	24874	73	24874	0
PflaHELAf	OZ251426.1	11820001	11850000	0.0034574254241376	24874	86	24874	0
PflaHELEm	OZ251426.1	11850001	11880000	0.0087885286573314	23781	209	23781	0
PflaKGBDf	OZ251426.1	11850001	11880000	0.003490181237122	23781	83	23781	0
PflaHELAf	OZ251426.1	11850001	11880000	0.0071485639796476	23781	170	23781	0
PflaKGBHm	OZ251426.1	11850001	11880000	0.0061814053235776	23781	147	23781	0
PflaHELEm	OZ251426.1	11880001	11910000	0.006631299734748	20358	135	20358	0
PflaKGBDf	OZ251426.1	11880001	11910000	0.0035858139306415	20358	73	20358	0
PflaKGBHm	OZ251426.1	11880001	11910000	0.0065330582571961	20358	133	20358	0
PflaHELAf	OZ251426.1	11880001	11910000	0.0058453679143334	20358	119	20358	0
PflaKGBHm	OZ251426.1	11910001	11940000	0.0045710124994943	24721	113	24721	0
PflaHELEm	OZ251426.1	11910001	11940000	0.0061118756577349	24706	151	24706	15
PflaKGBDf	OZ251426.1	11910001	11940000	0.0040451438048622	24721	100	24721	0
PflaHELAf	OZ251426.1	11910001	11940000	0.0049350754419319	24721	122	24721	0
PflaKGBDf	OZ251426.1	11940001	11970000	0.0037125841132338	25858	96	25858	0
PflaHELAf	OZ251426.1	11940001	11970000	0.0044086936344651	25858	114	25858	0
PflaHELEm	OZ251426.1	11940001	11970000	0.0067677314564158	25858	175	25858	0
PflaKGBHm	OZ251426.1	11940001	11970000	0.0052594941604145	25858	136	25858	0
PflaHELEm	OZ251426.1	11970001	12000000	0.0083616649820821	21766	182	21766	0
PflaKGBDf	OZ251426.1	11970001	12000000	0.0076725167692731	21766	167	21766	0
PflaHELAf	OZ251426.1	11970001	12000000	0.0081319489111458	21766	177	21766	0
PflaKGBHm	OZ251426.1	11970001	12000000	0.0082238353395203	21766	179	21766	0
PflaKGBHm	OZ251426.1	12000001	12030000	0.0043005090398455	22788	98	22788	0
PflaHELEm	OZ251426.1	12000001	12030000	0.0073284184658592	22788	167	22788	0
PflaKGBDf	OZ251426.1	12000001	12030000	0.0068018255222046	22788	155	22788	0
PflaHELAf	OZ251426.1	12000001	12030000	0.0065824117956819	22788	150	22788	0
PflaKGBHm	OZ251426.1	12030001	12060000	0.0052152727549583	26269	137	26269	0
PflaHELEm	OZ251426.1	12030001	12060000	0.0054817465453576	26269	144	26269	0
PflaKGBDf	OZ251426.1	12030001	12060000	0.0071947923407819	26269	189	26269	0
PflaHELAf	OZ251426.1	12030001	12060000	0.0043777836994175	26269	115	26269	0
PflaHELAf	OZ251426.1	12060001	12090000	0.0022133343688114	25753	57	25753	0
PflaKGBHm	OZ251426.1	12060001	12090000	0.0047761425853298	25753	123	25753	0
PflaHELEm	OZ251426.1	12060001	12090000	0.0036888906146856	25753	95	25753	0
PflaKGBDf	OZ251426.1	12060001	12090000	0.0035335689045936	25753	91	25753	0
PflaHELEm	OZ251426.1	12090001	12120000	0.0102406820190258	19237	197	19237	0
PflaKGBHm	OZ251426.1	12090001	12120000	0.0046265010136715	19237	89	19237	0
PflaHELAf	OZ251426.1	12090001	12120000	0.0087331704527733	19237	168	19237	0
PflaKGBDf	OZ251426.1	12090001	12120000	0.0068097936268648	19237	131	19237	0
PflaHELAf	OZ251426.1	12120001	12150000	0.0066546582607825	19986	133	19986	0
PflaKGBDf	OZ251426.1	12120001	12150000	0.0061034047919293	19825	121	19825	161
PflaHELEm	OZ251426.1	12120001	12150000	0.0091063744621234	19986	182	19986	0
PflaKGBHm	OZ251426.1	12120001	12150000	0.0076553587511257	19986	153	19986	0
PflaKGBDf	OZ251426.1	12150001	12180000	0.0068806187534528	19911	137	19911	0
PflaHELEm	OZ251426.1	12150001	12180000	0.0066295012806991	19911	132	19911	0
PflaKGBHm	OZ251426.1	12150001	12180000	0.002927075447893	19815	58	19815	96
PflaHELAf	OZ251426.1	12150001	12180000	0.0048716789714228	19911	97	19911	0
PflaKGBHm	OZ251426.1	12180001	12210000	0.0057515337423312	13040	75	13040	0
PflaHELEm	OZ251426.1	12180001	12210000	0.0129601226993865	13040	169	13040	0
PflaKGBDf	OZ251426.1	12180001	12210000	0.0075920245398773	13040	99	13040	0
PflaHELAf	OZ251426.1	12180001	12210000	0.0014570552147239	13040	19	13040	0
PflaKGBDf	OZ251426.1	12210001	12240000	0.0071576568091919	10618	76	10618	0
PflaKGBHm	OZ251426.1	12210001	12240000	0.004897344132605	10618	52	10618	0
PflaHELEm	OZ251426.1	12210001	12240000	0.0066867583349029	10618	71	10618	0
PflaHELAf	OZ251426.1	12210001	12240000	0.0016010548125824	10618	17	10618	0
PflaKGBHm	OZ251426.1	12240001	12270000	0.0031031369893929	17724	55	17724	0
PflaHELEm	OZ251426.1	12240001	12270000	0.0078424734822839	17724	139	17724	0
PflaKGBDf	OZ251426.1	12240001	12270000	0.0056420672534416	17724	100	17724	0
PflaHELAf	OZ251426.1	12240001	12270000	0.006375535996389	17724	113	17724	0
PflaHELEm	OZ251426.1	12270001	12300000	0.0088746324512162	18705	166	18705	0
PflaHELAf	OZ251426.1	12270001	12300000	0.0032611601176156	18705	61	18705	0
PflaKGBDf	OZ251426.1	12270001	12300000	0.0065757818765036	18705	123	18705	0
PflaKGBHm	OZ251426.1	12270001	12300000	0.0053461641272387	18705	100	18705	0
PflaHELAf	OZ251426.1	12300001	12330000	0.0018955454681498	20047	38	20047	0
PflaKGBDf	OZ251426.1	12300001	12330000	0.0039906220382102	20047	80	20047	0
PflaHELEm	OZ251426.1	12300001	12330000	0.0077817129745099	20047	156	20047	0
PflaKGBHm	OZ251426.1	12300001	12330000	0.0048139604854076	19942	96	19942	105
PflaKGBHm	OZ251426.1	12330001	12360000	0.0042178900262332	19441	82	19441	0
PflaHELEm	OZ251426.1	12330001	12360000	0.0106990381153232	19441	208	19441	0
PflaKGBDf	OZ251426.1	12330001	12360000	0.0067703757300118	19349	131	19349	92
PflaHELAf	OZ251426.1	12330001	12360000	0.0080757162697392	19441	157	19441	0
PflaHELAf	OZ251426.1	12360001	12390000	0.0071046979126507	18157	129	18157	0
PflaKGBDf	OZ251426.1	12360001	12390000	0.0029740595913421	18157	54	18157	0
PflaHELEm	OZ251426.1	12360001	12390000	0.0091975546621137	18157	167	18157	0
PflaKGBHm	OZ251426.1	12360001	12390000	0.0042407886765434	18157	77	18157	0
PflaHELAf	OZ251426.1	12390001	12420000	0.0076489308246329	17911	137	17911	0
PflaKGBDf	OZ251426.1	12390001	12420000	0.0009491374015967	17911	17	17911	0
PflaHELEm	OZ251426.1	12390001	12420000	0.0089888895092401	17911	161	17911	0
PflaKGBHm	OZ251426.1	12390001	12420000	0.002289096086204	17911	41	17911	0
PflaKGBDf	OZ251426.1	12420001	12450000	0.0039165191265625	18639	73	18639	0
PflaHELEm	OZ251426.1	12420001	12450000	0.0078866892000643	18639	147	18639	0
PflaKGBHm	OZ251426.1	12420001	12450000	0.0028971511347175	18639	54	18639	0
PflaHELAf	OZ251426.1	12420001	12450000	0.0025752454530822	18639	48	18639	0
PflaKGBHm	OZ251426.1	12450001	12480000	0.0031033552217324	22234	69	22234	0
PflaHELEm	OZ251426.1	12450001	12480000	0.0061617342808311	22234	137	22234	0
PflaKGBDf	OZ251426.1	12450001	12480000	0.0019339749932535	22234	43	22234	0
PflaHELAf	OZ251426.1	12450001	12480000	0.0011708547239484	22206	26	22206	28
PflaKGBDf	OZ251426.1	12480001	12510000	0.0050598830192182	21542	109	21542	0
PflaKGBHm	OZ251426.1	12480001	12510000	0.0060347228669575	21542	130	21542	0
PflaHELAf	OZ251426.1	12480001	12510000	0.00524556679974	21542	113	21542	0
PflaHELEm	OZ251426.1	12480001	12510000	0.0071488255500882	21542	154	21542	0
PflaHELAf	OZ251426.1	12510001	12540000	0.0054022680596481	22398	121	22398	0
PflaKGBHm	OZ251426.1	12510001	12540000	0.0060719707116706	22398	136	22398	0
PflaHELEm	OZ251426.1	12510001	12540000	0.0073220823287793	22398	164	22398	0
PflaKGBDf	OZ251426.1	12510001	12540000	0.0008929368693633	22398	20	22398	0
PflaKGBHm	OZ251426.1	12540001	12570000	0.002228466233892	20642	46	20642	0
PflaHELEm	OZ251426.1	12540001	12570000	0.0073151826373413	20642	151	20642	0
PflaKGBDf	OZ251426.1	12540001	12570000	0.0055711655847301	20642	115	20642	0
PflaHELAf	OZ251426.1	12540001	12570000	0.0061040596841391	20642	126	20642	0
PflaHELEm	OZ251426.1	12570001	12600000	0.0067123225543108	22049	148	22049	0
PflaKGBDf	OZ251426.1	12570001	12600000	0.0063948478389042	22049	141	22049	0
PflaHELAf	OZ251426.1	12570001	12600000	0.0047621207310989	22049	105	22049	0
PflaKGBHm	OZ251426.1	12570001	12600000	0.0058052519388634	22049	128	22049	0
PflaHELEm	OZ251426.1	12600001	12630000	0.0064297506299417	23018	148	23018	0
PflaKGBHm	OZ251426.1	12600001	12630000	0.0053870883656269	23018	124	23018	0
PflaHELAf	OZ251426.1	12600001	12630000	0.0053870883656269	23018	124	23018	0
PflaKGBDf	OZ251426.1	12600001	12630000	0.0043878703623251	23018	101	23018	0
PflaHELAf	OZ251426.1	12630001	12660000	0.0056022408963585	18564	104	18564	0
PflaKGBHm	OZ251426.1	12630001	12660000	0.0050096961861667	18564	93	18564	0
PflaHELEm	OZ251426.1	12630001	12660000	0.0056022408963585	18564	104	18564	0
PflaKGBDf	OZ251426.1	12630001	12660000	0.0057638439991381	18564	107	18564	0
PflaHELEm	OZ251426.1	12660001	12690000	0.0036531791907514	21625	79	21625	0
PflaKGBHm	OZ251426.1	12660001	12690000	0.0038843930635838	21625	84	21625	0
PflaKGBDf	OZ251426.1	12660001	12690000	0.0044855491329479	21625	97	21625	0
PflaHELAf	OZ251426.1	12660001	12690000	0.0055953757225433	21625	121	21625	0
PflaKGBHm	OZ251426.1	12690001	12720000	0.0056761122996987	22903	130	22903	0
PflaHELEm	OZ251426.1	12690001	12720000	0.0065056979435008	22903	149	22903	0
PflaKGBDf	OZ251426.1	12690001	12720000	0.0069423219665546	22903	159	22903	0
PflaHELAf	OZ251426.1	12690001	12720000	0.0048465266558966	22903	111	22903	0
PflaKGBDf	OZ251426.1	12720001	12750000	0.0069738667466536	26671	186	26671	8
PflaHELAf	OZ251426.1	12720001	12750000	0.0070467408823419	26679	188	26679	0
PflaHELEm	OZ251426.1	12720001	12750000	0.0070842235466096	26679	189	26679	0
PflaKGBHm	OZ251426.1	12720001	12750000	0.0032296830404085	26628	86	26628	51
PflaKGBHm	OZ251426.1	12750001	12780000	0.0043554006968641	21812	95	21812	0
PflaHELEm	OZ251426.1	12750001	12780000	0.0047221712818631	21812	103	21812	0
PflaKGBDf	OZ251426.1	12750001	12780000	0.0031175499724922	21812	68	21812	0
PflaHELAf	OZ251426.1	12750001	12780000	0.0056849440674857	21812	124	21812	0
PflaHELEm	OZ251426.1	12780001	12810000	0.0011277589817947	24828	28	24828	10
PflaKGBDf	OZ251426.1	12780001	12810000	0.0014493920605523	24838	36	24838	0
PflaHELAf	OZ251426.1	12780001	12810000	0.0020130445285449	24838	50	24838	0
PflaKGBHm	OZ251426.1	12780001	12810000	0.0017312182945486	24838	43	24838	0
PflaHELAf	OZ251426.1	12810001	12840000	0.0047605484802864	24577	117	24577	0
PflaKGBHm	OZ251426.1	12810001	12840000	0.0029295682955608	24577	72	24577	0
PflaHELEm	OZ251426.1	12810001	12840000	0.0034585181267038	24577	85	24577	0
PflaKGBDf	OZ251426.1	12810001	12840000	0.0039467795092973	24577	97	24577	0
PflaKGBDf	OZ251426.1	12840001	12870000	0.0070453544693967	22710	160	22710	0
PflaHELAf	OZ251426.1	12840001	12870000	0.0038309114927344	22710	87	22710	0
PflaHELEm	OZ251426.1	12840001	12870000	0.0092910612065169	22710	211	22710	0
PflaKGBHm	OZ251426.1	12840001	12870000	0.0045354469396741	22710	103	22710	0
PflaKGBHm	OZ251426.1	12870001	12900000	0.0045408880851918	24885	113	24885	0
PflaHELAf	OZ251426.1	12870001	12900000	0.0037371910789632	24885	93	24885	0
PflaKGBDf	OZ251426.1	12870001	12900000	0.0033353425758489	24885	83	24885	0
PflaHELEm	OZ251426.1	12870001	12900000	0.0046212577858147	24885	115	24885	0
PflaHELAf	OZ251426.1	12900001	12930000	0.0050092150654505	21161	106	21161	0
PflaKGBDf	OZ251426.1	12900001	12930000	0.0024155733434376	21113	51	21113	48
PflaHELEm	OZ251426.1	12900001	12930000	0.00396956665564	21161	84	21161	0
PflaKGBHm	OZ251426.1	12900001	12930000	0.0010396484098105	21161	22	21161	0
PflaKGBDf	OZ251426.1	12930001	12960000	0.0024040161210492	14143	34	14143	0
PflaHELAf	OZ251426.1	12930001	12960000	0.0031817860425652	14143	45	14143	0
PflaHELEm	OZ251426.1	12930001	12960000	0.0031817860425652	14143	45	14143	0
PflaKGBHm	OZ251426.1	12930001	12960000	0.0024747224775507	14143	35	14143	0
PflaHELAf	OZ251426.1	12960001	12990000	0.0059989182278605	20337	122	20337	0
PflaKGBDf	OZ251426.1	12960001	12990000	0.0058022323843241	20337	118	20337	0
PflaHELEm	OZ251426.1	12960001	12990000	0.0065889757584697	20337	134	20337	0
PflaKGBHm	OZ251426.1	12960001	12990000	0.0056055465407877	20337	114	20337	0
PflaHELAf	OZ251426.1	12990001	13020000	0.005439082278481	20224	110	20224	0
PflaKGBDf	OZ251426.1	12990001	13020000	0.0031151107594936	20224	63	20224	0
PflaHELEm	OZ251426.1	12990001	13020000	0.0071202531645569	20224	144	20224	0
PflaKGBHm	OZ251426.1	12990001	13020000	0.0051424050632911	20224	104	20224	0
PflaKGBDf	OZ251426.1	13020001	13050000	0.0027346577656237	24866	68	24866	0
PflaHELAf	OZ251426.1	13020001	13050000	0.0049867288667256	24866	124	24866	0
PflaHELEm	OZ251426.1	13020001	13050000	0.0024129333226091	24866	60	24866	0
PflaKGBHm	OZ251426.1	13020001	13050000	0.0025335799887396	24866	63	24866	0
PflaKGBHm	OZ251426.1	13050001	13080000	0.0003951788184153	25305	10	25305	0
PflaHELAf	OZ251426.1	13050001	13080000	0.0025291444378581	25305	64	25305	0
PflaKGBDf	OZ251426.1	13050001	13080000	0.0002766251728907	25305	7	25305	0
PflaHELEm	OZ251426.1	13050001	13080000	0.0012250543370875	25305	31	25305	0
PflaHELEm	OZ251426.1	13080001	13110000	0.0057254336485856	23579	135	23579	0
PflaHELAf	OZ251426.1	13080001	13110000	0.0041138301030578	23579	97	23579	0
PflaKGBDf	OZ251426.1	13080001	13110000	0.0041562407226769	23579	98	23579	0
PflaKGBHm	OZ251426.1	13080001	13110000	0.0002969373038092	23574	7	23574	5
PflaHELAf	OZ251426.1	13110001	13140000	0.0035972840505418	22239	80	22239	0
PflaKGBDf	OZ251426.1	13110001	13140000	0.0028328611898017	22239	63	22239	0
PflaHELEm	OZ251426.1	13110001	13140000	0.0089330024813895	22165	198	22165	74
PflaKGBHm	OZ251426.1	13110001	13140000	0.0032375556454876	22239	72	22239	0
PflaHELAf	OZ251426.1	13140001	13170000	0.0042002497445794	17618	74	17618	0
PflaKGBDf	OZ251426.1	13140001	13170000	0.0052219321148825	17618	92	17618	0
PflaKGBHm	OZ251426.1	13140001	13170000	0.0022704052673402	17618	40	17618	0
PflaHELEm	OZ251426.1	13140001	13170000	0.0087978204109433	17618	155	17618	0
PflaHELAf	OZ251426.1	13170001	13200000	0.0081961614643808	14641	120	14641	0
PflaKGBDf	OZ251426.1	13170001	13200000	0.0069667372447237	14641	102	14641	0
PflaHELEm	OZ251426.1	13170001	13200000	0.0103135031760125	14641	151	14641	0
PflaKGBHm	OZ251426.1	13170001	13200000	0.0027320538214602	14641	40	14641	0
PflaHELEm	OZ251426.1	13200001	13230000	0.0059380922299431	7915	47	7915	0
PflaKGBHm	OZ251426.1	13200001	13230000	0.0037902716361339	7915	30	7915	0
PflaKGBDf	OZ251426.1	13200001	13230000	0.0056854074542008	7915	45	7915	0
PflaHELAf	OZ251426.1	13200001	13230000	0.0056854074542008	7915	45	7915	0
PflaHELAf	OZ251426.1	13230001	13260000	0.0050496642805615	18021	91	18021	0
PflaKGBDf	OZ251426.1	13230001	13260000	0.0059930081571499	18021	108	18021	0
PflaHELEm	OZ251426.1	13230001	13260000	0.0073802785638976	18021	133	18021	0
PflaKGBHm	OZ251426.1	13230001	13260000	0.0049941734642916	18021	90	18021	0
PflaKGBHm	OZ251426.1	13260001	13290000	0.00548534552299	18595	102	18595	0
PflaHELAf	OZ251426.1	13260001	13290000	0.0033880075289056	18595	63	18595	0
PflaKGBDf	OZ251426.1	13260001	13290000	0.0039795643990319	18595	74	18595	0
PflaHELEm	OZ251426.1	13260001	13290000	0.0082817961817692	18595	154	18595	0
PflaKGBHm	OZ251426.1	13290001	13320000	0.0041417395306028	19557	81	19557	0
PflaHELEm	OZ251426.1	13290001	13320000	0.0078744183668251	19557	154	19557	0
PflaKGBDf	OZ251426.1	13290001	13320000	0.004704197985376	19557	92	19557	0
PflaHELAf	OZ251426.1	13290001	13320000	0.0068517666308738	19557	134	19557	0
PflaKGBHm	OZ251426.1	13320001	13350000	0.0070429671665991	19736	139	19736	10
PflaHELAf	OZ251426.1	13320001	13350000	0.0049123873189506	19746	97	19746	0
PflaKGBDf	OZ251426.1	13320001	13350000	0.0055201053377899	19746	109	19746	0
PflaHELEm	OZ251426.1	13320001	13350000	0.0091664134508254	19746	181	19746	0
PflaHELEm	OZ251426.1	13350001	13380000	0.006994222164299	23019	161	23019	0
PflaKGBHm	OZ251426.1	13350001	13380000	0.0054737390851036	23019	126	23019	0
PflaHELAf	OZ251426.1	13350001	13380000	0.0049958729744993	23019	115	23019	0
PflaKGBDf	OZ251426.1	13350001	13380000	0.0048221034797341	23019	111	23019	0
PflaKGBHm	OZ251426.1	13380001	13410000	0.0055292259083728	17724	98	17724	0
PflaHELEm	OZ251426.1	13380001	13410000	0.0086887835703001	17724	154	17724	0
PflaHELAf	OZ251426.1	13380001	13410000	0.0047393364928909	17724	84	17724	0
PflaKGBDf	OZ251426.1	13380001	13410000	0.0060934326337169	17724	108	17724	0
PflaHELAf	OZ251426.1	13410001	13440000	0.0021921278254091	20528	45	20528	0
PflaKGBDf	OZ251426.1	13410001	13440000	0.005066250974279	20528	104	20528	0
PflaHELEm	OZ251426.1	13410001	13440000	0.006478955572876	20528	133	20528	0
PflaKGBHm	OZ251426.1	13410001	13440000	0.003848402182385	20528	79	20528	0
PflaHELAf	OZ251426.1	13440001	13470000	0.000612831754113	21213	13	21213	0
PflaKGBDf	OZ251426.1	13440001	13470000	0.0010855201057202	21188	23	21188	25
PflaHELEm	OZ251426.1	13440001	13470000	0.0057040494036675	21213	121	21213	0
PflaKGBHm	OZ251426.1	13440001	13470000	0.003488426908028	21213	74	21213	0
PflaHELAf	OZ251426.1	13470001	13500000	0.0041112917104885	20918	86	20918	0
PflaKGBDf	OZ251426.1	13470001	13500000	0.0008130859001339	20908	17	20908	10
PflaHELEm	OZ251426.1	13470001	13500000	0.0064059661535519	20918	134	20918	0
PflaKGBHm	OZ251426.1	13470001	13500000	0.0042069031456162	20918	88	20918	0
PflaKGBDf	OZ251426.1	13500001	13530000	0.0050552498546056	22353	113	22353	32
PflaKGBHm	OZ251426.1	13500001	13530000	0.0066115702479338	22385	148	22385	0
PflaHELAf	OZ251426.1	13500001	13530000	4.467277194549922e-05	22385	1	22385	0
PflaHELEm	OZ251426.1	13500001	13530000	0.0060308242126423	22385	135	22385	0
PflaHELAf	OZ251426.1	13530001	13560000	0.0016448099577683	22495	37	22495	76
PflaHELEm	OZ251426.1	13530001	13560000	0.0030127154313056	22571	68	22571	0
PflaKGBDf	OZ251426.1	13530001	13560000	0.0029241061539143	22571	66	22571	0
PflaKGBHm	OZ251426.1	13530001	13560000	0.0041203313986974	22571	93	22571	0
PflaKGBHm	OZ251426.1	13560001	13590000	0.0030168079298951	20883	63	20883	0
PflaKGBDf	OZ251426.1	13560001	13590000	0.0031604654503663	20883	66	20883	0
PflaHELEm	OZ251426.1	13560001	13590000	0.0024421778480103	20883	51	20883	0
PflaHELAf	OZ251426.1	13560001	13590000	0.0018219302871937	20857	38	20857	26
PflaHELAf	OZ251426.1	13590001	13620000	0.0041799103060913	22967	96	22967	0
PflaKGBDf	OZ251426.1	13590001	13620000	0.004441154700222	22967	102	22967	0
PflaHELEm	OZ251426.1	13590001	13620000	0.0019157922236252	22967	44	22967	0
PflaKGBHm	OZ251426.1	13590001	13620000	0.0012191405059433	22967	28	22967	0
PflaHELAf	OZ251426.1	13620001	13650000	0.006149311378767	19677	121	19677	0
PflaHELEm	OZ251426.1	13620001	13650000	0.0046246887228744	19677	91	19677	0
PflaKGBHm	OZ251426.1	13620001	13650000	0.0014229811454998	19677	28	19677	0
PflaKGBDf	OZ251426.1	13620001	13650000	0.0051328962748386	19677	101	19677	0
PflaHELAf	OZ251426.1	13650001	13680000	0.0025182354984369	23032	58	23032	0
PflaKGBDf	OZ251426.1	13650001	13680000	0.0040378603681833	23032	93	23032	0
PflaHELEm	OZ251426.1	13650001	13680000	0.0056009030913511	23032	129	23032	0
PflaKGBHm	OZ251426.1	13650001	13680000	0.0043417853421326	23032	100	23032	0
PflaHELAf	OZ251426.1	13680001	13710000	0.0046946107784431	20875	98	20875	0
PflaHELEm	OZ251426.1	13680001	13710000	0.0032574850299401	20875	68	20875	0
PflaKGBDf	OZ251426.1	13680001	13710000	0.0014371257485029	20875	30	20875	0
PflaKGBHm	OZ251426.1	13680001	13710000	0.0044550898203592	20875	93	20875	0
PflaHELAf	OZ251426.1	13710001	13740000	0.0066598635802137	18619	124	18619	0
PflaKGBDf	OZ251426.1	13710001	13740000	0.0052097319941994	18619	97	18619	0
PflaHELEm	OZ251426.1	13710001	13740000	0.0055319834577582	18619	103	18619	0
PflaKGBHm	OZ251426.1	13710001	13740000	0.0041540785498489	18536	77	18536	83
PflaHELAf	OZ251426.1	13740001	13770000	0.0046194580587009	17751	82	17751	0
PflaKGBDf	OZ251426.1	13740001	13770000	0.0015210410681088	17751	27	17751	0
PflaHELEm	OZ251426.1	13740001	13770000	0.0043377837868289	17751	77	17751	0
PflaKGBHm	OZ251426.1	13740001	13770000	0.0045631232043265	17751	81	17751	0
PflaHELAf	OZ251426.1	13770001	13800000	0.0025205158264947	17060	43	17060	0
PflaKGBDf	OZ251426.1	13770001	13800000	0.0014067995310668	17060	24	17060	0
PflaHELEm	OZ251426.1	13770001	13800000	0.0011137162954279	17060	19	17060	0
PflaKGBHm	OZ251426.1	13770001	13800000	0.0045720984759671	17060	78	17060	0
PflaKGBDf	OZ251426.1	13800001	13830000	0.0019316293068595	22261	43	22261	0
PflaHELAf	OZ251426.1	13800001	13830000	0.0014824131889852	22261	33	22261	0
PflaHELEm	OZ251426.1	13800001	13830000	0.0006738241768114	22261	15	22261	0
PflaKGBHm	OZ251426.1	13800001	13830000	0.0046718476258928	22261	104	22261	0
PflaKGBHm	OZ251426.1	13830001	13860000	0.0029621447936539	19918	59	19918	0
PflaHELEm	OZ251426.1	13830001	13860000	0.0057240409720827	19916	114	19916	2
PflaKGBDf	OZ251426.1	13830001	13860000	0.0052214077718646	19918	104	19918	0
PflaHELAf	OZ251426.1	13830001	13860000	0.0007530876594035	19918	15	19918	0
PflaKGBHm	OZ251426.1	13860001	13890000	0.0066512947853848	22552	150	22552	0
PflaHELEm	OZ251426.1	13860001	13890000	0.0076268180205746	22552	172	22552	0
PflaKGBDf	OZ251426.1	13860001	13890000	0.0009311812699538	22552	21	22552	0
PflaHELAf	OZ251426.1	13860001	13890000	0.0052146008824709	22437	117	22437	115
PflaHELAf	OZ251426.1	13890001	13920000	0.0035972801052862	22795	82	22795	0
PflaHELEm	OZ251426.1	13890001	13920000	0.0055275279666593	22795	126	22795	0
PflaKGBHm	OZ251426.1	13890001	13920000	0.0042553191489361	22795	97	22795	0
PflaKGBDf	OZ251426.1	13890001	13920000	0.0036850186444395	22795	84	22795	0
PflaKGBDf	OZ251426.1	13920001	13950000	0.0032452480296708	23727	77	23727	0
PflaHELAf	OZ251426.1	13920001	13950000	0.0062407758802445	23715	148	23715	12
PflaHELEm	OZ251426.1	13920001	13950000	0.0055211362582711	23727	131	23727	0
PflaKGBHm	OZ251426.1	13920001	13950000	0.0043410460656635	23727	103	23727	0
PflaKGBHm	OZ251426.1	13950001	13980000	0.0032008164401354	21557	69	21557	0
PflaHELEm	OZ251426.1	13950001	13980000	0.0039894233891543	21557	86	21557	0
PflaKGBDf	OZ251426.1	13950001	13980000	0.0034327596604351	21557	74	21557	0
PflaHELAf	OZ251426.1	13950001	13980000	0.0027369299995361	21557	59	21557	0
PflaHELEm	OZ251426.1	13980001	14010000	0.0076704096156887	25292	194	25292	0
PflaKGBHm	OZ251426.1	13980001	14010000	0.0049818124308081	25292	126	25292	0
PflaKGBDf	OZ251426.1	13980001	14010000	0.0058121145026095	25292	147	25292	0
PflaHELAf	OZ251426.1	13980001	14010000	0.003004902736043	25292	76	25292	0
PflaHELAf	OZ251426.1	14010001	14040000	0.0044497417560588	25170	112	25170	0
PflaKGBDf	OZ251426.1	14010001	14040000	0.0069129916567342	25170	174	25170	0
PflaHELEm	OZ251426.1	14010001	14040000	0.0096940802542709	25170	244	25170	0
PflaKGBHm	OZ251426.1	14010001	14040000	0.0072705601907032	25170	183	25170	0
PflaKGBDf	OZ251426.1	14040001	14070000	0.0047169811320754	25016	118	25016	0
PflaHELAf	OZ251426.1	14040001	14070000	0.005126356682286	24969	128	24969	47
PflaHELEm	OZ251426.1	14040001	14070000	0.0055964182922929	25016	140	25016	0
PflaKGBHm	OZ251426.1	14040001	14070000	0.0018388231531819	25016	46	25016	0
PflaKGBHm	OZ251426.1	14070001	14100000	0.0048667102491465	27534	134	27534	0
PflaHELEm	OZ251426.1	14070001	14100000	0.0066826469092758	27534	184	27534	0
PflaKGBDf	OZ251426.1	14070001	14100000	0.0026149487905861	27534	72	27534	0
PflaHELAf	OZ251426.1	14070001	14100000	0.0061741846444396	27534	170	27534	0
PflaKGBHm	OZ251426.1	14100001	14130000	0.0013214528430114	26486	35	26486	0
PflaHELEm	OZ251426.1	14100001	14130000	0.0051347881899871	26486	136	26486	0
PflaKGBDf	OZ251426.1	14100001	14130000	0.0032092426187419	26486	85	26486	0
PflaHELAf	OZ251426.1	14100001	14130000	0.0031337310277127	26486	83	26486	0
PflaKGBHm	OZ251426.1	14130001	14160000	0.0001139081899988	26337	3	26337	0
PflaHELEm	OZ251426.1	14130001	14160000	0.0047082051866195	26337	124	26337	0
PflaKGBDf	OZ251426.1	14130001	14160000	0.0002278163799977	26337	6	26337	0
PflaHELAf	OZ251426.1	14130001	14160000	0.0045563275999544	26337	120	26337	0
PflaKGBHm	OZ251426.1	14160001	14190000	8.65838347980432e-05	23099	2	23099	0
PflaHELAf	OZ251426.1	14160001	14190000	0.0039395644833109	23099	91	23099	0
PflaHELEm	OZ251426.1	14160001	14190000	0.0051084462530845	23099	118	23099	0
PflaKGBDf	OZ251426.1	14160001	14190000	0.0009957141001774	23099	23	23099	0
PflaKGBDf	OZ251426.1	14190001	14220000	0.0026877133105802	23440	63	23440	0
PflaHELEm	OZ251426.1	14190001	14220000	0.0061433447098976	23440	144	23440	0
PflaHELAf	OZ251426.1	14190001	14220000	0.0043941979522184	23440	103	23440	0
PflaKGBHm	OZ251426.1	14190001	14220000	0.0024043621999914	23291	56	23291	149
PflaHELAf	OZ251426.1	14220001	14250000	0.0035900913478798	25069	90	25069	0
PflaKGBDf	OZ251426.1	14220001	14250000	0.0053053572140891	25069	133	25069	0
PflaHELEm	OZ251426.1	14220001	14250000	0.0061031552913957	25069	153	25069	0
PflaKGBHm	OZ251426.1	14220001	14250000	0.0032310822130918	25069	81	25069	0
PflaKGBHm	OZ251426.1	14250001	14280000	0.003168394289067	25565	81	25565	0
PflaHELEm	OZ251426.1	14250001	14280000	0.0063367885781341	25565	162	25565	0
PflaKGBDf	OZ251426.1	14250001	14280000	0.0036377860355955	25565	93	25565	0
PflaHELAf	OZ251426.1	14250001	14280000	0.0053197731273225	25565	136	25565	0
PflaKGBDf	OZ251426.1	14280001	14310000	0.0038058252427184	25750	98	25750	0
PflaHELEm	OZ251426.1	14280001	14310000	0.0066407766990291	25750	171	25750	0
PflaKGBHm	OZ251426.1	14280001	14310000	0.0004271844660194	25750	11	25750	0
PflaHELAf	OZ251426.1	14280001	14310000	0.0037669902912621	25750	97	25750	0
PflaKGBHm	OZ251426.1	14310001	14340000	0.0001436162573603	27852	4	27852	0
PflaHELAf	OZ251426.1	14310001	14340000	0.0014720666379434	27852	41	27852	0
PflaKGBDf	OZ251426.1	14310001	14340000	0.0002872325147206	27852	8	27852	0
PflaHELEm	OZ251426.1	14310001	14340000	0.0030159414045669	27852	84	27852	0
PflaHELAf	OZ251426.1	14340001	14370000	0.0018982258888807	27394	52	27394	0
PflaKGBDf	OZ251426.1	14340001	14370000	0.0030298605534058	27394	83	27394	0
PflaHELEm	OZ251426.1	14340001	14370000	0.0041614952179309	27394	114	27394	0
PflaKGBHm	OZ251426.1	14340001	14370000	0.0022632693290501	27394	62	27394	0
PflaKGBHm	OZ251426.1	14370001	14400000	0.0043414120126448	23725	103	23725	0
PflaHELEm	OZ251426.1	14370001	14400000	0.0073340358271865	23725	174	23725	0
PflaKGBDf	OZ251426.1	14370001	14400000	0.0046786090621707	23725	111	23725	0
PflaHELAf	OZ251426.1	14370001	14400000	0.0064488935721812	23725	153	23725	0
PflaKGBDf	OZ251426.1	14400001	14430000	0.001751505199781	27405	48	27405	0
PflaHELEm	OZ251426.1	14400001	14430000	0.0040503557744937	27405	111	27405	0
PflaHELAf	OZ251426.1	14400001	14430000	0.0031016237912789	27405	85	27405	0
PflaKGBHm	OZ251426.1	14400001	14430000	0.0031746031746031	27405	87	27405	0
PflaHELAf	OZ251426.1	14430001	14460000	0.0037648054145516	23640	89	23640	0
PflaKGBDf	OZ251426.1	14430001	14460000	0.0036802030456852	23640	87	23640	0
PflaHELEm	OZ251426.1	14430001	14460000	0.0033840947546531	23640	80	23640	0
PflaKGBHm	OZ251426.1	14430001	14460000	0.0033840947546531	23640	80	23640	0
PflaHELEm	OZ251426.1	14460001	14490000	0.0043547110055423	20208	88	20208	0
PflaKGBHm	OZ251426.1	14460001	14490000	0.0026227236737925	20208	53	20208	0
PflaHELAf	OZ251426.1	14460001	14490000	0.0033650039588281	20208	68	20208	0
PflaKGBDf	OZ251426.1	14460001	14490000	0.0009897070467141	20208	20	20208	0
PflaHELAf	OZ251426.1	14490001	14520000	0.0054373522458628	21150	115	21150	5
PflaHELEm	OZ251426.1	14490001	14520000	0.0065705506972346	21155	139	21155	0
PflaKGBDf	OZ251426.1	14490001	14520000	0.0049633656346017	21155	105	21155	0
PflaKGBHm	OZ251426.1	14490001	14520000	0.0010872134247222	21155	23	21155	0
PflaKGBHm	OZ251426.1	14520001	14550000	0.004737355440992	21531	102	21531	0
PflaHELEm	OZ251426.1	14520001	14550000	0.0058520273094607	21531	126	21531	0
PflaKGBDf	OZ251426.1	14520001	14550000	0.0049231340857368	21531	106	21531	0
PflaHELAf	OZ251426.1	14520001	14550000	0.0010217825460963	21531	22	21531	0
PflaHELEm	OZ251426.1	14550001	14580000	0.0067696017063105	21567	146	21567	0
PflaKGBDf	OZ251426.1	14550001	14580000	0.003245699448231	21567	70	21567	0
PflaHELAf	OZ251426.1	14550001	14580000	0.005656790466917	21567	122	21567	0
PflaKGBHm	OZ251426.1	14550001	14580000	0.0040339407428015	21567	87	21567	0
PflaKGBHm	OZ251426.1	14580001	14610000	0.0039159202412566	22217	87	22217	0
PflaHELEm	OZ251426.1	14580001	14610000	0.0076517981725705	22217	170	22217	0
PflaKGBDf	OZ251426.1	14580001	14610000	0.0058513750731421	22217	130	22217	0
PflaHELAf	OZ251426.1	14580001	14610000	0.0054912904532565	22217	122	22217	0
PflaHELAf	OZ251426.1	14610001	14640000	0.005595026642984	22520	126	22520	0
PflaKGBDf	OZ251426.1	14610001	14640000	0.0040852575488454	22520	92	22520	0
PflaHELEm	OZ251426.1	14610001	14640000	0.0081705150976909	22520	184	22520	0
PflaKGBHm	OZ251426.1	14610001	14640000	0.0039076376554174	22520	88	22520	0
PflaKGBHm	OZ251426.1	14640001	14670000	0.0050209590492422	21709	109	21709	0
PflaHELAf	OZ251426.1	14640001	14670000	0.0049288313602653	21709	107	21709	0
PflaKGBDf	OZ251426.1	14640001	14670000	0.003500852181123	21709	76	21709	0
PflaHELEm	OZ251426.1	14640001	14670000	0.0049288313602653	21709	107	21709	0
PflaKGBDf	OZ251426.1	14670001	14700000	0.0026852569067906	19365	52	19365	0
PflaHELEm	OZ251426.1	14670001	14700000	0.0047508391427833	19365	92	19365	0
PflaKGBHm	OZ251426.1	14670001	14700000	0.0042860831396849	19365	83	19365	0
PflaHELAf	OZ251426.1	14670001	14700000	0.0046991995868835	19365	91	19365	0
PflaKGBHm	OZ251426.1	14700001	14730000	0.0031853896793374	23545	75	23545	0
PflaHELEm	OZ251426.1	14700001	14730000	0.0058611170099808	23545	138	23545	0
PflaKGBDf	OZ251426.1	14700001	14730000	0.0025907836058611	23545	61	23545	0
PflaHELAf	OZ251426.1	14700001	14730000	0.0027181991930346	23545	64	23545	0
PflaHELEm	OZ251426.1	14730001	14760000	0.0058272208638956	24540	143	24540	0
PflaKGBHm	OZ251426.1	14730001	14760000	0.0061124694376528	24540	150	24540	0
PflaHELAf	OZ251426.1	14730001	14760000	0.004563977180114	24540	112	24540	0
PflaKGBDf	OZ251426.1	14730001	14760000	0.0064792176039119	24540	159	24540	0
PflaHELAf	OZ251426.1	14760001	14790000	0.0043490404181462	25063	109	25063	0
PflaKGBDf	OZ251426.1	14760001	14790000	0.0037106491641064	25063	93	25063	0
PflaHELEm	OZ251426.1	14760001	14790000	0.0052667278458285	25063	132	25063	0
PflaKGBHm	OZ251426.1	14760001	14790000	0.0017954754019869	25063	45	25063	0
PflaKGBHm	OZ251426.1	14790001	14820000	0.0038064563355537	27322	104	27322	0
PflaHELEm	OZ251426.1	14790001	14820000	0.0051972769196984	27322	142	27322	0
PflaHELAf	OZ251426.1	14790001	14820000	0.0031476465851694	27322	86	27322	0
PflaKGBDf	OZ251426.1	14790001	14820000	0.0031842471268574	27322	87	27322	0
PflaHELAf	OZ251426.1	14820001	14850000	0.0027984690728013	24299	68	24299	0
PflaKGBDf	OZ251426.1	14820001	14850000	0.0026338532449895	24299	64	24299	0
PflaHELEm	OZ251426.1	14820001	14850000	0.0038273179966253	24299	93	24299	0
PflaKGBHm	OZ251426.1	14820001	14850000	0.0026750072019424	24299	65	24299	0
PflaHELAf	OZ251426.1	14850001	14880000	0.0023921401110636	23410	56	23410	0
PflaKGBDf	OZ251426.1	14850001	14880000	0.0047415634344297	23410	111	23410	0
PflaHELEm	OZ251426.1	14850001	14880000	0.0056386159760785	23410	132	23410	0
PflaKGBHm	OZ251426.1	14850001	14880000	0.0043571123451516	23410	102	23410	0
PflaKGBHm	OZ251426.1	14880001	14910000	0.0032285669830402	25708	83	25708	0
PflaHELEm	OZ251426.1	14880001	14910000	0.0064960323634666	25708	167	25708	0
PflaHELAf	OZ251426.1	14880001	14910000	0.0043566205072351	25708	112	25708	0
PflaKGBDf	OZ251426.1	14880001	14910000	0.0036953477516726	25708	95	25708	0
PflaKGBHm	OZ251426.1	14910001	14940000	0.0007392007392007	21645	16	21645	0
PflaHELEm	OZ251426.1	14910001	14940000	0.0013398013398013	21645	29	21645	0
PflaKGBDf	OZ251426.1	14910001	14940000	0.0056826056826056	21645	123	21645	0
PflaHELAf	OZ251426.1	14910001	14940000	0.0023100023100023	21645	50	21645	0
PflaKGBDf	OZ251426.1	14940001	14970000	0.0044987475077961	19561	88	19561	0
PflaHELAf	OZ251426.1	14940001	14970000	0.0033229385000766	19561	65	19561	0
PflaKGBHm	OZ251426.1	14940001	14970000	0.0016359081846531	19561	32	19561	0
PflaHELEm	OZ251426.1	14940001	14970000	0.0020448852308164	19561	40	19561	0
PflaHELEm	OZ251426.1	14970001	15000000	0.0013770834322617	21059	29	21059	0
PflaKGBHm	OZ251426.1	14970001	15000000	0.0041312502967852	21059	87	21059	0
PflaHELAf	OZ251426.1	14970001	15000000	0.0031828978622327	21050	67	21050	9
PflaKGBDf	OZ251426.1	14970001	15000000	0.0031815375848805	21059	67	21059	0
PflaHELAf	OZ251426.1	15000001	15030000	0.0005580876197563	21502	12	21502	0
PflaKGBDf	OZ251426.1	15000001	15030000	0.0026509161938424	21502	57	21502	0
PflaHELEm	OZ251426.1	15000001	15030000	0.0003720584131708	21502	8	21502	0
PflaKGBHm	OZ251426.1	15000001	15030000	0.0053483396893312	21502	115	21502	0
PflaHELEm	OZ251426.1	15030001	15060000	0.0015635858234885	23024	36	23024	0
PflaKGBHm	OZ251426.1	15030001	15060000	0.0012161223071577	23024	28	23024	0
PflaHELAf	OZ251426.1	15030001	15060000	0.001997915218902	23024	46	23024	0
PflaKGBDf	OZ251426.1	15030001	15060000	0.0027797081306462	23024	64	23024	0
PflaHELAf	OZ251426.1	15060001	15090000	0.0022472862957937	23584	53	23584	0
PflaKGBDf	OZ251426.1	15060001	15090000	0.000975237449118	23584	23	23584	0
PflaHELEm	OZ251426.1	15060001	15090000	0.0017808683853459	23584	42	23584	0
PflaKGBHm	OZ251426.1	15060001	15090000	0.0020776797829036	23584	49	23584	0
PflaHELAf	OZ251426.1	15090001	15120000	0.0020293122886133	26610	54	26610	0
PflaKGBDf	OZ251426.1	15090001	15120000	0.0009770762871101	26610	26	26610	0
PflaHELEm	OZ251426.1	15090001	15120000	0.0012401352874859	26610	33	26610	0
PflaKGBHm	OZ251426.1	15090001	15120000	0.0016535137166478	26610	44	26610	0
PflaKGBHm	OZ251426.1	15120001	15150000	0.0038574294090418	25924	100	25924	0
PflaHELEm	OZ251426.1	15120001	15150000	0.0027002005863292	25924	70	25924	0
PflaKGBDf	OZ251426.1	15120001	15150000	0.003510260762228	25924	91	25924	0
PflaHELAf	OZ251426.1	15120001	15150000	0.0041660237617651	25924	108	25924	0
PflaHELAf	OZ251426.1	15150001	15180000	0.0041100221308883	28467	117	28467	0
PflaKGBDf	OZ251426.1	15150001	15180000	0.0013348789826817	28467	38	28467	0
PflaHELEm	OZ251426.1	15150001	15180000	0.0039343801594829	28467	112	28467	0
PflaKGBHm	OZ251426.1	15150001	15180000	0.0034425826395475	28467	98	28467	0
PflaHELEm	OZ251426.1	15180001	15210000	0.002771925934139	27057	75	27057	0
PflaKGBHm	OZ251426.1	15180001	15210000	0.00099789333629	27057	27	27057	0
PflaHELAf	OZ251426.1	15180001	15210000	0.0021436227224008	27057	58	27057	0
PflaKGBDf	OZ251426.1	15180001	15210000	0.00099789333629	27057	27	27057	0
PflaKGBDf	OZ251426.1	15210001	15240000	0.0004169825625473	26380	11	26380	0
PflaHELEm	OZ251426.1	15210001	15240000	0.002426080363912	26380	64	26380	0
PflaHELAf	OZ251426.1	15210001	15240000	0.0024639878695981	26380	65	26380	0
PflaKGBHm	OZ251426.1	15210001	15240000	0.0002653525398028	26380	7	26380	0
PflaKGBHm	OZ251426.1	15240001	15270000	0.0016290866007627	27009	44	27009	0
PflaHELAf	OZ251426.1	15240001	15270000	0.001221814950572	27009	33	27009	0
PflaKGBDf	OZ251426.1	15240001	15270000	0.0018512347735939	27009	50	27009	0
PflaHELEm	OZ251426.1	15240001	15270000	0.002443629901144	27009	66	27009	0
PflaKGBHm	OZ251426.1	15270001	15300000	0.0043974749982268	28198	124	28198	0
PflaKGBDf	OZ251426.1	15270001	15300000	0.0032981062486701	28198	93	28198	0
PflaHELEm	OZ251426.1	15270001	15300000	0.0046811830626285	28198	132	28198	0
PflaHELAf	OZ251426.1	15270001	15300000	0.0022342010071636	28198	63	28198	0
PflaKGBHm	OZ251426.1	15300001	15330000	0.0014997115939242	26005	39	26005	0
PflaHELEm	OZ251426.1	15300001	15330000	0.0032686021918861	26005	85	26005	0
PflaKGBDf	OZ251426.1	15300001	15330000	0.0031916939050182	26005	83	26005	0
PflaHELAf	OZ251426.1	15300001	15330000	0.000845991155547	26005	22	26005	0
PflaKGBHm	OZ251426.1	15330001	15360000	0.002038895859473	25504	52	25504	0
PflaHELEm	OZ251426.1	15330001	15360000	0.0045875156838143	25504	117	25504	0
PflaKGBDf	OZ251426.1	15330001	15360000	0.0025878293601003	25504	66	25504	0
PflaHELAf	OZ251426.1	15330001	15360000	0.0038817440401505	25504	99	25504	0
PflaKGBHm	OZ251426.1	15360001	15390000	0.0040179405718557	21404	86	21404	0
PflaHELEm	OZ251426.1	15360001	15390000	0.0057933096617454	21404	124	21404	0
PflaKGBDf	OZ251426.1	15360001	15390000	0.0025228929172117	21404	54	21404	0
PflaHELAf	OZ251426.1	15360001	15390000	0.0063539525322369	21404	136	21404	0
PflaKGBDf	OZ251426.1	15390001	15420000	0.000632172729041	20564	13	20564	0
PflaHELAf	OZ251426.1	15390001	15420000	0.0019451468585878	20564	40	20564	0
PflaHELEm	OZ251426.1	15390001	15420000	0.0019451468585878	20564	40	20564	0
PflaKGBHm	OZ251426.1	15390001	15420000	0.0015561174868702	20564	32	20564	0
PflaKGBHm	OZ251426.1	15420001	15450000	0.0028756021959144	26777	77	26777	0
PflaHELEm	OZ251426.1	15420001	15450000	0.0040333121708929	26777	108	26777	0
PflaKGBDf	OZ251426.1	15420001	15450000	0.0022407289838294	26777	60	26777	0
PflaHELAf	OZ251426.1	15420001	15450000	0.0015311648056167	26777	41	26777	0
PflaKGBHm	OZ251426.1	15450001	15480000	0.0021416737382308	24747	53	24747	0
PflaHELEm	OZ251426.1	15450001	15480000	0.0035963955226896	24747	89	24747	0
PflaKGBDf	OZ251426.1	15450001	15480000	0.0014547217844587	24747	36	24747	0
PflaHELAf	OZ251426.1	15450001	15480000	0.0033539418919464	24747	83	24747	0
PflaKGBHm	OZ251426.1	15480001	15510000	0.003063063063063	22200	68	22200	0
PflaKGBDf	OZ251426.1	15480001	15510000	0.0025675675675675	22200	57	22200	0
PflaHELAf	OZ251426.1	15480001	15510000	0.002568145978824	22195	57	22195	5
PflaHELEm	OZ251426.1	15480001	15510000	0.0035135135135135	22200	78	22200	0
PflaHELAf	OZ251426.1	15510001	15540000	0.0025760104491691	27562	71	27562	0
PflaKGBDf	OZ251426.1	15510001	15540000	0.0002176910238734	27562	6	27562	0
PflaHELEm	OZ251426.1	15510001	15540000	0.0032653653581017	27562	90	27562	0
PflaKGBHm	OZ251426.1	15510001	15540000	0.0034830563819751	27562	96	27562	0
PflaHELAf	OZ251426.1	15540001	15570000	0.004539091333305	23573	107	23573	0
PflaKGBDf	OZ251426.1	15540001	15570000	0.0007635854579391	23573	18	23573	0
PflaHELEm	OZ251426.1	15540001	15570000	0.0036906630467059	23573	87	23573	0
PflaKGBHm	OZ251426.1	15540001	15570000	8.484282865990752e-05	23573	2	23573	0
PflaKGBHm	OZ251426.1	15570001	15600000	0.0019581734158377	25534	50	25534	0
PflaHELEm	OZ251426.1	15570001	15600000	0.0020365003524712	25534	52	25534	0
PflaKGBDf	OZ251426.1	15570001	15600000	0.0013315579227696	25534	34	25534	0
PflaHELAf	OZ251426.1	15570001	15600000	0.0022323176940549	25534	57	25534	0
PflaKGBHm	OZ251426.1	15600001	15630000	0.0012417369708922	27381	34	27381	0
PflaHELEm	OZ251426.1	15600001	15630000	0.0027391256710857	27381	75	27381	0
PflaKGBDf	OZ251426.1	15600001	15630000	0.0013147803221211	27381	36	27381	0
PflaHELAf	OZ251426.1	15600001	15630000	0.0025930389686278	27381	71	27381	0
PflaKGBHm	OZ251426.1	15630001	15660000	0.001547127895906	25208	39	25208	0
PflaKGBDf	OZ251426.1	15630001	15660000	0.0013884481117105	25208	35	25208	0
PflaHELAf	OZ251426.1	15630001	15660000	0.0022215169787369	25208	56	25208	0
PflaHELEm	OZ251426.1	15630001	15660000	0.0020231672484925	25208	51	25208	0
PflaKGBHm	OZ251426.1	15660001	15690000	0.0021545796277619	21814	47	21814	0
PflaHELEm	OZ251426.1	15660001	15690000	0.0020628953882827	21814	45	21814	0
PflaKGBDf	OZ251426.1	15660001	15690000	0.001787842669845	21814	39	21814	0
PflaHELAf	OZ251426.1	15660001	15690000	0.0015586320711469	21814	34	21814	0
PflaKGBDf	OZ251426.1	15690001	15720000	0.0027073857483214	27702	75	27702	0
PflaHELEm	OZ251426.1	15690001	15720000	0.0014800375424157	27702	41	27702	0
PflaHELAf	OZ251426.1	15690001	15720000	0.0025268933650999	27702	70	27702	0
PflaKGBHm	OZ251426.1	15690001	15720000	0.0024907948884557	27702	69	27702	0
PflaHELAf	OZ251426.1	15720001	15750000	0.0039105915284238	24293	95	24293	0
PflaKGBDf	OZ251426.1	15720001	15750000	0.003128473222739	24293	76	24293	0
PflaHELEm	OZ251426.1	15720001	15750000	0.0034577861935536	24293	84	24293	0
PflaKGBHm	OZ251426.1	15720001	15750000	0.0032108014654427	24293	78	24293	0
PflaKGBDf	OZ251426.1	15750001	15780000	0.0032280759839423	24163	78	24163	0
PflaHELAf	OZ251426.1	15750001	15780000	0.000289699126764	24163	7	24163	0
PflaKGBHm	OZ251426.1	15750001	15780000	0.002979762446716	24163	72	24163	0
PflaHELEm	OZ251426.1	15750001	15780000	0.0023593691791878	24159	57	24159	4
PflaKGBHm	OZ251426.1	15780001	15810000	0.0015429046168453	25277	39	25277	0
PflaHELEm	OZ251426.1	15780001	15810000	0.0002373699410531	25277	6	25277	0
PflaKGBDf	OZ251426.1	15780001	15810000	0.0009499683343888	25264	24	25264	13
PflaHELAf	OZ251426.1	15780001	15810000	0.0001582466273687	25277	4	25277	0
PflaHELAf	OZ251426.1	15810001	15840000	0.0008275343238668	26585	22	26585	0
PflaKGBDf	OZ251426.1	15810001	15840000	0.00188075982697	26585	50	26585	0
PflaHELEm	OZ251426.1	15810001	15840000	0.0036110588677825	26585	96	26585	0
PflaKGBHm	OZ251426.1	15810001	15840000	0.001128455896182	26585	30	26585	0
PflaHELEm	OZ251426.1	15840001	15870000	0.0039958899417741	26277	105	26277	0
PflaKGBHm	OZ251426.1	15840001	15870000	0.0029303192906343	26277	77	26277	0
PflaHELAf	OZ251426.1	15840001	15870000	0.0023594778703809	26277	62	26277	0
PflaKGBDf	OZ251426.1	15840001	15870000	0.0026258705331658	26277	69	26277	0
PflaHELAf	OZ251426.1	15870001	15900000	0.0013336608991682	28493	38	28493	0
PflaKGBDf	OZ251426.1	15870001	15900000	0.0006668304495841	28493	19	28493	0
PflaHELEm	OZ251426.1	15870001	15900000	0.00136875723862	28493	39	28493	0
PflaKGBHm	OZ251426.1	15870001	15900000	0.0013336608991682	28493	38	28493	0
PflaKGBDf	OZ251426.1	15900001	15930000	0.0023534026279662	25495	60	25495	0
PflaHELEm	OZ251426.1	15900001	15930000	0.0040400078446754	25495	103	25495	0
PflaHELAf	OZ251426.1	15900001	15930000	0.0036477740733477	25495	93	25495	0
PflaKGBHm	OZ251426.1	15900001	15930000	0.0019219454795057	25495	49	25495	0
PflaHELAf	OZ251426.1	15930001	15960000	0.0011424654404204	26259	30	26259	0
PflaKGBHm	OZ251426.1	15930001	15960000	0.0030846566891351	26259	81	26259	0
PflaHELEm	OZ251426.1	15930001	15960000	0.0013328763471571	26259	35	26259	0
PflaKGBDf	OZ251426.1	15930001	15960000	0.0014090407098518	26259	37	26259	0
PflaHELAf	OZ251426.1	15960001	15990000	0.0031914893617021	28200	90	28200	0
PflaKGBDf	OZ251426.1	15960001	15990000	0.0033333333333333	28200	94	28200	0
PflaHELEm	OZ251426.1	15960001	15990000	0.0038652482269503	28200	109	28200	0
PflaKGBHm	OZ251426.1	15960001	15990000	7.092198581560284e-05	28200	2	28200	0
PflaHELAf	OZ251426.1	15990001	16020000	0.0020199753114128	26733	54	26733	0
PflaKGBHm	OZ251426.1	15990001	16020000	0.0025062656641604	26733	67	26733	0
PflaHELEm	OZ251426.1	15990001	16020000	0.0049377174278981	26733	132	26733	0
PflaKGBDf	OZ251426.1	15990001	16020000	0.0034788463696554	26733	93	26733	0
PflaHELAf	OZ251426.1	16020001	16050000	0.0043264430721443	27043	117	27043	0
PflaKGBDf	OZ251426.1	16020001	16050000	0.0024775357763561	27043	67	27043	0
PflaHELEm	OZ251426.1	16020001	16050000	0.0043634212180601	27043	118	27043	0
PflaKGBHm	OZ251426.1	16020001	16050000	0.0025884702141034	27043	70	27043	0
PflaHELAf	OZ251426.1	16050001	16080000	0.0030261142451526	26767	81	26767	0
PflaKGBDf	OZ251426.1	16050001	16080000	0.0027645981992752	26767	74	26767	0
PflaKGBHm	OZ251426.1	16050001	16080000	0.0001494377405013	26767	4	26767	0
PflaHELEm	OZ251426.1	16050001	16080000	0.003511786901782	26767	94	26767	0
PflaHELEm	OZ251426.1	16080001	16110000	0.002064592243032	27124	56	27124	0
PflaKGBHm	OZ251426.1	16080001	16110000	0.0001474708745022	27124	4	27124	0
PflaKGBDf	OZ251426.1	16080001	16110000	0.0020277245244064	27124	55	27124	0
PflaHELAf	OZ251426.1	16080001	16110000	0.002064592243032	27124	56	27124	0
PflaHELAf	OZ251426.1	16110001	16140000	0.0005192826975005	28886	15	28886	0
PflaKGBHm	OZ251426.1	16110001	16140000	6.923769300006924e-05	28886	2	28886	0
PflaKGBDf	OZ251426.1	16110001	16140000	3.461884650003462e-05	28886	1	28886	0
PflaHELEm	OZ251426.1	16110001	16140000	0.0003115696185003	28886	9	28886	0
PflaHELEm	OZ251426.1	16140001	16170000	0.0037205909173809	27415	102	27415	0
PflaKGBDf	OZ251426.1	16140001	16170000	0.00222505927412	27415	61	27415	0
PflaHELAf	OZ251426.1	16140001	16170000	0.0026262994710924	27415	72	27415	0
PflaKGBHm	OZ251426.1	16140001	16170000	0.0001823819077147	27415	5	27415	0
PflaHELAf	OZ251426.1	16170001	16200000	0.0051391862955032	23350	120	23350	0
PflaHELEm	OZ251426.1	16170001	16200000	0.0051391862955032	23350	120	23350	0
PflaKGBDf	OZ251426.1	16170001	16200000	0.0017558886509635	23350	41	23350	0
PflaKGBHm	OZ251426.1	16170001	16200000	0.0035117773019271	23350	82	23350	0
PflaKGBDf	OZ251426.1	16200001	16230000	0.0027747572087442	26669	74	26669	0
PflaKGBHm	OZ251426.1	16200001	16230000	0.004012148936968	26669	107	26669	0
PflaHELEm	OZ251426.1	16200001	16230000	0.0026622670516329	26669	71	26669	0
PflaHELAf	OZ251426.1	16200001	16230000	0.0037871686227455	26669	101	26669	0
PflaHELEm	OZ251426.1	16230001	16260000	0.0014378753277509	23646	34	23646	0
PflaKGBDf	OZ251426.1	16230001	16260000	0.0027488793030533	23646	65	23646	0
PflaKGBHm	OZ251426.1	16230001	16260000	0.0031717838112154	23646	75	23646	0
PflaHELAf	OZ251426.1	16230001	16260000	0.003298655163664	23646	78	23646	0
PflaKGBHm	OZ251426.1	16260001	16290000	0.0023356217708259	28258	66	28258	0
PflaHELEm	OZ251426.1	16260001	16290000	0.0009908698421685	28258	28	28258	0
PflaKGBDf	OZ251426.1	16260001	16290000	0.0026895038573147	28258	76	28258	0
PflaHELAf	OZ251426.1	16260001	16290000	0.0015570811805506	28258	44	28258	0
PflaKGBHm	OZ251426.1	16290001	16320000	0.002455024751479	24847	61	24847	0
PflaHELEm	OZ251426.1	16290001	16320000	0.003139211977301	24847	78	24847	0
PflaKGBDf	OZ251426.1	16290001	16320000	0.0024147784440777	24847	60	24847	0
PflaHELAf	OZ251426.1	16290001	16320000	0.0022940395218738	24847	57	24847	0
PflaHELAf	OZ251426.1	16320001	16350000	0.0042018504302856	24751	104	24751	0
PflaKGBDf	OZ251426.1	16320001	16350000	0.0028281685588461	24751	70	24751	0
PflaHELEm	OZ251426.1	16320001	16350000	0.0054543250777746	24751	135	24751	0
PflaKGBHm	OZ251426.1	16320001	16350000	0.002585754110945	24751	64	24751	0
PflaKGBDf	OZ251426.1	16350001	16380000	0.006101906288972	22452	137	22452	0
PflaKGBHm	OZ251426.1	16350001	16380000	0.0048548013539996	22452	109	22452	0
PflaHELAf	OZ251426.1	16350001	16380000	0.0059237484411188	22452	133	22452	0
PflaHELEm	OZ251426.1	16350001	16380000	0.0070817744521646	22452	159	22452	0
PflaHELAf	OZ251426.1	16380001	16410000	0.0064853847222865	21587	140	21587	0
PflaKGBHm	OZ251426.1	16380001	16410000	0.0053272803075925	21587	115	21587	0
PflaHELEm	OZ251426.1	16380001	16410000	0.0046324176587761	21587	100	21587	0
PflaKGBDf	OZ251426.1	16380001	16410000	0.0016213461805716	21587	35	21587	0
PflaKGBHm	OZ251426.1	16410001	16440000	0.003023775992047	24142	73	24142	0
PflaHELEm	OZ251426.1	16410001	16440000	0.0048049043161295	24142	116	24142	0
PflaKGBDf	OZ251426.1	16410001	16440000	0.0055504929169082	24142	134	24142	0
PflaHELAf	OZ251426.1	16410001	16440000	0.0066274542291442	24142	160	24142	0
PflaKGBHm	OZ251426.1	16440001	16470000	0.0040684861840989	23596	96	23596	0
PflaHELEm	OZ251426.1	16440001	16470000	0.00589082895406	23596	139	23596	0
PflaKGBDf	OZ251426.1	16440001	16470000	0.0057244625365729	23583	135	23583	13
PflaHELAf	OZ251426.1	16440001	16470000	0.0044075266994405	23596	104	23596	0
PflaHELEm	OZ251426.1	16470001	16500000	0.0021650006909576	21709	47	21709	0
PflaKGBDf	OZ251426.1	16470001	16500000	0.0059882997834999	21709	130	21709	0
PflaHELAf	OZ251426.1	16470001	16500000	0.0050209590492422	21709	109	21709	0
PflaKGBHm	OZ251426.1	16470001	16500000	0.0065410659173614	21709	142	21709	0
PflaKGBDf	OZ251426.1	16500001	16530000	0.0020686949388308	28037	58	28037	0
PflaHELEm	OZ251426.1	16500001	16530000	0.0031030424082462	28037	87	28037	0
PflaHELAf	OZ251426.1	16500001	16530000	0.002033027784713	28037	57	28037	0
PflaKGBHm	OZ251426.1	16500001	16530000	0.0020686949388308	28037	58	28037	0
PflaKGBHm	OZ251426.1	16530001	16560000	0.0039713761192911	26691	106	26691	0
PflaHELAf	OZ251426.1	16530001	16560000	0.0024727436214454	26691	66	26691	0
PflaKGBDf	OZ251426.1	16530001	16560000	0.0016110299351841	26691	43	26691	0
PflaHELEm	OZ251426.1	16530001	16560000	0.0043460342437525	26691	116	26691	0
PflaKGBHm	OZ251426.1	16560001	16590000	0.0043565075331276	27545	120	27545	0
PflaHELEm	OZ251426.1	16560001	16590000	0.005373025957524	27545	148	27545	0
PflaKGBDf	OZ251426.1	16560001	16590000	0.0015247776365946	27545	42	27545	0
PflaHELAf	OZ251426.1	16560001	16590000	0.0037756398620439	27545	104	27545	0
PflaKGBHm	OZ251426.1	16590001	16620000	0.0052207114193322	25667	134	25667	0
PflaHELEm	OZ251426.1	16590001	16620000	0.0062726458097946	25667	161	25667	0
PflaKGBDf	OZ251426.1	16590001	16620000	0.0036622901001285	25667	94	25667	0
PflaHELAf	OZ251426.1	16590001	16620000	0.0042077375618498	25667	108	25667	0
PflaHELEm	OZ251426.1	16620001	16650000	0.0047812359043752	22170	106	22170	0
PflaKGBHm	OZ251426.1	16620001	16650000	0.0061344158773116	22170	136	22170	0
PflaKGBDf	OZ251426.1	16620001	16650000	0.0021199819576003	22170	47	22170	0
PflaHELAf	OZ251426.1	16620001	16650000	0.0015787099684258	22170	35	22170	0
PflaHELAf	OZ251426.1	16650001	16680000	0.0033616013446405	26178	88	26178	0
PflaKGBDf	OZ251426.1	16650001	16680000	0.0022538009015203	26178	59	26178	0
PflaHELEm	OZ251426.1	16650001	16680000	0.0046986018794407	26178	123	26178	0
PflaKGBHm	OZ251426.1	16650001	16680000	0.0042784017113606	26178	112	26178	0
PflaHELAf	OZ251426.1	16680001	16710000	0.0013680960012508	25583	35	25583	0
PflaKGBDf	OZ251426.1	16680001	16710000	0.0041824649181096	25583	107	25583	0
PflaKGBHm	OZ251426.1	16680001	16710000	0.0044951725755384	25583	115	25583	0
PflaHELEm	OZ251426.1	16680001	16710000	0.0064886838916467	25583	166	25583	0
PflaHELAf	OZ251426.1	16710001	16740000	0.005734086877604	24241	139	24241	0
PflaKGBDf	OZ251426.1	16710001	16740000	0.0058578441483437	24241	142	24241	0
PflaHELEm	OZ251426.1	16710001	16740000	0.0063528732313023	24241	154	24241	0
PflaKGBHm	OZ251426.1	16710001	16740000	0.0055278247597046	24241	134	24241	0
PflaKGBDf	OZ251426.1	16740001	16770000	0.0049408652349828	25704	127	25704	0
PflaHELEm	OZ251426.1	16740001	16770000	0.0065748521630874	25704	169	25704	0
PflaHELAf	OZ251426.1	16740001	16770000	0.0057967631497043	25704	149	25704	0
PflaKGBHm	OZ251426.1	16740001	16770000	0.0057967631497043	25704	149	25704	0
PflaHELAf	OZ251426.1	16770001	16800000	0.0030370598185452	26012	79	26012	0
PflaKGBDf	OZ251426.1	16770001	16800000	0.0043441488543749	26012	113	26012	0
PflaHELEm	OZ251426.1	16770001	16800000	0.0056896816853759	26012	148	26012	0
PflaKGBHm	OZ251426.1	16770001	16800000	0.0036137167461171	26012	94	26012	0
PflaKGBDf	OZ251426.1	16800001	16830000	0.0038867295946696	21612	84	21612	0
PflaHELAf	OZ251426.1	16800001	16830000	0.0045807884508606	21612	99	21612	0
PflaHELEm	OZ251426.1	16800001	16830000	0.0048121414029243	21612	104	21612	0
PflaKGBHm	OZ251426.1	16800001	16830000	0.0052285767166389	21612	113	21612	0
PflaKGBDf	OZ251426.1	16830001	16860000	0.0067849223946784	22550	153	22550	0
PflaHELEm	OZ251426.1	16830001	16860000	0.0027494456762749	22550	62	22550	0
PflaHELAf	OZ251426.1	16830001	16860000	0.0047893569844789	22550	108	22550	0
PflaKGBHm	OZ251426.1	16830001	16860000	0.0028381374722838	22550	64	22550	0
PflaKGBHm	OZ251426.1	16860001	16890000	0.0018803907942607	24463	46	24463	0
PflaHELEm	OZ251426.1	16860001	16890000	0.0054776601398029	24463	134	24463	0
PflaKGBDf	OZ251426.1	16860001	16890000	0.003842537710011	24463	94	24463	0
PflaHELAf	OZ251426.1	16860001	16890000	0.0046192208641622	24463	113	24463	0
PflaKGBHm	OZ251426.1	16890001	16920000	0.0045632928721365	21914	100	21914	0
PflaHELEm	OZ251426.1	16890001	16920000	0.0050652550880715	21914	111	21914	0
PflaKGBDf	OZ251426.1	16890001	16920000	0.0056128502327279	21914	123	21914	0
PflaHELAf	OZ251426.1	16890001	16920000	0.0037419001551519	21914	82	21914	0
PflaKGBDf	OZ251426.1	16920001	16950000	0.0035291873330789	10484	37	10484	0
PflaKGBHm	OZ251426.1	16920001	16950000	0.0035291873330789	10484	37	10484	0
PflaHELEm	OZ251426.1	16920001	16950000	0.0046737886302937	10484	49	10484	0
PflaHELAf	OZ251426.1	16920001	16950000	0.0032430370087752	10484	34	10484	0
PflaHELEm	OZ251426.1	16950001	16980000	0.0046412158165354	21977	102	21977	0
PflaKGBDf	OZ251426.1	16950001	16980000	0.0027301269509032	21977	60	21977	0
PflaHELAf	OZ251426.1	16950001	16980000	0.0023206079082677	21977	51	21977	0
PflaKGBHm	OZ251426.1	16950001	16980000	0.0016380761705419	21977	36	21977	0
PflaKGBHm	OZ251426.1	16980001	17010000	0.0035129252739699	26189	92	26189	0
PflaHELEm	OZ251426.1	16980001	17010000	0.0088968650960326	26189	233	26189	0
PflaKGBDf	OZ251426.1	16980001	17010000	0.0031692695406468	26189	83	26189	0
PflaHELAf	OZ251426.1	16980001	17010000	0.0056130436442781	26189	147	26189	0
PflaHELAf	OZ251426.1	17010001	17040000	0.0024909337338364	27299	68	27299	0
PflaKGBDf	OZ251426.1	17010001	17040000	0.0029305102751016	27299	80	27299	0
PflaHELEm	OZ251426.1	17010001	17040000	0.0016862170087976	27280	46	27280	19
PflaKGBHm	OZ251426.1	17010001	17040000	0.0021246199494486	27299	58	27299	0
PflaKGBDf	OZ251426.1	17040001	17070000	0.001962526845886	27006	53	27006	0
PflaKGBHm	OZ251426.1	17040001	17070000	0.0014070947196919	27006	38	27006	0
PflaHELAf	OZ251426.1	17040001	17070000	0.0015922387617566	27006	43	27006	0
PflaHELEm	OZ251426.1	17040001	17070000	0.0017773828038213	27006	48	27006	0
PflaHELAf	OZ251426.1	17070001	17100000	0.002077922077922	28875	60	28875	0
PflaKGBDf	OZ251426.1	17070001	17100000	0.0019047619047619	28875	55	28875	0
PflaHELEm	OZ251426.1	17070001	17100000	0.0029090909090909	28875	84	28875	0
PflaKGBHm	OZ251426.1	17070001	17100000	0.0027705627705627	28875	80	28875	0
PflaHELAf	OZ251426.1	17100001	17130000	0.0034574216159893	21114	73	21114	0
PflaKGBDf	OZ251426.1	17100001	17130000	0.0016103822289584	21113	34	21113	1
PflaHELEm	OZ251426.1	17100001	17130000	0.0033153357961542	21114	70	21114	0
PflaKGBHm	OZ251426.1	17100001	17130000	0.0029838022165387	21114	63	21114	0
PflaKGBHm	OZ251426.1	17130001	17160000	0.0047210300429184	20970	99	20970	0
PflaHELEm	OZ251426.1	17130001	17160000	0.0036242250834525	20970	76	20970	0
PflaKGBDf	OZ251426.1	17130001	17160000	0.0016690510252742	20970	35	20970	0
PflaHELAf	OZ251426.1	17130001	17160000	0.0035288507391511	20970	74	20970	0
PflaHELAf	OZ251426.1	17160001	17190000	0.0039669873694769	21931	87	21931	0
PflaKGBDf	OZ251426.1	17160001	17190000	0.0055173042724909	21931	121	21931	0
PflaKGBHm	OZ251426.1	17160001	17190000	0.0038301947015639	21931	84	21931	0
PflaHELEm	OZ251426.1	17160001	17190000	0.0041493775933609	21931	91	21931	0
PflaKGBHm	OZ251426.1	17190001	17220000	0.0005528386136508	23515	13	23515	0
PflaHELEm	OZ251426.1	17190001	17220000	0.0039123963427599	23515	92	23515	0
PflaKGBDf	OZ251426.1	17190001	17220000	0.0053582819476929	23515	126	23515	0
PflaHELAf	OZ251426.1	17190001	17220000	0.0054433340421007	23515	128	23515	0
PflaKGBHm	OZ251426.1	17220001	17250000	0.0010451420991277	24877	26	24877	0
PflaHELEm	OZ251426.1	17220001	17250000	0.0058289114005467	24876	145	24876	1
PflaHELAf	OZ251426.1	17220001	17250000	0.0049443260843349	24877	123	24877	0
PflaKGBDf	OZ251426.1	17220001	17250000	0.0032158218434698	24877	80	24877	0
PflaHELAf	OZ251426.1	17250001	17280000	0.0043782837127845	22840	100	22840	0
PflaKGBDf	OZ251426.1	17250001	17280000	0.003677758318739	22840	84	22840	0
PflaHELEm	OZ251426.1	17250001	17280000	0.0084656548820071	22798	193	22798	42
PflaKGBHm	OZ251426.1	17250001	17280000	0.0045096322241681	22840	103	22840	0
PflaHELEm	OZ251426.1	17280001	17310000	0.0067122985206447	22645	152	22645	0
PflaHELAf	OZ251426.1	17280001	17310000	0.0015455950540958	22645	35	22645	0
PflaKGBDf	OZ251426.1	17280001	17310000	0.0056527115350644	22644	128	22644	1
PflaKGBHm	OZ251426.1	17280001	17310000	0.0018547140649149	22645	42	22645	0
PflaKGBHm	OZ251426.1	17310001	17340000	0.0020856610800744	26850	56	26850	0
PflaHELEm	OZ251426.1	17310001	17340000	0.0045065176908752	26850	121	26850	0
PflaKGBDf	OZ251426.1	17310001	17340000	0.0039478584729981	26850	106	26850	0
PflaHELAf	OZ251426.1	17310001	17340000	0.0040595903165735	26850	109	26850	0
PflaKGBHm	OZ251426.1	17340001	17370000	0.0032642089093701	26040	85	26040	0
PflaHELEm	OZ251426.1	17340001	17370000	0.0046466973886328	26040	121	26040	0
PflaKGBDf	OZ251426.1	17340001	17370000	0.0012672811059907	26040	33	26040	0
PflaHELAf	OZ251426.1	17340001	17370000	0.0038018433179723	26040	99	26040	0
PflaHELEm	OZ251426.1	17370001	17400000	0.0031647954185818	26542	84	26542	0
PflaKGBDf	OZ251426.1	17370001	17400000	0.0018461306608394	26542	49	26542	0
PflaHELAf	OZ251426.1	17370001	17400000	0.0001508466266923	26517	4	26517	25
PflaKGBHm	OZ251426.1	17370001	17400000	0.0033908522341948	26542	90	26542	0
PflaHELAf	OZ251426.1	17400001	17430000	0.0040172447579854	20412	82	20412	0
PflaKGBHm	OZ251426.1	17400001	17430000	0.0050950421320791	20412	104	20412	0
PflaHELEm	OZ251426.1	17400001	17430000	0.0062708210856359	20412	128	20412	0
PflaKGBDf	OZ251426.1	17400001	17430000	0.0019596315892612	20412	40	20412	0
PflaKGBHm	OZ251426.1	17430001	17460000	0.0045615133491346	22361	102	22361	0
PflaHELEm	OZ251426.1	17430001	17460000	0.006037297079737	22361	135	22361	0
PflaKGBDf	OZ251426.1	17430001	17460000	0.0033987746522964	22361	76	22361	0
PflaHELAf	OZ251426.1	17430001	17460000	0.0032646124949689	22361	73	22361	0
PflaKGBHm	OZ251426.1	17460001	17490000	0.0019498134961003	23592	46	23592	0
PflaHELEm	OZ251426.1	17460001	17490000	0.0043658867412682	23592	103	23592	0
PflaKGBDf	OZ251426.1	17460001	17490000	0.0022889114954221	23592	54	23592	0
PflaHELAf	OZ251426.1	17460001	17490000	0.0038996269922007	23592	92	23592	0
PflaHELEm	OZ251426.1	17490001	17520000	0.0052192850705917	26632	139	26632	0
PflaHELAf	OZ251426.1	17490001	17520000	0.0036422349053769	26632	97	26632	0
PflaKGBDf	OZ251426.1	17490001	17520000	0.0043221708572931	26607	115	26607	25
PflaKGBHm	OZ251426.1	17490001	17520000	0.003341844397717	26632	89	26632	0
PflaHELAf	OZ251426.1	17520001	17550000	0.0039921722113502	25550	102	25550	0
PflaHELEm	OZ251426.1	17520001	17550000	0.0044618395303326	25550	114	25550	0
PflaKGBHm	OZ251426.1	17520001	17550000	0.0020352250489236	25550	52	25550	0
PflaKGBDf	OZ251426.1	17520001	17550000	0.0034050880626223	25550	87	25550	0
PflaKGBDf	OZ251426.1	17550001	17580000	0.0036330245927818	25048	91	25048	0
PflaHELAf	OZ251426.1	17550001	17580000	0.0015170871925902	25048	38	25048	0
PflaKGBHm	OZ251426.1	17550001	17580000	0.0020760140530182	25048	52	25048	0
PflaHELEm	OZ251426.1	17550001	17580000	0.0041520281060364	25048	104	25048	0
PflaHELAf	OZ251426.1	17580001	17610000	0.0017988100179881	21681	39	21681	0
PflaKGBDf	OZ251426.1	17580001	17610000	0.0058115400581154	21681	126	21681	0
PflaHELEm	OZ251426.1	17580001	17610000	0.0035976200359762	21681	78	21681	0
PflaKGBHm	OZ251426.1	17580001	17610000	0.0039666067063327	21681	86	21681	0
PflaKGBHm	OZ251426.1	17610001	17640000	0.0030237924723482	25134	76	25134	0
PflaHELEm	OZ251426.1	17610001	17640000	0.0034614466459775	25134	87	25134	0
PflaHELAf	OZ251426.1	17610001	17640000	0.0019097636667462	25134	48	25134	0
PflaKGBDf	OZ251426.1	17610001	17640000	0.0027850720140049	25134	70	25134	0
PflaHELAf	OZ251426.1	17640001	17670000	0.0006546644844517	27495	18	27495	0
PflaHELEm	OZ251426.1	17640001	17670000	0.0023276959447172	27495	64	27495	0
PflaKGBHm	OZ251426.1	17640001	17670000	0.0021822149481723	27495	60	27495	0
PflaKGBDf	OZ251426.1	17640001	17670000	0.0022185851973086	27495	61	27495	0
PflaHELEm	OZ251426.1	17670001	17700000	0.0043286840060675	27029	117	27029	0
PflaKGBHm	OZ251426.1	17670001	17700000	0.0034407488253357	27029	93	27029	0
PflaHELAf	OZ251426.1	17670001	17700000	0.0001479891967886	27029	4	27029	0
PflaKGBDf	OZ251426.1	17670001	17700000	0.004217692108476	27029	114	27029	0
PflaKGBHm	OZ251426.1	17700001	17730000	0.0054583400224755	24916	136	24916	0
PflaHELEm	OZ251426.1	17700001	17730000	0.0042542944292823	24916	106	24916	0
PflaKGBDf	OZ251426.1	17700001	17730000	0.0026489003050248	24916	66	24916	0
PflaHELAf	OZ251426.1	17700001	17730000	0.0020468775084283	24916	51	24916	0
PflaKGBHm	OZ251426.1	17730001	17760000	0.0066591331019452	24778	165	24778	0
PflaHELEm	OZ251426.1	17730001	17760000	0.0013322567622123	24770	33	24770	8
PflaHELAf	OZ251426.1	17730001	17760000	0.001291468237953	24778	32	24778	0
PflaKGBDf	OZ251426.1	17730001	17760000	0.0065380579546371	24778	162	24778	0
PflaKGBDf	OZ251426.1	17760001	17790000	0.0042780748663101	21505	92	21505	0
PflaHELEm	OZ251426.1	17760001	17790000	0.0035340618460823	21505	76	21505	0
PflaKGBHm	OZ251426.1	17760001	17790000	0.0052080911415949	21505	112	21505	0
PflaHELAf	OZ251426.1	17760001	17790000	0.0031155545222041	21505	67	21505	0
PflaKGBHm	OZ251426.1	17790001	17820000	0.0040852290932393	24968	102	24968	0
PflaHELEm	OZ251426.1	17790001	17820000	0.005927587311759	24968	148	24968	0
PflaKGBDf	OZ251426.1	17790001	17820000	0.0040852290932393	24968	102	24968	0
PflaHELAf	OZ251426.1	17790001	17820000	0.0052867670618391	24968	132	24968	0
PflaHELEm	OZ251426.1	17820001	17850000	0.0056977597444641	23167	132	23167	0
PflaKGBHm	OZ251426.1	17820001	17850000	0.0022877368670954	23167	53	23167	0
PflaKGBDf	OZ251426.1	17820001	17850000	0.0041438252687011	23167	96	23167	0
PflaHELAf	OZ251426.1	17820001	17850000	0.0025121275121275	23088	58	23088	79
PflaKGBHm	OZ251426.1	17850001	17880000	0.0042797304680386	21964	94	21964	0
PflaHELEm	OZ251426.1	17850001	17880000	0.0071480604625751	21964	157	21964	0
PflaKGBDf	OZ251426.1	17850001	17880000	0.0066930747165687	21963	147	21963	1
PflaHELAf	OZ251426.1	17850001	17880000	0.0048260790384265	21964	106	21964	0
PflaHELEm	OZ251426.1	17880001	17910000	0.0090295432629087	22814	206	22814	0
PflaKGBDf	OZ251426.1	17880001	17910000	0.0038134478828789	22814	87	22814	0
PflaKGBHm	OZ251426.1	17880001	17910000	0.0046462698343122	22814	106	22814	0
PflaHELAf	OZ251426.1	17880001	17910000	0.0049969317085999	22814	114	22814	0
PflaHELEm	OZ251426.1	17910001	17940000	0.0061489530877285	18865	116	18865	0
PflaKGBDf	OZ251426.1	17910001	17940000	0.0009541478929234	18865	18	18865	0
PflaHELAf	OZ251426.1	17910001	17940000	0.0055128544924463	18865	104	18865	0
PflaKGBHm	OZ251426.1	17910001	17940000	0.0057248873575404	18865	108	18865	0
PflaKGBHm	OZ251426.1	17940001	17970000	0.002840909090909	19712	56	19712	0
PflaHELAf	OZ251426.1	17940001	17970000	0.0046672077922077	19712	92	19712	0
PflaKGBDf	OZ251426.1	17940001	17970000	0.0038555194805194	19712	76	19712	0
PflaHELEm	OZ251426.1	17940001	17970000	0.0076095779220779	19712	150	19712	0
PflaKGBDf	OZ251426.1	17970001	18000000	0.0007479165182705	28078	21	28078	0
PflaHELAf	OZ251426.1	17970001	18000000	0.0039532730251442	28078	111	28078	0
PflaHELEm	OZ251426.1	17970001	18000000	0.0062326376522544	28078	175	28078	0
PflaKGBHm	OZ251426.1	17970001	18000000	0.0023862098440059	28078	67	28078	0
PflaKGBHm	OZ251426.1	18000001	18030000	0.0034040621808691	26439	90	26439	0
PflaHELEm	OZ251426.1	18000001	18030000	0.0059381973599606	26439	157	26439	0
PflaKGBDf	OZ251426.1	18000001	18030000	0.0028745413971784	26439	76	26439	0
PflaHELAf	OZ251426.1	18000001	18030000	0.0062786035780475	26439	166	26439	0
PflaHELEm	OZ251426.1	18030001	18060000	0.0068002428658166	24705	168	24705	0
PflaKGBHm	OZ251426.1	18030001	18060000	0.0046954057883019	24705	116	24705	0
PflaHELAf	OZ251426.1	18030001	18060000	0.0046954057883019	24705	116	24705	0
PflaKGBDf	OZ251426.1	18030001	18060000	0.0062335559603319	24705	154	24705	0
PflaHELAf	OZ251426.1	18060001	18090000	0.0038118340119552	23086	88	23086	0
PflaKGBDf	OZ251426.1	18060001	18090000	0.0046781599237633	23086	108	23086	0
PflaHELEm	OZ251426.1	18060001	18090000	0.0071471887724161	23086	165	23086	0
PflaKGBHm	OZ251426.1	18060001	18090000	0.0045482110369921	23086	105	23086	0
PflaKGBDf	OZ251426.1	18090001	18120000	0.0034381139489194	22396	77	22396	34
PflaKGBHm	OZ251426.1	18090001	18120000	0.0006687472135532	22430	15	22430	0
PflaHELEm	OZ251426.1	18090001	18120000	0.0040124832813196	22430	90	22430	0
PflaHELAf	OZ251426.1	18090001	18120000	0.0037895675434685	22430	85	22430	0
PflaKGBDf	OZ251426.1	18120001	18150000	0.0040142926463452	22669	91	22669	0
PflaHELEm	OZ251426.1	18120001	18150000	0.0036613877983148	22669	83	22669	0
PflaKGBHm	OZ251426.1	18120001	18150000	0.0003089825645552	22655	7	22655	14
PflaHELAf	OZ251426.1	18120001	18150000	0.0028232387842427	22669	64	22669	0
PflaKGBDf	OZ251426.1	18150001	18180000	0.0032837127845884	22840	75	22840	0
PflaHELAf	OZ251426.1	18150001	18180000	0.0032399299474605	22840	74	22840	0
PflaKGBHm	OZ251426.1	18150001	18180000	0.0021891418563922	22840	50	22840	0
PflaHELEm	OZ251426.1	18150001	18180000	0.005385288966725	22840	123	22840	0
PflaKGBHm	OZ251426.1	18180001	18210000	0.0032395221704798	24695	80	24695	0
PflaHELEm	OZ251426.1	18180001	18210000	0.0056286697712087	24695	139	24695	0
PflaKGBDf	OZ251426.1	18180001	18210000	0.0028750759263008	24695	71	24695	0
PflaHELAf	OZ251426.1	18180001	18210000	0.0043733549301478	24695	108	24695	0
PflaHELEm	OZ251426.1	18210001	18240000	0.0063232881098171	24987	158	24987	0
PflaKGBDf	OZ251426.1	18210001	18240000	0.0058830591907792	24987	147	24987	0
PflaKGBHm	OZ251426.1	18210001	18240000	0.0020810821627246	24987	52	24987	0
PflaHELAf	OZ251426.1	18210001	18240000	0.0054028094609196	24987	135	24987	0
PflaHELAf	OZ251426.1	18240001	18270000	0.0036534665938772	23813	87	23813	0
PflaKGBHm	OZ251426.1	18240001	18270000	0.0008818712467979	23813	21	23813	0
PflaHELEm	OZ251426.1	18240001	18270000	0.0045353378406752	23813	108	23813	0
PflaKGBDf	OZ251426.1	18240001	18270000	0.001511779280225	23813	36	23813	0
PflaHELEm	OZ251426.1	18270001	18300000	0.0071575882567026	24729	177	24729	0
PflaKGBDf	OZ251426.1	18270001	18300000	0.0036798900076832	24729	91	24729	0
PflaHELAf	OZ251426.1	18270001	18300000	0.0054187391321929	24729	134	24729	0
PflaKGBHm	OZ251426.1	18270001	18300000	0.0050143556148651	24729	124	24729	0
PflaHELEm	OZ251426.1	18300001	18330000	0.0045113398679407	24383	110	24383	0
PflaKGBHm	OZ251426.1	18300001	18330000	0.0002870852643235	24383	7	24383	0
PflaHELAf	OZ251426.1	18300001	18330000	0.002296682114588	24383	56	24383	0
PflaKGBDf	OZ251426.1	18300001	18330000	0.0002460730837058	24383	6	24383	0
PflaKGBHm	OZ251426.1	18330001	18360000	0.000220078494663	27263	6	27263	0
PflaHELEm	OZ251426.1	18330001	18360000	0.0031911381726148	27263	87	27263	0
PflaKGBDf	OZ251426.1	18330001	18360000	7.335949822103217e-05	27263	2	27263	0
PflaHELAf	OZ251426.1	18330001	18360000	7.335949822103217e-05	27263	2	27263	0
PflaKGBHm	OZ251426.1	18360001	18390000	8.111944838775097e-05	24655	2	24655	0
PflaHELAf	OZ251426.1	18360001	18390000	4.055972419387549e-05	24655	1	24655	0
PflaHELEm	OZ251426.1	18360001	18390000	0.0017035084161427	24655	42	24655	0
PflaKGBDf	OZ251426.1	18360001	18390000	4.055972419387549e-05	24655	1	24655	0
PflaKGBHm	OZ251426.1	18390001	18420000	0.0001165908825929	17154	2	17154	0
PflaHELEm	OZ251426.1	18390001	18420000	0.0041389763320508	17154	71	17154	0
PflaKGBDf	OZ251426.1	18390001	18420000	0.0015739769150052	17154	27	17154	0
PflaHELAf	OZ251426.1	18390001	18420000	0.0037309082429753	17154	64	17154	0
PflaKGBDf	OZ251426.1	18420001	18450000	0.0050552331024152	21364	108	21364	0
PflaHELEm	OZ251426.1	18420001	18450000	0.0065530799475753	21364	140	21364	0
PflaKGBHm	OZ251426.1	18420001	18450000	0.0038382325407227	21364	82	21364	0
PflaHELAf	OZ251426.1	18420001	18450000	0.0057105410971728	21364	122	21364	0
PflaKGBHm	OZ251426.1	18450001	18480000	0.0024996094360256	19203	48	19203	0
PflaHELAf	OZ251426.1	18450001	18480000	0.0053637452481383	19203	103	19203	0
PflaKGBDf	OZ251426.1	18450001	18480000	0.0042180909232932	19203	81	19203	0
PflaHELEm	OZ251426.1	18450001	18480000	0.006354828627982	19198	122	19198	5
PflaHELEm	OZ251426.1	18480001	18510000	0.004808053489595	26622	128	26622	0
PflaKGBHm	OZ251426.1	18480001	18510000	0.0012771392081736	26622	34	26622	0
PflaKGBDf	OZ251426.1	18480001	18510000	0.0042070468033956	26622	112	26622	0
PflaHELAf	OZ251426.1	18480001	18510000	0.0056344376831192	26622	150	26622	0
PflaHELEm	OZ251426.1	18510001	18540000	0.0018885741265344	26475	50	26475	0
PflaKGBHm	OZ251426.1	18510001	18540000	0.0027573182247403	26475	73	26475	0
PflaKGBDf	OZ251426.1	18510001	18540000	0.0020396600566572	26475	54	26475	0
PflaHELAf	OZ251426.1	18510001	18540000	0.0036638338054768	26475	97	26475	0
PflaHELAf	OZ251426.1	18540001	18570000	0.0016340476102053	26927	44	26927	0
PflaKGBDf	OZ251426.1	18540001	18570000	0.0008912986964756	26927	24	26927	0
PflaHELEm	OZ251426.1	18540001	18570000	0.0011141233705945	26927	30	26927	0
PflaKGBHm	OZ251426.1	18540001	18570000	0.0007427489137297	26927	20	26927	0
PflaHELEm	OZ251426.1	18570001	18600000	0.0037188274755724	27428	102	27428	0
PflaKGBHm	OZ251426.1	18570001	18600000	0.0023333819454571	27428	64	27428	0
PflaHELAf	OZ251426.1	18570001	18600000	0.0027344319673326	27428	75	27428	0
PflaKGBDf	OZ251426.1	18570001	18600000	0.0024792183170482	27428	68	27428	0
PflaKGBDf	OZ251426.1	18600001	18630000	0.0035385704175513	28260	100	28260	0
PflaHELAf	OZ251426.1	18600001	18630000	0.0038924274593064	28260	110	28260	0
PflaKGBHm	OZ251426.1	18600001	18630000	0.0031139419674451	28260	88	28260	0
PflaHELEm	OZ251426.1	18600001	18630000	0.0045647558386411	28260	129	28260	0
PflaHELAf	OZ251426.1	18630001	18660000	0.0025284450063211	25312	64	25312	0
PflaKGBDf	OZ251426.1	18630001	18660000	0.0049383691529709	25312	125	25312	0
PflaHELEm	OZ251426.1	18630001	18660000	0.0052149178255372	25312	132	25312	0
PflaKGBHm	OZ251426.1	18630001	18660000	0.0043457648546144	25312	110	25312	0
PflaHELAf	OZ251426.1	18660001	18690000	0.0020580836954036	26238	54	26238	0
PflaKGBHm	OZ251426.1	18660001	18690000	0.0003811266102599	26238	10	26238	0
PflaHELEm	OZ251426.1	18660001	18690000	0.0030109002210534	26238	79	26238	0
PflaKGBDf	OZ251426.1	18660001	18690000	0.0018675203902736	26238	49	26238	0
PflaKGBHm	OZ251426.1	18690001	18720000	0.0003513429106808	25616	9	25616	0
PflaHELEm	OZ251426.1	18690001	18720000	0.0040209244222361	25616	103	25616	0
PflaKGBDf	OZ251426.1	18690001	18720000	0.0005465334166146	25616	14	25616	0
PflaHELAf	OZ251426.1	18690001	18720000	0.0035134291068082	25616	90	25616	0
PflaKGBHm	OZ251426.1	18720001	18750000	0.0019037729318103	23112	44	23112	0
PflaHELEm	OZ251426.1	18720001	18750000	0.0035479404638283	23112	82	23112	0
PflaKGBDf	OZ251426.1	18720001	18750000	0.0019470404984423	23112	45	23112	0
PflaHELAf	OZ251426.1	18720001	18750000	0.0028123918310834	23112	65	23112	0
PflaKGBHm	OZ251426.1	18750001	18780000	0.006725888324873	15760	106	15760	0
PflaHELEm	OZ251426.1	18750001	18780000	0.003997461928934	15760	63	15760	0
PflaKGBDf	OZ251426.1	18750001	18780000	0.0024185336048879	15712	38	15712	48
PflaHELAf	OZ251426.1	18750001	18780000	0.0065355329949238	15760	103	15760	0
PflaHELEm	OZ251426.1	18780001	18810000	0.0050433634992458	21216	107	21216	0
PflaKGBHm	OZ251426.1	18780001	18810000	0.000801282051282	21216	17	21216	0
PflaHELAf	OZ251426.1	18780001	18810000	0.0035823709639406	21215	76	21215	1
PflaKGBDf	OZ251426.1	18780001	18810000	0.0012254901960784	21216	26	21216	0
PflaKGBHm	OZ251426.1	18810001	18840000	0.0005019498822348	25899	13	25899	0
PflaHELEm	OZ251426.1	18810001	18840000	0.0013900150584964	25899	36	25899	0
PflaHELAf	OZ251426.1	18810001	18840000	0.0005405614116375	25899	14	25899	0
PflaKGBDf	OZ251426.1	18810001	18840000	0.0003861152940267	25899	10	25899	0
PflaHELAf	OZ251426.1	18840001	18870000	0.0024532109365726	25273	62	25273	0
PflaKGBDf	OZ251426.1	18840001	18870000	0.0007517904483045	25273	19	25273	0
PflaHELEm	OZ251426.1	18840001	18870000	0.0060538915047679	25273	153	25273	0
PflaKGBHm	OZ251426.1	18840001	18870000	0.0015827167332726	25273	40	25273	0
PflaKGBHm	OZ251426.1	18870001	18900000	0.0026108658091764	26045	68	26045	0
PflaHELEm	OZ251426.1	18870001	18900000	0.0056440775580725	26045	147	26045	0
PflaKGBDf	OZ251426.1	18870001	18900000	0.0028412363217508	26045	74	26045	0
PflaHELAf	OZ251426.1	18870001	18900000	0.0046458053369168	26045	121	26045	0
PflaHELAf	OZ251426.1	18900001	18930000	0.0054594723838367	25094	137	25094	198
PflaKGBDf	OZ251426.1	18900001	18930000	0.0042701249406927	25292	108	25292	0
PflaHELEm	OZ251426.1	18900001	18930000	0.0055748853392377	25292	141	25292	0
PflaKGBHm	OZ251426.1	18900001	18930000	0.0030839791238336	25292	78	25292	0
PflaHELAf	OZ251426.1	18930001	18960000	0.0033151613378517	27148	90	27148	0
PflaKGBDf	OZ251426.1	18930001	18960000	0.0038308531015176	27148	104	27148	0
PflaHELEm	OZ251426.1	18930001	18960000	0.0048254015028731	27148	131	27148	0
PflaKGBHm	OZ251426.1	18930001	18960000	0.0041623692353027	27148	113	27148	0
PflaKGBHm	OZ251426.1	18960001	18990000	0.0046866085255522	24538	115	24538	0
PflaHELEm	OZ251426.1	18960001	18990000	0.0061944738772516	24538	152	24538	0
PflaHELAf	OZ251426.1	18960001	18990000	0.0063167332300921	24538	155	24538	0
PflaKGBDf	OZ251426.1	18960001	18990000	0.0063167332300921	24538	155	24538	0
PflaHELAf	OZ251426.1	18990001	19020000	0.0062859333077807	26090	164	26090	0
PflaKGBDf	OZ251426.1	18990001	19020000	0.0041403105232892	26085	108	26085	5
PflaHELEm	OZ251426.1	18990001	19020000	0.007435799156765	26090	194	26090	0
PflaKGBHm	OZ251426.1	18990001	19020000	0.0057876581065542	26090	151	26090	0
PflaHELEm	OZ251426.1	19020001	19050000	0.0059455841241091	25397	151	25397	0
PflaKGBHm	OZ251426.1	19020001	19050000	0.0053155884553293	25397	135	25397	0
PflaHELAf	OZ251426.1	19020001	19050000	0.0046855927865495	25397	119	25397	0
PflaKGBDf	OZ251426.1	19020001	19050000	0.0058668346655116	25397	149	25397	0
PflaKGBDf	OZ251426.1	19050001	19080000	0.0060828646849535	26139	159	26139	0
PflaHELEm	OZ251426.1	19050001	19080000	0.0056620375683844	26139	148	26139	0
PflaKGBHm	OZ251426.1	19050001	19080000	0.0059298366425647	26139	155	26139	0
PflaHELAf	OZ251426.1	19050001	19080000	0.003596158996136	26139	94	26139	0
PflaHELAf	OZ251426.1	19080001	19110000	0.0047798316484074	23641	113	23641	0
PflaKGBDf	OZ251426.1	19080001	19110000	0.0016496764096273	23641	39	23641	0
PflaHELEm	OZ251426.1	19080001	19110000	0.0084598790237299	23641	200	23641	0
PflaKGBHm	OZ251426.1	19080001	19110000	0.0043991370923395	23641	104	23641	0
PflaHELEm	OZ251426.1	19110001	19140000	0.0078492258593177	23187	182	23187	0
PflaKGBHm	OZ251426.1	19110001	19140000	0.0070729287963082	23187	164	23187	0
PflaKGBDf	OZ251426.1	19110001	19140000	0.0034933367835425	23187	81	23187	0
PflaHELAf	OZ251426.1	19110001	19140000	0.0085868392664509	23175	199	23175	12
PflaHELAf	OZ251426.1	19140001	19170000	0.0062916207051517	24477	154	24477	0
PflaKGBDf	OZ251426.1	19140001	19170000	0.0051068349879478	24477	125	24477	0
PflaHELEm	OZ251426.1	19140001	19170000	0.0077215345017771	24477	189	24477	0
PflaKGBHm	OZ251426.1	19140001	19170000	0.0052702537075622	24477	129	24477	0
PflaKGBHm	OZ251426.1	19170001	19200000	0.0045643976979559	25195	115	25195	0
PflaHELAf	OZ251426.1	19170001	19200000	0.0044850168684262	25195	113	25195	0
PflaKGBDf	OZ251426.1	19170001	19200000	0.0030164715221274	25195	76	25195	0
PflaHELEm	OZ251426.1	19170001	19200000	0.003810279817424	25195	96	25195	0
PflaKGBHm	OZ251426.1	19200001	19230000	0.006980871622954	25355	177	25355	0
PflaHELEm	OZ251426.1	19200001	19230000	0.0096627884046539	25355	245	25355	0
PflaHELAf	OZ251426.1	19200001	19230000	0.0072175113389863	25355	183	25355	0
PflaKGBDf	OZ251426.1	19200001	19230000	0.0029974364030763	25355	76	25355	0
PflaHELEm	OZ251426.1	19230001	19260000	0.0074981254686328	24006	180	24006	0
PflaHELAf	OZ251426.1	19230001	19260000	0.0046238440389902	24006	111	24006	0
PflaKGBDf	OZ251426.1	19230001	19260000	0.0055402815962676	24006	133	24006	0
PflaKGBHm	OZ251426.1	19230001	19260000	0.0053736565858535	24006	129	24006	0
PflaKGBHm	OZ251426.1	19260001	19290000	0.0003377807802736	23684	8	23684	0
PflaHELEm	OZ251426.1	19260001	19290000	0.0017311264989022	23684	41	23684	0
PflaKGBDf	OZ251426.1	19260001	19290000	0.005700050667117	23684	135	23684	0
PflaHELAf	OZ251426.1	19260001	19290000	0.0026600236446546	23684	63	23684	0
PflaHELAf	OZ251426.1	19290001	19320000	0.0055870760968426	23089	129	23089	0
PflaKGBDf	OZ251426.1	19290001	19320000	0.003378232058556	23089	78	23089	0
PflaHELEm	OZ251426.1	19290001	19320000	0.0038979600675646	23089	90	23089	0
PflaKGBHm	OZ251426.1	19290001	19320000	0.0002598640045043	23089	6	23089	0
PflaKGBHm	OZ251426.1	19320001	19350000	0.0033958669814055	24147	82	24147	107
PflaHELEm	OZ251426.1	19320001	19350000	0.004452873752783	24254	108	24254	0
PflaKGBDf	OZ251426.1	19320001	19350000	0.0025599735744663	24219	62	24219	35
PflaHELAf	OZ251426.1	19320001	19350000	0.0047827162529891	24254	116	24254	0
PflaKGBHm	OZ251426.1	19350001	19380000	0.0045485927791089	24623	112	24623	0
PflaHELEm	OZ251426.1	19350001	19380000	0.0069853389107744	24623	172	24623	0
PflaKGBDf	OZ251426.1	19350001	19380000	0.0077569751858018	24623	191	24623	0
PflaHELAf	OZ251426.1	19350001	19380000	0.0077975876213296	24623	192	24623	0
PflaHELEm	OZ251426.1	19380001	19410000	0.0065020247533223	17533	114	17533	0
PflaKGBDf	OZ251426.1	19380001	19410000	0.0061027776193463	17533	107	17533	0
PflaHELAf	OZ251426.1	19380001	19410000	0.005589459875663	17533	98	17533	0
PflaKGBHm	OZ251426.1	19380001	19410000	0.0033080476815148	17533	58	17533	0
PflaKGBHm	OZ251426.1	19410001	19440000	0.0067880717194887	21361	145	21361	0
PflaHELEm	OZ251426.1	19410001	19440000	0.0051963859369879	21361	111	21361	0
PflaKGBDf	OZ251426.1	19410001	19440000	0.0058049716773559	21361	124	21361	0
PflaHELAf	OZ251426.1	19410001	19440000	0.0012639857684565	21361	27	21361	0
PflaKGBHm	OZ251426.1	19440001	19470000	0.0071583907212758	22072	158	22072	0
PflaHELEm	OZ251426.1	19440001	19470000	0.0100126857557085	22072	221	22072	0
PflaKGBDf	OZ251426.1	19440001	19470000	0.0072036969916636	22072	159	22072	0
PflaHELAf	OZ251426.1	19440001	19470000	0.0029902138455962	22072	66	22072	0
PflaHELEm	OZ251426.1	19470001	19500000	0.0097282118142613	19942	194	19942	0
PflaKGBDf	OZ251426.1	19470001	19500000	0.0089258850666934	19942	178	19942	0
PflaHELAf	OZ251426.1	19470001	19500000	0.0037609066292247	19942	75	19942	0
PflaKGBHm	OZ251426.1	19470001	19500000	0.0068197773543275	19942	136	19942	0
PflaKGBDf	OZ251426.1	19500001	19530000	0.0054161792105377	23079	125	23079	0
PflaHELAf	OZ251426.1	19500001	19530000	0.0035096841284284	23079	81	23079	0
PflaKGBHm	OZ251426.1	19500001	19530000	0.004896226006326	23079	113	23079	0
PflaHELEm	OZ251426.1	19500001	19530000	0.005892802981065	23079	136	23079	0
PflaHELAf	OZ251426.1	19530001	19560000	0.0071374499837785	18494	132	18494	0
PflaKGBDf	OZ251426.1	19530001	19560000	0.0077863090732129	18494	144	18494	0
PflaHELEm	OZ251426.1	19530001	19560000	0.0089218124797231	18494	165	18494	0
PflaKGBHm	OZ251426.1	19530001	19560000	0.0023250784038066	18494	43	18494	0
PflaHELAf	OZ251426.1	19560001	19590000	0.0040944881889763	22225	91	22225	0
PflaKGBDf	OZ251426.1	19560001	19590000	0.0023847019122609	22225	53	22225	0
PflaHELEm	OZ251426.1	19560001	19590000	0.00607424071991	22225	135	22225	0
PflaKGBHm	OZ251426.1	19560001	19590000	0.0027520866230543	22165	61	22165	60
PflaHELAf	OZ251426.1	19590001	19620000	0.0061370756619887	23301	143	23301	0
PflaKGBHm	OZ251426.1	19590001	19620000	0.0072529076005321	23301	169	23301	0
PflaHELEm	OZ251426.1	19590001	19620000	0.0079824900218874	23301	186	23301	0
PflaKGBDf	OZ251426.1	19590001	19620000	0.0040770782369855	23301	95	23301	0
PflaHELAf	OZ251426.1	19620001	19650000	0.002422233554309	23532	57	23532	0
PflaKGBHm	OZ251426.1	19620001	19650000	0.0044195138534761	23532	104	23532	0
PflaKGBDf	OZ251426.1	19620001	19650000	0.0041220465748767	23532	97	23532	0
PflaHELEm	OZ251426.1	19620001	19650000	0.0087115417304096	23532	205	23532	0
PflaHELEm	OZ251426.1	19650001	19680000	0.006768032634897	21572	146	21572	0
PflaKGBDf	OZ251426.1	19650001	19680000	0.0052382718338587	21572	113	21572	0
PflaHELAf	OZ251426.1	19650001	19680000	0.0014370480252178	21572	31	21572	0
PflaKGBHm	OZ251426.1	19650001	19680000	0.0060726868162432	21572	131	21572	0
PflaKGBHm	OZ251426.1	19680001	19710000	0.0065797852018508	23557	155	23557	0
PflaHELEm	OZ251426.1	19680001	19710000	0.0094664006452434	23557	223	23557	0
PflaKGBDf	OZ251426.1	19680001	19710000	0.0067495861102856	23557	159	23557	0
PflaHELAf	OZ251426.1	19680001	19710000	0.0075136901982425	23557	177	23557	0
PflaHELAf	OZ251426.1	19710001	19740000	0.0043901335143697	22095	97	22095	0
PflaKGBHm	OZ251426.1	19710001	19740000	0.0057931658746322	22095	128	22095	0
PflaHELEm	OZ251426.1	19710001	19740000	0.007060420909708	22095	156	22095	0
PflaKGBDf	OZ251426.1	19710001	19740000	0.00601946141661	22095	133	22095	0
PflaKGBHm	OZ251426.1	19740001	19770000	0.0003164556962025	22120	7	22120	0
PflaHELEm	OZ251426.1	19740001	19770000	0.0031193490054249	22120	69	22120	0
PflaKGBDf	OZ251426.1	19740001	19770000	0.0005877034358047	22120	13	22120	0
PflaHELAf	OZ251426.1	19740001	19770000	0.0044755877034358	22120	99	22120	0
PflaHELEm	OZ251426.1	19770001	19800000	0.0063088829071332	23776	150	23776	0
PflaKGBDf	OZ251426.1	19770001	19800000	0.0050050471063257	23776	119	23776	0
PflaHELAf	OZ251426.1	19770001	19800000	0.0062668236877523	23776	149	23776	0
PflaKGBHm	OZ251426.1	19770001	19800000	0.0042900403768506	23776	102	23776	0
PflaHELAf	OZ251426.1	19800001	19830000	0.0067260325881015	21112	142	21112	29
PflaKGBHm	OZ251426.1	19800001	19830000	0.0044195219312835	21043	93	21043	98
PflaHELEm	OZ251426.1	19800001	19830000	0.0096494962395345	21141	204	21141	0
PflaKGBDf	OZ251426.1	19800001	19830000	0.0036463512809584	21117	77	21117	24
PflaKGBHm	OZ251426.1	19830001	19860000	0.0046430413905313	25199	117	25199	0
PflaHELEm	OZ251426.1	19830001	19860000	0.0069447200285725	25199	175	25199	0
PflaKGBDf	OZ251426.1	19830001	19860000	0.0059526171673479	25199	150	25199	0
PflaHELAf	OZ251426.1	19830001	19860000	0.0035435578913839	25116	89	25116	83
PflaKGBHm	OZ251426.1	19860001	19890000	0.0039427837887401	21812	86	21812	0
PflaHELEm	OZ251426.1	19860001	19890000	0.0093068035943517	21812	203	21812	0
PflaKGBDf	OZ251426.1	19860001	19890000	0.0057307903906106	21812	125	21812	0
PflaHELAf	OZ251426.1	19860001	19890000	0.0073812580231065	21812	161	21812	0
PflaKGBHm	OZ251426.1	19890001	19920000	0.0079167894891986	23747	188	23747	0
PflaHELAf	OZ251426.1	19890001	19920000	0.0058112603697309	23747	138	23747	0
PflaHELEm	OZ251426.1	19890001	19920000	0.007495683665305	23747	178	23747	0
PflaKGBDf	OZ251426.1	19890001	19920000	0.0063165873584031	23747	150	23747	0
PflaKGBHm	OZ251426.1	19920001	19950000	0.0023652052034514	22831	54	22831	0
PflaHELEm	OZ251426.1	19920001	19950000	0.0063948140685909	22831	146	22831	0
PflaKGBDf	OZ251426.1	19920001	19950000	0.0024528053961718	22831	56	22831	0
PflaHELAf	OZ251426.1	19920001	19950000	0.0058254128159081	22831	133	22831	0
PflaKGBHm	OZ251426.1	19950001	19980000	0.0042627013630731	20175	86	20175	0
PflaKGBDf	OZ251426.1	19950001	19980000	0.0052540272614622	20175	106	20175	0
PflaHELAf	OZ251426.1	19950001	19980000	0.0037670384138785	20175	76	20175	0
PflaHELEm	OZ251426.1	19950001	19980000	0.0062949194547707	20175	127	20175	0
PflaHELAf	OZ251426.1	19980001	20010000	0.0067056318245661	22071	148	22071	5
PflaHELEm	OZ251426.1	19980001	20010000	0.0095125928610255	22076	210	22076	0
PflaKGBHm	OZ251426.1	19980001	20010000	0.0072476897988766	22076	160	22076	0
PflaKGBDf	OZ251426.1	19980001	20010000	0.0067558376785309	22055	149	22055	21
PflaKGBHm	OZ251426.1	20010001	20040000	0.0034761485948821	23877	83	23877	0
PflaKGBDf	OZ251426.1	20010001	20040000	0.004020605603719	23877	96	23877	0
PflaHELAf	OZ251426.1	20010001	20040000	0.0048163504627884	23877	115	23877	0
PflaHELEm	OZ251426.1	20010001	20040000	0.0060309084055785	23877	144	23877	0
PflaHELAf	OZ251426.1	20040001	20070000	0.0034764745387745	25313	88	25313	0
PflaKGBDf	OZ251426.1	20040001	20070000	0.0037135068936909	25313	94	25313	0
PflaHELEm	OZ251426.1	20040001	20070000	0.0056887765179947	25313	144	25313	0
PflaKGBHm	OZ251426.1	20040001	20070000	0.0017777426618733	25313	45	25313	0
PflaHELEm	OZ251426.1	20070001	20100000	0.0098636728147554	24940	246	24940	0
PflaKGBHm	OZ251426.1	20070001	20100000	0.0036888532477947	24940	92	24940	0
PflaHELAf	OZ251426.1	20070001	20100000	0.0046511627906976	24940	116	24940	0
PflaKGBDf	OZ251426.1	20070001	20100000	0.0050922213311948	24940	127	24940	0
PflaHELAf	OZ251426.1	20100001	20130000	0.0069544051810318	23007	160	23007	0
PflaKGBDf	OZ251426.1	20100001	20130000	0.0093449819620115	23007	215	23007	0
PflaHELEm	OZ251426.1	20100001	20130000	0.0097361672534446	23007	224	23007	0
PflaKGBHm	OZ251426.1	20100001	20130000	0.0059547094362585	23007	137	23007	0
PflaHELEm	OZ251426.1	20130001	20160000	0.0054247212296034	23227	126	23227	0
PflaKGBHm	OZ251426.1	20130001	20160000	0.0044344943384853	23227	103	23227	0
PflaHELAf	OZ251426.1	20130001	20160000	0.0005171745032969	23203	12	23203	24
PflaKGBDf	OZ251426.1	20130001	20160000	0.0029706806733542	23227	69	23227	0
PflaHELAf	OZ251426.1	20160001	20190000	0.0011820330969267	24534	29	24534	0
PflaKGBDf	OZ251426.1	20160001	20190000	0.0013043123828156	24534	32	24534	0
PflaHELEm	OZ251426.1	20160001	20190000	0.0022825466699274	24534	56	24534	0
PflaKGBHm	OZ251426.1	20160001	20190000	0.0020787478601124	24534	51	24534	0
PflaHELAf	OZ251426.1	20190001	20220000	0.0036873747494989	24950	92	24950	0
PflaKGBDf	OZ251426.1	20190001	20220000	0.0058517034068136	24950	146	24950	0
PflaHELEm	OZ251426.1	20190001	20220000	0.0068537074148296	24950	171	24950	0
PflaKGBHm	OZ251426.1	20190001	20220000	0.0008817635270541	24950	22	24950	0
PflaKGBHm	OZ251426.1	20220001	20250000	0.0039008804844522	26917	105	26917	0
PflaHELEm	OZ251426.1	20220001	20250000	0.0049411152803061	26917	133	26917	0
PflaHELAf	OZ251426.1	20220001	20250000	0.0064271649886688	26917	173	26917	0
PflaKGBDf	OZ251426.1	20220001	20250000	0.0066500724449232	26917	179	26917	0
PflaKGBHm	OZ251426.1	20250001	20280000	0.0065940366972477	24416	161	24416	0
PflaHELEm	OZ251426.1	20250001	20280000	0.007822739187418	24416	191	24416	0
PflaHELAf	OZ251426.1	20250001	20280000	0.0072083879423328	24416	176	24416	0
PflaKGBDf	OZ251426.1	20250001	20280000	0.0068807339449541	24416	168	24416	0
PflaHELEm	OZ251426.1	20280001	20310000	0.0063026017447446	26021	164	26021	0
PflaKGBDf	OZ251426.1	20280001	20310000	0.005649283271204	26021	147	26021	0
PflaHELAf	OZ251426.1	20280001	20310000	0.0040736328350178	26021	106	26021	0
PflaKGBHm	OZ251426.1	20280001	20310000	0.0044195073210099	26021	115	26021	0
PflaKGBHm	OZ251426.1	20310001	20340000	0.0062381689898468	23244	145	23244	0
PflaKGBDf	OZ251426.1	20310001	20340000	0.0040058580289455	23216	93	23216	28
PflaHELAf	OZ251426.1	20310001	20340000	0.0058509722939253	23244	136	23244	0
PflaHELEm	OZ251426.1	20310001	20340000	0.0078299776286353	23244	182	23244	0
PflaKGBHm	OZ251426.1	20340001	20370000	0.0039194485741316	22197	87	22197	0
PflaHELEm	OZ251426.1	20340001	20370000	0.0064423120241474	22197	143	22197	0
PflaKGBDf	OZ251426.1	20340001	20370000	0.0050006757669955	22197	111	22197	0
PflaHELAf	OZ251426.1	20340001	20370000	0.0043699599044915	22197	97	22197	0
PflaKGBHm	OZ251426.1	20370001	20400000	0.0030192420350592	22191	67	22191	0
PflaHELAf	OZ251426.1	20370001	20400000	0.0067144337794601	22191	149	22191	0
PflaKGBDf	OZ251426.1	20370001	20400000	0.003334685232752	22191	74	22191	0
PflaHELEm	OZ251426.1	20370001	20400000	0.006263800639899	22191	139	22191	0
PflaHELAf	OZ251426.1	20400001	20430000	0.0031682703590706	25566	81	25566	0
PflaKGBDf	OZ251426.1	20400001	20430000	0.0043417038253931	25566	111	25566	0
PflaHELEm	OZ251426.1	20400001	20430000	0.0063365407181412	25566	162	25566	0
PflaKGBHm	OZ251426.1	20400001	20430000	0.0002738011421419	25566	7	25566	0
PflaHELEm	OZ251426.1	20430001	20460000	0.0060809989054201	24667	150	24667	0
PflaHELAf	OZ251426.1	20430001	20460000	0.0046215591681193	24667	114	24667	0
PflaKGBHm	OZ251426.1	20430001	20460000	0.0010540398102728	24667	26	24667	0
PflaKGBDf	OZ251426.1	20430001	20460000	0.0057566789637977	24667	142	24667	0
PflaKGBDf	OZ251426.1	20460001	20490000	0.0031072579407702	26068	81	26068	0
PflaHELEm	OZ251426.1	20460001	20490000	0.0027620070584624	26068	72	26068	0
PflaKGBHm	OZ251426.1	20460001	20490000	0.0033374251956421	26068	87	26068	0
PflaHELAf	OZ251426.1	20460001	20490000	0.0024551173852999	26068	64	26068	0
PflaHELAf	OZ251426.1	20490001	20520000	0.0047743988988773	23249	111	23249	0
PflaKGBDf	OZ251426.1	20490001	20520000	0.0030969073938664	23249	72	23249	0
PflaHELEm	OZ251426.1	20490001	20520000	0.0055056131446513	23249	128	23249	0
PflaKGBHm	OZ251426.1	20490001	20520000	0.0023656931480923	23249	55	23249	0
PflaHELAf	OZ251426.1	20520001	20550000	0.0068705171762929	26490	182	26490	0
PflaKGBDf	OZ251426.1	20520001	20550000	0.0029445073612684	26490	78	26490	0
PflaHELEm	OZ251426.1	20520001	20550000	0.0047565118912797	26490	126	26490	0
PflaKGBHm	OZ251426.1	20520001	20550000	0.0005285013212533	26490	14	26490	0
PflaKGBHm	OZ251426.1	20550001	20580000	0.0075249804679468	24319	183	24319	0
PflaKGBDf	OZ251426.1	20550001	20580000	0.0071548994613265	24319	174	24319	0
PflaHELAf	OZ251426.1	20550001	20580000	0.0076894609153336	24319	187	24319	0
PflaHELEm	OZ251426.1	20550001	20580000	0.0090464246062749	24319	220	24319	0
PflaKGBDf	OZ251426.1	20580001	20610000	0.0018604297972511	26338	49	26338	0
PflaHELAf	OZ251426.1	20580001	20610000	0.0053534816614777	26338	141	26338	0
PflaKGBHm	OZ251426.1	20580001	20610000	0.0052016098412939	26338	137	26338	0
PflaHELEm	OZ251426.1	20580001	20610000	0.0072898473688207	26338	192	26338	0
PflaKGBHm	OZ251426.1	20610001	20640000	0.0028345340734616	25401	72	25401	0
PflaKGBDf	OZ251426.1	20610001	20640000	0.0013407468748767	25359	34	25359	42
PflaHELAf	OZ251426.1	20610001	20640000	0.0050785402149521	25401	129	25401	0
PflaHELEm	OZ251426.1	20610001	20640000	0.0056690681469233	25401	144	25401	0
PflaKGBHm	OZ251426.1	20640001	20670000	0.0023450157755606	23454	55	23454	0
PflaHELEm	OZ251426.1	20640001	20670000	0.0020465592223074	23454	48	23454	0
PflaKGBDf	OZ251426.1	20640001	20670000	0.0053295813080924	23454	125	23454	0
PflaHELAf	OZ251426.1	20640001	20670000	0.0032830220857849	23454	77	23454	0
PflaKGBDf	OZ251426.1	20670001	20700000	0.0040827651815443	25228	103	25228	12
PflaHELEm	OZ251426.1	20670001	20700000	0.0044770206022187	25240	113	25240	0
PflaKGBHm	OZ251426.1	20670001	20700000	0.0004754358161648	25240	12	25240	0
PflaHELAf	OZ251426.1	20670001	20700000	0.0015847860538827	25240	40	25240	0
PflaKGBHm	OZ251426.1	20700001	20730000	0.0006350550381033	23620	15	23620	0
PflaHELAf	OZ251426.1	20700001	20730000	0.0020745131244707	23620	49	23620	0
PflaKGBDf	OZ251426.1	20700001	20730000	0.0022438611346316	23620	53	23620	0
PflaHELEm	OZ251426.1	20700001	20730000	0.0026672311600338	23620	63	23620	0
PflaHELEm	OZ251426.1	20730001	20760000	0.0030531831497297	24237	74	24237	4
PflaKGBHm	OZ251426.1	20730001	20760000	0.00358896085145	24241	87	24241	0
PflaKGBDf	OZ251426.1	20730001	20760000	0.0016088445196155	24241	39	24241	0
PflaHELAf	OZ251426.1	20730001	20760000	0.0038364753929293	24241	93	24241	0
PflaKGBHm	OZ251426.1	20760001	20790000	0.0009854733922184	27398	27	27398	0
PflaHELEm	OZ251426.1	20760001	20790000	0.0044528797722461	27398	122	27398	0
PflaKGBDf	OZ251426.1	20760001	20790000	0.0029199211621286	27398	80	27398	0
PflaHELAf	OZ251426.1	20760001	20790000	0.0008394773341119	27398	23	27398	0
PflaHELEm	OZ251426.1	20790001	20820000	0.0027052125812573	24767	67	24767	0
PflaKGBDf	OZ251426.1	20790001	20820000	0.0025033310453425	24767	62	24767	0
PflaHELAf	OZ251426.1	20790001	20820000	0.0020591916663301	24767	51	24767	0
PflaKGBHm	OZ251426.1	20790001	20820000	8.07526143658901e-05	24767	2	24767	0
PflaKGBHm	OZ251426.1	20820001	20850000	0.0009014810045074	23295	21	23295	0
PflaHELEm	OZ251426.1	20820001	20850000	0.0038634900193174	23295	90	23295	0
PflaKGBDf	OZ251426.1	20820001	20850000	0.0032195750160978	23295	75	23295	0
PflaHELAf	OZ251426.1	20820001	20850000	0.0027473706804035	23295	64	23295	0
PflaKGBDf	OZ251426.1	20850001	20880000	0.002202363305239	23611	52	23611	0
PflaHELEm	OZ251426.1	20850001	20880000	0.0035153106602854	23611	83	23611	0
PflaKGBHm	OZ251426.1	20850001	20880000	0.0018211850408707	23611	43	23611	0
PflaHELAf	OZ251426.1	20850001	20880000	0.0024988352886366	23611	59	23611	0
PflaHELEm	OZ251426.1	20880001	20910000	0.0018801410105757	21275	40	21275	0
PflaHELAf	OZ251426.1	20880001	20910000	9.400705052878966e-05	21275	2	21275	0
PflaKGBHm	OZ251426.1	20880001	20910000	0.0014101057579318	21275	30	21275	0
PflaKGBDf	OZ251426.1	20880001	20910000	0.0003760282021151	21275	8	21275	0
PflaHELAf	OZ251426.1	20910001	20940000	0.0	26519	0	26519	0
PflaKGBDf	OZ251426.1	20910001	20940000	0.002601908065915	26519	69	26519	0
PflaHELEm	OZ251426.1	20910001	20940000	0.0027150345035634	26519	72	26519	0
PflaKGBHm	OZ251426.1	20910001	20940000	0.0027150345035634	26519	72	26519	0
PflaHELAf	OZ251426.1	20940001	20970000	3.935768261964736e-05	25408	1	25408	0
PflaKGBDf	OZ251426.1	20940001	20970000	0.0011807304785894	25408	30	25408	0
PflaHELEm	OZ251426.1	20940001	20970000	0.0050377833753148	25408	128	25408	0
PflaKGBHm	OZ251426.1	20940001	20970000	0.0037783375314861	25408	96	25408	0
PflaKGBHm	OZ251426.1	20970001	21000000	0.0021483583299554	24670	53	24670	0
PflaHELEm	OZ251426.1	20970001	21000000	0.0040535062829347	24670	100	24670	0
PflaKGBDf	OZ251426.1	20970001	21000000	0.0001621402513173	24670	4	24670	0
PflaHELAf	OZ251426.1	20970001	21000000	0.0002026753141467	24670	5	24670	0
PflaHELAf	OZ251426.1	21000001	21030000	0.0002332724233116	25721	6	25721	0
PflaKGBDf	OZ251426.1	21000001	21030000	0.0011274833793398	25721	29	25721	0
PflaHELEm	OZ251426.1	21000001	21030000	0.0019050581237121	25721	49	25721	0
PflaKGBHm	OZ251426.1	21000001	21030000	0.0013607558026515	25721	35	25721	0
PflaKGBHm	OZ251426.1	21030001	21060000	0.000106239818684	28238	3	28238	0
PflaHELEm	OZ251426.1	21030001	21060000	0.0037892201997308	28238	107	28238	0
PflaKGBDf	OZ251426.1	21030001	21060000	0.0006374389121042	28238	18	28238	0
PflaHELAf	OZ251426.1	21030001	21060000	0.0007082654578936	28238	20	28238	0
PflaHELEm	OZ251426.1	21060001	21090000	0.0041055499570783	26793	110	26793	0
PflaKGBDf	OZ251426.1	21060001	21090000	0.0025006531556749	26793	67	26793	0
PflaKGBHm	OZ251426.1	21060001	21090000	0.0028365617885268	26793	76	26793	0
PflaHELAf	OZ251426.1	21060001	21090000	0.0041428731385063	26793	111	26793	0
PflaHELEm	OZ251426.1	21090001	21120000	0.004044372544488	25962	105	25962	0
PflaKGBHm	OZ251426.1	21090001	21120000	0.0030429088668053	25962	79	25962	0
PflaKGBDf	OZ251426.1	21090001	21120000	0.0012325706802249	25962	32	25962	0
PflaHELAf	OZ251426.1	21090001	21120000	0.0032354980355904	25962	84	25962	0
PflaHELAf	OZ251426.1	21120001	21150000	0.0052395808335333	25002	131	25002	0
PflaKGBDf	OZ251426.1	21120001	21150000	0.0029597632189424	25002	74	25002	0
PflaHELEm	OZ251426.1	21120001	21150000	0.0059995200383969	25002	150	25002	0
PflaKGBHm	OZ251426.1	21120001	21150000	0.0046396288296936	25002	116	25002	0
PflaKGBDf	OZ251426.1	21150001	21180000	0.000251751772752	23833	6	23833	0
PflaHELAf	OZ251426.1	21150001	21180000	0.0011748416061763	23833	28	23833	0
PflaHELEm	OZ251426.1	21150001	21180000	0.0028531867578567	23833	68	23833	0
PflaKGBHm	OZ251426.1	21150001	21180000	0.000293710401544	23833	7	23833	0
PflaHELAf	OZ251426.1	21180001	21210000	0.000354805645352	25366	9	25366	0
PflaHELEm	OZ251426.1	21180001	21210000	0.0044942048411259	25366	114	25366	0
PflaKGBHm	OZ251426.1	21180001	21210000	0.003587479303004	25366	91	25366	0
PflaKGBDf	OZ251426.1	21180001	21210000	0.0039028620988725	25366	99	25366	0
PflaHELEm	OZ251426.1	21210001	21240000	0.0076469899730794	25631	196	25631	0
PflaKGBHm	OZ251426.1	21210001	21240000	0.0061644102844212	25631	158	25631	0
PflaHELAf	OZ251426.1	21210001	21240000	0.0041746322812219	25631	107	25631	0
PflaKGBDf	OZ251426.1	21210001	21240000	0.006437517069174	25631	165	25631	0
PflaHELAf	OZ251426.1	21240001	21270000	0.0039840637450199	25602	102	25602	0
PflaKGBDf	OZ251426.1	21240001	21270000	0.0043746582298257	25602	112	25602	0
PflaHELEm	OZ251426.1	21240001	21270000	0.0052730255448793	25602	135	25602	0
PflaKGBHm	OZ251426.1	21240001	21270000	0.0015623779392234	25602	40	25602	0
PflaHELAf	OZ251426.1	21270001	21300000	0.0027418293485413	27354	75	27354	0
PflaHELEm	OZ251426.1	21270001	21300000	0.002522483000658	27354	69	27354	0
PflaKGBDf	OZ251426.1	21270001	21300000	0.0060685822914381	27354	166	27354	0
PflaKGBHm	OZ251426.1	21270001	21300000	0.0001096731739416	27354	3	27354	0
PflaHELAf	OZ251426.1	21300001	21330000	0.0037278276186964	24411	91	24411	0
PflaKGBDf	OZ251426.1	21300001	21330000	0.0037278276186964	24411	91	24411	0
PflaHELEm	OZ251426.1	21300001	21330000	0.0056941542747122	24411	139	24411	0
PflaKGBHm	OZ251426.1	21300001	21330000	0.001639344262295	24400	40	24400	11
PflaHELEm	OZ251426.1	21330001	21360000	0.0048888549385073	26182	128	26182	0
PflaKGBHm	OZ251426.1	21330001	21360000	0.0042777480711939	26182	112	26182	0
PflaHELAf	OZ251426.1	21330001	21360000	0.0052707967305782	26182	138	26182	0
PflaKGBDf	OZ251426.1	21330001	21360000	0.0006876528117359	26176	18	26176	6
PflaHELAf	OZ251426.1	21360001	21390000	0.0043736332396126	19206	84	19206	0
PflaKGBDf	OZ251426.1	21360001	21390000	0.0045298344267416	19206	87	19206	0
PflaKGBHm	OZ251426.1	21360001	21390000	0.0043736332396126	19206	84	19206	0
PflaHELEm	OZ251426.1	21360001	21390000	0.0037488284910965	19206	72	19206	0
PflaHELAf	OZ251426.1	21390001	21420000	0.004365006432641	21764	95	21764	0
PflaKGBHm	OZ251426.1	21390001	21420000	0.0012405807755927	21764	27	21764	0
PflaHELEm	OZ251426.1	21390001	21420000	0.0052839551553023	21764	115	21764	0
PflaKGBDf	OZ251426.1	21390001	21420000	0.0011027384671935	21764	24	21764	0
PflaHELAf	OZ251426.1	21420001	21450000	0.0040431846531033	23249	94	23249	0
PflaKGBDf	OZ251426.1	21420001	21450000	0.0022366553400146	23249	52	23249	0
PflaHELEm	OZ251426.1	21420001	21450000	0.0056346509527291	23249	131	23249	0
PflaKGBHm	OZ251426.1	21420001	21450000	0.0043442728719514	23249	101	23249	0
PflaHELAf	OZ251426.1	21450001	21480000	0.003346486189501	20021	67	20021	0
PflaKGBDf	OZ251426.1	21450001	21480000	0.0008990559912092	20021	18	20021	0
PflaKGBHm	OZ251426.1	21450001	21480000	0.0017481644273512	20021	35	20021	0
PflaHELEm	OZ251426.1	21450001	21480000	0.0036961190749712	20021	74	20021	0
PflaKGBDf	OZ251426.1	21480001	21510000	0.0041622760800842	18980	79	18980	0
PflaHELAf	OZ251426.1	21480001	21510000	0.0065858798735511	18980	125	18980	0
PflaKGBHm	OZ251426.1	21480001	21510000	0.0010537407797681	18980	20	18980	0
PflaHELEm	OZ251426.1	21480001	21510000	0.0086933614330874	18980	165	18980	0
PflaKGBHm	OZ251426.1	21510001	21540000	0.004560803403061	22803	104	22803	12
PflaHELEm	OZ251426.1	21510001	21540000	0.0040324348016655	22815	92	22815	0
PflaKGBDf	OZ251426.1	21510001	21540000	0.003462634231865	22815	79	22815	0
PflaHELAf	OZ251426.1	21510001	21540000	0.0033311417926802	22815	76	22815	0
PflaKGBHm	OZ251426.1	21540001	21570000	0.0030863035868869	26569	82	26569	0
PflaHELEm	OZ251426.1	21540001	21570000	0.0008280326696526	26569	22	26569	0
PflaKGBDf	OZ251426.1	21540001	21570000	0.0026722872520606	26569	71	26569	0
PflaHELAf	OZ251426.1	21540001	21570000	0.0009409462155143	26569	25	26569	0
PflaKGBHm	OZ251426.1	21570001	21600000	0.0025098947774881	20718	52	20718	0
PflaHELEm	OZ251426.1	21570001	21600000	0.0036683077517134	20718	76	20718	0
PflaKGBDf	OZ251426.1	21570001	21600000	0.004488850275123	20718	93	20718	0
PflaHELAf	OZ251426.1	21570001	21600000	0.0031373684718602	20718	65	20718	0
PflaKGBHm	OZ251426.1	21600001	21630000	0.0002236736154603	22354	5	22354	0
PflaHELEm	OZ251426.1	21600001	21630000	0.0034445736780889	22354	77	22354	0
PflaKGBDf	OZ251426.1	21600001	21630000	0.0046524112015746	22354	104	22354	0
PflaHELAf	OZ251426.1	21600001	21630000	0.0052786973248635	22354	118	22354	0
PflaKGBHm	OZ251426.1	21630001	21660000	0.0017092069279854	26328	45	26328	0
PflaHELEm	OZ251426.1	21630001	21660000	0.0050136736554238	26328	132	26328	0
PflaKGBDf	OZ251426.1	21630001	21660000	0.004026284802674	26327	106	26327	1
PflaHELAf	OZ251426.1	21630001	21660000	0.0043679732604071	26328	115	26328	0
PflaHELEm	OZ251426.1	21660001	21690000	0.0067036720751494	23420	157	23420	0
PflaKGBDf	OZ251426.1	21660001	21690000	0.0043125533731853	23420	101	23420	0
PflaHELAf	OZ251426.1	21660001	21690000	0.0029461998292058	23420	69	23420	0
PflaKGBHm	OZ251426.1	21660001	21690000	0.0043125533731853	23420	101	23420	0
PflaHELEm	OZ251426.1	21690001	21720000	0.0051765650080256	24920	129	24920	0
PflaKGBDf	OZ251426.1	21690001	21720000	0.0019340021757524	24819	48	24819	101
PflaHELAf	OZ251426.1	21690001	21720000	0.0031300160513643	24920	78	24920	0
PflaKGBHm	OZ251426.1	21690001	21720000	0.0048956661316211	24920	122	24920	0
PflaHELAf	OZ251426.1	21720001	21750000	0.0013326017088657	25514	34	25514	0
PflaKGBDf	OZ251426.1	21720001	21750000	0.0043897468056753	25514	112	25514	0
PflaHELEm	OZ251426.1	21720001	21750000	0.00466410598103	25514	119	25514	0
PflaKGBHm	OZ251426.1	21720001	21750000	0.00466410598103	25514	119	25514	0
PflaHELAf	OZ251426.1	21750001	21780000	0.005754178125661	23635	136	23635	0
PflaKGBDf	OZ251426.1	21750001	21780000	0.0027501586629997	23635	65	23635	0
PflaHELEm	OZ251426.1	21750001	21780000	0.0069388618574148	23635	164	23635	0
PflaKGBHm	OZ251426.1	21750001	21780000	0.0039348423947535	23635	93	23635	0
PflaHELAf	OZ251426.1	21780001	21810000	0.0049124305852199	23410	115	23410	0
PflaKGBHm	OZ251426.1	21780001	21810000	0.0055531824006834	23410	130	23410	0
PflaHELEm	OZ251426.1	21780001	21810000	0.0078171721486544	23410	183	23410	0
PflaKGBDf	OZ251426.1	21780001	21810000	0.0055104656129859	23410	129	23410	0
PflaKGBHm	OZ251426.1	21810001	21840000	0.006282816496881	22283	140	22283	0
PflaHELEm	OZ251426.1	21810001	21840000	0.0052057622402728	22283	116	22283	0
PflaKGBDf	OZ251426.1	21810001	21840000	0.0040838307229726	22283	91	22283	0
PflaHELAf	OZ251426.1	21810001	21840000	0.0030984777044321	22269	69	22269	14
PflaKGBHm	OZ251426.1	21840001	21870000	0.0049925325368039	23435	117	23435	0
PflaHELEm	OZ251426.1	21840001	21870000	0.0063580115212289	23435	149	23435	0
PflaKGBDf	OZ251426.1	21840001	21870000	0.0038133596126654	23339	89	23339	96
PflaHELAf	OZ251426.1	21840001	21870000	0.0043097930445914	23435	101	23435	0
PflaKGBHm	OZ251426.1	21870001	21900000	0.0042642966154951	22278	95	22278	0
PflaHELEm	OZ251426.1	21870001	21900000	0.0039500852859323	22278	88	22278	0
PflaKGBDf	OZ251426.1	21870001	21900000	0.00498249394021	22278	111	22278	0
PflaHELAf	OZ251426.1	21870001	21900000	0.0066433252536134	22278	148	22278	0
PflaKGBHm	OZ251426.1	21900001	21930000	0.0045360418104723	20282	92	20282	0
PflaHELEm	OZ251426.1	21900001	21930000	0.0040922985898826	20282	83	20282	0
PflaHELAf	OZ251426.1	21900001	21930000	0.0053249186470762	20282	108	20282	0
PflaKGBDf	OZ251426.1	21900001	21930000	0.0038950793807316	20282	79	20282	0
PflaHELAf	OZ251426.1	21930001	21960000	0.0042390452932774	21703	92	21703	0
PflaKGBDf	OZ251426.1	21930001	21960000	0.005437036354421	21703	118	21703	0
PflaHELEm	OZ251426.1	21930001	21960000	0.0070036400497627	21703	152	21703	0
PflaKGBHm	OZ251426.1	21930001	21960000	0.0048061370673321	21639	104	21639	64
PflaHELAf	OZ251426.1	21960001	21990000	0.0041543288991028	22627	94	22627	0
PflaKGBDf	OZ251426.1	21960001	21990000	0.0035797940513545	22627	81	22627	0
PflaHELEm	OZ251426.1	21960001	21990000	0.0063198833252309	22627	143	22627	0
PflaKGBHm	OZ251426.1	21960001	21990000	0.002563309320723	22627	58	22627	0
PflaHELAf	OZ251426.1	21990001	22020000	0.0025872736135588	26669	69	26669	0
PflaKGBDf	OZ251426.1	21990001	22020000	0.002249803142225	26669	60	26669	0
PflaHELEm	OZ251426.1	21990001	22020000	0.0043121226892646	26669	115	26669	0
PflaKGBHm	OZ251426.1	21990001	22020000	0.0020248228280025	26669	54	26669	0
PflaKGBHm	OZ251426.1	22020001	22050000	0.002211445198836	25775	57	25775	0
PflaHELEm	OZ251426.1	22020001	22050000	0.0056256062075654	25775	145	25775	0
PflaKGBDf	OZ251426.1	22020001	22050000	0.0017846750727449	25775	46	25775	0
PflaHELAf	OZ251426.1	22020001	22050000	0.0031813773035887	25775	82	25775	0
PflaHELAf	OZ251426.1	22050001	22080000	0.0032398293963254	24384	79	24384	0
PflaKGBDf	OZ251426.1	22050001	22080000	0.0036057692307692	24128	87	24128	256
PflaHELEm	OZ251426.1	22050001	22080000	0.005126312335958	24384	125	24384	0
PflaKGBHm	OZ251426.1	22050001	22080000	0.0022658921435339	24273	55	24273	111
PflaHELAf	OZ251426.1	22080001	22110000	0.0032495938007749	24003	78	24003	0
PflaKGBDf	OZ251426.1	22080001	22110000	0.0038774233896185	23985	93	23985	18
PflaHELEm	OZ251426.1	22080001	22110000	0.006957463650377	24003	167	24003	0
PflaKGBHm	OZ251426.1	22080001	22110000	0.001802179379715	23860	43	23860	143
PflaHELAf	OZ251426.1	22110001	22140000	0.004151610671177	26014	108	26014	0
PflaKGBDf	OZ251426.1	22110001	22140000	0.0027292996079034	26014	71	26014	0
PflaHELEm	OZ251426.1	22110001	22140000	0.0061889751672176	26014	161	26014	0
PflaKGBHm	OZ251426.1	22110001	22140000	0.0010763435073422	26014	28	26014	0
PflaKGBHm	OZ251426.1	22140001	22170000	0.0029482601112864	24082	71	24082	0
PflaHELEm	OZ251426.1	22140001	22170000	0.0073083630927663	24082	176	24082	0
PflaHELAf	OZ251426.1	22140001	22170000	0.0046092517232787	24082	111	24082	0
PflaKGBDf	OZ251426.1	22140001	22170000	0.0041524790299808	24082	100	24082	0
PflaHELAf	OZ251426.1	22170001	22200000	0.0028102657354217	24197	68	24197	20
PflaKGBDf	OZ251426.1	22170001	22200000	0.0018169054796217	24217	44	24217	0
PflaHELEm	OZ251426.1	22170001	22200000	0.0075979683693273	24217	184	24217	0
PflaKGBHm	OZ251426.1	22170001	22200000	0.0045835570054094	24217	111	24217	0
PflaKGBHm	OZ251426.1	22200001	22230000	0.0021706099413935	23035	50	23035	22
PflaHELEm	OZ251426.1	22200001	22230000	0.0064622457388211	23057	149	23057	0
PflaKGBDf	OZ251426.1	22200001	22230000	0.0043804484538318	23057	101	23057	0
PflaHELAf	OZ251426.1	22200001	22230000	0.000997527865724	23057	23	23057	0
PflaHELEm	OZ251426.1	22230001	22260000	0.0061015388157642	26059	159	26059	0
PflaKGBHm	OZ251426.1	22230001	22260000	0.0036455735062742	26059	95	26059	0
PflaKGBDf	OZ251426.1	22230001	22260000	0.0027245865152154	26059	71	26059	0
PflaHELAf	OZ251426.1	22230001	22260000	0.004029318085882	26059	105	26059	0
PflaKGBDf	OZ251426.1	22260001	22290000	0.0030061429878447	22953	69	22953	0
PflaHELAf	OZ251426.1	22260001	22290000	0.0048359691543589	22953	111	22953	0
PflaKGBHm	OZ251426.1	22260001	22290000	0.0050102383130745	22953	115	22953	0
PflaHELEm	OZ251426.1	22260001	22290000	0.0062301224240839	22953	143	22953	0
PflaKGBHm	OZ251426.1	22290001	22320000	0.003183023872679	24505	78	24505	0
PflaHELEm	OZ251426.1	22290001	22320000	0.0064476637420934	24505	158	24505	0
PflaHELAf	OZ251426.1	22290001	22320000	0.0042848398286064	24505	105	24505	0
PflaKGBDf	OZ251426.1	22290001	22320000	0.0025709038971638	24505	63	24505	0
PflaKGBHm	OZ251426.1	22320001	22350000	0.0023265833692373	23210	54	23210	8
PflaHELEm	OZ251426.1	22320001	22350000	0.0061159445257989	23218	142	23218	0
PflaKGBDf	OZ251426.1	22320001	22350000	0.0032733224222585	23218	76	23218	0
PflaHELAf	OZ251426.1	22320001	22350000	0.0049530536652597	23218	115	23218	0
PflaKGBHm	OZ251426.1	22350001	22380000	0.0019088619933392	24622	47	24622	566
PflaHELEm	OZ251426.1	22350001	22380000	0.0066698427822772	25188	168	25188	0
PflaKGBDf	OZ251426.1	22350001	22380000	0.0035334286168016	25188	89	25188	0
PflaHELAf	OZ251426.1	22350001	22380000	0.0053199936477687	25188	134	25188	0
PflaKGBHm	OZ251426.1	22380001	22410000	0.0054809198054891	24266	133	24266	0
PflaKGBDf	OZ251426.1	22380001	22410000	0.0045743014917992	24266	111	24266	0
PflaHELAf	OZ251426.1	22380001	22410000	0.0045743014917992	24266	111	24266	0
PflaHELEm	OZ251426.1	22380001	22410000	0.0049451908019451	24266	120	24266	0
PflaHELEm	OZ251426.1	22410001	22440000	0.0079520379699404	24019	191	24019	0
PflaKGBHm	OZ251426.1	22410001	22440000	0.0073691660768558	24019	177	24019	0
PflaHELAf	OZ251426.1	22410001	22440000	0.0037053998917523	24019	89	24019	0
PflaKGBDf	OZ251426.1	22410001	22440000	0.0013739123194137	24019	33	24019	0
PflaHELAf	OZ251426.1	22440001	22470000	0.0030592379716325	21574	66	21574	50
PflaKGBDf	OZ251426.1	22440001	22470000	0.0019885312615612	21624	43	21624	0
PflaHELEm	OZ251426.1	22440001	22470000	0.0079541250462449	21624	172	21624	0
PflaKGBHm	OZ251426.1	22440001	22470000	0.0036533481317055	21624	79	21624	0
PflaHELAf	OZ251426.1	22470001	22500000	0.0039329608938547	22375	88	22375	0
PflaKGBDf	OZ251426.1	22470001	22500000	0.0047821229050279	22375	107	22375	0
PflaHELEm	OZ251426.1	22470001	22500000	0.0075530726256983	22375	169	22375	0
PflaKGBHm	OZ251426.1	22470001	22500000	0.0058547486033519	22375	131	22375	0
PflaKGBDf	OZ251426.1	22500001	22530000	0.0055459125354557	23621	131	23621	0
PflaHELAf	OZ251426.1	22500001	22530000	0.0019925495971584	23086	46	23086	535
PflaHELEm	OZ251426.1	22500001	22530000	0.0060962702679818	23621	144	23621	0
PflaKGBHm	OZ251426.1	22500001	22530000	0.004529867490792	23621	107	23621	0
PflaHELAf	OZ251426.1	22530001	22560000	0.0023330197554092	26575	62	26575	0
PflaKGBDf	OZ251426.1	22530001	22560000	0.0044778927563499	26575	119	26575	0
PflaHELEm	OZ251426.1	22530001	22560000	0.0071872060206961	26575	191	26575	0
PflaKGBHm	OZ251426.1	22530001	22560000	0.0041392285983066	26575	110	26575	0
PflaHELAf	OZ251426.1	22560001	22590000	0.004390243902439	26650	117	26650	0
PflaKGBDf	OZ251426.1	22560001	22590000	0.002514071294559	26650	67	26650	0
PflaHELEm	OZ251426.1	22560001	22590000	0.0062288930581613	26650	166	26650	0
PflaKGBHm	OZ251426.1	22560001	22590000	0.0034896810506566	26650	93	26650	0
PflaKGBDf	OZ251426.1	22590001	22620000	0.0030067136208245	24279	73	24279	0
PflaHELAf	OZ251426.1	22590001	22620000	0.0049425429383417	24279	120	24279	0
PflaKGBHm	OZ251426.1	22590001	22620000	0.0020182050331562	24279	49	24279	0
PflaHELEm	OZ251426.1	22590001	22620000	0.006960747971498	24279	169	24279	0
PflaHELEm	OZ251426.1	22620001	22650000	0.0057297297297297	18500	106	18500	0
PflaKGBDf	OZ251426.1	22620001	22650000	0.0052972972972972	18500	98	18500	0
PflaHELAf	OZ251426.1	22620001	22650000	0.0067027027027027	18500	124	18500	0
PflaKGBHm	OZ251426.1	22620001	22650000	0.0055135135135135	18500	102	18500	0
PflaKGBHm	OZ251426.1	22650001	22680000	0.0040258741575066	22107	89	22107	0
PflaHELEm	OZ251426.1	22650001	22680000	0.0062423666711901	22107	138	22107	0
PflaKGBDf	OZ251426.1	22650001	22680000	0.0013118016917718	22107	29	22107	0
PflaHELAf	OZ251426.1	22650001	22680000	0.0018546161849188	22107	41	22107	0
PflaKGBHm	OZ251426.1	22680001	22710000	0.0014015078291127	20692	29	20692	0
PflaHELEm	OZ251426.1	22680001	22710000	0.0062342934467427	20692	129	20692	0
PflaKGBDf	OZ251426.1	22680001	22710000	0.0006765899864682	20692	14	20692	0
PflaHELAf	OZ251426.1	22680001	22710000	0.001933114247052	20692	40	20692	0
PflaKGBHm	OZ251426.1	22710001	22740000	0.0029304029304029	23205	68	23205	0
PflaHELEm	OZ251426.1	22710001	22740000	0.0061624649859943	23205	143	23205	0
PflaKGBDf	OZ251426.1	22710001	22740000	0.0049558284852402	23205	115	23205	0
PflaHELAf	OZ251426.1	22710001	22740000	0.0043956043956043	23205	102	23205	0
PflaKGBHm	OZ251426.1	22740001	22770000	0.0038436899423446	21854	84	21854	0
PflaHELEm	OZ251426.1	22740001	22770000	0.007916170952686	21854	173	21854	0
PflaKGBDf	OZ251426.1	22740001	22770000	0.0064976663311064	21854	142	21854	0
PflaHELAf	OZ251426.1	22740001	22770000	0.0052621945639242	21854	115	21854	0
PflaHELEm	OZ251426.1	22770001	22800000	0.0072245368318411	22562	163	22562	0
PflaKGBDf	OZ251426.1	22770001	22800000	0.0047868096799929	22562	108	22562	0
PflaHELAf	OZ251426.1	22770001	22800000	0.0058505451644357	22562	132	22562	0
PflaKGBHm	OZ251426.1	22770001	22800000	0.0050527435511036	22562	114	22562	0
PflaHELAf	OZ251426.1	22800001	22830000	0.0040880966411314	27152	111	27152	0
PflaKGBDf	OZ251426.1	22800001	22830000	0.0032174556213017	27040	87	27040	112
PflaHELEm	OZ251426.1	22800001	22830000	0.00423541543901	27152	115	27152	0
PflaKGBHm	OZ251426.1	22800001	22830000	0.0019519740718915	27152	53	27152	0
PflaHELEm	OZ251426.1	22830001	22860000	0.0043584155877451	23403	102	23403	0
PflaKGBHm	OZ251426.1	22830001	22860000	0.0037602016835448	23403	88	23403	0
PflaHELAf	OZ251426.1	22830001	22860000	0.0035465538606161	23403	83	23403	0
PflaKGBDf	OZ251426.1	22830001	22860000	0.0035038242960304	23403	82	23403	0
PflaHELAf	OZ251426.1	22860001	22890000	0.0053494391716997	23180	124	23180	0
PflaKGBDf	OZ251426.1	22860001	22890000	0.0025452976704055	23180	59	23180	0
PflaHELEm	OZ251426.1	22860001	22890000	0.0075496117342536	23180	175	23180	0
PflaKGBHm	OZ251426.1	22860001	22890000	0.0059965487489214	23180	139	23180	0
PflaHELAf	OZ251426.1	22890001	22920000	0.0080253340274162	23052	185	23052	0
PflaKGBDf	OZ251426.1	22890001	22920000	0.0059430851986812	23052	137	23052	0
PflaHELEm	OZ251426.1	22890001	22920000	0.0097639298732858	23044	225	23044	8
PflaKGBHm	OZ251426.1	22890001	22920000	0.0062467464862051	23052	144	23052	0
PflaHELEm	OZ251426.1	22920001	22950000	0.0084824836712189	23578	200	23578	0
PflaKGBHm	OZ251426.1	22920001	22950000	0.0051319026210874	23578	121	23578	0
PflaHELAf	OZ251426.1	22920001	22950000	0.0064891000084824	23578	153	23578	0
PflaKGBDf	OZ251426.1	22920001	22950000	0.0046653660191704	23578	110	23578	0
PflaKGBHm	OZ251426.1	22950001	22980000	0.0030837759122837	23348	72	23348	0
PflaHELEm	OZ251426.1	22950001	22980000	0.0053537776254925	23348	125	23348	0
PflaKGBDf	OZ251426.1	22950001	22980000	0.0040688709953743	23348	95	23348	0
PflaHELAf	OZ251426.1	22950001	22980000	0.002098680829193	23348	49	23348	0
PflaKGBDf	OZ251426.1	22980001	23010000	0.0041686330029888	25428	106	25428	0
PflaHELAf	OZ251426.1	22980001	23010000	0.003382098474123	25428	86	25428	0
PflaHELEm	OZ251426.1	22980001	23010000	0.0060563158722667	25428	154	25428	0
PflaKGBHm	OZ251426.1	22980001	23010000	0.0043259399087619	25428	110	25428	0
PflaHELAf	OZ251426.1	23010001	23040000	0.0036919831223628	26544	98	26544	0
PflaKGBDf	OZ251426.1	23010001	23040000	0.0024487643158529	26544	65	26544	0
PflaHELEm	OZ251426.1	23010001	23040000	0.0042194092827004	26544	112	26544	0
PflaKGBHm	OZ251426.1	23010001	23040000	0.0021097046413502	26544	56	26544	0
PflaHELAf	OZ251426.1	23040001	23070000	0.0051775433715853	25881	134	25881	0
PflaKGBDf	OZ251426.1	23040001	23070000	0.0047525211545148	25881	123	25881	0
PflaHELEm	OZ251426.1	23040001	23070000	0.0054866504385456	25881	142	25881	0
PflaKGBHm	OZ251426.1	23040001	23070000	0.0026660484525327	25881	69	25881	0
PflaKGBDf	OZ251426.1	23070001	23100000	0.0048311244121419	23390	113	23390	0
PflaKGBHm	OZ251426.1	23070001	23100000	0.0050448909790508	23390	118	23390	0
PflaHELAf	OZ251426.1	23070001	23100000	0.0016246259085079	23390	38	23390	0
PflaHELEm	OZ251426.1	23070001	23100000	0.0079948696023941	23390	187	23390	0
PflaHELEm	OZ251426.1	23100001	23130000	0.0070656691604322	21654	153	21654	0
PflaKGBHm	OZ251426.1	23100001	23130000	0.0010621594162741	21654	23	21654	0
PflaKGBDf	OZ251426.1	23100001	23130000	0.0018934146116191	21654	41	21654	0
PflaHELAf	OZ251426.1	23100001	23130000	0.0009236168837166	21654	20	21654	0
PflaKGBDf	OZ251426.1	23130001	23160000	0.0040942090157015	23692	97	23692	0
PflaHELEm	OZ251426.1	23130001	23160000	0.007470876245146	23692	177	23692	0
PflaKGBHm	OZ251426.1	23130001	23160000	0.0020260003376667	23692	48	23692	0
PflaHELAf	OZ251426.1	23130001	23160000	0.0020260003376667	23692	48	23692	0
PflaHELAf	OZ251426.1	23160001	23190000	0.0064944649446494	20325	132	20325	0
PflaKGBDf	OZ251426.1	23160001	23190000	0.0039360393603936	20325	80	20325	0
PflaHELEm	OZ251426.1	23160001	23190000	0.006740467404674	20325	137	20325	0
PflaKGBHm	OZ251426.1	23160001	23190000	0.0057564575645756	20325	117	20325	0
PflaHELAf	OZ251426.1	23190001	23220000	0.0049148885159434	25026	123	25026	0
PflaKGBDf	OZ251426.1	23190001	23220000	0.0041556780947814	25026	104	25026	0
PflaHELEm	OZ251426.1	23190001	23220000	0.0080316470870294	25026	201	25026	0
PflaKGBHm	OZ251426.1	23190001	23220000	0.0051945976184767	25026	130	25026	0
PflaHELAf	OZ251426.1	23220001	23250000	0.0041351092539392	22974	95	22974	0
PflaHELEm	OZ251426.1	23220001	23250000	0.0087925480978497	22974	202	22974	0
PflaKGBHm	OZ251426.1	23220001	23250000	0.0025245930181944	22974	58	22974	0
PflaKGBDf	OZ251426.1	23220001	23250000	0.0066161748063027	22974	152	22974	0
PflaHELAf	OZ251426.1	23250001	23280000	0.0047912087912087	22750	109	22750	0
PflaKGBDf	OZ251426.1	23250001	23280000	0.0056263736263736	22750	128	22750	0
PflaHELEm	OZ251426.1	23250001	23280000	0.0098021978021978	22750	223	22750	0
PflaKGBHm	OZ251426.1	23250001	23280000	0.0058901098901098	22750	134	22750	0
PflaHELAf	OZ251426.1	23280001	23310000	0.0063752716735088	20705	132	20705	211
PflaKGBDf	OZ251426.1	23280001	23310000	0.0031076687703193	20916	65	20916	0
PflaHELEm	OZ251426.1	23280001	23310000	0.0072193536048957	20916	151	20916	0
PflaKGBHm	OZ251426.1	23280001	23310000	0.0025817555938037	20916	54	20916	0
PflaKGBDf	OZ251426.1	23310001	23340000	0.0055010001818512	21996	121	21996	2
PflaHELAf	OZ251426.1	23310001	23340000	0.0060005455041367	21998	132	21998	0
PflaHELEm	OZ251426.1	23310001	23340000	0.0091893367300518	21982	202	21982	16
PflaKGBHm	OZ251426.1	23310001	23340000	0.0035923787003774	21991	79	21991	7
PflaHELAf	OZ251426.1	23340001	23370000	0.0053473491773308	21880	117	21880	0
PflaKGBDf	OZ251426.1	23340001	23370000	0.0051645338208409	21880	113	21880	0
PflaHELEm	OZ251426.1	23340001	23370000	0.0094149908592321	21880	206	21880	0
PflaKGBHm	OZ251426.1	23340001	23370000	0.0020141908903639	21845	44	21845	35
PflaHELAf	OZ251426.1	23370001	23400000	0.0049315798827083	22508	111	22508	18
PflaKGBDf	OZ251426.1	23370001	23400000	0.0051939980467015	22526	117	22526	0
PflaHELEm	OZ251426.1	23370001	23400000	0.0102104235106099	22526	230	22526	0
PflaKGBHm	OZ251426.1	23370001	23400000	0.0027967681789931	22526	63	22526	0
PflaKGBHm	OZ251426.1	23400001	23430000	0.0067074663402692	20425	137	20425	0
PflaHELAf	OZ251426.1	23400001	23430000	0.0063157894736842	20425	129	20425	0
PflaHELEm	OZ251426.1	23400001	23430000	0.0082252141982864	20425	168	20425	0
PflaKGBDf	OZ251426.1	23400001	23430000	0.0063157894736842	20425	129	20425	0
PflaHELAf	OZ251426.1	23430001	23460000	0.0031375890920359	25816	81	25816	0
PflaKGBDf	OZ251426.1	23430001	23460000	0.0023628757359776	25816	61	25816	0
PflaKGBHm	OZ251426.1	23430001	23460000	0.0042996591261233	25816	111	25816	0
PflaHELEm	OZ251426.1	23430001	23460000	0.0071273628757359	25816	184	25816	0
PflaKGBHm	OZ251426.1	23460001	23490000	0.0037423918407632	24316	91	24316	0
PflaHELEm	OZ251426.1	23460001	23490000	0.0067445303503865	24316	164	24316	0
PflaKGBDf	OZ251426.1	23460001	23490000	0.0044003948017766	24316	107	24316	0
PflaHELAf	OZ251426.1	23460001	23490000	0.0037423918407632	24316	91	24316	0
PflaKGBHm	OZ251426.1	23490001	23520000	0.0043219881145326	24063	104	24063	0
PflaHELEm	OZ251426.1	23490001	23520000	0.0055271578772389	24063	133	24063	0
PflaKGBDf	OZ251426.1	23490001	23520000	0.0058596185014337	24063	141	24063	0
PflaHELAf	OZ251426.1	23490001	23520000	0.004363545692557	24063	105	24063	0
PflaHELAf	OZ251426.1	23520001	23550000	0.0047028832630098	22752	107	22752	0
PflaKGBDf	OZ251426.1	23520001	23550000	0.0046149789029535	22752	105	22752	0
PflaHELEm	OZ251426.1	23520001	23550000	0.0056698312236286	22752	129	22752	0
PflaKGBHm	OZ251426.1	23520001	23550000	0.0043952180028129	22752	100	22752	0
PflaKGBHm	OZ251426.1	23550001	23580000	0.0064632430531129	22744	147	22744	0
PflaHELEm	OZ251426.1	23550001	23580000	0.0082219486457966	22744	187	22744	0
PflaHELAf	OZ251426.1	23550001	23580000	0.0054519873373197	22744	124	22744	0
PflaKGBDf	OZ251426.1	23550001	23580000	0.0061994372142103	22744	141	22744	0
PflaHELAf	OZ251426.1	23580001	23610000	0.0040842476175222	24974	102	24974	0
PflaKGBDf	OZ251426.1	23580001	23610000	0.0033634980379594	24974	84	24974	0
PflaHELEm	OZ251426.1	23580001	23610000	0.0056058300632657	24974	140	24974	0
PflaKGBHm	OZ251426.1	23580001	23610000	0.0020821654520701	24974	52	24974	0
PflaKGBDf	OZ251426.1	23610001	23640000	0.0076804915514592	20181	155	20181	0
PflaKGBHm	OZ251426.1	23610001	23640000	0.0008423764927406	20181	17	20181	0
PflaHELEm	OZ251426.1	23610001	23640000	0.0075813884346662	20181	153	20181	0
PflaHELAf	OZ251426.1	23610001	23640000	0.0035677122045488	20181	72	20181	0
PflaKGBHm	OZ251426.1	23640001	23670000	0.00284570491487	20733	59	20733	0
PflaKGBDf	OZ251426.1	23640001	23670000	0.0031350986350262	20733	65	20733	0
PflaHELAf	OZ251426.1	23640001	23670000	0.0044856026624222	20733	93	20733	0
PflaHELEm	OZ251426.1	23640001	23670000	0.0063666618434379	20733	132	20733	0
PflaKGBHm	OZ251426.1	23670001	23700000	0.00400521609538	21472	86	21472	0
PflaHELEm	OZ251426.1	23670001	23700000	0.0053558122205663	21472	115	21472	0
PflaKGBDf	OZ251426.1	23670001	23700000	0.0069392697466467	21472	149	21472	0
PflaHELAf	OZ251426.1	23670001	23700000	0.0018163189269746	21472	39	21472	0
PflaHELEm	OZ251426.1	23700001	23730000	0.0085690183368112	22523	193	22523	0
PflaHELAf	OZ251426.1	23700001	23730000	0.0067042578697331	22523	151	22523	0
PflaKGBDf	OZ251426.1	23700001	23730000	0.0059938729298938	22523	135	22523	0
PflaKGBHm	OZ251426.1	23700001	23730000	0.0031967322292767	22523	72	22523	0
PflaKGBHm	OZ251426.1	23730001	23760000	0.0063237139272271	19925	126	19925	80
PflaHELEm	OZ251426.1	23730001	23760000	0.0069482629342664	20005	139	20005	0
PflaKGBDf	OZ251426.1	23730001	23760000	0.0030585639791415	19944	61	19944	61
PflaHELAf	OZ251426.1	23730001	23760000	0.007098225443639	20005	142	20005	0
PflaHELAf	OZ251426.1	23760001	23790000	0.0052628889683715	19571	103	19571	0
PflaKGBHm	OZ251426.1	23760001	23790000	0.0033212406111082	19571	65	19571	0
PflaHELEm	OZ251426.1	23760001	23790000	0.0073578253538398	19571	144	19571	0
PflaKGBDf	OZ251426.1	23760001	23790000	0.0061826171376015	19571	121	19571	0
PflaKGBHm	OZ251426.1	23790001	23820000	0.0033585222502099	20247	68	20247	0
PflaHELEm	OZ251426.1	23790001	23820000	0.0057292438385933	20247	116	20247	0
PflaKGBDf	OZ251426.1	23790001	23820000	0.0053835136069541	20247	109	20247	0
PflaHELAf	OZ251426.1	23790001	23820000	0.0022719415222008	20247	46	20247	0
PflaHELAf	OZ251426.1	23820001	23850000	0.005545354388542	27230	151	27230	0
PflaKGBDf	OZ251426.1	23820001	23850000	0.0044436283510833	27230	121	27230	0
PflaHELEm	OZ251426.1	23820001	23850000	0.0058758721997796	27230	160	27230	0
PflaKGBHm	OZ251426.1	23820001	23850000	0.0041131105398457	27230	112	27230	0
PflaHELEm	OZ251426.1	23850001	23880000	0.0074626865671641	23316	174	23316	0
PflaKGBHm	OZ251426.1	23850001	23880000	0.0069051295247898	23316	161	23316	0
PflaHELAf	OZ251426.1	23850001	23880000	0.0059615714530794	23316	139	23316	0
PflaKGBDf	OZ251426.1	23850001	23880000	0.0039534184177731	23271	92	23271	45
PflaHELAf	OZ251426.1	23880001	23910000	0.0048940335347689	23498	115	23498	0
PflaKGBDf	OZ251426.1	23880001	23910000	0.004638692654694	23498	109	23498	0
PflaHELEm	OZ251426.1	23880001	23910000	0.0068090901353306	23498	160	23498	0
PflaKGBHm	OZ251426.1	23880001	23910000	0.0052344880415354	23498	123	23498	0
PflaHELAf	OZ251426.1	23910001	23940000	0.0060549995795139	23782	144	23782	0
PflaKGBDf	OZ251426.1	23910001	23940000	0.0069380203515263	23782	165	23782	0
PflaHELEm	OZ251426.1	23910001	23940000	0.0085358674627869	23782	203	23782	0
PflaKGBHm	OZ251426.1	23910001	23940000	0.0068539231351442	23782	163	23782	0
PflaHELAf	OZ251426.1	23940001	23970000	0.0050072473316642	22767	114	22767	0
PflaKGBDf	OZ251426.1	23940001	23970000	0.0051390169982869	22767	117	22767	0
PflaHELEm	OZ251426.1	23940001	23970000	0.0052275522755227	22764	119	22764	3
PflaKGBHm	OZ251426.1	23940001	23970000	0.0020643914437563	22767	47	22767	0
PflaKGBHm	OZ251426.1	23970001	24000000	0.0018209408194233	23065	42	23065	0
PflaHELEm	OZ251426.1	23970001	24000000	0.005896379796228	23065	136	23065	0
PflaHELAf	OZ251426.1	23970001	24000000	0.0061998699327986	23065	143	23065	0
PflaKGBDf	OZ251426.1	23970001	24000000	0.0055495339258616	23065	128	23065	0
PflaKGBDf	OZ251426.1	24000001	24030000	0.0037878787878787	25344	96	25344	0
PflaKGBHm	OZ251426.1	24000001	24030000	0.0034327651515151	25344	87	25344	0
PflaHELEm	OZ251426.1	24000001	24030000	0.0071811868686868	25344	182	25344	0
PflaHELAf	OZ251426.1	24000001	24030000	0.003353851010101	25344	85	25344	0
PflaKGBHm	OZ251426.1	24030001	24060000	0.0034038046972504	26441	90	26441	0
PflaHELEm	OZ251426.1	24030001	24060000	0.0038198252713588	26441	101	26441	0
PflaKGBDf	OZ251426.1	24030001	24060000	0.0021179229227336	26441	56	26441	0
PflaHELAf	OZ251426.1	24030001	24060000	0.0037441851669755	26441	99	26441	0
PflaKGBHm	OZ251426.1	24060001	24090000	0.0002909196698061	27499	8	27499	0
PflaHELEm	OZ251426.1	24060001	24090000	0.0041819702534637	27499	115	27499	0
PflaHELAf	OZ251426.1	24060001	24090000	0.0023273573584493	27499	64	27499	0
PflaKGBDf	OZ251426.1	24060001	24090000	0.0021455325648205	27499	59	27499	0
PflaKGBHm	OZ251426.1	24090001	24120000	0.0001738948979236	28753	5	28753	0
PflaHELEm	OZ251426.1	24090001	24120000	0.0029562132647028	28753	85	28753	0
PflaKGBDf	OZ251426.1	24090001	24120000	0.0009390324487879	28753	27	28753	0
PflaHELAf	OZ251426.1	24090001	24120000	0.0009042534692032	28753	26	28753	0
PflaKGBHm	OZ251426.1	24120001	24150000	0.0001176701313983	25495	3	25495	0
PflaHELEm	OZ251426.1	24120001	24150000	0.0028240831535595	25495	72	25495	0
PflaKGBDf	OZ251426.1	24120001	24150000	0.0002353402627966	25495	6	25495	0
PflaHELAf	OZ251426.1	24120001	24150000	0.0024710727593645	25495	63	25495	0
PflaKGBHm	OZ251426.1	24150001	24180000	0.0007640586797066	26176	20	26176	0
PflaHELEm	OZ251426.1	24150001	24180000	0.0055776283618581	26176	146	26176	0
PflaKGBDf	OZ251426.1	24150001	24180000	0.0002292176039119	26176	6	26176	0
PflaHELAf	OZ251426.1	24150001	24180000	0.0045079462102689	26176	118	26176	0
PflaHELEm	OZ251426.1	24180001	24210000	0.0070864312267657	25824	183	25824	0
PflaKGBHm	OZ251426.1	24180001	24210000	0.0024406306899624	25813	63	25813	11
PflaHELAf	OZ251426.1	24180001	24210000	0.0054600371747211	25824	141	25824	0
PflaKGBDf	OZ251426.1	24180001	24210000	0.0040280413648863	25819	104	25819	5
PflaKGBHm	OZ251426.1	24210001	24240000	0.0054399340614053	24265	132	24265	0
PflaHELEm	OZ251426.1	24210001	24240000	0.0075829383886255	24265	184	24265	0
PflaHELAf	OZ251426.1	24210001	24240000	0.0058932618998557	24265	143	24265	0
PflaKGBDf	OZ251426.1	24210001	24240000	0.0049453946012775	24265	120	24265	0
PflaHELAf	OZ251426.1	24240001	24270000	0.0049766056997022	23510	117	23510	0
PflaKGBDf	OZ251426.1	24240001	24270000	0.0049766056997022	23510	117	23510	0
PflaHELEm	OZ251426.1	24240001	24270000	0.0086771586558911	23510	204	23510	0
PflaKGBHm	OZ251426.1	24240001	24270000	0.0034878774989366	23510	82	23510	0
PflaKGBHm	OZ251426.1	24270001	24300000	0.0068132548776711	22603	154	22603	0
PflaHELEm	OZ251426.1	24270001	24300000	0.0115471397602088	22603	261	22603	0
PflaKGBDf	OZ251426.1	24270001	24300000	0.0051320621156483	22603	116	22603	0
PflaHELAf	OZ251426.1	24270001	24300000	0.0082289961509534	22603	186	22603	0
PflaHELAf	OZ251426.1	24300001	24330000	0.004128208124002	25677	106	25677	0
PflaKGBDf	OZ251426.1	24300001	24330000	0.0024535576586049	25677	63	25677	0
PflaHELEm	OZ251426.1	24300001	24330000	0.0064649297036258	25677	166	25677	0
PflaKGBHm	OZ251426.1	24300001	24330000	0.0022588308603029	25677	58	25677	0
PflaHELAf	OZ251426.1	24330001	24360000	0.0038814899223702	28082	109	28082	0
PflaKGBDf	OZ251426.1	24330001	24360000	0.0002848799943024	28082	8	28082	0
PflaHELEm	OZ251426.1	24330001	24360000	0.0017448899651022	28082	49	28082	0
PflaKGBHm	OZ251426.1	24330001	24360000	0.000178049996439	28082	5	28082	0
PflaKGBHm	OZ251426.1	24360001	24390000	0.004808120381088	22462	108	22462	0
PflaHELEm	OZ251426.1	24360001	24390000	0.0070786216721574	22462	159	22462	0
PflaKGBDf	OZ251426.1	24360001	24390000	0.0012477162336794	22441	28	22441	21
PflaHELAf	OZ251426.1	24360001	24390000	0.0039622473510818	22462	89	22462	0
PflaHELAf	OZ251426.1	24390001	24420000	0.0017656351640182	21522	38	21522	0
PflaKGBDf	OZ251426.1	24390001	24420000	0.0076665737385001	21522	165	21522	0
PflaHELEm	OZ251426.1	24390001	24420000	0.0089211039866183	21522	192	21522	0
PflaKGBHm	OZ251426.1	24390001	24420000	0.0055756899916364	21522	120	21522	0
PflaHELAf	OZ251426.1	24420001	24450000	0.004256793545513	20203	86	20203	0
PflaKGBDf	OZ251426.1	24420001	24450000	0.0048012671385437	20203	97	20203	0
PflaHELEm	OZ251426.1	24420001	24450000	0.0099490174726525	20203	201	20203	0
PflaKGBHm	OZ251426.1	24420001	24450000	0.0011885306789481	20193	24	20193	10
PflaHELAf	OZ251426.1	24450001	24480000	0.0034478243791733	22913	79	22913	0
PflaKGBDf	OZ251426.1	24450001	24480000	0.0024440274080216	22913	56	22913	0
PflaHELEm	OZ251426.1	24450001	24480000	0.0085104525815039	22913	195	22913	0
PflaKGBHm	OZ251426.1	24450001	24480000	0.0054554183214768	22913	125	22913	0
PflaKGBHm	OZ251426.1	24480001	24510000	0.0037120791910227	23437	87	23437	0
PflaHELEm	OZ251426.1	24480001	24510000	0.0068268123053291	23437	160	23437	0
PflaHELAf	OZ251426.1	24480001	24510000	0.0010240218457993	23437	24	23437	0
PflaKGBDf	OZ251426.1	24480001	24510000	0.0025173870375901	23437	59	23437	0
PflaKGBHm	OZ251426.1	24510001	24540000	0.0021610343157345	26839	58	26839	0
PflaHELEm	OZ251426.1	24510001	24540000	0.0046946607548716	26839	126	26839	0
PflaHELAf	OZ251426.1	24510001	24540000	0.0038004396587056	26839	102	26839	0
PflaKGBDf	OZ251426.1	24510001	24540000	0.000894221096166	26839	24	26839	0
PflaHELAf	OZ251426.1	24540001	24570000	0.0035319345751166	23783	84	23783	0
PflaKGBDf	OZ251426.1	24540001	24570000	0.0059286044653744	23783	141	23783	0
PflaHELEm	OZ251426.1	24540001	24570000	0.0071900096707732	23783	171	23783	0
PflaKGBHm	OZ251426.1	24540001	24570000	0.0030694193331371	23783	73	23783	0
PflaHELAf	OZ251426.1	24570001	24600000	0.0052312039405857	26189	137	26189	0
PflaKGBDf	OZ251426.1	24570001	24600000	0.0036656611554469	26189	96	26189	0
PflaHELEm	OZ251426.1	24570001	24600000	0.0052693879109549	26189	138	26189	0
PflaKGBHm	OZ251426.1	24570001	24600000	0.0022150085927057	26185	58	26185	4
PflaHELEm	OZ251426.1	24600001	24630000	0.0063180191366591	27382	173	27382	0
PflaKGBHm	OZ251426.1	24600001	24630000	0.0056241326418815	27382	154	27382	0
PflaKGBDf	OZ251426.1	24600001	24630000	0.0032868307647359	27382	90	27382	0
PflaHELAf	OZ251426.1	24600001	24630000	0.0047476444379519	27382	130	27382	0
PflaKGBHm	OZ251426.1	24630001	24660000	0.0040169442009932	27384	110	27384	0
PflaHELEm	OZ251426.1	24630001	24660000	0.0052220274612912	27384	143	27384	0
PflaHELAf	OZ251426.1	24630001	24660000	0.0041264972246567	27384	113	27384	0
PflaKGBDf	OZ251426.1	24630001	24660000	0.0039804265264387	27384	109	27384	0
PflaKGBHm	OZ251426.1	24660001	24690000	0.005889970341284	23939	141	23939	0
PflaHELEm	OZ251426.1	24660001	24690000	0.0093571160031747	23939	224	23939	0
PflaKGBDf	OZ251426.1	24660001	24690000	0.005889970341284	23939	141	23939	0
PflaHELAf	OZ251426.1	24660001	24690000	0.0072684740381803	23939	174	23939	0
PflaKGBDf	OZ251426.1	24690001	24720000	0.0041734790465536	23242	97	23242	0
PflaKGBHm	OZ251426.1	24690001	24720000	0.0009035367008002	23242	21	23242	0
PflaHELEm	OZ251426.1	24690001	24720000	0.0049911793812658	23241	116	23241	1
PflaHELAf	OZ251426.1	24690001	24720000	0.0022803545305911	23242	53	23242	0
PflaHELAf	OZ251426.1	24720001	24750000	0.0025076504590275	23528	59	23528	29
PflaKGBDf	OZ251426.1	24720001	24750000	0.0056034299783503	23557	132	23557	0
PflaHELEm	OZ251426.1	24720001	24750000	0.0079806426964384	23557	188	23557	0
PflaKGBHm	OZ251426.1	24720001	24750000	0.005051577025937	23557	119	23557	0
PflaKGBHm	OZ251426.1	24750001	24780000	0.0083351612195656	18236	152	18236	0
PflaHELAf	OZ251426.1	24750001	24780000	0.0059308072487644	18210	108	18210	26
PflaKGBDf	OZ251426.1	24750001	24780000	0.0051716549295774	18176	94	18176	60
PflaHELEm	OZ251426.1	24750001	24780000	0.0097609124808071	18236	178	18236	0
PflaHELAf	OZ251426.1	24780001	24810000	0.00350532809871	21396	75	21396	0
PflaKGBDf	OZ251426.1	24780001	24810000	0.0054215741260048	21396	116	21396	0
PflaHELEm	OZ251426.1	24780001	24810000	0.0086932136848008	21396	186	21396	0
PflaKGBHm	OZ251426.1	24780001	24810000	0.007244344737334	21396	155	21396	0
PflaKGBDf	OZ251426.1	24810001	24840000	0.0055376826116765	18961	105	18961	1
PflaKGBHm	OZ251426.1	24810001	24840000	0.0049572829870266	18962	94	18962	0
PflaHELEm	OZ251426.1	24810001	24840000	0.009439932496572	18962	179	18962	0
PflaHELAf	OZ251426.1	24810001	24840000	0.0036388566606898	18962	69	18962	0
PflaKGBHm	OZ251426.1	24840001	24870000	0.0058564269757894	16563	97	16563	0
PflaHELEm	OZ251426.1	24840001	24870000	0.0046489162591318	16563	77	16563	0
PflaKGBDf	OZ251426.1	24840001	24870000	0.0061583046549538	16563	102	16563	0
PflaHELAf	OZ251426.1	24840001	24870000	0.0062790557266195	16563	104	16563	0
PflaHELEm	OZ251426.1	24870001	24900000	0.004932446922582	18652	92	18652	0
PflaHELAf	OZ251426.1	24870001	24900000	0.0051469011366073	18652	96	18652	0
PflaKGBDf	OZ251426.1	24870001	24900000	0.0054149689041389	18652	101	18652	0
PflaKGBHm	OZ251426.1	24870001	24900000	0.0038114666094051	18628	71	18628	24
PflaHELAf	OZ251426.1	24900001	24930000	0.0070240904351643	18223	128	18223	0
PflaKGBDf	OZ251426.1	24900001	24930000	0.0074630960873621	18223	136	18223	0
PflaHELEm	OZ251426.1	24900001	24930000	0.0085057345113318	18223	155	18223	0
PflaKGBHm	OZ251426.1	24900001	24930000	0.0083959830982823	18223	153	18223	0
PflaKGBHm	OZ251426.1	24930001	24960000	0.0053370112736867	16676	89	16676	62
PflaHELEm	OZ251426.1	24930001	24960000	0.0103955072290596	16738	174	16738	0
PflaHELAf	OZ251426.1	24930001	24960000	0.0095596582422178	16737	160	16737	1
PflaKGBDf	OZ251426.1	24930001	24960000	0.0094993428127613	16738	159	16738	0
PflaHELAf	OZ251426.1	24960001	24990000	0.0064955310746206	19244	125	19244	0
PflaKGBDf	OZ251426.1	24960001	24990000	0.0064955310746206	19244	125	19244	0
PflaHELEm	OZ251426.1	24960001	24990000	0.0093535647474537	19244	180	19244	0
PflaKGBHm	OZ251426.1	24960001	24990000	0.002858033672833	19244	55	19244	0
PflaHELAf	OZ251426.1	24990001	25020000	0.0032312447316661	14236	46	14236	6
PflaKGBDf	OZ251426.1	24990001	25020000	0.0063895520292093	14242	91	14242	0
PflaHELEm	OZ251426.1	24990001	25020000	0.0096896503300098	14242	138	14242	0
PflaKGBHm	OZ251426.1	24990001	25020000	0.0054065440247156	14242	77	14242	0
PflaHELEm	OZ251426.1	25020001	25050000	0.0137394471114053	18123	249	18123	0
PflaKGBHm	OZ251426.1	25020001	25050000	0.0081664183634056	18123	148	18123	0
PflaHELAf	OZ251426.1	25020001	25050000	0.0096010594272471	18123	174	18123	0
PflaKGBDf	OZ251426.1	25020001	25050000	0.007228383821663	18123	131	18123	0
PflaKGBHm	OZ251426.1	25050001	25080000	0.0062394680511909	21957	137	21957	0
PflaHELEm	OZ251426.1	25050001	25080000	0.0106116500432663	21957	233	21957	0
PflaKGBDf	OZ251426.1	25050001	25080000	0.0067404472377829	21957	148	21957	0
PflaHELAf	OZ251426.1	25050001	25080000	0.0066949036753654	21957	147	21957	0
PflaHELAf	OZ251426.1	25080001	25110000	0.0097218742169882	19955	194	19955	0
PflaHELEm	OZ251426.1	25080001	25110000	0.0111751440741668	19955	223	19955	0
PflaKGBDf	OZ251426.1	25080001	25110000	0.0075169130543723	19955	150	19955	0
PflaKGBHm	OZ251426.1	25080001	25110000	0.0068153345026309	19955	136	19955	0
PflaKGBDf	OZ251426.1	25110001	25140000	0.0094092012083395	20193	190	20193	0
PflaKGBHm	OZ251426.1	25110001	25140000	0.0077254494131629	20193	156	20193	0
PflaHELEm	OZ251426.1	25110001	25140000	0.0121824394592185	20193	246	20193	0
PflaHELAf	OZ251426.1	25110001	25140000	0.0113900856732531	20193	230	20193	0
PflaKGBHm	OZ251426.1	25140001	25170000	0.0071953230400239	20013	144	20013	0
PflaHELEm	OZ251426.1	25140001	25170000	0.0110927896867036	20013	222	20013	0
PflaKGBDf	OZ251426.1	25140001	25170000	0.0064458102233548	20013	129	20013	0
PflaHELAf	OZ251426.1	25140001	25170000	0.0089941538000299	20013	180	20013	0
PflaHELEm	OZ251426.1	25170001	25200000	0.0089333658774713	20485	183	20485	0
PflaKGBDf	OZ251426.1	25170001	25200000	0.0033195020746887	20485	68	20485	0
PflaHELAf	OZ251426.1	25170001	25200000	0.0023431779350744	20485	48	20485	0
PflaKGBHm	OZ251426.1	25170001	25200000	0.0057625628754212	20477	118	20477	8
PflaHELEm	OZ251426.1	25200001	25230000	0.0134786201198099	19364	261	19364	0
PflaKGBHm	OZ251426.1	25200001	25230000	0.0071782689526957	19364	139	19364	0
PflaHELAf	OZ251426.1	25200001	25230000	0.0071782689526957	19364	139	19364	0
PflaKGBDf	OZ251426.1	25200001	25230000	0.0036665978103697	19364	71	19364	0
PflaHELAf	OZ251426.1	25230001	25260000	0.0059820061255742	20896	125	20896	27
PflaKGBDf	OZ251426.1	25230001	25260000	0.0043014864025235	20923	90	20923	0
PflaHELEm	OZ251426.1	25230001	25260000	0.0094632700855517	20923	198	20923	0
PflaKGBHm	OZ251426.1	25230001	25260000	0.0063088467237011	20923	132	20923	0
PflaHELAf	OZ251426.1	25260001	25290000	0.0056592821901905	20674	117	20674	0
PflaKGBDf	OZ251426.1	25260001	25290000	0.006094611589436	20674	126	20674	0
PflaHELEm	OZ251426.1	25260001	25290000	0.008658218051659	20674	179	20674	0
PflaKGBHm	OZ251426.1	25260001	25290000	0.0044157608695652	20608	91	20608	66
PflaKGBHm	OZ251426.1	25290001	25320000	0.0062517238209065	21754	136	21754	9
PflaHELEm	OZ251426.1	25290001	25320000	0.0113495382070486	21763	247	21763	0
PflaKGBDf	OZ251426.1	25290001	25320000	0.0085006662684372	21763	185	21763	0
PflaHELAf	OZ251426.1	25290001	25320000	0.0091439599319946	21763	199	21763	0
PflaHELAf	OZ251426.1	25320001	25350000	0.003560588372636	17132	61	17132	0
PflaKGBHm	OZ251426.1	25320001	25350000	0.0031519962643007	17132	54	17132	0
PflaKGBDf	OZ251426.1	25320001	25350000	0.0042026616857342	17132	72	17132	0
PflaHELEm	OZ251426.1	25320001	25350000	0.0076465094559887	17132	131	17132	0
PflaKGBHm	OZ251426.1	25350001	25380000	0.0045126353790613	19944	90	19944	0
PflaHELEm	OZ251426.1	25350001	25380000	0.0080726032892097	19944	161	19944	0
PflaKGBDf	OZ251426.1	25350001	25380000	0.0061672683513838	19944	123	19944	0
PflaHELAf	OZ251426.1	25350001	25380000	0.0057160048134777	19944	114	19944	0
PflaKGBHm	OZ251426.1	25380001	25410000	0.0043315730137067	16853	73	16853	11
PflaHELEm	OZ251426.1	25380001	25410000	0.0125118595825426	16864	211	16864	0
PflaKGBDf	OZ251426.1	25380001	25410000	0.0061669829222011	16864	104	16864	0
PflaHELAf	OZ251426.1	25380001	25410000	0.0084008219509246	16546	139	16546	318
PflaKGBHm	OZ251426.1	25410001	25440000	0.0071756114130434	23552	169	23552	0
PflaHELAf	OZ251426.1	25410001	25440000	0.0052878464818763	23450	124	23450	102
PflaHELEm	OZ251426.1	25410001	25440000	0.0070057744565217	23552	165	23552	0
PflaKGBDf	OZ251426.1	25410001	25440000	0.0043496801705756	23450	102	23450	102
PflaHELAf	OZ251426.1	25440001	25470000	0.0034006720375693	24701	84	24701	0
PflaKGBDf	OZ251426.1	25440001	25470000	0.0033601878466458	24701	83	24701	0
PflaHELEm	OZ251426.1	25440001	25470000	0.0073681227480668	24701	182	24701	0
PflaKGBHm	OZ251426.1	25440001	25470000	0.0034431077085105	24687	85	24687	14
PflaKGBDf	OZ251426.1	25470001	25500000	0.0052651855656864	23361	123	23361	13
PflaHELEm	OZ251426.1	25470001	25500000	0.0098827757337212	23374	231	23374	0
PflaKGBHm	OZ251426.1	25470001	25500000	0.0018434365086169	23326	43	23326	48
PflaHELAf	OZ251426.1	25470001	25500000	0.009326602207581	23374	218	23374	0
PflaKGBHm	OZ251426.1	25500001	25530000	0.0080308974987739	16312	131	16312	6
PflaHELEm	OZ251426.1	25500001	25530000	0.0101728152959921	16318	166	16318	0
PflaKGBDf	OZ251426.1	25500001	25530000	0.0094374310577276	16318	154	16318	0
PflaHELAf	OZ251426.1	25500001	25530000	0.0074764064223556	16318	122	16318	0
PflaKGBDf	OZ251426.1	25530001	25560000	0.0044247787610619	14464	64	14464	0
PflaHELAf	OZ251426.1	25530001	25560000	0.0082964601769911	14464	120	14464	0
PflaHELEm	OZ251426.1	25530001	25560000	0.0114767699115044	14464	166	14464	0
PflaKGBHm	OZ251426.1	25530001	25560000	0.0087804203539823	14464	127	14464	0
PflaHELAf	OZ251426.1	25560001	25590000	0.0076560384669249	21421	164	21421	0
PflaHELEm	OZ251426.1	25560001	25590000	0.0104570281499463	21421	224	21421	0
PflaKGBHm	OZ251426.1	25560001	25590000	0.0104570281499463	21421	224	21421	0
PflaKGBDf	OZ251426.1	25560001	25590000	0.007796087951076	21421	167	21421	0
PflaKGBHm	OZ251426.1	25590001	25620000	0.0110713760838681	20413	226	20413	0
PflaHELAf	OZ251426.1	25590001	25620000	0.0107774457453583	20413	220	20413	0
PflaKGBDf	OZ251426.1	25590001	25620000	0.0096507127810708	20413	197	20413	0
PflaHELEm	OZ251426.1	25590001	25620000	0.011610248371136	20413	237	20413	0
PflaKGBHm	OZ251426.1	25620001	25650000	0.005286701911346	24590	130	24590	0
PflaHELEm	OZ251426.1	25620001	25650000	0.0101260675071167	24590	249	24590	0
PflaHELAf	OZ251426.1	25620001	25650000	0.0075233834892232	24590	185	24590	0
PflaKGBDf	OZ251426.1	25620001	25650000	0.0075640504270028	24590	186	24590	0
PflaHELAf	OZ251426.1	25650001	25680000	0.0043742062932129	21261	93	21261	0
PflaKGBDf	OZ251426.1	25650001	25680000	0.003104275433893	21261	66	21261	0
PflaHELEm	OZ251426.1	25650001	25680000	0.0083251022999858	21261	177	21261	0
PflaKGBHm	OZ251426.1	25650001	25680000	0.0033394478152485	21261	71	21261	0
PflaKGBHm	OZ251426.1	25680001	25710000	0.0050861436950146	21824	111	21824	0
PflaKGBDf	OZ251426.1	25680001	25710000	0.0063691348973607	21824	139	21824	0
PflaHELAf	OZ251426.1	25680001	25710000	0.0073313782991202	21824	160	21824	0
PflaHELEm	OZ251426.1	25680001	25710000	0.0076063049853372	21824	166	21824	0
PflaHELEm	OZ251426.1	25710001	25740000	0.0101161052994597	17398	176	17398	0
PflaKGBHm	OZ251426.1	25710001	25740000	0.0079484799257368	17236	137	17236	162
PflaHELAf	OZ251426.1	25710001	25740000	0.0062650879411426	17398	109	17398	0
PflaKGBDf	OZ251426.1	25710001	25740000	0.0086791585239682	17398	151	17398	0
PflaHELAf	OZ251426.1	25740001	25770000	0.00986890558256	20367	201	20367	0
PflaKGBHm	OZ251426.1	25740001	25770000	0.007217557814111	20367	147	20367	0
PflaHELEm	OZ251426.1	25740001	25770000	0.011685569794275	20367	238	20367	0
PflaKGBDf	OZ251426.1	25740001	25770000	0.0097231133705147	20261	197	20261	106
PflaKGBHm	OZ251426.1	25770001	25800000	0.0062453392990305	21456	134	21456	0
PflaHELEm	OZ251426.1	25770001	25800000	0.0125838926174496	21456	270	21456	0
PflaKGBDf	OZ251426.1	25770001	25800000	0.007410514541387	21456	159	21456	0
PflaHELAf	OZ251426.1	25770001	25800000	0.0081600298423948	21446	175	21446	10
PflaHELAf	OZ251426.1	25800001	25830000	0.0079826464208242	23050	184	23050	0
PflaKGBDf	OZ251426.1	25800001	25830000	0.0077223427331887	23050	178	23050	0
PflaHELEm	OZ251426.1	25800001	25830000	0.006290672451193	23050	145	23050	0
PflaKGBHm	OZ251426.1	25800001	25830000	0.003644251626898	23050	84	23050	0
PflaKGBDf	OZ251426.1	25830001	25860000	0.0056312071260366	19534	110	19534	0
PflaKGBHm	OZ251426.1	25830001	25860000	0.0038906521961707	19534	76	19534	0
PflaHELEm	OZ251426.1	25830001	25860000	0.0101387679860719	19529	198	19529	5
PflaHELAf	OZ251426.1	25830001	25860000	0.0066038701750793	19534	129	19534	0
PflaKGBDf	OZ251426.1	25860001	25890000	0.0052180719224246	22997	120	22997	29
PflaHELEm	OZ251426.1	25860001	25890000	0.0082081125684009	23026	189	23026	0
PflaKGBHm	OZ251426.1	25860001	25890000	0.0049943542082862	23026	115	23026	0
PflaHELAf	OZ251426.1	25860001	25890000	0.005428645878572	23026	125	23026	0
PflaHELAf	OZ251426.1	25890001	25920000	0.0050409854030596	22813	115	22813	0
PflaKGBDf	OZ251426.1	25890001	25920000	0.0077148993994652	22813	176	22813	0
PflaHELEm	OZ251426.1	25890001	25920000	0.0088546004471134	22813	202	22813	0
PflaKGBHm	OZ251426.1	25890001	25920000	0.004164292289484	22813	95	22813	0
PflaHELAf	OZ251426.1	25920001	25950000	0.0076245132199221	24395	186	24395	22
PflaKGBDf	OZ251426.1	25920001	25950000	0.0059384854814268	24417	145	24417	0
PflaHELEm	OZ251426.1	25920001	25950000	0.0089691608305688	24417	219	24417	0
PflaKGBHm	OZ251426.1	25920001	25950000	0.0063070811319981	24417	154	24417	0
PflaKGBDf	OZ251426.1	25950001	25980000	0.0068162453848338	21126	144	21126	0
PflaHELEm	OZ251426.1	25950001	25980000	0.0134431506200889	21126	284	21126	0
PflaHELAf	OZ251426.1	25950001	25980000	0.0106388031346473	21055	224	21055	71
PflaKGBHm	OZ251426.1	25950001	25980000	0.0083783016188582	21126	177	21126	0
PflaKGBHm	OZ251426.1	25980001	26010000	0.006095686917324	19522	119	19522	48
PflaHELAf	OZ251426.1	25980001	26010000	0.0077158916709248	19570	151	19570	0
PflaKGBDf	OZ251426.1	25980001	26010000	0.0065406234031681	19570	128	19570	0
PflaHELEm	OZ251426.1	25980001	26010000	0.0102708226877874	19570	201	19570	0
PflaKGBHm	OZ251426.1	26010001	26040000	0.0064003413515387	18749	120	18749	0
PflaKGBDf	OZ251426.1	26010001	26040000	0.0065603498853272	18749	123	18749	0
PflaHELAf	OZ251426.1	26010001	26040000	0.0080537628673529	18749	151	18749	0
PflaHELEm	OZ251426.1	26010001	26040000	0.0118406315003466	18749	222	18749	0
PflaKGBHm	OZ251426.1	26040001	26070000	0.0065254237288135	23600	154	23600	0
PflaHELAf	OZ251426.1	26040001	26070000	0.0082627118644067	23600	195	23600	0
PflaKGBDf	OZ251426.1	26040001	26070000	0.0056355932203389	23600	133	23600	0
PflaHELEm	OZ251426.1	26040001	26070000	0.0114406779661016	23600	270	23600	0
PflaHELAf	OZ251426.1	26070001	26100000	0.008	20125	161	20125	0
PflaKGBDf	OZ251426.1	26070001	26100000	0.0062111801242236	20125	125	20125	0
PflaHELEm	OZ251426.1	26070001	26100000	0.0112298136645962	20125	226	20125	0
PflaKGBHm	OZ251426.1	26070001	26100000	0.0028819875776397	20125	58	20125	0
PflaHELAf	OZ251426.1	26100001	26130000	0.0072549111980025	21227	154	21227	0
PflaKGBDf	OZ251426.1	26100001	26130000	0.0028736985914165	21227	61	21227	0
PflaHELEm	OZ251426.1	26100001	26130000	0.0082442172704574	21227	175	21227	0
PflaKGBHm	OZ251426.1	26100001	26130000	0.0069251425071842	21227	147	21227	0
PflaHELEm	OZ251426.1	26130001	26160000	0.0069713400464756	18074	126	18074	0
PflaKGBHm	OZ251426.1	26130001	26160000	0.0047582162221976	18074	86	18074	0
PflaKGBDf	OZ251426.1	26130001	26160000	0.0058651026392961	18073	106	18073	1
PflaHELAf	OZ251426.1	26130001	26160000	0.0077459333849728	18074	140	18074	0
PflaKGBDf	OZ251426.1	26160001	26190000	0.0026826574088685	12674	34	12674	261
PflaKGBHm	OZ251426.1	26160001	26190000	0.0024739080015461	12935	32	12935	0
PflaHELAf	OZ251426.1	26160001	26190000	0.0071897951294936	12935	93	12935	0
PflaHELEm	OZ251426.1	26160001	26190000	0.0098183223811364	12935	127	12935	0
PflaHELAf	OZ251426.1	26190001	26220000	0.0075442967884828	14448	109	14448	0
PflaKGBDf	OZ251426.1	26190001	26220000	0.0051910299003322	14448	75	14448	0
PflaHELEm	OZ251426.1	26190001	26220000	0.0045681063122923	14448	66	14448	0
PflaKGBHm	OZ251426.1	26190001	26220000	0.000968992248062	14448	14	14448	0
PflaKGBHm	OZ251426.1	26220001	26250000	0.0020273694880892	17757	36	17757	0
PflaHELEm	OZ251426.1	26220001	26250000	0.005068423720223	17757	90	17757	0
PflaKGBDf	OZ251426.1	26220001	26250000	0.0018584220307484	17757	33	17757	0
PflaHELAf	OZ251426.1	26220001	26250000	0.0062510559216083	17757	111	17757	0
PflaHELEm	OZ251426.1	26250001	26280000	0.0095449500554938	18020	172	18020	0
PflaKGBHm	OZ251426.1	26250001	26280000	0.0063263041065482	18020	114	18020	0
PflaKGBDf	OZ251426.1	26250001	26280000	0.0049389567147613	18020	89	18020	0
PflaHELAf	OZ251426.1	26250001	26280000	0.0103218645948945	18020	186	18020	0
PflaKGBHm	OZ251426.1	26280001	26310000	0.0023310023310023	13728	32	13728	18
PflaHELEm	OZ251426.1	26280001	26310000	0.0090208060526698	13746	124	13746	0
PflaHELAf	OZ251426.1	26280001	26310000	0.0097482904117561	13746	134	13746	0
PflaKGBDf	OZ251426.1	26280001	26310000	0.0032009311799796	13746	44	13746	0
PflaHELAf	OZ251426.1	26310001	26340000	0.0007363092498849	10865	8	10865	0
PflaKGBDf	OZ251426.1	26310001	26340000	0.0013805798435342	10865	15	10865	0
PflaKGBHm	OZ251426.1	26310001	26340000	0.0025770823745973	10865	28	10865	0
PflaHELEm	OZ251426.1	26310001	26340000	0.0064427059364933	10865	70	10865	0
PflaKGBHm	OZ251426.1	26340001	26370000	0.0011863568956994	10115	12	10115	0
PflaHELEm	OZ251426.1	26340001	26370000	0.0062283737024221	10115	63	10115	0
PflaKGBDf	OZ251426.1	26340001	26370000	0.0007909045971329	10115	8	10115	0
PflaHELAf	OZ251426.1	26340001	26370000	0.0013840830449826	10115	14	10115	0
PflaKGBHm	OZ251426.1	26370001	26400000	0.0010692645835808	8417	9	8417	0
PflaHELEm	OZ251426.1	26370001	26400000	0.0093857669003207	8417	79	8417	0
PflaKGBDf	OZ251426.1	26370001	26400000	0.0010701545778834	8410	9	8410	7
PflaHELAf	OZ251426.1	26370001	26400000	0.0020197219912082	8417	17	8417	0
PflaHELEm	OZ251426.1	26400001	26430000	0.0053012899805619	11318	60	11318	0
PflaKGBHm	OZ251426.1	26400001	26430000	0.000265064499028	11318	3	11318	0
PflaKGBDf	OZ251426.1	26400001	26430000	0.0015020321611592	11318	17	11318	0
PflaHELAf	OZ251426.1	26400001	26430000	0.0021205159922247	11318	24	11318	0
PflaHELAf	OZ251426.1	26430001	26460000	0.0044205157268347	17645	78	17645	0
PflaKGBDf	OZ251426.1	26430001	26460000	0.0041938226126381	17645	74	17645	0
PflaHELEm	OZ251426.1	26430001	26460000	0.0051005950694247	17645	90	17645	0
PflaKGBHm	OZ251426.1	26430001	26460000	0.0003400396712949	17645	6	17645	0
PflaKGBHm	OZ251426.1	26460001	26490000	0.0042608980662078	18306	78	18306	0
PflaHELEm	OZ251426.1	26460001	26490000	0.0018573145416803	18306	34	18306	0
PflaKGBDf	OZ251426.1	26460001	26490000	0.002676718015951	18306	49	18306	0
PflaHELAf	OZ251426.1	26460001	26490000	0.0017480607451108	18306	32	18306	0
PflaHELAf	OZ251426.1	26490001	26520000	0.0021676300578034	22144	48	22144	0
PflaKGBHm	OZ251426.1	26490001	26520000	0.002528901734104	22144	56	22144	0
PflaHELEm	OZ251426.1	26490001	26520000	0.0009031791907514	22144	20	22144	0
PflaKGBDf	OZ251426.1	26490001	26520000	0.0019869942196531	22144	44	22144	0
PflaHELAf	OZ251426.1	26520001	26550000	0.0011793446213461	11871	14	11871	74
PflaKGBDf	OZ251426.1	26520001	26550000	0.0023440770196735	11945	28	11945	0
PflaHELEm	OZ251426.1	26520001	26550000	0.0058601925491837	11945	70	11945	0
PflaKGBHm	OZ251426.1	26520001	26550000	0.0072962093257296	11924	87	11924	21
PflaHELAf	OZ251426.1	26550001	26580000	0.002038342882327	18152	37	18152	74
PflaKGBHm	OZ251426.1	26550001	26580000	0.0068628527506313	18214	125	18214	12
PflaHELEm	OZ251426.1	26550001	26580000	0.0075716010095468	18226	138	18226	0
PflaKGBDf	OZ251426.1	26550001	26580000	0.0045619434978564	18194	83	18194	32
PflaHELEm	OZ251426.1	26580001	26610000	0.0083465334470573	16414	137	16414	0
PflaKGBDf	OZ251426.1	26580001	26610000	0.0083465334470573	16414	137	16414	0
PflaKGBHm	OZ251426.1	26580001	26610000	0.0043867665874611	16413	72	16413	1
PflaHELAf	OZ251426.1	26580001	26610000	0.0044128462858543	16316	72	16316	98
PflaHELEm	OZ251426.1	26610001	26640000	0.0064281721632196	14312	92	14312	0
PflaHELAf	OZ251426.1	26610001	26640000	0.0029525483304042	14225	42	14225	87
PflaKGBDf	OZ251426.1	26610001	26640000	0.0067076579094466	14312	96	14312	0
PflaKGBHm	OZ251426.1	26610001	26640000	0.0064281721632196	14312	92	14312	0
PflaHELAf	OZ251426.1	26640001	26670000	0.0036032789838753	11101	40	11101	0
PflaKGBDf	OZ251426.1	26640001	26670000	0.004054054054054	11100	45	11100	1
PflaHELEm	OZ251426.1	26640001	26670000	0.0026123772633096	11101	29	11101	0
PflaKGBHm	OZ251426.1	26640001	26670000	0.0049545086028285	11101	55	11101	0
PflaKGBHm	OZ251426.1	26670001	26700000	0.002230120565893	14349	32	14349	0
PflaHELEm	OZ251426.1	26670001	26700000	0.0036254618977898	14343	52	14343	6
PflaKGBDf	OZ251426.1	26670001	26700000	0.0004878388737891	14349	7	14349	0
PflaHELAf	OZ251426.1	26670001	26700000	0.0003484563384207	14349	5	14349	0
PflaHELEm	OZ251426.1	26700001	26730000	0.0022540653678956	12422	28	12422	0
PflaHELAf	OZ251426.1	26700001	26730000	0.000805023345677	12422	10	12422	0
PflaKGBDf	OZ251426.1	26700001	26730000	0.002415070037031	12422	30	12422	0
PflaKGBHm	OZ251426.1	26700001	26730000	0.0014490420222186	12422	18	12422	0
PflaHELAf	OZ251426.1	26730001	26760000	0.0065474691513472	11913	78	11913	0
PflaKGBDf	OZ251426.1	26730001	26760000	0.0015109544195416	11913	18	11913	0
PflaHELEm	OZ251426.1	26730001	26760000	0.0086460169562662	11913	103	11913	0
PflaKGBHm	OZ251426.1	26730001	26760000	0.0015109544195416	11913	18	11913	0
PflaHELAf	OZ251426.1	26760001	26790000	0.0066990577149587	13584	91	13584	0
PflaKGBHm	OZ251426.1	26760001	26790000	0.0044925614965385	13578	61	13578	6
PflaHELEm	OZ251426.1	26760001	26790000	0.0097173144876325	13584	132	13584	0
PflaKGBDf	OZ251426.1	26760001	26790000	0.0054038048708268	13509	73	13509	75
PflaHELEm	OZ251426.1	26790001	26820000	0.0066545996592844	18784	125	18784	0
PflaKGBHm	OZ251426.1	26790001	26820000	0.0044718909710391	18784	84	18784	0
PflaHELAf	OZ251426.1	26790001	26820000	0.0022891822827938	18784	43	18784	0
PflaKGBDf	OZ251426.1	26790001	26820000	0.0043654173764906	18784	82	18784	0
PflaKGBHm	OZ251426.1	26820001	26850000	0.0043213514044392	15273	66	15273	0
PflaHELEm	OZ251426.1	26820001	26850000	0.0070713022981732	15273	108	15273	0
PflaKGBDf	OZ251426.1	26820001	26850000	0.0038635321851876	15271	59	15271	2
PflaHELAf	OZ251426.1	26820001	26850000	0.0016373043421311	15269	25	15269	4
PflaKGBDf	OZ251426.1	26850001	26880000	0.0065987571272983	15609	103	15609	24
PflaKGBHm	OZ251426.1	26850001	26880000	0.0052527064249567	15611	82	15611	22
PflaHELEm	OZ251426.1	26850001	26880000	0.0072412688240948	15605	113	15605	28
PflaHELAf	OZ251426.1	26850001	26880000	0.0069221894628893	15602	108	15602	31
PflaKGBHm	OZ251426.1	26880001	26910000	0.0037965945697192	17384	66	17384	4
PflaHELEm	OZ251426.1	26880001	26910000	0.0056608133086876	17312	98	17312	76
PflaKGBDf	OZ251426.1	26880001	26910000	0.0063262019783758	17388	110	17388	0
PflaHELAf	OZ251426.1	26880001	26910000	0.0059236254888428	17388	103	17388	0
PflaHELAf	OZ251426.1	26910001	26940000	0.005671582037766	14987	85	14987	32
PflaKGBDf	OZ251426.1	26910001	26940000	0.0036031227063454	14987	54	14987	32
PflaHELEm	OZ251426.1	26910001	26940000	0.0083227911312337	15019	125	15019	0
PflaKGBHm	OZ251426.1	26910001	26940000	0.0072603743422367	15013	109	15013	6
PflaKGBHm	OZ251426.1	26940001	26970000	0.0043741798412797	16003	70	16003	0
PflaHELEm	OZ251426.1	26940001	26970000	0.0089358245329	16003	143	16003	0
PflaHELAf	OZ251426.1	26940001	26970000	0.0054364806598762	16003	87	16003	0
PflaKGBDf	OZ251426.1	26940001	26970000	0.0069361994626007	16003	111	16003	0
PflaHELAf	OZ251426.1	26970001	27000000	0.0057296237030919	19373	111	19373	0
PflaKGBDf	OZ251426.1	26970001	27000000	0.002942239198885	19373	57	19373	0
PflaHELEm	OZ251426.1	26970001	27000000	0.0058328601662107	19373	113	19373	0
PflaKGBHm	OZ251426.1	26970001	27000000	0.0027384519995866	19354	53	19354	19
PflaKGBHm	OZ251426.1	27000001	27030000	0.0078081427774679	14344	112	14344	0
PflaHELAf	OZ251426.1	27000001	27030000	0.0074595649749023	14344	107	14344	0
PflaKGBDf	OZ251426.1	27000001	27030000	0.003973786949247	14344	57	14344	0
PflaHELEm	OZ251426.1	27000001	27030000	0.0064835471277189	14344	93	14344	0
PflaKGBHm	OZ251426.1	27030001	27060000	0.0069181134836692	15033	104	15033	0
PflaHELEm	OZ251426.1	27030001	27060000	0.007250715093461	15033	109	15033	0
PflaKGBDf	OZ251426.1	27030001	27060000	0.0017296434273549	15032	26	15032	1
PflaHELAf	OZ251426.1	27030001	27060000	0.0028603738442094	15033	43	15033	0
PflaHELAf	OZ251426.1	27060001	27090000	0.0028423221772187	14073	40	14073	29
PflaKGBDf	OZ251426.1	27060001	27090000	0.0046801872074883	14102	66	14102	0
PflaHELEm	OZ251426.1	27060001	27090000	0.0067366331016877	14102	95	14102	0
PflaKGBHm	OZ251426.1	27060001	27090000	0.0053183945539639	14102	75	14102	0
PflaHELAf	OZ251426.1	27090001	27120000	0.0052544516882358	10277	54	10277	83
PflaKGBDf	OZ251426.1	27090001	27120000	0.0005791505791505	10360	6	10360	0
PflaHELEm	OZ251426.1	27090001	27120000	0.0046332046332046	10360	48	10360	0
PflaKGBHm	OZ251426.1	27090001	27120000	0.0055984555984555	10360	58	10360	0
PflaKGBHm	OZ251426.1	27120001	27150000	0.0067046597385182	11932	80	11932	0
PflaKGBDf	OZ251426.1	27120001	27150000	0.0036037546094535	11932	43	11932	0
PflaHELAf	OZ251426.1	27120001	27150000	0.0055313442842775	11932	66	11932	0
PflaHELEm	OZ251426.1	27120001	27150000	0.0074589339591015	11932	89	11932	0
PflaKGBHm	OZ251426.1	27150001	27180000	0.0020849622100599	11511	24	11511	72
PflaHELEm	OZ251426.1	27150001	27180000	0.0061397440332065	11564	71	11564	19
PflaKGBDf	OZ251426.1	27150001	27180000	0.0056980056980056	11583	66	11583	0
PflaHELAf	OZ251426.1	27150001	27180000	0.0039778623313732	11564	46	11564	19
PflaKGBHm	OZ251426.1	27180001	27210000	0.0044090215363744	11794	52	11794	0
PflaHELEm	OZ251426.1	27180001	27210000	0.0079701543157537	11794	94	11794	0
PflaKGBDf	OZ251426.1	27180001	27210000	0.0042394437849754	11794	50	11794	0
PflaHELAf	OZ251426.1	27180001	27210000	0.0070374766830591	11794	83	11794	0
PflaHELEm	OZ251426.1	27210001	27240000	0.0081319009250969	13404	109	13404	0
PflaKGBDf	OZ251426.1	27210001	27240000	0.0085795284989555	13404	115	13404	0
PflaKGBHm	OZ251426.1	27210001	27240000	0.005744553864518	13404	77	13404	0
PflaHELAf	OZ251426.1	27210001	27240000	0.0077588779468815	13404	104	13404	0
PflaHELAf	OZ251426.1	27240001	27270000	0.0071342536829426	10793	77	10793	0
PflaKGBHm	OZ251426.1	27240001	27270000	0.0056518113592143	10793	61	10793	0
PflaHELEm	OZ251426.1	27240001	27270000	0.0061150745853794	10793	66	10793	0
PflaKGBDf	OZ251426.1	27240001	27270000	0.0052812007782822	10793	57	10793	0
PflaHELEm	OZ251426.1	27270001	27300000	0.0073286052009456	8460	62	8460	0
PflaKGBDf	OZ251426.1	27270001	27300000	0.0044943820224719	8455	38	8455	5
PflaHELAf	OZ251426.1	27270001	27300000	0.0082742316784869	8460	70	8460	0
PflaKGBHm	OZ251426.1	27270001	27300000	0.0048463356973995	8460	41	8460	0
PflaKGBHm	OZ251426.1	27300001	27330000	0.007609439124487	11696	89	11696	22
PflaHELEm	OZ251426.1	27300001	27330000	0.0105820105820105	11718	124	11718	0
PflaHELAf	OZ251426.1	27300001	27330000	0.0043597196101897	11698	51	11698	20
PflaKGBDf	OZ251426.1	27300001	27330000	0.005739249614528	11674	67	11674	44
PflaHELEm	OZ251426.1	27330001	27360000	0.0085607276618512	11214	96	11214	1
PflaKGBDf	OZ251426.1	27330001	27360000	0.0013374944271065	11215	15	11215	0
PflaHELAf	OZ251426.1	27330001	27360000	0.0049336203803372	11148	55	11148	67
PflaKGBHm	OZ251426.1	27330001	27360000	0.0061524743646901	11215	69	11215	0
PflaKGBHm	OZ251426.1	27360001	27390000	0.0022488755622188	10672	24	10672	10
PflaHELEm	OZ251426.1	27360001	27390000	0.0067624683009298	10647	72	10647	35
PflaKGBDf	OZ251426.1	27360001	27390000	0.0050594959242949	10673	54	10673	9
PflaHELAf	OZ251426.1	27360001	27390000	0.0065530799475753	10682	70	10682	0
PflaHELEm	OZ251426.1	27390001	27420000	0.0057747834456207	9351	54	9351	0
PflaKGBHm	OZ251426.1	27390001	27420000	0.0069511282215805	9351	65	9351	0
PflaKGBDf	OZ251426.1	27390001	27420000	0.007271949524115	9351	68	9351	0
PflaHELAf	OZ251426.1	27390001	27420000	0.0070580686557587	9351	66	9351	0
PflaKGBDf	OZ251426.1	27420001	27450000	0.0012459689240691	13644	17	13644	68
PflaKGBHm	OZ251426.1	27420001	27450000	0.0061260210035005	13712	84	13712	0
PflaHELAf	OZ251426.1	27420001	27450000	0.0055490654205607	13696	76	13696	16
PflaHELEm	OZ251426.1	27420001	27450000	0.0051892998099693	13682	71	13682	30
PflaHELAf	OZ251426.1	27450001	27480000	0.0060589060308555	17825	108	17825	0
PflaKGBHm	OZ251426.1	27450001	27480000	0.0024252679075014	17730	43	17730	95
PflaHELEm	OZ251426.1	27450001	27480000	0.0084151472650771	17825	150	17825	0
PflaKGBDf	OZ251426.1	27450001	27480000	0.0071041948579161	17736	126	17736	89
PflaKGBDf	OZ251426.1	27480001	27510000	0.0035168810289389	9952	35	9952	29
PflaHELEm	OZ251426.1	27480001	27510000	0.0069131349564171	9981	69	9981	0
PflaKGBHm	OZ251426.1	27480001	27510000	0.0054102795311091	9981	54	9981	0
PflaHELAf	OZ251426.1	27480001	27510000	0.0050095180843602	9981	50	9981	0
PflaHELAf	OZ251426.1	27510001	27540000	0.0054627249357326	9336	51	9336	97
PflaKGBDf	OZ251426.1	27510001	27540000	0.0026502703275734	9433	25	9433	0
PflaHELEm	OZ251426.1	27510001	27540000	0.0074207569172055	9433	70	9433	0
PflaKGBHm	OZ251426.1	27510001	27540000	0.0068907028516908	9433	65	9433	0
PflaKGBDf	OZ251426.1	27540001	27570000	0.0060350529100529	12096	73	12096	0
PflaKGBHm	OZ251426.1	27540001	27570000	0.0040583071061785	12074	49	12074	22
PflaHELEm	OZ251426.1	27540001	27570000	0.0070271164021164	12096	85	12096	0
PflaHELAf	OZ251426.1	27540001	27570000	0.0082561078348778	11870	98	11870	226
PflaHELEm	OZ251426.1	27570001	27600000	0.008037969838475	13063	105	13063	0
PflaKGBDf	OZ251426.1	27570001	27600000	0.0068896884329786	13063	90	13063	0
PflaKGBHm	OZ251426.1	27570001	27600000	0.0038276046849881	13063	50	13063	0
PflaHELAf	OZ251426.1	27570001	27600000	0.0030620837479905	13063	40	13063	0
PflaKGBHm	OZ251426.1	27600001	27630000	0.0090760201992629	14654	133	14654	0
PflaHELEm	OZ251426.1	27600001	27630000	0.0112597243073563	14654	165	14654	0
PflaKGBDf	OZ251426.1	27600001	27630000	0.0095537054729084	14654	140	14654	0
PflaHELAf	OZ251426.1	27600001	27630000	0.0069762670132001	14621	102	14621	33
PflaHELAf	OZ251426.1	27630001	27660000	0.0068281732298194	10691	73	10691	0
PflaKGBDf	OZ251426.1	27630001	27660000	0.0057057337947806	10691	61	10691	0
PflaHELEm	OZ251426.1	27630001	27660000	0.0072023197081657	10691	77	10691	0
PflaKGBHm	OZ251426.1	27630001	27660000	0.0049653363312722	10674	53	10674	17
PflaHELAf	OZ251426.1	27660001	27690000	0.0020349064725678	12777	26	12777	0
PflaKGBDf	OZ251426.1	27660001	27690000	0.0060264537841433	12777	77	12777	0
PflaHELEm	OZ251426.1	27660001	27690000	0.0075241006348459	12759	96	12759	18
PflaKGBHm	OZ251426.1	27660001	27690000	0.0057133912499021	12777	73	12777	0
PflaHELEm	OZ251426.1	27690001	27720000	0.0067258156840297	13976	94	13976	9
PflaKGBHm	OZ251426.1	27690001	27720000	0.0040757954951734	13985	57	13985	0
PflaHELAf	OZ251426.1	27690001	27720000	0.0054343939935645	13985	76	13985	0
PflaKGBDf	OZ251426.1	27690001	27720000	0.0053628888094386	13985	75	13985	0
PflaKGBDf	OZ251426.1	27720001	27750000	0.0010397326401782	13465	14	13465	0
PflaKGBHm	OZ251426.1	27720001	27750000	0.004678796880802	13465	63	13465	0
PflaHELEm	OZ251426.1	27720001	27750000	0.0067582621611585	13465	91	13465	0
PflaHELAf	OZ251426.1	27720001	27750000	0.0035647976234682	13465	48	13465	0
PflaKGBHm	OZ251426.1	27750001	27780000	0.0050217609641781	14935	75	14935	0
PflaHELEm	OZ251426.1	27750001	27780000	0.0056913290927351	14935	85	14935	0
PflaKGBDf	OZ251426.1	27750001	27780000	0.0057582859055908	14935	86	14935	0
PflaHELAf	OZ251426.1	27750001	27780000	0.0054235018413123	14935	81	14935	0
PflaKGBHm	OZ251426.1	27780001	27810000	0.0042574327680408	14093	60	14093	220
PflaHELEm	OZ251426.1	27780001	27810000	0.0089429190246628	14313	128	14313	0
PflaKGBDf	OZ251426.1	27780001	27810000	0.0083839865856214	14313	120	14313	0
PflaHELAf	OZ251426.1	27780001	27810000	0.0053098581708935	14313	76	14313	0
PflaHELAf	OZ251426.1	27810001	27840000	0.0050892640762581	12379	63	12379	4
PflaKGBHm	OZ251426.1	27810001	27840000	0.0008108984755108	12332	10	12332	51
PflaHELEm	OZ251426.1	27810001	27840000	0.0078333198740208	12383	97	12383	0
PflaKGBDf	OZ251426.1	27810001	27840000	0.0032302349995962	12383	40	12383	0
PflaKGBHm	OZ251426.1	27840001	27870000	0.0041525103812759	10596	44	10596	0
PflaHELEm	OZ251426.1	27840001	27870000	0.0065118912797281	10596	69	10596	0
PflaKGBDf	OZ251426.1	27840001	27870000	0.0038693846734616	10596	41	10596	0
PflaHELAf	OZ251426.1	27840001	27870000	0.0055681389203473	10596	59	10596	0
PflaHELEm	OZ251426.1	27870001	27900000	0.0039071657419707	12797	50	12797	21
PflaKGBDf	OZ251426.1	27870001	27900000	0.0019503822749258	12818	25	12818	0
PflaHELAf	OZ251426.1	27870001	27900000	0.002340458729911	12818	30	12818	0
PflaKGBHm	OZ251426.1	27870001	27900000	0.0003900764549851	12818	5	12818	0
PflaHELEm	OZ251426.1	27900001	27930000	0.005965697240865	9387	56	9387	0
PflaKGBHm	OZ251426.1	27900001	27930000	0.0056461063172472	9387	53	9387	0
PflaHELAf	OZ251426.1	27900001	27930000	0.0	9387	0	9387	0
PflaKGBDf	OZ251426.1	27900001	27930000	0.0023436667731969	9387	22	9387	0
PflaHELAf	OZ251426.1	27930001	27960000	0.001733252448219	11539	20	11539	0
PflaKGBDf	OZ251426.1	27930001	27960000	0.0034665048964381	11539	40	11539	0
PflaHELEm	OZ251426.1	27930001	27960000	0.0071063350376982	11539	82	11539	0
PflaKGBHm	OZ251426.1	27930001	27960000	0.0051130947222462	11539	59	11539	0
PflaHELAf	OZ251426.1	27960001	27990000	0.002115407215889	8509	18	8509	46
PflaKGBDf	OZ251426.1	27960001	27990000	0.0046756282875511	8555	40	8555	0
PflaHELEm	OZ251426.1	27960001	27990000	0.0061952074810052	8555	53	8555	0
PflaKGBHm	OZ251426.1	27960001	27990000	0.0054938632378725	8555	47	8555	0
PflaHELAf	OZ251426.1	27990001	28020000	0.005224437573302	9379	49	9379	0
PflaKGBDf	OZ251426.1	27990001	28020000	0.0046913316984753	9379	44	9379	0
PflaHELEm	OZ251426.1	27990001	28020000	0.0033549783549783	9240	31	9240	139
PflaKGBHm	OZ251426.1	27990001	28020000	0.0027765912003417	9364	26	9364	15
PflaHELEm	OZ251426.1	28020001	28050000	0.0065240641711229	9350	61	9350	0
PflaKGBHm	OZ251426.1	28020001	28050000	0.0058823529411764	9350	55	9350	0
PflaKGBDf	OZ251426.1	28020001	28050000	0.0011820330969267	9306	11	9306	44
PflaHELAf	OZ251426.1	28020001	28050000	0.0018181818181818	9350	17	9350	0
PflaKGBHm	OZ251426.1	28050001	28080000	0.0034565530484877	10415	36	10415	0
PflaHELEm	OZ251426.1	28050001	28080000	0.0061674857858726	10377	64	10377	38
PflaKGBDf	OZ251426.1	28050001	28080000	0.0044167066730676	10415	46	10415	0
PflaHELAf	OZ251426.1	28050001	28080000	0.0027844455112818	10415	29	10415	0
PflaHELAf	OZ251426.1	28080001	28110000	0.0020555990602975	10216	21	10216	44
PflaHELEm	OZ251426.1	28080001	28110000	0.0033242080563159	10228	34	10228	32
PflaKGBHm	OZ251426.1	28080001	28110000	0.0044834307992202	10260	46	10260	0
PflaKGBDf	OZ251426.1	28080001	28110000	0.0049707602339181	10260	51	10260	0
PflaKGBHm	OZ251426.1	28110001	28140000	0.0037235990721523	16382	61	16382	0
PflaHELEm	OZ251426.1	28110001	28140000	0.0071419851056037	16382	117	16382	0
PflaKGBDf	OZ251426.1	28110001	28140000	0.0053720774067517	16381	88	16381	1
PflaHELAf	OZ251426.1	28110001	28140000	0.0043964095988276	16377	72	16377	5
PflaHELEm	OZ251426.1	28140001	28170000	0.0047353760445682	10770	51	10770	0
PflaKGBDf	OZ251426.1	28140001	28170000	0.0050139275766016	10770	54	10770	0
PflaHELAf	OZ251426.1	28140001	28170000	0.0078299776286353	10728	84	10728	42
PflaKGBHm	OZ251426.1	28140001	28170000	0.0002785515320334	10770	3	10770	0
PflaKGBDf	OZ251426.1	28170001	28200000	0.0036638088957279	13647	50	13647	0
PflaHELEm	OZ251426.1	28170001	28200000	0.0054224371656774	13647	74	13647	0
PflaKGBHm	OZ251426.1	28170001	28200000	0.0030043232944969	13647	41	13647	0
PflaHELAf	OZ251426.1	28170001	28200000	0.0052758848098483	13647	72	13647	0
PflaHELAf	OZ251426.1	28200001	28230000	0.0054649704354058	11162	61	11162	1
PflaKGBDf	OZ251426.1	28200001	28230000	0.0048395769851227	11158	54	11158	5
PflaHELEm	OZ251426.1	28200001	28230000	0.0058228074890262	11163	65	11163	0
PflaKGBHm	OZ251426.1	28200001	28230000	0.0066290423721221	11163	74	11163	0
PflaHELAf	OZ251426.1	28230001	28260000	0.0040358086292926	13628	55	13628	0
PflaHELEm	OZ251426.1	28230001	28260000	0.0056501320810096	13628	77	13628	0
PflaKGBHm	OZ251426.1	28230001	28260000	0.0044062568847763	13617	60	13617	11
PflaKGBDf	OZ251426.1	28230001	28260000	0.005356618726152	13628	73	13628	0
PflaKGBHm	OZ251426.1	28260001	28290000	0.0051806313462733	14477	75	14477	0
PflaHELAf	OZ251426.1	28260001	28290000	0.0056140837260881	14428	81	14428	49
PflaKGBDf	OZ251426.1	28260001	28290000	0.006354907784762	14477	92	14477	0
PflaHELEm	OZ251426.1	28260001	28290000	0.0046971057539545	14477	68	14477	0
PflaHELAf	OZ251426.1	28290001	28320000	0.0043487714720591	13797	60	13797	1
PflaKGBDf	OZ251426.1	28290001	28320000	0.0024641252355413	13798	34	13798	0
PflaHELEm	OZ251426.1	28290001	28320000	0.0071749528917234	13798	99	13798	0
PflaKGBHm	OZ251426.1	28290001	28320000	0.0030439194086099	13798	42	13798	0
PflaHELAf	OZ251426.1	28320001	28350000	0.0064331665475339	11192	72	11192	0
PflaKGBDf	OZ251426.1	28320001	28350000	0.0029485346676197	11192	33	11192	0
PflaHELEm	OZ251426.1	28320001	28350000	0.0032177332856632	11188	36	11188	4
PflaKGBHm	OZ251426.1	28320001	28350000	0.0053696080186146	11174	60	11174	18
PflaKGBHm	OZ251426.1	28350001	28380000	0.000172607232243	11587	2	11587	0
PflaHELAf	OZ251426.1	28350001	28380000	0.003193233796496	11587	37	11587	0
PflaKGBDf	OZ251426.1	28350001	28380000	0.00284801933201	11587	33	11587	0
PflaHELEm	OZ251426.1	28350001	28380000	0.0027617157158884	11587	32	11587	0
PflaKGBDf	OZ251426.1	28380001	28410000	0.0054499720514253	14312	78	14312	0
PflaKGBHm	OZ251426.1	28380001	28410000	0.0072048125349748	14296	103	14296	16
PflaHELEm	OZ251426.1	28380001	28410000	0.0091531581889323	14312	131	14312	0
PflaHELAf	OZ251426.1	28380001	28410000	0.0051006148686416	14312	73	14312	0
PflaKGBHm	OZ251426.1	28410001	28440000	0.0026870434125451	11909	32	11909	0
PflaHELEm	OZ251426.1	28410001	28440000	0.004870266185238	11909	58	11909	0
PflaKGBDf	OZ251426.1	28410001	28440000	0.0024371795949239	11899	29	11899	10
PflaHELAf	OZ251426.1	28410001	28440000	0.00151171579743	11907	18	11907	2
PflaKGBDf	OZ251426.1	28440001	28470000	0.0051307514068189	6042	31	6042	0
PflaHELEm	OZ251426.1	28440001	28470000	0.0061238000662032	6042	37	6042	0
PflaKGBHm	OZ251426.1	28440001	28470000	0.0052962595167163	6042	32	6042	0
PflaHELAf	OZ251426.1	28440001	28470000	0.0046342270771267	6042	28	6042	0
PflaKGBHm	OZ251426.1	28470001	28500000	0.0044867585905012	9138	41	9138	0
PflaHELAf	OZ251426.1	28470001	28500000	0.0014226307725979	9138	13	9138	0
PflaKGBDf	OZ251426.1	28470001	28500000	0.0013136288998357	9135	12	9135	3
PflaHELEm	OZ251426.1	28470001	28500000	0.0054716568176843	9138	50	9138	0
PflaKGBHm	OZ251426.1	28500001	28530000	0.0034958766583004	11156	39	11156	0
PflaHELEm	OZ251426.1	28500001	28530000	0.0062746504123341	11156	70	11156	0
PflaKGBDf	OZ251426.1	28500001	28530000	0.0051093581929006	11156	57	11156	0
PflaHELAf	OZ251426.1	28500001	28530000	0.0058264610971674	11156	65	11156	0
PflaKGBHm	OZ251426.1	28530001	28560000	0.0048424627381925	15901	77	15901	0
PflaHELEm	OZ251426.1	28530001	28560000	0.003836236714672	15901	61	15901	0
PflaHELAf	OZ251426.1	28530001	28560000	0.0053455757499528	15901	85	15901	0
PflaKGBDf	OZ251426.1	28530001	28560000	0.0061631343940632	15901	98	15901	0
PflaHELAf	OZ251426.1	28560001	28590000	0.0049267733009381	14817	73	14817	1
PflaKGBDf	OZ251426.1	28560001	28590000	0.0050614117964637	14818	75	14818	0
PflaHELEm	OZ251426.1	28560001	28590000	0.0050614117964637	14818	75	14818	0
PflaKGBHm	OZ251426.1	28560001	28590000	0.005534183707903	14817	82	14817	1
PflaHELAf	OZ251426.1	28590001	28620000	0.0026676367163817	8247	22	8247	0
PflaKGBDf	OZ251426.1	28590001	28620000	0.003157255616272	8235	26	8235	12
PflaHELEm	OZ251426.1	28590001	28620000	0.0040014550745725	8247	33	8247	0
PflaKGBHm	OZ251426.1	28590001	28620000	0.0029101491451436	8247	24	8247	0
PflaHELAf	OZ251426.1	28620001	28650000	0.005811749842072	7915	46	7915	0
PflaHELEm	OZ251426.1	28620001	28650000	0.0073278584965255	7915	58	7915	0
PflaKGBHm	OZ251426.1	28620001	28650000	0.0055590650663297	7915	44	7915	0
PflaKGBDf	OZ251426.1	28620001	28650000	0.0050536955148452	7915	40	7915	0
PflaHELAf	OZ251426.1	28650001	28680000	0.0053151731583755	12041	64	12041	0
PflaKGBDf	OZ251426.1	28650001	28680000	0.0046507765135786	12041	56	12041	0
PflaHELEm	OZ251426.1	28650001	28680000	0.0040694294493812	12041	49	12041	0
PflaKGBHm	OZ251426.1	28650001	28680000	0.0031558840627854	12041	38	12041	0
PflaHELAf	OZ251426.1	28680001	28710000	0.0002127659574468	9400	2	9400	0
PflaHELEm	OZ251426.1	28680001	28710000	0.0009574468085106	9400	9	9400	0
PflaKGBDf	OZ251426.1	28680001	28710000	0.001595744680851	9400	15	9400	0
PflaKGBHm	OZ251426.1	28680001	28710000	0.0002134243944082	9371	2	9371	29
PflaKGBDf	OZ251426.1	28710001	28740000	0.0039519044816278	11893	47	11893	7
PflaHELAf	OZ251426.1	28710001	28740000	0.0031092436974789	11900	37	11900	0
PflaHELEm	OZ251426.1	28710001	28740000	0.0032773109243697	11900	39	11900	0
PflaKGBHm	OZ251426.1	28710001	28740000	0.0024369747899159	11900	29	11900	0
PflaHELEm	OZ251426.1	28740001	28770000	0.0055459934978007	10458	58	10458	2
PflaKGBHm	OZ251426.1	28740001	28770000	0.0045889101338432	10460	48	10460	0
PflaHELAf	OZ251426.1	28740001	28770000	0.0038391400326326	10419	40	10419	41
PflaKGBDf	OZ251426.1	28740001	28770000	0.0013525263259588	10351	14	10351	109
PflaHELAf	OZ251426.1	28770001	28800000	0.0074007400740074	9999	74	9999	104
PflaKGBDf	OZ251426.1	28770001	28800000	0.003499300139972	10002	35	10002	101
PflaHELEm	OZ251426.1	28770001	28800000	0.0109868355933881	10103	111	10103	0
PflaKGBHm	OZ251426.1	28770001	28800000	0.0050813008130081	9840	50	9840	263
PflaHELEm	OZ251426.1	28800001	28830000	0.008076825235309	15724	127	15724	0
PflaKGBHm	OZ251426.1	28800001	28830000	0.007250063597049	15724	114	15724	0
PflaKGBDf	OZ251426.1	28800001	28830000	0.0056680677620685	15702	89	15702	22
PflaHELAf	OZ251426.1	28800001	28830000	0.0061053167133045	15724	96	15724	0
PflaKGBDf	OZ251426.1	28830001	28860000	0.0048980247310101	12454	61	12454	25
PflaHELEm	OZ251426.1	28830001	28860000	0.0068114432246173	12479	85	12479	0
PflaKGBHm	OZ251426.1	28830001	28860000	0.0067313085984453	12479	84	12479	0
PflaHELAf	OZ251426.1	28830001	28860000	0.0036861928039105	12479	46	12479	0
PflaKGBDf	OZ251426.1	28860001	28890000	0.0049355198216844	12562	62	12562	38
PflaKGBHm	OZ251426.1	28860001	28890000	0.0046031746031746	12600	58	12600	0
PflaHELAf	OZ251426.1	28860001	28890000	0.0002398081534772	12510	3	12510	90
PflaHELEm	OZ251426.1	28860001	28890000	0.0052380952380952	12600	66	12600	0
PflaKGBDf	OZ251426.1	28890001	28920000	0.0024429102496016	9415	23	9415	0
PflaHELEm	OZ251426.1	28890001	28920000	0.002761550716941	9415	26	9415	0
PflaKGBHm	OZ251426.1	28890001	28920000	0.0041427660930529	9414	39	9414	1
PflaHELAf	OZ251426.1	28890001	28920000	0.0019118428040361	9415	18	9415	0
PflaHELEm	OZ251426.1	28920001	28950000	0.003901767271058	4357	17	4357	5
PflaKGBHm	OZ251426.1	28920001	28950000	0.0027510316368638	4362	12	4362	0
PflaKGBDf	OZ251426.1	28920001	28950000	0.003668042182485	4362	16	4362	0
PflaHELAf	OZ251426.1	28920001	28950000	0.0029802842732691	4362	13	4362	0
PflaHELEm	OZ251426.1	28950001	28980000	0.0062315884885565	8826	55	8826	0
PflaKGBDf	OZ251426.1	28950001	28980000	0.000679809653297	8826	6	8826	0
PflaHELAf	OZ251426.1	28950001	28980000	0.0029458418309539	8826	26	8826	0
PflaKGBHm	OZ251426.1	28950001	28980000	0.0046453659641966	8826	41	8826	0
PflaHELAf	OZ251426.1	28980001	29010000	0.0033788174139051	7695	26	7695	0
PflaKGBDf	OZ251426.1	28980001	29010000	0.0041585445094217	7695	32	7695	0
PflaKGBHm	OZ251426.1	28980001	29010000	0.0049382716049382	7695	38	7695	0
PflaHELEm	OZ251426.1	28980001	29010000	0.0053281351526965	7695	41	7695	0
PflaKGBDf	OZ251426.1	29010001	29040000	0.0034745201853077	6044	21	6044	0
PflaKGBHm	OZ251426.1	29010001	29040000	0.0031436135009927	6044	19	6044	0
PflaHELEm	OZ251426.1	29010001	29040000	0.0069490403706154	6044	42	6044	0
PflaHELAf	OZ251426.1	29010001	29040000	0.0057908669755129	6044	35	6044	0
PflaKGBDf	OZ251426.1	29040001	29070000	0.0048351648351648	11375	55	11375	4
PflaHELEm	OZ251426.1	29040001	29070000	0.0057122770014939	11379	65	11379	0
PflaKGBHm	OZ251426.1	29040001	29070000	0.0021106323102629	11371	24	11371	8
PflaHELAf	OZ251426.1	29040001	29070000	0.00430617804728	11379	49	11379	0
PflaHELAf	OZ251426.1	29070001	29100000	0.0038649179496927	15783	61	15783	0
PflaKGBDf	OZ251426.1	29070001	29100000	0.0034214027751378	15783	54	15783	0
PflaHELEm	OZ251426.1	29070001	29100000	0.0049420262307546	15783	78	15783	0
PflaKGBHm	OZ251426.1	29070001	29100000	0.0043119847812301	15770	68	15770	13
PflaHELAf	OZ251426.1	29100001	29130000	0.0048302415120756	14285	69	14285	0
PflaKGBDf	OZ251426.1	29100001	29130000	0.0043402170108505	14285	62	14285	0
PflaHELEm	OZ251426.1	29100001	29130000	0.0067203360168008	14285	96	14285	0
PflaKGBHm	OZ251426.1	29100001	29130000	0.0026601330066503	14285	38	14285	0
PflaKGBHm	OZ251426.1	29130001	29160000	0.0033012639124693	10602	35	10602	0
PflaKGBDf	OZ251426.1	29130001	29160000	0.0044331258253159	10602	47	10602	0
PflaHELAf	OZ251426.1	29130001	29160000	0.004621769477457	10602	49	10602	0
PflaHELEm	OZ251426.1	29130001	29160000	0.0053910905135723	10573	57	10573	29
PflaKGBDf	OZ251426.1	29160001	29190000	0.0047324583543664	15848	75	15848	0
PflaHELEm	OZ251426.1	29160001	29190000	0.0055538024613442	15845	88	15845	3
PflaKGBHm	OZ251426.1	29160001	29190000	0.0039752650176678	15848	63	15848	0
PflaHELAf	OZ251426.1	29160001	29190000	0.0045431600201918	15848	72	15848	0
PflaKGBDf	OZ251426.1	29190001	29220000	0.0033258501704498	12027	40	12027	0
PflaHELAf	OZ251426.1	29190001	29220000	0.0036584351874948	12027	44	12027	0
PflaHELEm	OZ251426.1	29190001	29220000	0.0035752889332335	12027	43	12027	0
PflaKGBHm	OZ251426.1	29190001	29220000	0.0032427039161885	12027	39	12027	0
PflaHELAf	OZ251426.1	29220001	29250000	0.0043090550002992	16709	72	16709	0
PflaHELEm	OZ251426.1	29220001	29250000	0.005210516859316	16697	87	16697	12
PflaKGBDf	OZ251426.1	29220001	29250000	0.0042525155725922	16696	71	16696	13
PflaKGBHm	OZ251426.1	29220001	29250000	0.0020955574182732	16702	35	16702	7
PflaHELAf	OZ251426.1	29250001	29280000	0.0009955201592832	16072	16	16072	0
PflaKGBDf	OZ251426.1	29250001	29280000	0.0029865604778496	16072	48	16072	0
PflaHELEm	OZ251426.1	29250001	29280000	0.0037334328915437	16071	60	16071	1
PflaKGBHm	OZ251426.1	29250001	29280000	0.0003741581441756	16036	6	16036	36
PflaKGBDf	OZ251426.1	29280001	29310000	0.0009842519685039	13208	13	13208	0
PflaKGBHm	OZ251426.1	29280001	29310000	0.0005396238051187	12972	7	12972	236
PflaHELEm	OZ251426.1	29280001	29310000	0.0040884312537855	13208	54	13208	0
PflaHELAf	OZ251426.1	29280001	29310000	0.0001514233797698	13208	2	13208	0
PflaKGBHm	OZ251426.1	29310001	29340000	0.0018467220683287	9747	18	9747	0
PflaHELEm	OZ251426.1	29310001	29340000	0.0041038268185082	9747	40	9747	0
PflaKGBDf	OZ251426.1	29310001	29340000	0.0018467220683287	9747	18	9747	0
PflaHELAf	OZ251426.1	29310001	29340000	0.0021545090797168	9747	21	9747	0
PflaHELEm	OZ251426.1	29340001	29370000	0.0016152716593245	13620	22	13620	0
PflaHELAf	OZ251426.1	29340001	29370000	0.0017621145374449	13620	24	13620	0
PflaKGBHm	OZ251426.1	29340001	29370000	0.0023494860499265	13620	32	13620	0
PflaKGBDf	OZ251426.1	29340001	29370000	0.0021292217327459	13620	29	13620	0
PflaKGBHm	OZ251426.1	29370001	29400000	0.0031134686346863	17344	54	17344	0
PflaHELAf	OZ251426.1	29370001	29400000	0.0023062730627306	17344	40	17344	0
PflaHELEm	OZ251426.1	29370001	29400000	0.0024245223113779	17323	42	17323	21
PflaKGBDf	OZ251426.1	29370001	29400000	0.0031253617316819	17278	54	17278	66
PflaHELAf	OZ251426.1	29400001	29430000	0.0018998590427161	16317	31	16317	0
PflaKGBHm	OZ251426.1	29400001	29430000	0.0022675736961451	16317	37	16317	0
PflaHELEm	OZ251426.1	29400001	29430000	0.0020837163694306	16317	34	16317	0
PflaKGBDf	OZ251426.1	29400001	29430000	0.0020842273033776	16313	34	16313	4
PflaKGBHm	OZ251426.1	29430001	29460000	0.0009971332419294	16046	16	16046	49
PflaHELEm	OZ251426.1	29430001	29460000	0.0049704877291084	16095	80	16095	0
PflaKGBDf	OZ251426.1	29430001	29460000	0.0020503261882572	16095	33	16095	0
PflaHELAf	OZ251426.1	29430001	29460000	0.0027958993476234	16095	45	16095	0
PflaKGBHm	OZ251426.1	29460001	29490000	0.0038121990369181	14952	57	14952	0
PflaHELEm	OZ251426.1	29460001	29490000	0.0042803638309256	14952	64	14952	0
PflaKGBDf	OZ251426.1	29460001	29490000	0.0045478865703584	14952	68	14952	0
PflaHELAf	OZ251426.1	29460001	29490000	0.0033440342429106	14952	50	14952	0
PflaKGBHm	OZ251426.1	29490001	29520000	0.0046175616295523	13427	62	13427	0
PflaKGBDf	OZ251426.1	29490001	29520000	0.0010482180293501	13356	14	13356	71
PflaHELEm	OZ251426.1	29490001	29520000	0.0068518656438519	13427	92	13427	0
PflaHELAf	OZ251426.1	29490001	29520000	0.0057347136367021	13427	77	13427	0
PflaHELAf	OZ251426.1	29520001	29550000	0.0038892959810608	17741	69	17741	0
PflaKGBDf	OZ251426.1	29520001	29550000	0.0008454991263175	17741	15	17741	0
PflaHELEm	OZ251426.1	29520001	29550000	0.0036638295473761	17741	65	17741	0
PflaKGBHm	OZ251426.1	29520001	29550000	0.0032692632884279	17741	58	17741	0
PflaKGBDf	OZ251426.1	29550001	29580000	0.0003018108651911	19880	6	19880	18
PflaHELAf	OZ251426.1	29550001	29580000	0.0030656347371595	19898	61	19898	0
PflaHELEm	OZ251426.1	29550001	29580000	0.0032164036586591	19898	64	19898	0
PflaKGBHm	OZ251426.1	29550001	29580000	0.0010553824504975	19898	21	19898	0
PflaHELAf	OZ251426.1	29580001	29610000	0.0057973316391359	12592	73	12592	0
PflaKGBDf	OZ251426.1	29580001	29610000	0.0015883100381194	12592	20	12592	0
PflaHELEm	OZ251426.1	29580001	29610000	0.0078727634194831	12575	99	12575	17
PflaKGBHm	OZ251426.1	29580001	29610000	0.0005559085133418	12592	7	12592	0
PflaKGBHm	OZ251426.1	29610001	29640000	0.0037480574092695	10939	41	10939	0
PflaHELEm	OZ251426.1	29610001	29640000	0.0068562025779321	10939	75	10939	0
PflaKGBDf	OZ251426.1	29610001	29640000	0.00639912240607	10939	70	10939	0
PflaHELAf	OZ251426.1	29610001	29640000	0.0063997074419455	10938	70	10938	1
PflaHELAf	OZ251426.1	29640001	29670000	0.0088505880982881	8587	76	8587	0
PflaKGBDf	OZ251426.1	29640001	29670000	0.0066387141858839	8586	57	8586	1
PflaHELEm	OZ251426.1	29640001	29670000	0.0108303249097472	8587	93	8587	0
PflaKGBHm	OZ251426.1	29640001	29670000	0.0079198695550896	8586	68	8586	1
PflaHELAf	OZ251426.1	29670001	29700000	0.0065833769731428	13367	88	13367	11
PflaKGBDf	OZ251426.1	29670001	29700000	0.0052324712214082	13378	70	13378	0
PflaHELEm	OZ251426.1	29670001	29700000	0.0102406936761847	13378	137	13378	0
PflaKGBHm	OZ251426.1	29670001	29700000	0.0087457018986395	13378	117	13378	0
PflaHELEm	OZ251426.1	29700001	29730000	0.0074551971326164	13950	104	13950	12
PflaKGBHm	OZ251426.1	29700001	29730000	0.004246131702051	13895	59	13895	67
PflaHELAf	OZ251426.1	29700001	29730000	0.0040565012676566	13805	56	13805	157
PflaKGBDf	OZ251426.1	29700001	29730000	0.0053717232488182	13962	75	13962	0
PflaKGBHm	OZ251426.1	29730001	29760000	0.0061280920708467	13381	82	13381	1
PflaHELEm	OZ251426.1	29730001	29760000	0.0076974815036245	13381	103	13381	1
PflaKGBDf	OZ251426.1	29730001	29760000	0.0057544279201853	13381	77	13381	1
PflaHELAf	OZ251426.1	29730001	29760000	0.0045600657845555	13377	61	13377	5
PflaKGBDf	OZ251426.1	29760001	29790000	0.0050995920326373	16668	85	16668	0
PflaHELAf	OZ251426.1	29760001	29790000	0.005699544036477	16668	95	16668	0
PflaKGBHm	OZ251426.1	29760001	29790000	0.0047996160307175	16668	80	16668	0
PflaHELEm	OZ251426.1	29760001	29790000	0.0072711976443723	16641	121	16641	27
PflaKGBHm	OZ251426.1	29790001	29820000	0.0082040027172493	19137	157	19137	15
PflaHELEm	OZ251426.1	29790001	29820000	0.0099206349206349	19152	190	19152	0
PflaKGBDf	OZ251426.1	29790001	29820000	0.0086152882205513	19152	165	19152	0
PflaHELAf	OZ251426.1	29790001	29820000	0.008815658288293	19057	168	19057	95
PflaKGBHm	OZ251426.1	29820001	29850000	0.0085524231865695	12628	108	12628	0
PflaHELEm	OZ251426.1	29820001	29850000	0.0076274588518667	12455	95	12455	173
PflaKGBDf	OZ251426.1	29820001	29850000	0.0054770598507699	12598	69	12598	30
PflaHELAf	OZ251426.1	29820001	29850000	0.0050888529886914	12380	63	12380	248
PflaKGBHm	OZ251426.1	29850001	29880000	0.0076265800437822	14161	108	14161	0
PflaHELEm	OZ251426.1	29850001	29880000	0.0098156909822752	14161	139	14161	0
PflaKGBDf	OZ251426.1	29850001	29880000	0.0072028811524609	14161	102	14161	0
PflaHELAf	OZ251426.1	29850001	29880000	0.0067085657792528	14161	95	14161	0
PflaHELEm	OZ251426.1	29880001	29910000	0.0114564129575981	15188	174	15188	0
PflaKGBHm	OZ251426.1	29880001	29910000	0.0074400842770608	15188	113	15188	0
PflaHELAf	OZ251426.1	29880001	29910000	0.0064682199194772	15151	98	15151	37
PflaKGBDf	OZ251426.1	29880001	29910000	0.0084935475375296	15188	129	15188	0
PflaHELAf	OZ251426.1	29910001	29940000	0.0082772543741588	14860	123	14860	0
PflaKGBDf	OZ251426.1	29910001	29940000	0.008479138627187	14860	126	14860	0
PflaHELEm	OZ251426.1	29910001	29940000	0.0104306864064602	14860	155	14860	0
PflaKGBHm	OZ251426.1	29910001	29940000	0.0104979811574697	14860	156	14860	0
PflaHELEm	OZ251426.1	29940001	29970000	0.0116710230381131	16451	192	16451	0
PflaKGBHm	OZ251426.1	29940001	29970000	0.0074159625554677	16451	122	16451	0
PflaKGBDf	OZ251426.1	29940001	29970000	0.0076687116564417	16300	125	16300	151
PflaHELAf	OZ251426.1	29940001	29970000	0.0073551759771442	16451	121	16451	0
PflaHELAf	OZ251426.1	29970001	30000000	0.0092647937836222	16730	155	16730	0
PflaKGBDf	OZ251426.1	29970001	30000000	0.0068141063956963	16730	114	16730	0
PflaHELEm	OZ251426.1	29970001	30000000	0.0108786610878661	16730	182	16730	0
PflaKGBHm	OZ251426.1	29970001	30000000	0.0047818290496114	16730	80	16730	0
PflaKGBDf	OZ251426.1	30000001	30030000	0.0075840978593272	16350	124	16350	5
PflaHELAf	OZ251426.1	30000001	30030000	0.0061815288573352	16339	101	16339	16
PflaKGBHm	OZ251426.1	30000001	30030000	0.0053194741669214	16355	87	16355	0
PflaHELEm	OZ251426.1	30000001	30030000	0.0115033959493361	16343	188	16343	12
PflaKGBHm	OZ251426.1	30030001	30060000	0.0094120450348483	16787	158	16787	0
PflaHELEm	OZ251426.1	30030001	30060000	0.0112721417069243	16767	189	16767	20
PflaKGBDf	OZ251426.1	30030001	30060000	0.0061952701495204	16787	104	16787	0
PflaHELAf	OZ251426.1	30030001	30060000	0.007565377971049	16787	127	16787	0
PflaKGBDf	OZ251426.1	30060001	30090000	0.0088946105682017	17089	152	17089	0
PflaHELAf	OZ251426.1	30060001	30090000	0.0103708911935313	17067	177	17067	22
PflaKGBHm	OZ251426.1	30060001	30090000	0.0071976124992685	17089	123	17089	0
PflaHELEm	OZ251426.1	30060001	30090000	0.011761952132951	17089	201	17089	0
PflaKGBHm	OZ251426.1	30090001	30120000	0.0066481994459833	14440	96	14440	0
PflaKGBDf	OZ251426.1	30090001	30120000	0.0065096952908587	14440	94	14440	0
PflaHELEm	OZ251426.1	30090001	30120000	0.0099030470914127	14440	143	14440	0
PflaHELAf	OZ251426.1	30090001	30120000	0.0069381175975891	14269	99	14269	171
PflaKGBHm	OZ251426.1	30120001	30150000	0.0055743922763059	17401	97	17401	0
PflaHELEm	OZ251426.1	30120001	30150000	0.0082753864720418	17401	144	17401	0
PflaKGBDf	OZ251426.1	30120001	30150000	0.0064364117004769	17401	112	17401	0
PflaHELAf	OZ251426.1	30120001	30150000	0.0055169243146945	17401	96	17401	0
PflaKGBHm	OZ251426.1	30150001	30180000	0.0069308963959338	19478	135	19478	0
PflaKGBDf	OZ251426.1	30150001	30180000	0.0053906971968374	19478	105	19478	0
PflaHELAf	OZ251426.1	30150001	30180000	0.0063661566895985	19478	124	19478	0
PflaHELEm	OZ251426.1	30150001	30180000	0.0085224355683335	19478	166	19478	0
PflaKGBDf	OZ251426.1	30180001	30210000	0.0046943046207793	17681	83	17681	0
PflaHELAf	OZ251426.1	30180001	30210000	0.0065607148916916	17681	116	17681	0
PflaHELEm	OZ251426.1	30180001	30210000	0.0068435043266783	17681	121	17681	0
PflaKGBHm	OZ251426.1	30180001	30210000	0.0050902098297607	17681	90	17681	0
PflaHELAf	OZ251426.1	30210001	30240000	0.0059480388305931	17821	106	17821	4
PflaKGBHm	OZ251426.1	30210001	30240000	0.0058345021037868	17825	104	17825	0
PflaHELEm	OZ251426.1	30210001	30240000	0.0089200561009817	17825	159	17825	0
PflaKGBDf	OZ251426.1	30210001	30240000	0.0039288320143683	17817	70	17817	8
PflaHELAf	OZ251426.1	30240001	30270000	0.007001422163877	18282	128	18282	0
PflaKGBDf	OZ251426.1	30240001	30270000	0.0054698610655289	18282	100	18282	0
PflaHELEm	OZ251426.1	30240001	30270000	0.0097910513072967	18282	179	18282	0
PflaKGBHm	OZ251426.1	30240001	30270000	0.0059621485614265	18282	109	18282	0
PflaHELEm	OZ251426.1	30270001	30300000	0.0094368811881188	12928	122	12928	45
PflaKGBHm	OZ251426.1	30270001	30300000	0.0059363194819212	12971	77	12971	2
PflaHELAf	OZ251426.1	30270001	30300000	0.0084791490017729	12973	110	12973	0
PflaKGBDf	OZ251426.1	30270001	30300000	0.0089464753971926	12966	116	12966	7
PflaHELEm	OZ251426.1	30300001	30330000	0.0123365862640397	10862	134	10862	0
PflaKGBHm	OZ251426.1	30300001	30330000	0.0087376835843093	10758	94	10758	104
PflaKGBDf	OZ251426.1	30300001	30330000	0.0099429202725096	10862	108	10862	0
PflaHELAf	OZ251426.1	30300001	30330000	0.0090347561537752	10847	98	10847	15
PflaKGBHm	OZ251426.1	30330001	30360000	0.0046750113105112	13262	62	13262	0
PflaHELEm	OZ251426.1	30330001	30360000	0.0084451817222138	13262	112	13262	0
PflaKGBDf	OZ251426.1	30330001	30360000	0.0033177499622982	13262	44	13262	0
PflaHELAf	OZ251426.1	30330001	30360000	0.0055044488010858	13262	73	13262	0
PflaHELEm	OZ251426.1	30360001	30390000	0.0057663125948406	16475	95	16475	0
PflaHELAf	OZ251426.1	30360001	30390000	0.0052200303490136	16475	86	16475	0
PflaKGBHm	OZ251426.1	30360001	30390000	0.0022458270106221	16475	37	16475	0
PflaKGBDf	OZ251426.1	30360001	30390000	0.004431493959813	16473	73	16473	2
PflaHELAf	OZ251426.1	30390001	30420000	0.0036711184252167	15799	58	15799	0
PflaHELEm	OZ251426.1	30390001	30420000	0.0054433824925628	15799	86	15799	0
PflaKGBHm	OZ251426.1	30390001	30420000	0.0043040698778403	15799	68	15799	0
PflaKGBDf	OZ251426.1	30390001	30420000	0.0055703253576402	15798	88	15798	1
PflaHELAf	OZ251426.1	30420001	30450000	0.0246433203631647	771	19	771	0
PflaKGBDf	OZ251426.1	30420001	30450000	0.0181582360570687	771	14	771	0
PflaHELEm	OZ251426.1	30420001	30450000	0.0155642023346303	771	12	771	0
PflaKGBHm	OZ251426.1	30420001	30450000	0.0207522697795071	771	16	771	0
PflaHELAf	OZ251426.1	30450001	30480000	0.0029501244583755	10847	32	10847	0
PflaKGBDf	OZ251426.1	30450001	30480000	0.0043329952982391	10847	47	10847	0
PflaHELEm	OZ251426.1	30450001	30480000	0.0056236747487784	10847	61	10847	0
PflaKGBHm	OZ251426.1	30450001	30480000	0.0024891675117544	10847	27	10847	0
PflaHELAf	OZ251426.1	30480001	30510000	0.0047535651738804	15988	76	15988	0
PflaKGBHm	OZ251426.1	30480001	30510000	0.0020661157024793	15972	33	15972	16
PflaHELEm	OZ251426.1	30480001	30510000	0.0052539404553415	15988	84	15988	0
PflaKGBDf	OZ251426.1	30480001	30510000	0.0033775331498623	15988	54	15988	0
PflaHELEm	OZ251426.1	30510001	30540000	0.0066483748417053	18952	126	18952	0
PflaKGBDf	OZ251426.1	30510001	30540000	0.0046960742929506	18952	89	18952	0
PflaHELAf	OZ251426.1	30510001	30540000	0.0038518362178134	18952	73	18952	0
PflaKGBHm	OZ251426.1	30510001	30540000	0.0067539046010975	18952	128	18952	0
PflaKGBHm	OZ251426.1	30540001	30570000	0.0048306465202493	17803	86	17803	0
PflaHELEm	OZ251426.1	30540001	30570000	0.0084817165646239	17803	151	17803	0
PflaHELAf	OZ251426.1	30540001	30570000	0.007807672864124	17803	139	17803	0
PflaKGBDf	OZ251426.1	30540001	30570000	0.0060102229961242	17803	107	17803	0
PflaHELAf	OZ251426.1	30570001	30600000	0.008418194161575	14730	124	14730	0
PflaKGBDf	OZ251426.1	30570001	30600000	0.0071283095723014	14730	105	14730	0
PflaHELEm	OZ251426.1	30570001	30600000	0.0110658520027155	14730	163	14730	0
PflaKGBHm	OZ251426.1	30570001	30600000	0.0101154107264086	14730	149	14730	0
PflaHELAf	OZ251426.1	30600001	30630000	0.0061257738677093	15345	94	15345	11
PflaKGBDf	OZ251426.1	30600001	30630000	0.0064469914040114	15356	99	15356	0
PflaHELEm	OZ251426.1	30600001	30630000	0.0096379265433706	15356	148	15356	0
PflaKGBHm	OZ251426.1	30600001	30630000	0.0048840843969783	15356	75	15356	0
PflaHELAf	OZ251426.1	30630001	30660000	0.0055838626369791	14327	80	14327	0
PflaKGBDf	OZ251426.1	30630001	30660000	0.0039087038458853	14327	56	14327	0
PflaKGBHm	OZ251426.1	30630001	30660000	0.0048858798073567	14327	70	14327	0
PflaHELEm	OZ251426.1	30630001	30660000	0.0083059956725064	14327	119	14327	0
PflaHELAf	OZ251426.1	30660001	30690000	0.0118811881188118	7070	84	7070	0
PflaKGBDf	OZ251426.1	30660001	30690000	0.0089959373186302	6892	62	6892	178
PflaHELEm	OZ251426.1	30660001	30690000	0.0117397454031117	7070	83	7070	0
PflaKGBHm	OZ251426.1	30660001	30690000	0.0121640735502121	7070	86	7070	0
PflaKGBHm	OZ251426.1	30690001	30720000	0.0044266007823759	9714	43	9714	0
PflaKGBDf	OZ251426.1	30690001	30720000	0.0067343555739743	9652	65	9652	62
PflaHELEm	OZ251426.1	30690001	30720000	0.0143092443895408	9714	139	9714	0
PflaHELAf	OZ251426.1	30690001	30720000	0.0075180226570545	9710	73	9710	4
PflaKGBHm	OZ251426.1	30720001	30750000	0.0033440342429106	7476	25	7476	0
PflaHELEm	OZ251426.1	30720001	30750000	0.0104333868378812	7476	78	7476	0
PflaKGBDf	OZ251426.1	30720001	30750000	0.0074906367041198	7476	56	7476	0
PflaHELAf	OZ251426.1	30720001	30750000	0.0082987551867219	7471	62	7471	5
PflaKGBHm	OZ251426.1	30750001	30780000	0.0	123	0	123	0
PflaHELEm	OZ251426.1	30750001	30780000	0.008130081300813	123	1	123	0
PflaKGBDf	OZ251426.1	30750001	30780000	0.0	123	0	123	0
PflaHELAf	OZ251426.1	30750001	30780000	0.024390243902439	123	3	123	0
PflaKGBHm	OZ251426.1	30780001	30810000	0.0	74	0	74	57
PflaHELEm	OZ251426.1	30780001	30810000	0.0076335877862595	131	1	131	0
PflaKGBDf	OZ251426.1	30780001	30810000	0.0	131	0	131	0
PflaHELAf	OZ251426.1	30780001	30810000	0.0	131	0	131	0
PflaHELEm	OZ251426.1	30810001	30840000	0.0	8	0	8	0
PflaKGBDf	OZ251426.1	30810001	30840000	0.0	8	0	8	0
PflaHELAf	OZ251426.1	30810001	30840000	0.0	8	0	8	0
PflaKGBHm	OZ251426.1	30810001	30840000	0.0	8	0	8	0
PflaKGBDf	OZ251426.1	30840001	30870000	0.0038215128695065	8897	34	8897	0
PflaKGBHm	OZ251426.1	30840001	30870000	0.0053975036545597	8893	48	8893	4
PflaHELEm	OZ251426.1	30840001	30870000	0.0067438462403057	8897	60	8897	0
PflaHELAf	OZ251426.1	30840001	30870000	0.007081038552321	8897	63	8897	0
PflaHELEm	OZ251426.1	30870001	30900000	0.0087529248635063	11539	101	11539	0
PflaKGBDf	OZ251426.1	30870001	30900000	0.0087627971542599	11526	101	11526	13
PflaHELAf	OZ251426.1	30870001	30900000	0.0077129733945749	11539	89	11539	0
PflaKGBHm	OZ251426.1	30870001	30900000	0.0057707440762437	11437	66	11437	102
PflaKGBHm	OZ251426.1	30900001	30930000	0.0056068317087897	11593	65	11593	0
PflaHELEm	OZ251426.1	30900001	30930000	0.0060381264556197	11593	70	11593	0
PflaKGBDf	OZ251426.1	30900001	30930000	0.0041404295695678	11593	48	11593	0
PflaHELAf	OZ251426.1	30900001	30930000	0.0041404295695678	11593	48	11593	0
PflaHELAf	OZ251426.1	30930001	30960000	0.0034441554790187	14227	49	14227	0
PflaKGBHm	OZ251426.1	30930001	30960000	0.0071729957805907	14220	102	14220	7
PflaHELEm	OZ251426.1	30930001	30960000	0.0059042665354607	14227	84	14227	0
PflaKGBDf	OZ251426.1	30930001	30960000	0.0023921761767396	14213	34	14213	14
PflaKGBHm	OZ251426.1	30960001	30990000	0.0037304153195722	16084	60	16084	0
PflaHELEm	OZ251426.1	30960001	30990000	0.0078960457597612	16084	127	16084	0
PflaKGBDf	OZ251426.1	30960001	30990000	0.004236232245203	16052	68	16052	32
PflaHELAf	OZ251426.1	30960001	30990000	0.0061177351894625	16019	98	16019	65
PflaHELEm	OZ251426.1	30990001	31020000	0.009059367771781	15564	141	15564	0
PflaKGBHm	OZ251426.1	30990001	31020000	0.0069390902081727	15564	108	15564	0
PflaHELAf	OZ251426.1	30990001	31020000	0.0059753276792598	15564	93	15564	0
PflaKGBDf	OZ251426.1	30990001	31020000	0.0046903109740426	15564	73	15564	0
PflaHELAf	OZ251426.1	31020001	31050000	0.0056871233341821	11781	67	11781	0
PflaHELEm	OZ251426.1	31020001	31050000	0.0086580086580086	11781	102	11781	0
PflaKGBHm	OZ251426.1	31020001	31050000	0.0029708853238265	11781	35	11781	0
PflaKGBDf	OZ251426.1	31020001	31050000	0.0023793337865397	11768	28	11768	13
PflaHELAf	OZ251426.1	31050001	31080000	0.0069022639425731	10866	75	10866	0
PflaKGBDf	OZ251426.1	31050001	31080000	0.003589177250138	10866	39	10866	0
PflaHELEm	OZ251426.1	31050001	31080000	0.0078225658015829	10866	85	10866	0
PflaKGBHm	OZ251426.1	31050001	31080000	0.0041436464088397	10860	45	10860	6
PflaKGBDf	OZ251426.1	31080001	31110000	0.003548085901027	10710	38	10710	0
PflaHELAf	OZ251426.1	31080001	31110000	0.0042016806722689	10710	45	10710	0
PflaHELEm	OZ251426.1	31080001	31110000	0.0070028011204481	10710	75	10710	0
PflaKGBHm	OZ251426.1	31080001	31110000	0.0047619047619047	10710	51	10710	0
PflaKGBHm	OZ251426.1	31110001	31140000	0.0038416569233338	5987	23	5987	0
PflaHELAf	OZ251426.1	31110001	31140000	0.0031735426757975	5987	19	5987	0
PflaKGBDf	OZ251426.1	31110001	31140000	0.0006681142475363	5987	4	5987	0
PflaHELEm	OZ251426.1	31110001	31140000	0.0040086854852179	5987	24	5987	0
PflaHELAf	OZ251426.1	31140001	31170000	0.0024799321281733	15323	38	15323	13
PflaHELEm	OZ251426.1	31140001	31170000	0.0047600417318727	15336	73	15336	0
PflaKGBHm	OZ251426.1	31140001	31170000	0.0041879335165554	15282	64	15282	54
PflaKGBDf	OZ251426.1	31140001	31170000	0.0021558763964199	15307	33	15307	29
PflaKGBHm	OZ251426.1	31170001	31200000	0.0025918944392082	12732	33	12732	0
PflaHELEm	OZ251426.1	31170001	31200000	0.0049481621112158	12732	63	12732	0
PflaHELAf	OZ251426.1	31170001	31200000	0.0032987747408105	12732	42	12732	0
PflaKGBDf	OZ251426.1	31170001	31200000	0.0021991831605403	12732	28	12732	0
PflaKGBDf	OZ251426.1	31200001	31230000	0.0040641711229946	14025	57	14025	0
PflaHELAf	OZ251426.1	31200001	31230000	0.0027199198339417	13971	38	13971	54
PflaKGBHm	OZ251426.1	31200001	31230000	0.0040641711229946	14025	57	14025	0
PflaHELEm	OZ251426.1	31200001	31230000	0.0051336898395721	14025	72	14025	0
PflaHELAf	OZ251426.1	31230001	31260000	0.0011758321273516	11056	13	11056	15
PflaKGBHm	OZ251426.1	31230001	31260000	0.001174981923355	11064	13	11064	7
PflaHELEm	OZ251426.1	31230001	31260000	0.0032529140688533	11067	36	11067	4
PflaKGBDf	OZ251426.1	31230001	31260000	0.0028001083912925	11071	31	11071	0
PflaKGBHm	OZ251426.1	31260001	31290000	0.002124946876328	9412	20	9412	19
PflaHELEm	OZ251426.1	31260001	31290000	0.0038171986003605	9431	36	9431	0
PflaKGBDf	OZ251426.1	31260001	31290000	0.0033930654225426	9431	32	9431	0
PflaHELAf	OZ251426.1	31260001	31290000	0.002544799066907	9431	24	9431	0
PflaKGBDf	OZ251426.1	31290001	31320000	0.0063579345304579	11639	74	11639	0
PflaHELAf	OZ251426.1	31290001	31320000	0.0067016066672394	11639	78	11639	0
PflaKGBHm	OZ251426.1	31290001	31320000	0.0064041540458675	11555	74	11555	84
PflaHELEm	OZ251426.1	31290001	31320000	0.0068734427356302	11639	80	11639	0
PflaHELAf	OZ251426.1	31320001	31350000	0.0057882192713653	11748	68	11748	0
PflaKGBDf	OZ251426.1	31320001	31350000	0.0044262853251617	11748	52	11748	0
PflaHELEm	OZ251426.1	31320001	31350000	0.0062138236295539	11748	73	11748	0
PflaKGBHm	OZ251426.1	31320001	31350000	0.0050221314266258	11748	59	11748	0
PflaHELAf	OZ251426.1	31350001	31380000	0.0034234851078397	5842	20	5842	0
PflaKGBDf	OZ251426.1	31350001	31380000	0.0041081821294077	5842	24	5842	0
PflaKGBHm	OZ251426.1	31350001	31380000	0.0035946593632317	5842	21	5842	0
PflaHELEm	OZ251426.1	31350001	31380000	0.0058199246833276	5842	34	5842	0
PflaHELEm	OZ251426.1	31380001	31410000	0.0073449628578582	11981	88	11981	0
PflaKGBDf	OZ251426.1	31380001	31410000	0.0041746681138849	11977	50	11977	4
PflaHELAf	OZ251426.1	31380001	31410000	0.0045071362991403	11981	54	11981	0
PflaKGBHm	OZ251426.1	31380001	31410000	0.0015023787663801	11981	18	11981	0
PflaKGBHm	OZ251426.1	31410001	31440000	0.0006108269069252	13097	8	13097	38
PflaHELEm	OZ251426.1	31410001	31440000	0.0071564522268747	13135	94	13135	0
PflaKGBDf	OZ251426.1	31410001	31440000	0.0005329272934906	13135	7	13135	0
PflaHELAf	OZ251426.1	31410001	31440000	0.0037304910544347	13135	49	13135	0
PflaKGBHm	OZ251426.1	31440001	31470000	0.000555709919422	7198	4	7198	11
PflaKGBDf	OZ251426.1	31440001	31470000	0.0016645859342488	7209	12	7209	0
PflaHELAf	OZ251426.1	31440001	31470000	0.002635594395894	7209	19	7209	0
PflaHELEm	OZ251426.1	31440001	31470000	0.0040227493411014	7209	29	7209	0
PflaHELEm	OZ251426.1	31470001	31500000	0.0080310880829015	11580	93	11580	0
PflaKGBDf	OZ251426.1	31470001	31500000	0.0075993091537132	11580	88	11580	0
PflaHELAf	OZ251426.1	31470001	31500000	0.0058721934369602	11580	68	11580	0
PflaKGBHm	OZ251426.1	31470001	31500000	0.0021588946459412	11580	25	11580	0
PflaKGBDf	OZ251426.1	31500001	31530000	0.0027573529411764	10880	30	10880	1
PflaHELAf	OZ251426.1	31500001	31530000	0.0049815498154981	10840	54	10840	41
PflaHELEm	OZ251426.1	31500001	31530000	0.0056061023802959	10881	61	10881	0
PflaKGBHm	OZ251426.1	31500001	31530000	0.0042326094957673	10868	46	10868	13
PflaHELEm	OZ251426.1	31530001	31560000	0.0069800318077398	11318	79	11318	0
PflaKGBHm	OZ251426.1	31530001	31560000	0.0052170837386152	11309	59	11309	9
PflaKGBDf	OZ251426.1	31530001	31560000	0.0052129351475525	11318	59	11318	0
PflaHELAf	OZ251426.1	31530001	31560000	0.0049478706485244	11318	56	11318	0
PflaKGBHm	OZ251426.1	31560001	31590000	0.006252170892671	11516	72	11516	1
PflaHELEm	OZ251426.1	31560001	31590000	0.0091169575410263	11517	105	11517	0
PflaKGBDf	OZ251426.1	31560001	31590000	0.0053884929601946	11506	62	11506	11
PflaHELAf	OZ251426.1	31560001	31590000	0.0049522154648132	11510	57	11510	7
PflaHELEm	OZ251426.1	31590001	31620000	0.0044757033248081	7820	35	7820	0
PflaHELAf	OZ251426.1	31590001	31620000	0.0053708439897698	7820	42	7820	0
PflaKGBDf	OZ251426.1	31590001	31620000	0.0040973111395646	7810	32	7810	10
PflaKGBHm	OZ251426.1	31590001	31620000	0.0019196314307652	7814	15	7814	6
PflaKGBDf	OZ251426.1	31620001	31650000	0.006158420046719	4709	29	4709	0
PflaHELAf	OZ251426.1	31620001	31650000	0.0050966234869399	4709	24	4709	0
PflaKGBHm	OZ251426.1	31620001	31650000	0.0055213421108515	4709	26	4709	0
PflaHELEm	OZ251426.1	31620001	31650000	0.0072202166064981	4709	34	4709	0
PflaKGBHm	OZ251426.1	31650001	31680000	0.0067563002499831	14801	100	14801	58
PflaHELEm	OZ251426.1	31650001	31680000	0.0103640891042465	14859	154	14859	0
PflaKGBDf	OZ251426.1	31650001	31680000	0.0081432128676223	14859	121	14859	0
PflaHELAf	OZ251426.1	31650001	31680000	0.0056756756756756	14800	84	14800	59
PflaHELEm	OZ251426.1	31680001	31710000	0.0080353555644837	9956	80	9956	0
PflaKGBDf	OZ251426.1	31680001	31710000	0.0064633407392445	9902	64	9902	54
PflaHELAf	OZ251426.1	31680001	31710000	0.0036159100040176	9956	36	9956	0
PflaKGBHm	OZ251426.1	31680001	31710000	0.0043294401933145	9932	43	9932	24
PflaKGBHm	OZ251426.1	31710001	31740000	0.0041082086659948	12901	53	12901	0
PflaKGBDf	OZ251426.1	31710001	31740000	0.0061488169364881	12848	79	12848	53
PflaHELEm	OZ251426.1	31710001	31740000	0.006278583055577	12901	81	12901	0
PflaHELAf	OZ251426.1	31710001	31740000	0.005659353438251	12899	73	12899	2
PflaKGBHm	OZ251426.1	31740001	31770000	0.0044930650517679	10238	46	10238	159
PflaHELEm	OZ251426.1	31740001	31770000	0.00828356771335	10382	86	10382	15
PflaKGBDf	OZ251426.1	31740001	31770000	0.0076952674105425	10396	80	10396	1
PflaHELAf	OZ251426.1	31740001	31770000	0.0056747138597672	10397	59	10397	0
PflaHELEm	OZ251426.1	31770001	31800000	0.0048198578141944	8299	40	8299	0
PflaKGBDf	OZ251426.1	31770001	31800000	0.0073520549596239	8297	61	8297	2
PflaHELAf	OZ251426.1	31770001	31800000	0.0069267225665329	8229	57	8229	70
PflaKGBHm	OZ251426.1	31770001	31800000	0.0075912760573563	8299	63	8299	0
PflaKGBDf	OZ251426.1	31800001	31830000	0.0074685534591194	10176	76	10176	0
PflaHELAf	OZ251426.1	31800001	31830000	0.0070639737339568	10051	71	10051	125
PflaHELEm	OZ251426.1	31800001	31830000	0.0078616352201257	10176	80	10176	0
PflaKGBHm	OZ251426.1	31800001	31830000	0.0062142434405208	10138	63	10138	38
PflaKGBHm	OZ251426.1	31830001	31860000	0.0046014933148115	11518	53	11518	0
PflaHELEm	OZ251426.1	31830001	31860000	0.0073420155580805	11441	84	11441	77
PflaKGBDf	OZ251426.1	31830001	31860000	0.0060986234535633	11478	70	11478	40
PflaHELAf	OZ251426.1	31830001	31860000	0.0059197353530077	11487	68	11487	31
PflaKGBHm	OZ251426.1	31860001	31890000	0.006360040331963	12893	82	12893	0
PflaHELEm	OZ251426.1	31860001	31890000	0.0118669045218335	12893	153	12893	0
PflaKGBDf	OZ251426.1	31860001	31890000	0.0076785852788334	12893	99	12893	0
PflaHELAf	OZ251426.1	31860001	31890000	0.0089306515492738	12877	115	12877	16
PflaHELAf	OZ251426.1	31890001	31920000	0.0084312723556463	15656	132	15656	356
PflaKGBDf	OZ251426.1	31890001	31920000	0.0065575818136397	16012	105	16012	0
PflaHELEm	OZ251426.1	31890001	31920000	0.0107304216867469	15936	171	15936	76
PflaKGBHm	OZ251426.1	31890001	31920000	0.0070572070946789	16012	113	16012	0
PflaKGBHm	OZ251426.1	31920001	31950000	0.0048421962818849	11565	56	11565	1
PflaHELEm	OZ251426.1	31920001	31950000	0.0058848983124188	11555	68	11555	11
PflaHELAf	OZ251426.1	31920001	31950000	0.0049500651324359	11515	57	11515	51
PflaKGBDf	OZ251426.1	31920001	31950000	0.005879301400657	11566	68	11566	0
PflaKGBHm	OZ251426.1	31950001	31980000	0.0022160664819944	12635	28	12635	0
PflaHELEm	OZ251426.1	31950001	31980000	0.0072022160664819	12635	91	12635	0
PflaKGBDf	OZ251426.1	31950001	31980000	0.0069647803719825	12635	88	12635	0
PflaHELAf	OZ251426.1	31950001	31980000	0.0059363621972455	12634	75	12634	1
PflaKGBHm	OZ251426.1	31980001	32010000	0.0090919687609278	8579	78	8579	0
PflaHELEm	OZ251426.1	31980001	32010000	0.011190115398065	8579	96	8579	0
PflaKGBDf	OZ251426.1	31980001	32010000	0.0047830144657022	8572	41	8572	7
PflaHELAf	OZ251426.1	31980001	32010000	0.0029140925515794	8579	25	8579	0
PflaKGBHm	OZ251426.1	32010001	32040000	0.0052148000993295	12081	63	12081	34
PflaHELEm	OZ251426.1	32010001	32040000	0.0104880667272276	12109	127	12109	6
PflaKGBDf	OZ251426.1	32010001	32040000	0.0085843995047461	12115	104	12115	0
PflaHELAf	OZ251426.1	32010001	32040000	0.0070986380520016	12115	86	12115	0
PflaHELEm	OZ251426.1	32040001	32070000	0.0067623977291701	11978	81	11978	0
PflaKGBHm	OZ251426.1	32040001	32070000	0.0030889964935715	11978	37	11978	0
PflaKGBDf	OZ251426.1	32040001	32070000	0.0046752379362163	11978	56	11978	0
PflaHELAf	OZ251426.1	32040001	32070000	0.0040073468024711	11978	48	11978	0
PflaHELEm	OZ251426.1	32070001	32100000	0.0117792932424054	6452	76	6452	18
PflaKGBDf	OZ251426.1	32070001	32100000	0.0080395794681508	6468	52	6468	2
PflaHELAf	OZ251426.1	32070001	32100000	0.0072642967542503	6470	47	6470	0
PflaKGBHm	OZ251426.1	32070001	32100000	0.0067009505999688	6417	43	6417	53
PflaHELEm	OZ251426.1	32100001	32130000	0.0043046357615894	3020	13	3020	0
PflaKGBDf	OZ251426.1	32100001	32130000	0.0043046357615894	3020	13	3020	0
PflaHELAf	OZ251426.1	32100001	32130000	0.003976143141153	3018	12	3018	2
PflaKGBHm	OZ251426.1	32100001	32130000	0.0045029442327675	2887	13	2887	133
PflaHELEm	OZ251426.1	32130001	32160000	0.0083449235048678	4314	36	4314	0
PflaKGBHm	OZ251426.1	32130001	32160000	0.0037088548910523	4314	16	4314	0
PflaKGBDf	OZ251426.1	32130001	32160000	0.007185906351414	4314	31	4314	0
PflaHELAf	OZ251426.1	32130001	32160000	0.0062937062937062	4290	27	4290	24
PflaKGBHm	OZ251426.1	32160001	32190000	0.0053031388849075	6977	37	6977	129
PflaHELEm	OZ251426.1	32160001	32190000	0.0050661412890515	7106	36	7106	0
PflaKGBDf	OZ251426.1	32160001	32190000	0.0023926812104152	7105	17	7105	1
PflaHELAf	OZ251426.1	32160001	32190000	0.0043346337234503	6921	30	6921	185
PflaHELEm	OZ251426.1	32190001	32220000	0.0050801094177413	10236	52	10236	0
PflaKGBDf	OZ251426.1	32190001	32220000	0.0063501367721766	10236	65	10236	0
PflaHELAf	OZ251426.1	32190001	32220000	0.0088901914810472	10236	91	10236	0
PflaKGBHm	OZ251426.1	32190001	32220000	0.0062524423602969	10236	64	10236	0
PflaHELEm	OZ251426.1	32220001	32250000	0.0064005753326141	13905	89	13905	85
PflaKGBHm	OZ251426.1	32220001	32250000	0.006290207290922	13990	88	13990	0
PflaHELAf	OZ251426.1	32220001	32250000	0.0078717618434235	13974	110	13974	16
PflaKGBDf	OZ251426.1	32220001	32250000	0.0043106545010417	13919	60	13919	71
PflaKGBHm	OZ251426.1	32250001	32280000	0.0054024255788313	9070	49	9070	0
PflaHELEm	OZ251426.1	32250001	32280000	0.0077416500774165	9042	70	9042	28
PflaKGBDf	OZ251426.1	32250001	32280000	0.0058434399117971	9070	53	9070	0
PflaHELAf	OZ251426.1	32250001	32280000	0.0050778231592891	9059	46	9059	11
PflaKGBHm	OZ251426.1	32280001	32310000	0.0063749637786148	10353	66	10353	0
PflaKGBDf	OZ251426.1	32280001	32310000	0.0055691255495847	10235	57	10235	118
PflaHELAf	OZ251426.1	32280001	32310000	0.0026249270853587	10286	27	10286	67
PflaHELEm	OZ251426.1	32280001	32310000	0.0082101806239737	10353	85	10353	0
PflaKGBHm	OZ251426.1	32310001	32340000	0.0066590563165905	10512	70	10512	41
PflaHELAf	OZ251426.1	32310001	32340000	0.0077703022837107	10553	82	10553	0
PflaKGBDf	OZ251426.1	32310001	32340000	0.0054013076850184	10553	57	10553	0
PflaHELEm	OZ251426.1	32310001	32340000	0.0057093919497573	10509	60	10509	44
PflaKGBHm	OZ251426.1	32340001	32370000	0.0040300913487372	3722	15	3722	0
PflaHELEm	OZ251426.1	32340001	32370000	0.0045674368619022	3722	17	3722	0
PflaKGBDf	OZ251426.1	32340001	32370000	0.0051047823750671	3722	19	3722	0
PflaHELAf	OZ251426.1	32340001	32370000	0.0025034770514603	3595	9	3595	127
PflaHELEm	OZ251426.1	32370001	32400000	0.0098792535675082	4555	45	4555	0
PflaKGBHm	OZ251426.1	32370001	32400000	0.002854006586169	4555	13	4555	0
PflaKGBDf	OZ251426.1	32370001	32400000	0.0061470911086717	4555	28	4555	0
PflaHELAf	OZ251426.1	32370001	32400000	0.0084201196543319	4513	38	4513	42
PflaHELAf	OZ251426.1	32400001	32430000	0.0031428571428571	3500	11	3500	0
PflaKGBDf	OZ251426.1	32400001	32430000	0.0057142857142857	3500	20	3500	0
PflaHELEm	OZ251426.1	32400001	32430000	0.0054285714285714	3500	19	3500	0
PflaKGBHm	OZ251426.1	32400001	32430000	0.0042857142857142	3500	15	3500	0
PflaHELEm	OZ251426.1	32430001	32460000	0.0075645209136754	13484	102	13484	0
PflaKGBHm	OZ251426.1	32430001	32460000	0.0055625602610694	13483	75	13483	1
PflaHELAf	OZ251426.1	32430001	32460000	0.0059333976118074	13483	80	13483	1
PflaKGBDf	OZ251426.1	32430001	32460000	0.0045980421239988	13484	62	13484	0
PflaHELAf	OZ251426.1	32460001	32490000	0.003495770118157	14303	50	14303	0
PflaKGBDf	OZ251426.1	32460001	32490000	0.0078305250646717	14303	112	14303	0
PflaHELEm	OZ251426.1	32460001	32490000	0.0085995944906662	14303	123	14303	0
PflaKGBHm	OZ251426.1	32460001	32490000	0.0053857452612436	14297	77	14297	6
PflaHELAf	OZ251426.1	32490001	32520000	0.0020174000756525	15862	32	15862	0
PflaKGBDf	OZ251426.1	32490001	32520000	0.0030261001134787	15862	48	15862	0
PflaHELEm	OZ251426.1	32490001	32520000	0.0034043626276635	15862	54	15862	0
PflaKGBHm	OZ251426.1	32490001	32520000	0.0008195687807338	15862	13	15862	0
PflaKGBHm	OZ251426.1	32520001	32550000	0.0019988971601874	14508	29	14508	0
PflaHELEm	OZ251426.1	32520001	32550000	0.0004135649296939	14508	6	14508	0
PflaHELAf	OZ251426.1	32520001	32550000	0.0005514199062586	14508	8	14508	0
PflaKGBDf	OZ251426.1	32520001	32550000	0.0010339123242349	14508	15	14508	0
PflaHELAf	OZ251426.1	32550001	32580000	0.0049827755905511	16256	81	16256	0
PflaKGBDf	OZ251426.1	32550001	32580000	0.0045530055989663	16253	74	16253	3
PflaHELEm	OZ251426.1	32550001	32580000	0.0023991141732283	16256	39	16256	0
PflaKGBHm	OZ251426.1	32550001	32580000	0.0011074197120708	16254	18	16254	2
PflaHELAf	OZ251426.1	32580001	32610000	0.0101968434119524	11278	115	11278	13
PflaKGBDf	OZ251426.1	32580001	32610000	0.0053219797764768	11274	60	11274	17
PflaHELEm	OZ251426.1	32580001	32610000	0.0101905183872397	11285	115	11285	6
PflaKGBHm	OZ251426.1	32580001	32610000	0.0066518847006651	11275	75	11275	16
PflaKGBHm	OZ251426.1	32610001	32640000	0.0085022445925724	14702	125	14702	8
PflaHELEm	OZ251426.1	32610001	32640000	0.0055789903388216	14698	82	14698	12
PflaKGBDf	OZ251426.1	32610001	32640000	0.0046227056424201	14710	68	14710	0
PflaHELAf	OZ251426.1	32610001	32640000	0.0068036467546604	14698	100	14698	12
PflaKGBDf	OZ251426.1	32640001	32670000	0.002562885619364	10535	27	10535	163
PflaHELAf	OZ251426.1	32640001	32670000	0.0050576004495644	10677	54	10677	21
PflaHELEm	OZ251426.1	32640001	32670000	0.0087932647333956	10690	94	10690	8
PflaKGBHm	OZ251426.1	32640001	32670000	0.0043949878436506	10694	47	10694	4
PflaKGBHm	OZ251426.1	32670001	32700000	0.0021441151696148	13059	28	13059	20
PflaKGBDf	OZ251426.1	32670001	32700000	0.0008488964346349	12958	11	12958	121
PflaHELAf	OZ251426.1	32670001	32700000	0.0042902014862483	13053	56	13053	26
PflaHELEm	OZ251426.1	32670001	32700000	0.0063723608445297	13025	83	13025	54
PflaHELAf	OZ251426.1	32700001	32730000	0.0083200566471941	11298	94	11298	0
PflaKGBDf	OZ251426.1	32700001	32730000	0.0026555722758254	11297	30	11297	1
PflaHELEm	OZ251426.1	32700001	32730000	0.0089396353336873	11298	101	11298	0
PflaKGBHm	OZ251426.1	32700001	32730000	0.0038059833598867	11298	43	11298	0
PflaHELAf	OZ251426.1	32730001	32760000	0.001852487135506	14575	27	14575	0
PflaKGBDf	OZ251426.1	32730001	32760000	0.0027468754291992	14562	40	14562	13
PflaHELEm	OZ251426.1	32730001	32760000	0.0046661634529609	14573	68	14573	2
PflaKGBHm	OZ251426.1	32730001	32760000	0.0020610057708161	14556	30	14556	19
PflaKGBHm	OZ251426.1	32760001	32790000	0.0032543332154227	14135	46	14135	67
PflaHELEm	OZ251426.1	32760001	32790000	0.0030981551894099	14202	44	14202	0
PflaHELAf	OZ251426.1	32760001	32790000	0.0019715533023517	14202	28	14202	0
PflaKGBDf	OZ251426.1	32760001	32790000	0.0014082523588227	14202	20	14202	0
PflaHELAf	OZ251426.1	32790001	32820000	0.0074139452780229	11330	84	11330	69
PflaKGBDf	OZ251426.1	32790001	32820000	0.0060531625581191	11399	69	11399	0
PflaHELEm	OZ251426.1	32790001	32820000	0.0071936134748662	11399	82	11399	0
PflaKGBHm	OZ251426.1	32790001	32820000	0.0045618036669883	11399	52	11399	0
PflaKGBDf	OZ251426.1	32820001	32850000	0.00835629833763	11249	94	11249	33
PflaHELEm	OZ251426.1	32820001	32850000	0.0108136855167523	11282	122	11282	0
PflaKGBHm	OZ251426.1	32820001	32850000	0.0031053145239996	11271	35	11271	11
PflaHELAf	OZ251426.1	32820001	32850000	0.0074454883885835	11282	84	11282	0
PflaKGBHm	OZ251426.1	32850001	32880000	0.0056905045014438	11774	67	11774	1
PflaHELAf	OZ251426.1	32850001	32880000	0.0081528662420382	11775	96	11775	0
PflaHELEm	OZ251426.1	32850001	32880000	0.0100212314225053	11775	118	11775	0
PflaKGBDf	OZ251426.1	32850001	32880000	0.0090870488322717	11775	107	11775	0
PflaHELAf	OZ251426.1	32880001	32910000	0.0073139082222484	8477	62	8477	0
PflaHELEm	OZ251426.1	32880001	32910000	0.0074318744838976	8477	63	8477	0
PflaKGBHm	OZ251426.1	32880001	32910000	0.0051948051948051	8470	44	8470	7
PflaKGBDf	OZ251426.1	32880001	32910000	0.0035473572188719	8457	30	8457	20
PflaKGBDf	OZ251426.1	32910001	32940000	0.0026912181303116	14120	38	14120	0
PflaHELAf	OZ251426.1	32910001	32940000	0.0038951841359773	14120	55	14120	0
PflaKGBHm	OZ251426.1	32910001	32940000	0.0042492917847025	14120	60	14120	0
PflaHELEm	OZ251426.1	32910001	32940000	0.0037535410764872	14120	53	14120	0
PflaHELAf	OZ251426.1	32940001	32970000	0.0051831375259156	11576	60	11576	0
PflaKGBDf	OZ251426.1	32940001	32970000	0.0058742225293711	11576	68	11576	0
PflaHELEm	OZ251426.1	32940001	32970000	0.0069108500345542	11576	80	11576	0
PflaKGBHm	OZ251426.1	32940001	32970000	0.0069108500345542	11576	80	11576	0
PflaHELAf	OZ251426.1	32970001	33000000	0.0064931010801023	16017	104	16017	0
PflaHELEm	OZ251426.1	32970001	33000000	0.0081788100143597	16017	131	16017	0
PflaKGBHm	OZ251426.1	32970001	33000000	0.004807392145845	16017	77	16017	0
PflaKGBDf	OZ251426.1	32970001	33000000	0.0043730867745361	16007	70	16007	10
PflaHELAf	OZ251426.1	33000001	33030000	0.0052913996124608	13418	71	13418	0
PflaKGBDf	OZ251426.1	33000001	33030000	0.0067819347145625	13418	91	13418	0
PflaHELEm	OZ251426.1	33000001	33030000	0.0097022165833271	13399	130	13399	19
PflaKGBHm	OZ251426.1	33000001	33030000	0.0038756801073265	13417	52	13417	1
PflaKGBDf	OZ251426.1	33030001	33060000	0.0040131338927398	13705	55	13705	12
PflaHELAf	OZ251426.1	33030001	33060000	0.0063059099574717	13638	86	13638	79
PflaHELEm	OZ251426.1	33030001	33060000	0.0094043887147335	13717	129	13717	0
PflaKGBHm	OZ251426.1	33030001	33060000	0.0064968245857361	13699	89	13699	18
PflaHELAf	OZ251426.1	33060001	33090000	0.0047961630695443	11259	54	11259	0
PflaKGBDf	OZ251426.1	33060001	33090000	0.0044408917310595	11259	50	11259	0
PflaHELEm	OZ251426.1	33060001	33090000	0.0069277911004529	11259	78	11259	0
PflaKGBHm	OZ251426.1	33060001	33090000	0.006039612754241	11259	68	11259	0
PflaKGBHm	OZ251426.1	33090001	33120000	0.0047037349059253	14244	67	14244	0
PflaHELEm	OZ251426.1	33090001	33120000	0.0068098848638023	14244	97	14244	0
PflaHELAf	OZ251426.1	33090001	33120000	0.0058972198820556	14244	84	14244	0
PflaKGBDf	OZ251426.1	33090001	33120000	0.0044229149115417	14244	63	14244	0
PflaHELAf	OZ251426.1	33120001	33150000	0.0059470039144835	13284	79	13284	0
PflaKGBDf	OZ251426.1	33120001	33150000	0.0042251395805039	13254	56	13254	30
PflaHELEm	OZ251426.1	33120001	33150000	0.0076031315868714	13284	101	13284	0
PflaKGBHm	OZ251426.1	33120001	33150000	0.0055764883195177	13270	74	13270	14
PflaKGBHm	OZ251426.1	33150001	33180000	0.0068415808701428	15055	103	15055	0
PflaHELEm	OZ251426.1	33150001	33180000	0.0071072733311192	15055	107	15055	0
PflaHELAf	OZ251426.1	33150001	33180000	0.0043175024908668	15055	65	15055	0
PflaKGBDf	OZ251426.1	33150001	33180000	0.0050481567585519	15055	76	15055	0
PflaHELAf	OZ251426.1	33180001	33210000	0.0054228986267821	11433	62	11433	0
PflaKGBDf	OZ251426.1	33180001	33210000	0.0043740705100166	11431	50	11431	2
PflaHELEm	OZ251426.1	33180001	33210000	0.00796011196641	11432	91	11432	1
PflaKGBHm	OZ251426.1	33180001	33210000	0.0063180063180063	11396	72	11396	37
PflaHELEm	OZ251426.1	33210001	33240000	0.0096835144071799	12702	123	12702	0
PflaHELAf	OZ251426.1	33210001	33240000	0.0022832847807259	12701	29	12701	1
PflaKGBDf	OZ251426.1	33210001	33240000	0.0024405605416469	12702	31	12702	0
PflaKGBHm	OZ251426.1	33210001	33240000	0.0037789324515824	12702	48	12702	0
PflaHELEm	OZ251426.1	33240001	33270000	0.0096824485107081	12187	118	12187	2
PflaKGBDf	OZ251426.1	33240001	33270000	0.0063171712199524	12189	77	12189	0
PflaKGBHm	OZ251426.1	33240001	33270000	0.0009024530314217	12189	11	12189	0
PflaHELAf	OZ251426.1	33240001	33270000	0.0005760842728993	12151	7	12151	38
PflaKGBDf	OZ251426.1	33270001	33300000	0.0037739500677375	10334	39	10334	1
PflaHELAf	OZ251426.1	33270001	33300000	0.000774068698597	10335	8	10335	0
PflaKGBHm	OZ251426.1	33270001	33300000	0.0021286889211417	10335	22	10335	0
PflaHELEm	OZ251426.1	33270001	33300000	0.0071601354620222	10335	74	10335	0
PflaKGBHm	OZ251426.1	33300001	33330000	0.0054026797291456	13882	75	13882	0
PflaHELAf	OZ251426.1	33300001	33330000	0.0072824284375225	13869	101	13869	13
PflaKGBDf	OZ251426.1	33300001	33330000	0.0079256430578571	13879	110	13879	3
PflaHELEm	OZ251426.1	33300001	33330000	0.0097968592421841	13882	136	13882	0
PflaKGBHm	OZ251426.1	33330001	33360000	0.0023748268355432	10106	24	10106	0
PflaHELEm	OZ251426.1	33330001	33360000	0.0064401070048548	10093	65	10093	13
PflaHELAf	OZ251426.1	33330001	33360000	0.0076199901039089	10105	77	10105	1
PflaKGBDf	OZ251426.1	33330001	33360000	0.0055478502080443	10094	56	10094	12
PflaHELAf	OZ251426.1	33360001	33390000	0.0072886297376093	9604	70	9604	0
PflaKGBDf	OZ251426.1	33360001	33390000	0.0045814244064972	9604	44	9604	0
PflaHELEm	OZ251426.1	33360001	33390000	0.0049075911036859	9577	47	9577	27
PflaKGBHm	OZ251426.1	33360001	33390000	0.0038525614327363	9604	37	9604	0
PflaHELAf	OZ251426.1	33390001	33420000	0.0047851469040099	10449	50	10449	0
PflaKGBDf	OZ251426.1	33390001	33420000	0.0039238204612881	10449	41	10449	0
PflaHELEm	OZ251426.1	33390001	33420000	0.0074748442740776	10435	78	10435	14
PflaKGBHm	OZ251426.1	33390001	33420000	0.0040195233993683	10449	42	10449	0
PflaKGBHm	OZ251426.1	33420001	33450000	0.0051743532058492	8890	46	8890	4
PflaHELEm	OZ251426.1	33420001	33450000	0.0084326512255453	8894	75	8894	0
PflaHELAf	OZ251426.1	33420001	33450000	0.004169014084507	8875	37	8875	19
PflaKGBDf	OZ251426.1	33420001	33450000	0.0076456037778277	8894	68	8894	0
PflaHELAf	OZ251426.1	33450001	33480000	0.0039719794901422	13847	55	13847	200
PflaKGBDf	OZ251426.1	33450001	33480000	0.0059205364148655	14019	83	14019	28
PflaHELEm	OZ251426.1	33450001	33480000	0.0064079743681025	14045	90	14045	2
PflaKGBHm	OZ251426.1	33450001	33480000	0.0039327851269217	13985	55	13985	62
PflaHELAf	OZ251426.1	33480001	33510000	0.0051182311393182	9769	50	9769	0
PflaKGBDf	OZ251426.1	33480001	33510000	0.00563005425325	9769	55	9769	0
PflaHELEm	OZ251426.1	33480001	33510000	0.0072678882178319	9769	71	9769	0
PflaKGBHm	OZ251426.1	33480001	33510000	0.0008189169822909	9769	8	9769	0
PflaHELEm	OZ251426.1	33510001	33540000	0.0072883737267298	11388	83	11388	0
PflaKGBHm	OZ251426.1	33510001	33540000	0.0026343519494204	11388	30	11388	0
PflaKGBDf	OZ251426.1	33510001	33540000	0.0036880927291886	11388	42	11388	0
PflaHELAf	OZ251426.1	33510001	33540000	0.0062346329469617	11388	71	11388	0
PflaHELEm	OZ251426.1	33540001	33570000	0.0073733449615476	12613	93	12613	0
PflaHELAf	OZ251426.1	33540001	33570000	0.005787679378419	12613	73	12613	0
PflaKGBDf	OZ251426.1	33540001	33570000	0.003490124533989	12607	44	12607	6
PflaKGBHm	OZ251426.1	33540001	33570000	0.0043605803536034	12613	55	12613	0
PflaHELAf	OZ251426.1	33570001	33600000	0.0017857142857142	11760	21	11760	0
PflaKGBDf	OZ251426.1	33570001	33600000	0.000595744680851	11750	7	11750	10
PflaHELEm	OZ251426.1	33570001	33600000	0.0024659863945578	11760	29	11760	0
PflaKGBHm	OZ251426.1	33570001	33600000	0.0028061224489795	11760	33	11760	0
PflaHELAf	OZ251426.1	33600001	33630000	0.0007518796992481	11970	9	11970	0
PflaKGBHm	OZ251426.1	33600001	33630000	0.0028713791064943	11841	34	11841	129
PflaHELEm	OZ251426.1	33600001	33630000	0.0056808688387635	11970	68	11970	0
PflaKGBDf	OZ251426.1	33600001	33630000	0.0016708437761069	11970	20	11970	0
PflaHELAf	OZ251426.1	33630001	33660000	0.0029848125713282	11391	34	11391	0
PflaKGBDf	OZ251426.1	33630001	33660000	0.0010534632604687	11391	12	11391	0
PflaHELEm	OZ251426.1	33630001	33660000	0.0010534632604687	11391	12	11391	0
PflaKGBHm	OZ251426.1	33630001	33660000	0.0038626986217189	11391	44	11391	0
PflaKGBDf	OZ251426.1	33660001	33690000	0.0036357716518341	18428	67	18428	0
PflaHELAf	OZ251426.1	33660001	33690000	0.0027675276752767	18428	51	18428	0
PflaHELEm	OZ251426.1	33660001	33690000	0.0042354474370112	18416	78	18416	12
PflaKGBHm	OZ251426.1	33660001	33690000	0.0027132624267419	18428	50	18428	0
PflaHELAf	OZ251426.1	33690001	33720000	0.0045419607295087	14311	65	14311	0
PflaKGBDf	OZ251426.1	33690001	33720000	0.0039829501781846	14311	57	14311	0
PflaKGBHm	OZ251426.1	33690001	33720000	0.0031444343511983	14311	45	14311	0
PflaHELEm	OZ251426.1	33690001	33720000	0.0066382502969743	14311	95	14311	0
PflaHELAf	OZ251426.1	33720001	33750000	0.0036256736893679	10205	37	10205	0
PflaKGBHm	OZ251426.1	33720001	33750000	0.0013718765311122	10205	14	10205	0
PflaHELEm	OZ251426.1	33720001	33750000	0.0048015678588927	10205	49	10205	0
PflaKGBDf	OZ251426.1	33720001	33750000	0.0029397354238118	10205	30	10205	0
PflaKGBHm	OZ251426.1	33750001	33780000	0.0024976873265494	10810	27	10810	25
PflaHELEm	OZ251426.1	33750001	33780000	0.0044300876788186	10835	48	10835	0
PflaKGBDf	OZ251426.1	33750001	33780000	0.0011097752705077	10813	12	10813	22
PflaHELAf	OZ251426.1	33750001	33780000	0.0013845301827579	10834	15	10834	1
PflaKGBHm	OZ251426.1	33780001	33810000	0.0064350064350064	6216	40	6216	0
PflaHELAf	OZ251426.1	33780001	33810000	0.0025117213663764	5972	15	5972	244
PflaKGBDf	OZ251426.1	33780001	33810000	0.0032175032175032	6216	20	6216	0
PflaHELEm	OZ251426.1	33780001	33810000	0.0059523809523809	6216	37	6216	0
PflaHELEm	OZ251426.1	33810001	33840000	0.0068979109184075	5074	35	5074	0
PflaKGBHm	OZ251426.1	33810001	33840000	0.0029562475364603	5074	15	5074	0
PflaHELAf	OZ251426.1	33810001	33840000	0.002759164367363	5074	14	5074	0
PflaKGBDf	OZ251426.1	33810001	33840000	0.0007883326763894	5074	4	5074	0
PflaHELAf	OZ251426.1	33840001	33870000	0.0036487758945386	8496	31	8496	307
PflaKGBDf	OZ251426.1	33840001	33870000	0.0034598085572598	8671	30	8671	132
PflaHELEm	OZ251426.1	33840001	33870000	0.0089742133363626	8803	79	8803	0
PflaKGBHm	OZ251426.1	33840001	33870000	0.0037487220265818	8803	33	8803	0
PflaKGBHm	OZ251426.1	33870001	33900000	0.0011932336632273	14247	17	14247	0
PflaHELEm	OZ251426.1	33870001	33900000	0.0030883694812943	14247	44	14247	0
PflaHELAf	OZ251426.1	33870001	33900000	0.003649891205166	14247	52	14247	0
PflaKGBDf	OZ251426.1	33870001	33900000	0.0010528532322594	14247	15	14247	0
PflaHELAf	OZ251426.1	33900001	33930000	0.0029633878214319	10461	31	10461	0
PflaKGBDf	OZ251426.1	33900001	33930000	0.0009584052137243	10434	10	10434	27
PflaHELEm	OZ251426.1	33900001	33930000	0.0039193193767326	10461	41	10461	0
PflaKGBHm	OZ251426.1	33900001	33930000	0.0006700488178424	10447	7	10447	14
PflaKGBHm	OZ251426.1	33930001	33960000	0.0014850816794923	7407	11	7407	0
PflaHELEm	OZ251426.1	33930001	33960000	0.0047252598892939	7407	35	7407	0
PflaKGBDf	OZ251426.1	33930001	33960000	0.0009450519778587	7407	7	7407	0
PflaHELAf	OZ251426.1	33930001	33960000	0.0048602673147023	7407	36	7407	0
PflaKGBHm	OZ251426.1	33960001	33990000	0.0010627698439056	15055	16	15055	0
PflaHELEm	OZ251426.1	33960001	33990000	0.0041182331451345	15055	62	15055	0
PflaKGBDf	OZ251426.1	33960001	33990000	0.0016605778811026	15055	25	15055	0
PflaHELAf	OZ251426.1	33960001	33990000	0.0032751821402312	14961	49	14961	94
PflaKGBDf	OZ251426.1	33990001	34020000	0.0072822604136323	6866	50	6866	2
PflaHELEm	OZ251426.1	33990001	34020000	0.0074257425742574	6868	51	6868	0
PflaKGBHm	OZ251426.1	33990001	34020000	0.006260920209668	6868	43	6868	0
PflaHELAf	OZ251426.1	33990001	34020000	0.006260920209668	6868	43	6868	0
PflaHELAf	OZ251426.1	34020001	34050000	0.0024208566108007	10740	26	10740	0
PflaKGBDf	OZ251426.1	34020001	34050000	0.0005622188905547	10672	6	10672	68
PflaHELEm	OZ251426.1	34020001	34050000	0.0028866747369401	10739	31	10739	1
PflaKGBHm	OZ251426.1	34020001	34050000	0.0011243324276211	10673	12	10673	67
PflaHELEm	OZ251426.1	34050001	34080000	0.0023767082590612	11781	28	11781	0
PflaHELAf	OZ251426.1	34050001	34080000	0.0024615906968848	11781	29	11781	0
PflaKGBDf	OZ251426.1	34050001	34080000	0.0006790595025889	11781	8	11781	0
PflaKGBHm	OZ251426.1	34050001	34080000	0.000424412189118	11781	5	11781	0
PflaKGBHm	OZ251426.1	34080001	34110000	0.0005226708480334	15306	8	15306	0
PflaHELEm	OZ251426.1	34080001	34110000	0.0022213511041421	15306	34	15306	0
PflaKGBDf	OZ251426.1	34080001	34110000	0.0007186724160459	15306	11	15306	0
PflaHELAf	OZ251426.1	34080001	34110000	0.0026133542401672	15306	40	15306	0
PflaHELEm	OZ251426.1	34110001	34140000	0.001865671641791	8040	15	8040	0
PflaKGBHm	OZ251426.1	34110001	34140000	0.0002487562189054	8040	2	8040	0
PflaHELAf	OZ251426.1	34110001	34140000	0.0017412935323383	8040	14	8040	0
PflaKGBDf	OZ251426.1	34110001	34140000	0.0001243781094527	8040	1	8040	0
PflaKGBDf	OZ251426.1	34140001	34170000	0.0005863137616215	11939	7	11939	0
PflaHELEm	OZ251426.1	34140001	34170000	0.0015076639584554	11939	18	11939	0
PflaKGBHm	OZ251426.1	34140001	34170000	0.0003350364352123	11939	4	11939	0
PflaHELAf	OZ251426.1	34140001	34170000	0.0015914230672585	11939	19	11939	0
PflaKGBDf	OZ251426.1	34170001	34200000	0.0012850717498393	4669	6	4669	0
PflaHELEm	OZ251426.1	34170001	34200000	0.0023559648747055	4669	11	4669	0
PflaKGBHm	OZ251426.1	34170001	34200000	0.0010708931248661	4669	5	4669	0
PflaHELAf	OZ251426.1	34170001	34200000	0.0017134289997858	4669	8	4669	0
PflaKGBDf	OZ251426.1	34200001	34230000	0.0018518518518518	5400	10	5400	0
PflaHELAf	OZ251426.1	34200001	34230000	0.0014814814814814	5400	8	5400	0
PflaKGBHm	OZ251426.1	34200001	34230000	0.0003703703703703	5400	2	5400	0
PflaHELEm	OZ251426.1	34200001	34230000	0.0016666666666666	5400	9	5400	0
PflaHELAf	OZ251426.1	34230001	34260000	0.00139470013947	11472	16	11472	0
PflaKGBDf	OZ251426.1	34230001	34260000	0.0005230125523012	11472	6	11472	0
PflaHELEm	OZ251426.1	34230001	34260000	0.0019240860591219	11434	22	11434	38
PflaKGBHm	OZ251426.1	34230001	34260000	0.0006121556624398	11435	7	11435	37
PflaHELAf	OZ251426.1	34260001	34290000	0.0008613938919342	12770	11	12770	0
PflaKGBDf	OZ251426.1	34260001	34290000	0.0003132341425215	12770	4	12770	0
PflaHELEm	OZ251426.1	34260001	34290000	0.000626468285043	12770	8	12770	0
PflaKGBHm	OZ251426.1	34260001	34290000	0.0003915426781519	12770	5	12770	0
PflaKGBDf	OZ251426.1	34290001	34320000	0.0012734429266033	8638	11	8638	0
PflaHELAf	OZ251426.1	34290001	34320000	0.001852280620514	8638	16	8638	0
PflaHELEm	OZ251426.1	34290001	34320000	0.0005788376939106	8638	5	8638	0
PflaKGBHm	OZ251426.1	34290001	34320000	0.0012734429266033	8638	11	8638	0
PflaKGBHm	OZ251426.1	34320001	34350000	0.0013428827215756	2234	3	2234	0
PflaHELEm	OZ251426.1	34320001	34350000	0.0013428827215756	2234	3	2234	0
PflaKGBDf	OZ251426.1	34320001	34350000	0.0017905102954341	2234	4	2234	0
PflaHELAf	OZ251426.1	34320001	34350000	0.000895255147717	2234	2	2234	0
PflaKGBHm	OZ251426.1	34350001	34380000	0.0	151	0	151	1
PflaHELEm	OZ251426.1	34350001	34380000	0.0131578947368421	152	2	152	0
PflaKGBDf	OZ251426.1	34350001	34380000	0.0131578947368421	152	2	152	0
PflaHELAf	OZ251426.1	34350001	34380000	0.0131578947368421	152	2	152	0
